1144, [s0.0_0000000, s0.0_1000000, s0.0_0100000, s0.0_0010000, s0.0_0001000, s0.0_0000100, s0.0_0000010, s0.0_0000001, s0.0_1100000, s0.0_1010000, s0.0_1001000, s0.0_1000100, s0.0_1000010, s0.0_1000001, s0.0_0110000, s0.0_0101000, s0.0_0100100, s0.0_0100010, s0.0_0100001, s0.0_0011000, s0.0_0010100, s0.0_0010010, s0.0_0010001, s0.0_0001100, s0.0_0001010, s0.0_0001001, s0.0_0000110, s0.0_0000101, s0.0_0000011, s0.0_1110000, s0.0_1101000, s0.0_1100100, s0.0_1100010, s0.0_1100001, s0.0_1011000, s0.0_1010100, s0.0_1010010, s0.0_1010001, s0.0_1001100, s0.0_1001010, s0.0_1001001, s0.0_1000110, s0.0_1000101, s0.0_1000011, s0.0_0111000, s0.0_0110100, s0.0_0110010, s0.0_0110001, s0.0_0101100, s0.0_0101010, s0.0_0101001, s0.0_0100110, s0.0_0100101, s0.0_0100011, s0.0_0011100, s0.0_0011010, s0.0_0011001, s0.0_0010110, s0.0_0010101, s0.0_0010011, s0.0_0001110, s0.0_0001101, s0.0_0001011, s0.0_0000111, s0.0_1111000, s0.0_1110100, s0.0_1110010, s0.0_1110001, s0.0_1101100, s0.0_1101010, s0.0_1101001, s0.0_1100110, s0.0_1100101, s0.0_1100011, s0.0_1011100, s0.0_1011010, s0.0_1011001, s0.0_1010110, s0.0_1010101, s0.0_1010011, s0.0_1001110, s0.0_1001101, s0.0_1001011, s0.0_1000111, s0.0_0111100, s0.0_0111010, s0.0_0111001, s0.0_0110110, s0.0_0110101, s0.0_0110011, s0.0_0101110, s0.0_0101101, s0.0_0101011, s0.0_0100111, s0.0_0011110, s0.0_0011101, s0.0_0011011, s0.0_0010111, s0.0_0001111, s0.0_1111100, s0.0_1111010, s0.0_1111001, s0.0_1110110, s0.0_1110101, s0.0_1110011, s0.0_1101110, s0.0_1101101, s0.0_1101011, s0.0_1100111, s0.0_1011110, s0.0_1011101, s0.0_1011011, s0.0_1010111, s0.0_1001111, s0.0_0111110, s0.0_0111101, s0.0_0111011, s0.0_0110111, s0.0_0101111, s0.0_0011111, s0.0_1111110, s0.0_1111101, s0.0_1111011, s0.0_1110111, s0.0_1101111, s0.0_1011111, s0.0_0111111, s0.1_0000000, s0.1_1000000, s0.1_0100000, s0.1_0010000, s0.1_0001000, s0.1_0000100, s0.1_0000010, s0.1_0000001, s0.1_1100000, s0.1_1010000, s0.1_1001000, s0.1_1000100, s0.1_1000010, s0.1_1000001, s0.1_0110000, s0.1_0101000, s0.1_0100100, s0.1_0100010, s0.1_0100001, s0.1_0011000, s0.1_0010100, s0.1_0010010, s0.1_0010001, s0.1_0001100, s0.1_0001010, s0.1_0001001, s0.1_0000110, s0.1_0000101, s0.1_0000011, s0.1_1110000, s0.1_1101000, s0.1_1100100, s0.1_1100010, s0.1_1100001, s0.1_1011000, s0.1_1010100, s0.1_1010010, s0.1_1010001, s0.1_1001100, s0.1_1001010, s0.1_1001001, s0.1_1000110, s0.1_1000101, s0.1_1000011, s0.1_0111000, s0.1_0110100, s0.1_0110010, s0.1_0110001, s0.1_0101100, s0.1_0101010, s0.1_0101001, s0.1_0100110, s0.1_0100101, s0.1_0100011, s0.1_0011100, s0.1_0011010, s0.1_0011001, s0.1_0010110, s0.1_0010101, s0.1_0010011, s0.1_0001110, s0.1_0001101, s0.1_0001011, s0.1_0000111, s0.1_1111000, s0.1_1110100, s0.1_1110010, s0.1_1110001, s0.1_1101100, s0.1_1101010, s0.1_1101001, s0.1_1100110, s0.1_1100101, s0.1_1100011, s0.1_1011100, s0.1_1011010, s0.1_1011001, s0.1_1010110, s0.1_1010101, s0.1_1010011, s0.1_1001110, s0.1_1001101, s0.1_1001011, s0.1_1000111, s0.1_0111100, s0.1_0111010, s0.1_0111001, s0.1_0110110, s0.1_0110101, s0.1_0110011, s0.1_0101110, s0.1_0101101, s0.1_0101011, s0.1_0100111, s0.1_0011110, s0.1_0011101, s0.1_0011011, s0.1_0010111, s0.1_0001111, s0.1_1111100, s0.1_1111010, s0.1_1111001, s0.1_1110110, s0.1_1110101, s0.1_1110011, s0.1_1101110, s0.1_1101101, s0.1_1101011, s0.1_1100111, s0.1_1011110, s0.1_1011101, s0.1_1011011, s0.1_1010111, s0.1_1001111, s0.1_0111110, s0.1_0111101, s0.1_0111011, s0.1_0110111, s0.1_0101111, s0.1_0011111, s0.1_1111110, s0.1_1111101, s0.1_1111011, s0.1_1110111, s0.1_1101111, s0.1_1011111, s0.1_0111111, s0.2_0000000, s0.2_1000000, s0.2_0100000, s0.2_0010000, s0.2_0001000, s0.2_0000100, s0.2_0000010, s0.2_0000001, s0.2_1100000, s0.2_1010000, s0.2_1001000, s0.2_1000100, s0.2_1000010, s0.2_1000001, s0.2_0110000, s0.2_0101000, s0.2_0100100, s0.2_0100010, s0.2_0100001, s0.2_0011000, s0.2_0010100, s0.2_0010010, s0.2_0010001, s0.2_0001100, s0.2_0001010, s0.2_0001001, s0.2_0000110, s0.2_0000101, s0.2_0000011, s0.2_1110000, s0.2_1101000, s0.2_1100100, s0.2_1100010, s0.2_1100001, s0.2_1011000, s0.2_1010100, s0.2_1010010, s0.2_1010001, s0.2_1001100, s0.2_1001010, s0.2_1001001, s0.2_1000110, s0.2_1000101, s0.2_1000011, s0.2_0111000, s0.2_0110100, s0.2_0110010, s0.2_0110001, s0.2_0101100, s0.2_0101010, s0.2_0101001, s0.2_0100110, s0.2_0100101, s0.2_0100011, s0.2_0011100, s0.2_0011010, s0.2_0011001, s0.2_0010110, s0.2_0010101, s0.2_0010011, s0.2_0001110, s0.2_0001101, s0.2_0001011, s0.2_0000111, s0.2_1111000, s0.2_1110100, s0.2_1110010, s0.2_1110001, s0.2_1101100, s0.2_1101010, s0.2_1101001, s0.2_1100110, s0.2_1100101, s0.2_1100011, s0.2_1011100, s0.2_1011010, s0.2_1011001, s0.2_1010110, s0.2_1010101, s0.2_1010011, s0.2_1001110, s0.2_1001101, s0.2_1001011, s0.2_1000111, s0.2_0111100, s0.2_0111010, s0.2_0111001, s0.2_0110110, s0.2_0110101, s0.2_0110011, s0.2_0101110, s0.2_0101101, s0.2_0101011, s0.2_0100111, s0.2_0011110, s0.2_0011101, s0.2_0011011, s0.2_0010111, s0.2_0001111, s0.2_1111100, s0.2_1111010, s0.2_1111001, s0.2_1110110, s0.2_1110101, s0.2_1110011, s0.2_1101110, s0.2_1101101, s0.2_1101011, s0.2_1100111, s0.2_1011110, s0.2_1011101, s0.2_1011011, s0.2_1010111, s0.2_1001111, s0.2_0111110, s0.2_0111101, s0.2_0111011, s0.2_0110111, s0.2_0101111, s0.2_0011111, s0.2_1111110, s0.2_1111101, s0.2_1111011, s0.2_1110111, s0.2_1101111, s0.2_1011111, s0.2_0111111, s1.0_0000000, s1.0_1000000, s1.0_0100000, s1.0_0010000, s1.0_0001000, s1.0_0000100, s1.0_0000010, s1.0_0000001, s1.0_1100000, s1.0_1010000, s1.0_1001000, s1.0_1000100, s1.0_1000010, s1.0_1000001, s1.0_0110000, s1.0_0101000, s1.0_0100100, s1.0_0100010, s1.0_0100001, s1.0_0011000, s1.0_0010100, s1.0_0010010, s1.0_0010001, s1.0_0001100, s1.0_0001010, s1.0_0001001, s1.0_0000110, s1.0_0000101, s1.0_0000011, s1.0_1110000, s1.0_1101000, s1.0_1100100, s1.0_1100010, s1.0_1100001, s1.0_1011000, s1.0_1010100, s1.0_1010010, s1.0_1010001, s1.0_1001100, s1.0_1001010, s1.0_1001001, s1.0_1000110, s1.0_1000101, s1.0_1000011, s1.0_0111000, s1.0_0110100, s1.0_0110010, s1.0_0110001, s1.0_0101100, s1.0_0101010, s1.0_0101001, s1.0_0100110, s1.0_0100101, s1.0_0100011, s1.0_0011100, s1.0_0011010, s1.0_0011001, s1.0_0010110, s1.0_0010101, s1.0_0010011, s1.0_0001110, s1.0_0001101, s1.0_0001011, s1.0_0000111, s1.0_1111000, s1.0_1110100, s1.0_1110010, s1.0_1110001, s1.0_1101100, s1.0_1101010, s1.0_1101001, s1.0_1100110, s1.0_1100101, s1.0_1100011, s1.0_1011100, s1.0_1011010, s1.0_1011001, s1.0_1010110, s1.0_1010101, s1.0_1010011, s1.0_1001110, s1.0_1001101, s1.0_1001011, s1.0_1000111, s1.0_0111100, s1.0_0111010, s1.0_0111001, s1.0_0110110, s1.0_0110101, s1.0_0110011, s1.0_0101110, s1.0_0101101, s1.0_0101011, s1.0_0100111, s1.0_0011110, s1.0_0011101, s1.0_0011011, s1.0_0010111, s1.0_0001111, s1.0_1111100, s1.0_1111010, s1.0_1111001, s1.0_1110110, s1.0_1110101, s1.0_1110011, s1.0_1101110, s1.0_1101101, s1.0_1101011, s1.0_1100111, s1.0_1011110, s1.0_1011101, s1.0_1011011, s1.0_1010111, s1.0_1001111, s1.0_0111110, s1.0_0111101, s1.0_0111011, s1.0_0110111, s1.0_0101111, s1.0_0011111, s1.0_1111110, s1.0_1111101, s1.0_1111011, s1.0_1110111, s1.0_1101111, s1.0_1011111, s1.0_0111111, s1.1_0000000, s1.1_1000000, s1.1_0100000, s1.1_0010000, s1.1_0001000, s1.1_0000100, s1.1_0000010, s1.1_0000001, s1.1_1100000, s1.1_1010000, s1.1_1001000, s1.1_1000100, s1.1_1000010, s1.1_1000001, s1.1_0110000, s1.1_0101000, s1.1_0100100, s1.1_0100010, s1.1_0100001, s1.1_0011000, s1.1_0010100, s1.1_0010010, s1.1_0010001, s1.1_0001100, s1.1_0001010, s1.1_0001001, s1.1_0000110, s1.1_0000101, s1.1_0000011, s1.1_1110000, s1.1_1101000, s1.1_1100100, s1.1_1100010, s1.1_1100001, s1.1_1011000, s1.1_1010100, s1.1_1010010, s1.1_1010001, s1.1_1001100, s1.1_1001010, s1.1_1001001, s1.1_1000110, s1.1_1000101, s1.1_1000011, s1.1_0111000, s1.1_0110100, s1.1_0110010, s1.1_0110001, s1.1_0101100, s1.1_0101010, s1.1_0101001, s1.1_0100110, s1.1_0100101, s1.1_0100011, s1.1_0011100, s1.1_0011010, s1.1_0011001, s1.1_0010110, s1.1_0010101, s1.1_0010011, s1.1_0001110, s1.1_0001101, s1.1_0001011, s1.1_0000111, s1.1_1111000, s1.1_1110100, s1.1_1110010, s1.1_1110001, s1.1_1101100, s1.1_1101010, s1.1_1101001, s1.1_1100110, s1.1_1100101, s1.1_1100011, s1.1_1011100, s1.1_1011010, s1.1_1011001, s1.1_1010110, s1.1_1010101, s1.1_1010011, s1.1_1001110, s1.1_1001101, s1.1_1001011, s1.1_1000111, s1.1_0111100, s1.1_0111010, s1.1_0111001, s1.1_0110110, s1.1_0110101, s1.1_0110011, s1.1_0101110, s1.1_0101101, s1.1_0101011, s1.1_0100111, s1.1_0011110, s1.1_0011101, s1.1_0011011, s1.1_0010111, s1.1_0001111, s1.1_1111100, s1.1_1111010, s1.1_1111001, s1.1_1110110, s1.1_1110101, s1.1_1110011, s1.1_1101110, s1.1_1101101, s1.1_1101011, s1.1_1100111, s1.1_1011110, s1.1_1011101, s1.1_1011011, s1.1_1010111, s1.1_1001111, s1.1_0111110, s1.1_0111101, s1.1_0111011, s1.1_0110111, s1.1_0101111, s1.1_0011111, s1.1_1111110, s1.1_1111101, s1.1_1111011, s1.1_1110111, s1.1_1101111, s1.1_1011111, s1.1_0111111, s1.2_0000000, s1.2_1000000, s1.2_0100000, s1.2_0010000, s1.2_0001000, s1.2_0000100, s1.2_0000010, s1.2_0000001, s1.2_1100000, s1.2_1010000, s1.2_1001000, s1.2_1000100, s1.2_1000010, s1.2_1000001, s1.2_0110000, s1.2_0101000, s1.2_0100100, s1.2_0100010, s1.2_0100001, s1.2_0011000, s1.2_0010100, s1.2_0010010, s1.2_0010001, s1.2_0001100, s1.2_0001010, s1.2_0001001, s1.2_0000110, s1.2_0000101, s1.2_0000011, s1.2_1110000, s1.2_1101000, s1.2_1100100, s1.2_1100010, s1.2_1100001, s1.2_1011000, s1.2_1010100, s1.2_1010010, s1.2_1010001, s1.2_1001100, s1.2_1001010, s1.2_1001001, s1.2_1000110, s1.2_1000101, s1.2_1000011, s1.2_0111000, s1.2_0110100, s1.2_0110010, s1.2_0110001, s1.2_0101100, s1.2_0101010, s1.2_0101001, s1.2_0100110, s1.2_0100101, s1.2_0100011, s1.2_0011100, s1.2_0011010, s1.2_0011001, s1.2_0010110, s1.2_0010101, s1.2_0010011, s1.2_0001110, s1.2_0001101, s1.2_0001011, s1.2_0000111, s1.2_1111000, s1.2_1110100, s1.2_1110010, s1.2_1110001, s1.2_1101100, s1.2_1101010, s1.2_1101001, s1.2_1100110, s1.2_1100101, s1.2_1100011, s1.2_1011100, s1.2_1011010, s1.2_1011001, s1.2_1010110, s1.2_1010101, s1.2_1010011, s1.2_1001110, s1.2_1001101, s1.2_1001011, s1.2_1000111, s1.2_0111100, s1.2_0111010, s1.2_0111001, s1.2_0110110, s1.2_0110101, s1.2_0110011, s1.2_0101110, s1.2_0101101, s1.2_0101011, s1.2_0100111, s1.2_0011110, s1.2_0011101, s1.2_0011011, s1.2_0010111, s1.2_0001111, s1.2_1111100, s1.2_1111010, s1.2_1111001, s1.2_1110110, s1.2_1110101, s1.2_1110011, s1.2_1101110, s1.2_1101101, s1.2_1101011, s1.2_1100111, s1.2_1011110, s1.2_1011101, s1.2_1011011, s1.2_1010111, s1.2_1001111, s1.2_0111110, s1.2_0111101, s1.2_0111011, s1.2_0110111, s1.2_0101111, s1.2_0011111, s1.2_1111110, s1.2_1111101, s1.2_1111011, s1.2_1110111, s1.2_1101111, s1.2_1011111, s1.2_0111111, s2.0_0000000, s2.0_1000000, s2.0_0100000, s2.0_0010000, s2.0_0001000, s2.0_0000100, s2.0_0000010, s2.0_0000001, s2.0_1100000, s2.0_1010000, s2.0_1001000, s2.0_1000100, s2.0_1000010, s2.0_1000001, s2.0_0110000, s2.0_0101000, s2.0_0100100, s2.0_0100010, s2.0_0100001, s2.0_0011000, s2.0_0010100, s2.0_0010010, s2.0_0010001, s2.0_0001100, s2.0_0001010, s2.0_0001001, s2.0_0000110, s2.0_0000101, s2.0_0000011, s2.0_1110000, s2.0_1101000, s2.0_1100100, s2.0_1100010, s2.0_1100001, s2.0_1011000, s2.0_1010100, s2.0_1010010, s2.0_1010001, s2.0_1001100, s2.0_1001010, s2.0_1001001, s2.0_1000110, s2.0_1000101, s2.0_1000011, s2.0_0111000, s2.0_0110100, s2.0_0110010, s2.0_0110001, s2.0_0101100, s2.0_0101010, s2.0_0101001, s2.0_0100110, s2.0_0100101, s2.0_0100011, s2.0_0011100, s2.0_0011010, s2.0_0011001, s2.0_0010110, s2.0_0010101, s2.0_0010011, s2.0_0001110, s2.0_0001101, s2.0_0001011, s2.0_0000111, s2.0_1111000, s2.0_1110100, s2.0_1110010, s2.0_1110001, s2.0_1101100, s2.0_1101010, s2.0_1101001, s2.0_1100110, s2.0_1100101, s2.0_1100011, s2.0_1011100, s2.0_1011010, s2.0_1011001, s2.0_1010110, s2.0_1010101, s2.0_1010011, s2.0_1001110, s2.0_1001101, s2.0_1001011, s2.0_1000111, s2.0_0111100, s2.0_0111010, s2.0_0111001, s2.0_0110110, s2.0_0110101, s2.0_0110011, s2.0_0101110, s2.0_0101101, s2.0_0101011, s2.0_0100111, s2.0_0011110, s2.0_0011101, s2.0_0011011, s2.0_0010111, s2.0_0001111, s2.0_1111100, s2.0_1111010, s2.0_1111001, s2.0_1110110, s2.0_1110101, s2.0_1110011, s2.0_1101110, s2.0_1101101, s2.0_1101011, s2.0_1100111, s2.0_1011110, s2.0_1011101, s2.0_1011011, s2.0_1010111, s2.0_1001111, s2.0_0111110, s2.0_0111101, s2.0_0111011, s2.0_0110111, s2.0_0101111, s2.0_0011111, s2.0_1111110, s2.0_1111101, s2.0_1111011, s2.0_1110111, s2.0_1101111, s2.0_1011111, s2.0_0111111, s2.1_0000000, s2.1_1000000, s2.1_0100000, s2.1_0010000, s2.1_0001000, s2.1_0000100, s2.1_0000010, s2.1_0000001, s2.1_1100000, s2.1_1010000, s2.1_1001000, s2.1_1000100, s2.1_1000010, s2.1_1000001, s2.1_0110000, s2.1_0101000, s2.1_0100100, s2.1_0100010, s2.1_0100001, s2.1_0011000, s2.1_0010100, s2.1_0010010, s2.1_0010001, s2.1_0001100, s2.1_0001010, s2.1_0001001, s2.1_0000110, s2.1_0000101, s2.1_0000011, s2.1_1110000, s2.1_1101000, s2.1_1100100, s2.1_1100010, s2.1_1100001, s2.1_1011000, s2.1_1010100, s2.1_1010010, s2.1_1010001, s2.1_1001100, s2.1_1001010, s2.1_1001001, s2.1_1000110, s2.1_1000101, s2.1_1000011, s2.1_0111000, s2.1_0110100, s2.1_0110010, s2.1_0110001, s2.1_0101100, s2.1_0101010, s2.1_0101001, s2.1_0100110, s2.1_0100101, s2.1_0100011, s2.1_0011100, s2.1_0011010, s2.1_0011001, s2.1_0010110, s2.1_0010101, s2.1_0010011, s2.1_0001110, s2.1_0001101, s2.1_0001011, s2.1_0000111, s2.1_1111000, s2.1_1110100, s2.1_1110010, s2.1_1110001, s2.1_1101100, s2.1_1101010, s2.1_1101001, s2.1_1100110, s2.1_1100101, s2.1_1100011, s2.1_1011100, s2.1_1011010, s2.1_1011001, s2.1_1010110, s2.1_1010101, s2.1_1010011, s2.1_1001110, s2.1_1001101, s2.1_1001011, s2.1_1000111, s2.1_0111100, s2.1_0111010, s2.1_0111001, s2.1_0110110, s2.1_0110101, s2.1_0110011, s2.1_0101110, s2.1_0101101, s2.1_0101011, s2.1_0100111, s2.1_0011110, s2.1_0011101, s2.1_0011011, s2.1_0010111, s2.1_0001111, s2.1_1111100, s2.1_1111010, s2.1_1111001, s2.1_1110110, s2.1_1110101, s2.1_1110011, s2.1_1101110, s2.1_1101101, s2.1_1101011, s2.1_1100111, s2.1_1011110, s2.1_1011101, s2.1_1011011, s2.1_1010111, s2.1_1001111, s2.1_0111110, s2.1_0111101, s2.1_0111011, s2.1_0110111, s2.1_0101111, s2.1_0011111, s2.1_1111110, s2.1_1111101, s2.1_1111011, s2.1_1110111, s2.1_1101111, s2.1_1011111, s2.1_0111111, s2.2_0000000, s2.2_1000000, s2.2_0100000, s2.2_0010000, s2.2_0001000, s2.2_0000100, s2.2_0000010, s2.2_0000001, s2.2_1100000, s2.2_1010000, s2.2_1001000, s2.2_1000100, s2.2_1000010, s2.2_1000001, s2.2_0110000, s2.2_0101000, s2.2_0100100, s2.2_0100010, s2.2_0100001, s2.2_0011000, s2.2_0010100, s2.2_0010010, s2.2_0010001, s2.2_0001100, s2.2_0001010, s2.2_0001001, s2.2_0000110, s2.2_0000101, s2.2_0000011, s2.2_1110000, s2.2_1101000, s2.2_1100100, s2.2_1100010, s2.2_1100001, s2.2_1011000, s2.2_1010100, s2.2_1010010, s2.2_1010001, s2.2_1001100, s2.2_1001010, s2.2_1001001, s2.2_1000110, s2.2_1000101, s2.2_1000011, s2.2_0111000, s2.2_0110100, s2.2_0110010, s2.2_0110001, s2.2_0101100, s2.2_0101010, s2.2_0101001, s2.2_0100110, s2.2_0100101, s2.2_0100011, s2.2_0011100, s2.2_0011010, s2.2_0011001, s2.2_0010110, s2.2_0010101, s2.2_0010011, s2.2_0001110, s2.2_0001101, s2.2_0001011, s2.2_0000111, s2.2_1111000, s2.2_1110100, s2.2_1110010, s2.2_1110001, s2.2_1101100, s2.2_1101010, s2.2_1101001, s2.2_1100110, s2.2_1100101, s2.2_1100011, s2.2_1011100, s2.2_1011010, s2.2_1011001, s2.2_1010110, s2.2_1010101, s2.2_1010011, s2.2_1001110, s2.2_1001101, s2.2_1001011, s2.2_1000111, s2.2_0111100, s2.2_0111010, s2.2_0111001, s2.2_0110110, s2.2_0110101, s2.2_0110011, s2.2_0101110, s2.2_0101101, s2.2_0101011, s2.2_0100111, s2.2_0011110, s2.2_0011101, s2.2_0011011, s2.2_0010111, s2.2_0001111, s2.2_1111100, s2.2_1111010, s2.2_1111001, s2.2_1110110, s2.2_1110101, s2.2_1110011, s2.2_1101110, s2.2_1101101, s2.2_1101011, s2.2_1100111, s2.2_1011110, s2.2_1011101, s2.2_1011011, s2.2_1010111, s2.2_1001111, s2.2_0111110, s2.2_0111101, s2.2_0111011, s2.2_0110111, s2.2_0101111, s2.2_0011111, s2.2_1111110, s2.2_1111101, s2.2_1111011, s2.2_1110111, s2.2_1101111, s2.2_1011111, s2.2_0111111, exit]
1, [e1]
12, [North, South, East, West, Sample, Check0, Check1, Check2, Check3, Check4, Check5, Check6]
3, [Bad, Good, Nothing]

0, []

# Transition function (s,a,s -> p)
0,0,381 -> 1
0,1,0 -> 1
0,2,127 -> 1
0,3,0 -> 1
1,0,382 -> 1
1,1,1 -> 1
1,2,128 -> 1
1,3,1 -> 1
2,0,383 -> 1
2,1,2 -> 1
2,2,129 -> 1
2,3,2 -> 1
3,0,384 -> 1
3,1,3 -> 1
3,2,130 -> 1
3,3,3 -> 1
4,0,385 -> 1
4,1,4 -> 1
4,2,131 -> 1
4,3,4 -> 1
5,0,386 -> 1
5,1,5 -> 1
5,2,132 -> 1
5,3,5 -> 1
6,0,387 -> 1
6,1,6 -> 1
6,2,133 -> 1
6,3,6 -> 1
7,0,388 -> 1
7,1,7 -> 1
7,2,134 -> 1
7,3,7 -> 1
8,0,389 -> 1
8,1,8 -> 1
8,2,135 -> 1
8,3,8 -> 1
9,0,390 -> 1
9,1,9 -> 1
9,2,136 -> 1
9,3,9 -> 1
10,0,391 -> 1
10,1,10 -> 1
10,2,137 -> 1
10,3,10 -> 1
11,0,392 -> 1
11,1,11 -> 1
11,2,138 -> 1
11,3,11 -> 1
12,0,393 -> 1
12,1,12 -> 1
12,2,139 -> 1
12,3,12 -> 1
13,0,394 -> 1
13,1,13 -> 1
13,2,140 -> 1
13,3,13 -> 1
14,0,395 -> 1
14,1,14 -> 1
14,2,141 -> 1
14,3,14 -> 1
15,0,396 -> 1
15,1,15 -> 1
15,2,142 -> 1
15,3,15 -> 1
16,0,397 -> 1
16,1,16 -> 1
16,2,143 -> 1
16,3,16 -> 1
17,0,398 -> 1
17,1,17 -> 1
17,2,144 -> 1
17,3,17 -> 1
18,0,399 -> 1
18,1,18 -> 1
18,2,145 -> 1
18,3,18 -> 1
19,0,400 -> 1
19,1,19 -> 1
19,2,146 -> 1
19,3,19 -> 1
20,0,401 -> 1
20,1,20 -> 1
20,2,147 -> 1
20,3,20 -> 1
21,0,402 -> 1
21,1,21 -> 1
21,2,148 -> 1
21,3,21 -> 1
22,0,403 -> 1
22,1,22 -> 1
22,2,149 -> 1
22,3,22 -> 1
23,0,404 -> 1
23,1,23 -> 1
23,2,150 -> 1
23,3,23 -> 1
24,0,405 -> 1
24,1,24 -> 1
24,2,151 -> 1
24,3,24 -> 1
25,0,406 -> 1
25,1,25 -> 1
25,2,152 -> 1
25,3,25 -> 1
26,0,407 -> 1
26,1,26 -> 1
26,2,153 -> 1
26,3,26 -> 1
27,0,408 -> 1
27,1,27 -> 1
27,2,154 -> 1
27,3,27 -> 1
28,0,409 -> 1
28,1,28 -> 1
28,2,155 -> 1
28,3,28 -> 1
29,0,410 -> 1
29,1,29 -> 1
29,2,156 -> 1
29,3,29 -> 1
30,0,411 -> 1
30,1,30 -> 1
30,2,157 -> 1
30,3,30 -> 1
31,0,412 -> 1
31,1,31 -> 1
31,2,158 -> 1
31,3,31 -> 1
32,0,413 -> 1
32,1,32 -> 1
32,2,159 -> 1
32,3,32 -> 1
33,0,414 -> 1
33,1,33 -> 1
33,2,160 -> 1
33,3,33 -> 1
34,0,415 -> 1
34,1,34 -> 1
34,2,161 -> 1
34,3,34 -> 1
35,0,416 -> 1
35,1,35 -> 1
35,2,162 -> 1
35,3,35 -> 1
36,0,417 -> 1
36,1,36 -> 1
36,2,163 -> 1
36,3,36 -> 1
37,0,418 -> 1
37,1,37 -> 1
37,2,164 -> 1
37,3,37 -> 1
38,0,419 -> 1
38,1,38 -> 1
38,2,165 -> 1
38,3,38 -> 1
39,0,420 -> 1
39,1,39 -> 1
39,2,166 -> 1
39,3,39 -> 1
40,0,421 -> 1
40,1,40 -> 1
40,2,167 -> 1
40,3,40 -> 1
41,0,422 -> 1
41,1,41 -> 1
41,2,168 -> 1
41,3,41 -> 1
42,0,423 -> 1
42,1,42 -> 1
42,2,169 -> 1
42,3,42 -> 1
43,0,424 -> 1
43,1,43 -> 1
43,2,170 -> 1
43,3,43 -> 1
44,0,425 -> 1
44,1,44 -> 1
44,2,171 -> 1
44,3,44 -> 1
45,0,426 -> 1
45,1,45 -> 1
45,2,172 -> 1
45,3,45 -> 1
46,0,427 -> 1
46,1,46 -> 1
46,2,173 -> 1
46,3,46 -> 1
47,0,428 -> 1
47,1,47 -> 1
47,2,174 -> 1
47,3,47 -> 1
48,0,429 -> 1
48,1,48 -> 1
48,2,175 -> 1
48,3,48 -> 1
49,0,430 -> 1
49,1,49 -> 1
49,2,176 -> 1
49,3,49 -> 1
50,0,431 -> 1
50,1,50 -> 1
50,2,177 -> 1
50,3,50 -> 1
51,0,432 -> 1
51,1,51 -> 1
51,2,178 -> 1
51,3,51 -> 1
52,0,433 -> 1
52,1,52 -> 1
52,2,179 -> 1
52,3,52 -> 1
53,0,434 -> 1
53,1,53 -> 1
53,2,180 -> 1
53,3,53 -> 1
54,0,435 -> 1
54,1,54 -> 1
54,2,181 -> 1
54,3,54 -> 1
55,0,436 -> 1
55,1,55 -> 1
55,2,182 -> 1
55,3,55 -> 1
56,0,437 -> 1
56,1,56 -> 1
56,2,183 -> 1
56,3,56 -> 1
57,0,438 -> 1
57,1,57 -> 1
57,2,184 -> 1
57,3,57 -> 1
58,0,439 -> 1
58,1,58 -> 1
58,2,185 -> 1
58,3,58 -> 1
59,0,440 -> 1
59,1,59 -> 1
59,2,186 -> 1
59,3,59 -> 1
60,0,441 -> 1
60,1,60 -> 1
60,2,187 -> 1
60,3,60 -> 1
61,0,442 -> 1
61,1,61 -> 1
61,2,188 -> 1
61,3,61 -> 1
62,0,443 -> 1
62,1,62 -> 1
62,2,189 -> 1
62,3,62 -> 1
63,0,444 -> 1
63,1,63 -> 1
63,2,190 -> 1
63,3,63 -> 1
64,0,445 -> 1
64,1,64 -> 1
64,2,191 -> 1
64,3,64 -> 1
65,0,446 -> 1
65,1,65 -> 1
65,2,192 -> 1
65,3,65 -> 1
66,0,447 -> 1
66,1,66 -> 1
66,2,193 -> 1
66,3,66 -> 1
67,0,448 -> 1
67,1,67 -> 1
67,2,194 -> 1
67,3,67 -> 1
68,0,449 -> 1
68,1,68 -> 1
68,2,195 -> 1
68,3,68 -> 1
69,0,450 -> 1
69,1,69 -> 1
69,2,196 -> 1
69,3,69 -> 1
70,0,451 -> 1
70,1,70 -> 1
70,2,197 -> 1
70,3,70 -> 1
71,0,452 -> 1
71,1,71 -> 1
71,2,198 -> 1
71,3,71 -> 1
72,0,453 -> 1
72,1,72 -> 1
72,2,199 -> 1
72,3,72 -> 1
73,0,454 -> 1
73,1,73 -> 1
73,2,200 -> 1
73,3,73 -> 1
74,0,455 -> 1
74,1,74 -> 1
74,2,201 -> 1
74,3,74 -> 1
75,0,456 -> 1
75,1,75 -> 1
75,2,202 -> 1
75,3,75 -> 1
76,0,457 -> 1
76,1,76 -> 1
76,2,203 -> 1
76,3,76 -> 1
77,0,458 -> 1
77,1,77 -> 1
77,2,204 -> 1
77,3,77 -> 1
78,0,459 -> 1
78,1,78 -> 1
78,2,205 -> 1
78,3,78 -> 1
79,0,460 -> 1
79,1,79 -> 1
79,2,206 -> 1
79,3,79 -> 1
80,0,461 -> 1
80,1,80 -> 1
80,2,207 -> 1
80,3,80 -> 1
81,0,462 -> 1
81,1,81 -> 1
81,2,208 -> 1
81,3,81 -> 1
82,0,463 -> 1
82,1,82 -> 1
82,2,209 -> 1
82,3,82 -> 1
83,0,464 -> 1
83,1,83 -> 1
83,2,210 -> 1
83,3,83 -> 1
84,0,465 -> 1
84,1,84 -> 1
84,2,211 -> 1
84,3,84 -> 1
85,0,466 -> 1
85,1,85 -> 1
85,2,212 -> 1
85,3,85 -> 1
86,0,467 -> 1
86,1,86 -> 1
86,2,213 -> 1
86,3,86 -> 1
87,0,468 -> 1
87,1,87 -> 1
87,2,214 -> 1
87,3,87 -> 1
88,0,469 -> 1
88,1,88 -> 1
88,2,215 -> 1
88,3,88 -> 1
89,0,470 -> 1
89,1,89 -> 1
89,2,216 -> 1
89,3,89 -> 1
90,0,471 -> 1
90,1,90 -> 1
90,2,217 -> 1
90,3,90 -> 1
91,0,472 -> 1
91,1,91 -> 1
91,2,218 -> 1
91,3,91 -> 1
92,0,473 -> 1
92,1,92 -> 1
92,2,219 -> 1
92,3,92 -> 1
93,0,474 -> 1
93,1,93 -> 1
93,2,220 -> 1
93,3,93 -> 1
94,0,475 -> 1
94,1,94 -> 1
94,2,221 -> 1
94,3,94 -> 1
95,0,476 -> 1
95,1,95 -> 1
95,2,222 -> 1
95,3,95 -> 1
96,0,477 -> 1
96,1,96 -> 1
96,2,223 -> 1
96,3,96 -> 1
97,0,478 -> 1
97,1,97 -> 1
97,2,224 -> 1
97,3,97 -> 1
98,0,479 -> 1
98,1,98 -> 1
98,2,225 -> 1
98,3,98 -> 1
99,0,480 -> 1
99,1,99 -> 1
99,2,226 -> 1
99,3,99 -> 1
100,0,481 -> 1
100,1,100 -> 1
100,2,227 -> 1
100,3,100 -> 1
101,0,482 -> 1
101,1,101 -> 1
101,2,228 -> 1
101,3,101 -> 1
102,0,483 -> 1
102,1,102 -> 1
102,2,229 -> 1
102,3,102 -> 1
103,0,484 -> 1
103,1,103 -> 1
103,2,230 -> 1
103,3,103 -> 1
104,0,485 -> 1
104,1,104 -> 1
104,2,231 -> 1
104,3,104 -> 1
105,0,486 -> 1
105,1,105 -> 1
105,2,232 -> 1
105,3,105 -> 1
106,0,487 -> 1
106,1,106 -> 1
106,2,233 -> 1
106,3,106 -> 1
107,0,488 -> 1
107,1,107 -> 1
107,2,234 -> 1
107,3,107 -> 1
108,0,489 -> 1
108,1,108 -> 1
108,2,235 -> 1
108,3,108 -> 1
109,0,490 -> 1
109,1,109 -> 1
109,2,236 -> 1
109,3,109 -> 1
110,0,491 -> 1
110,1,110 -> 1
110,2,237 -> 1
110,3,110 -> 1
111,0,492 -> 1
111,1,111 -> 1
111,2,238 -> 1
111,3,111 -> 1
112,0,493 -> 1
112,1,112 -> 1
112,2,239 -> 1
112,3,112 -> 1
113,0,494 -> 1
113,1,113 -> 1
113,2,240 -> 1
113,3,113 -> 1
114,0,495 -> 1
114,1,114 -> 1
114,2,241 -> 1
114,3,114 -> 1
115,0,496 -> 1
115,1,115 -> 1
115,2,242 -> 1
115,3,115 -> 1
116,0,497 -> 1
116,1,116 -> 1
116,2,243 -> 1
116,3,116 -> 1
117,0,498 -> 1
117,1,117 -> 1
117,2,244 -> 1
117,3,117 -> 1
118,0,499 -> 1
118,1,118 -> 1
118,2,245 -> 1
118,3,118 -> 1
119,0,500 -> 1
119,1,119 -> 1
119,2,246 -> 1
119,3,119 -> 1
120,0,501 -> 1
120,1,120 -> 1
120,2,247 -> 1
120,3,120 -> 1
121,0,502 -> 1
121,1,121 -> 1
121,2,248 -> 1
121,3,121 -> 1
122,0,503 -> 1
122,1,122 -> 1
122,2,249 -> 1
122,3,122 -> 1
123,0,504 -> 1
123,1,123 -> 1
123,2,250 -> 1
123,3,123 -> 1
124,0,505 -> 1
124,1,124 -> 1
124,2,251 -> 1
124,3,124 -> 1
125,0,506 -> 1
125,1,125 -> 1
125,2,252 -> 1
125,3,125 -> 1
126,0,507 -> 1
126,1,126 -> 1
126,2,253 -> 1
126,3,126 -> 1
0,4,0 -> 1
1,4,1 -> 1
2,4,2 -> 1
3,4,3 -> 1
4,4,4 -> 1
5,4,5 -> 1
6,4,6 -> 1
7,4,7 -> 1
8,4,8 -> 1
9,4,9 -> 1
10,4,10 -> 1
11,4,11 -> 1
12,4,12 -> 1
13,4,13 -> 1
14,4,14 -> 1
15,4,15 -> 1
16,4,16 -> 1
17,4,17 -> 1
18,4,18 -> 1
19,4,19 -> 1
20,4,20 -> 1
21,4,21 -> 1
22,4,22 -> 1
23,4,23 -> 1
24,4,24 -> 1
25,4,25 -> 1
26,4,26 -> 1
27,4,27 -> 1
28,4,28 -> 1
29,4,29 -> 1
30,4,30 -> 1
31,4,31 -> 1
32,4,32 -> 1
33,4,33 -> 1
34,4,34 -> 1
35,4,35 -> 1
36,4,36 -> 1
37,4,37 -> 1
38,4,38 -> 1
39,4,39 -> 1
40,4,40 -> 1
41,4,41 -> 1
42,4,42 -> 1
43,4,43 -> 1
44,4,44 -> 1
45,4,45 -> 1
46,4,46 -> 1
47,4,47 -> 1
48,4,48 -> 1
49,4,49 -> 1
50,4,50 -> 1
51,4,51 -> 1
52,4,52 -> 1
53,4,53 -> 1
54,4,54 -> 1
55,4,55 -> 1
56,4,56 -> 1
57,4,57 -> 1
58,4,58 -> 1
59,4,59 -> 1
60,4,60 -> 1
61,4,61 -> 1
62,4,62 -> 1
63,4,63 -> 1
64,4,64 -> 1
65,4,65 -> 1
66,4,66 -> 1
67,4,67 -> 1
68,4,68 -> 1
69,4,69 -> 1
70,4,70 -> 1
71,4,71 -> 1
72,4,72 -> 1
73,4,73 -> 1
74,4,74 -> 1
75,4,75 -> 1
76,4,76 -> 1
77,4,77 -> 1
78,4,78 -> 1
79,4,79 -> 1
80,4,80 -> 1
81,4,81 -> 1
82,4,82 -> 1
83,4,83 -> 1
84,4,84 -> 1
85,4,85 -> 1
86,4,86 -> 1
87,4,87 -> 1
88,4,88 -> 1
89,4,89 -> 1
90,4,90 -> 1
91,4,91 -> 1
92,4,92 -> 1
93,4,93 -> 1
94,4,94 -> 1
95,4,95 -> 1
96,4,96 -> 1
97,4,97 -> 1
98,4,98 -> 1
99,4,99 -> 1
100,4,100 -> 1
101,4,101 -> 1
102,4,102 -> 1
103,4,103 -> 1
104,4,104 -> 1
105,4,105 -> 1
106,4,106 -> 1
107,4,107 -> 1
108,4,108 -> 1
109,4,109 -> 1
110,4,110 -> 1
111,4,111 -> 1
112,4,112 -> 1
113,4,113 -> 1
114,4,114 -> 1
115,4,115 -> 1
116,4,116 -> 1
117,4,117 -> 1
118,4,118 -> 1
119,4,119 -> 1
120,4,120 -> 1
121,4,121 -> 1
122,4,122 -> 1
123,4,123 -> 1
124,4,124 -> 1
125,4,125 -> 1
126,4,126 -> 1
0,5,0 -> 1
1,5,1 -> 1
2,5,2 -> 1
3,5,3 -> 1
4,5,4 -> 1
5,5,5 -> 1
6,5,6 -> 1
7,5,7 -> 1
8,5,8 -> 1
9,5,9 -> 1
10,5,10 -> 1
11,5,11 -> 1
12,5,12 -> 1
13,5,13 -> 1
14,5,14 -> 1
15,5,15 -> 1
16,5,16 -> 1
17,5,17 -> 1
18,5,18 -> 1
19,5,19 -> 1
20,5,20 -> 1
21,5,21 -> 1
22,5,22 -> 1
23,5,23 -> 1
24,5,24 -> 1
25,5,25 -> 1
26,5,26 -> 1
27,5,27 -> 1
28,5,28 -> 1
29,5,29 -> 1
30,5,30 -> 1
31,5,31 -> 1
32,5,32 -> 1
33,5,33 -> 1
34,5,34 -> 1
35,5,35 -> 1
36,5,36 -> 1
37,5,37 -> 1
38,5,38 -> 1
39,5,39 -> 1
40,5,40 -> 1
41,5,41 -> 1
42,5,42 -> 1
43,5,43 -> 1
44,5,44 -> 1
45,5,45 -> 1
46,5,46 -> 1
47,5,47 -> 1
48,5,48 -> 1
49,5,49 -> 1
50,5,50 -> 1
51,5,51 -> 1
52,5,52 -> 1
53,5,53 -> 1
54,5,54 -> 1
55,5,55 -> 1
56,5,56 -> 1
57,5,57 -> 1
58,5,58 -> 1
59,5,59 -> 1
60,5,60 -> 1
61,5,61 -> 1
62,5,62 -> 1
63,5,63 -> 1
64,5,64 -> 1
65,5,65 -> 1
66,5,66 -> 1
67,5,67 -> 1
68,5,68 -> 1
69,5,69 -> 1
70,5,70 -> 1
71,5,71 -> 1
72,5,72 -> 1
73,5,73 -> 1
74,5,74 -> 1
75,5,75 -> 1
76,5,76 -> 1
77,5,77 -> 1
78,5,78 -> 1
79,5,79 -> 1
80,5,80 -> 1
81,5,81 -> 1
82,5,82 -> 1
83,5,83 -> 1
84,5,84 -> 1
85,5,85 -> 1
86,5,86 -> 1
87,5,87 -> 1
88,5,88 -> 1
89,5,89 -> 1
90,5,90 -> 1
91,5,91 -> 1
92,5,92 -> 1
93,5,93 -> 1
94,5,94 -> 1
95,5,95 -> 1
96,5,96 -> 1
97,5,97 -> 1
98,5,98 -> 1
99,5,99 -> 1
100,5,100 -> 1
101,5,101 -> 1
102,5,102 -> 1
103,5,103 -> 1
104,5,104 -> 1
105,5,105 -> 1
106,5,106 -> 1
107,5,107 -> 1
108,5,108 -> 1
109,5,109 -> 1
110,5,110 -> 1
111,5,111 -> 1
112,5,112 -> 1
113,5,113 -> 1
114,5,114 -> 1
115,5,115 -> 1
116,5,116 -> 1
117,5,117 -> 1
118,5,118 -> 1
119,5,119 -> 1
120,5,120 -> 1
121,5,121 -> 1
122,5,122 -> 1
123,5,123 -> 1
124,5,124 -> 1
125,5,125 -> 1
126,5,126 -> 1
0,6,0 -> 1
1,6,1 -> 1
2,6,2 -> 1
3,6,3 -> 1
4,6,4 -> 1
5,6,5 -> 1
6,6,6 -> 1
7,6,7 -> 1
8,6,8 -> 1
9,6,9 -> 1
10,6,10 -> 1
11,6,11 -> 1
12,6,12 -> 1
13,6,13 -> 1
14,6,14 -> 1
15,6,15 -> 1
16,6,16 -> 1
17,6,17 -> 1
18,6,18 -> 1
19,6,19 -> 1
20,6,20 -> 1
21,6,21 -> 1
22,6,22 -> 1
23,6,23 -> 1
24,6,24 -> 1
25,6,25 -> 1
26,6,26 -> 1
27,6,27 -> 1
28,6,28 -> 1
29,6,29 -> 1
30,6,30 -> 1
31,6,31 -> 1
32,6,32 -> 1
33,6,33 -> 1
34,6,34 -> 1
35,6,35 -> 1
36,6,36 -> 1
37,6,37 -> 1
38,6,38 -> 1
39,6,39 -> 1
40,6,40 -> 1
41,6,41 -> 1
42,6,42 -> 1
43,6,43 -> 1
44,6,44 -> 1
45,6,45 -> 1
46,6,46 -> 1
47,6,47 -> 1
48,6,48 -> 1
49,6,49 -> 1
50,6,50 -> 1
51,6,51 -> 1
52,6,52 -> 1
53,6,53 -> 1
54,6,54 -> 1
55,6,55 -> 1
56,6,56 -> 1
57,6,57 -> 1
58,6,58 -> 1
59,6,59 -> 1
60,6,60 -> 1
61,6,61 -> 1
62,6,62 -> 1
63,6,63 -> 1
64,6,64 -> 1
65,6,65 -> 1
66,6,66 -> 1
67,6,67 -> 1
68,6,68 -> 1
69,6,69 -> 1
70,6,70 -> 1
71,6,71 -> 1
72,6,72 -> 1
73,6,73 -> 1
74,6,74 -> 1
75,6,75 -> 1
76,6,76 -> 1
77,6,77 -> 1
78,6,78 -> 1
79,6,79 -> 1
80,6,80 -> 1
81,6,81 -> 1
82,6,82 -> 1
83,6,83 -> 1
84,6,84 -> 1
85,6,85 -> 1
86,6,86 -> 1
87,6,87 -> 1
88,6,88 -> 1
89,6,89 -> 1
90,6,90 -> 1
91,6,91 -> 1
92,6,92 -> 1
93,6,93 -> 1
94,6,94 -> 1
95,6,95 -> 1
96,6,96 -> 1
97,6,97 -> 1
98,6,98 -> 1
99,6,99 -> 1
100,6,100 -> 1
101,6,101 -> 1
102,6,102 -> 1
103,6,103 -> 1
104,6,104 -> 1
105,6,105 -> 1
106,6,106 -> 1
107,6,107 -> 1
108,6,108 -> 1
109,6,109 -> 1
110,6,110 -> 1
111,6,111 -> 1
112,6,112 -> 1
113,6,113 -> 1
114,6,114 -> 1
115,6,115 -> 1
116,6,116 -> 1
117,6,117 -> 1
118,6,118 -> 1
119,6,119 -> 1
120,6,120 -> 1
121,6,121 -> 1
122,6,122 -> 1
123,6,123 -> 1
124,6,124 -> 1
125,6,125 -> 1
126,6,126 -> 1
0,7,0 -> 1
1,7,1 -> 1
2,7,2 -> 1
3,7,3 -> 1
4,7,4 -> 1
5,7,5 -> 1
6,7,6 -> 1
7,7,7 -> 1
8,7,8 -> 1
9,7,9 -> 1
10,7,10 -> 1
11,7,11 -> 1
12,7,12 -> 1
13,7,13 -> 1
14,7,14 -> 1
15,7,15 -> 1
16,7,16 -> 1
17,7,17 -> 1
18,7,18 -> 1
19,7,19 -> 1
20,7,20 -> 1
21,7,21 -> 1
22,7,22 -> 1
23,7,23 -> 1
24,7,24 -> 1
25,7,25 -> 1
26,7,26 -> 1
27,7,27 -> 1
28,7,28 -> 1
29,7,29 -> 1
30,7,30 -> 1
31,7,31 -> 1
32,7,32 -> 1
33,7,33 -> 1
34,7,34 -> 1
35,7,35 -> 1
36,7,36 -> 1
37,7,37 -> 1
38,7,38 -> 1
39,7,39 -> 1
40,7,40 -> 1
41,7,41 -> 1
42,7,42 -> 1
43,7,43 -> 1
44,7,44 -> 1
45,7,45 -> 1
46,7,46 -> 1
47,7,47 -> 1
48,7,48 -> 1
49,7,49 -> 1
50,7,50 -> 1
51,7,51 -> 1
52,7,52 -> 1
53,7,53 -> 1
54,7,54 -> 1
55,7,55 -> 1
56,7,56 -> 1
57,7,57 -> 1
58,7,58 -> 1
59,7,59 -> 1
60,7,60 -> 1
61,7,61 -> 1
62,7,62 -> 1
63,7,63 -> 1
64,7,64 -> 1
65,7,65 -> 1
66,7,66 -> 1
67,7,67 -> 1
68,7,68 -> 1
69,7,69 -> 1
70,7,70 -> 1
71,7,71 -> 1
72,7,72 -> 1
73,7,73 -> 1
74,7,74 -> 1
75,7,75 -> 1
76,7,76 -> 1
77,7,77 -> 1
78,7,78 -> 1
79,7,79 -> 1
80,7,80 -> 1
81,7,81 -> 1
82,7,82 -> 1
83,7,83 -> 1
84,7,84 -> 1
85,7,85 -> 1
86,7,86 -> 1
87,7,87 -> 1
88,7,88 -> 1
89,7,89 -> 1
90,7,90 -> 1
91,7,91 -> 1
92,7,92 -> 1
93,7,93 -> 1
94,7,94 -> 1
95,7,95 -> 1
96,7,96 -> 1
97,7,97 -> 1
98,7,98 -> 1
99,7,99 -> 1
100,7,100 -> 1
101,7,101 -> 1
102,7,102 -> 1
103,7,103 -> 1
104,7,104 -> 1
105,7,105 -> 1
106,7,106 -> 1
107,7,107 -> 1
108,7,108 -> 1
109,7,109 -> 1
110,7,110 -> 1
111,7,111 -> 1
112,7,112 -> 1
113,7,113 -> 1
114,7,114 -> 1
115,7,115 -> 1
116,7,116 -> 1
117,7,117 -> 1
118,7,118 -> 1
119,7,119 -> 1
120,7,120 -> 1
121,7,121 -> 1
122,7,122 -> 1
123,7,123 -> 1
124,7,124 -> 1
125,7,125 -> 1
126,7,126 -> 1
0,8,0 -> 1
1,8,1 -> 1
2,8,2 -> 1
3,8,3 -> 1
4,8,4 -> 1
5,8,5 -> 1
6,8,6 -> 1
7,8,7 -> 1
8,8,8 -> 1
9,8,9 -> 1
10,8,10 -> 1
11,8,11 -> 1
12,8,12 -> 1
13,8,13 -> 1
14,8,14 -> 1
15,8,15 -> 1
16,8,16 -> 1
17,8,17 -> 1
18,8,18 -> 1
19,8,19 -> 1
20,8,20 -> 1
21,8,21 -> 1
22,8,22 -> 1
23,8,23 -> 1
24,8,24 -> 1
25,8,25 -> 1
26,8,26 -> 1
27,8,27 -> 1
28,8,28 -> 1
29,8,29 -> 1
30,8,30 -> 1
31,8,31 -> 1
32,8,32 -> 1
33,8,33 -> 1
34,8,34 -> 1
35,8,35 -> 1
36,8,36 -> 1
37,8,37 -> 1
38,8,38 -> 1
39,8,39 -> 1
40,8,40 -> 1
41,8,41 -> 1
42,8,42 -> 1
43,8,43 -> 1
44,8,44 -> 1
45,8,45 -> 1
46,8,46 -> 1
47,8,47 -> 1
48,8,48 -> 1
49,8,49 -> 1
50,8,50 -> 1
51,8,51 -> 1
52,8,52 -> 1
53,8,53 -> 1
54,8,54 -> 1
55,8,55 -> 1
56,8,56 -> 1
57,8,57 -> 1
58,8,58 -> 1
59,8,59 -> 1
60,8,60 -> 1
61,8,61 -> 1
62,8,62 -> 1
63,8,63 -> 1
64,8,64 -> 1
65,8,65 -> 1
66,8,66 -> 1
67,8,67 -> 1
68,8,68 -> 1
69,8,69 -> 1
70,8,70 -> 1
71,8,71 -> 1
72,8,72 -> 1
73,8,73 -> 1
74,8,74 -> 1
75,8,75 -> 1
76,8,76 -> 1
77,8,77 -> 1
78,8,78 -> 1
79,8,79 -> 1
80,8,80 -> 1
81,8,81 -> 1
82,8,82 -> 1
83,8,83 -> 1
84,8,84 -> 1
85,8,85 -> 1
86,8,86 -> 1
87,8,87 -> 1
88,8,88 -> 1
89,8,89 -> 1
90,8,90 -> 1
91,8,91 -> 1
92,8,92 -> 1
93,8,93 -> 1
94,8,94 -> 1
95,8,95 -> 1
96,8,96 -> 1
97,8,97 -> 1
98,8,98 -> 1
99,8,99 -> 1
100,8,100 -> 1
101,8,101 -> 1
102,8,102 -> 1
103,8,103 -> 1
104,8,104 -> 1
105,8,105 -> 1
106,8,106 -> 1
107,8,107 -> 1
108,8,108 -> 1
109,8,109 -> 1
110,8,110 -> 1
111,8,111 -> 1
112,8,112 -> 1
113,8,113 -> 1
114,8,114 -> 1
115,8,115 -> 1
116,8,116 -> 1
117,8,117 -> 1
118,8,118 -> 1
119,8,119 -> 1
120,8,120 -> 1
121,8,121 -> 1
122,8,122 -> 1
123,8,123 -> 1
124,8,124 -> 1
125,8,125 -> 1
126,8,126 -> 1
0,9,0 -> 1
1,9,1 -> 1
2,9,2 -> 1
3,9,3 -> 1
4,9,4 -> 1
5,9,5 -> 1
6,9,6 -> 1
7,9,7 -> 1
8,9,8 -> 1
9,9,9 -> 1
10,9,10 -> 1
11,9,11 -> 1
12,9,12 -> 1
13,9,13 -> 1
14,9,14 -> 1
15,9,15 -> 1
16,9,16 -> 1
17,9,17 -> 1
18,9,18 -> 1
19,9,19 -> 1
20,9,20 -> 1
21,9,21 -> 1
22,9,22 -> 1
23,9,23 -> 1
24,9,24 -> 1
25,9,25 -> 1
26,9,26 -> 1
27,9,27 -> 1
28,9,28 -> 1
29,9,29 -> 1
30,9,30 -> 1
31,9,31 -> 1
32,9,32 -> 1
33,9,33 -> 1
34,9,34 -> 1
35,9,35 -> 1
36,9,36 -> 1
37,9,37 -> 1
38,9,38 -> 1
39,9,39 -> 1
40,9,40 -> 1
41,9,41 -> 1
42,9,42 -> 1
43,9,43 -> 1
44,9,44 -> 1
45,9,45 -> 1
46,9,46 -> 1
47,9,47 -> 1
48,9,48 -> 1
49,9,49 -> 1
50,9,50 -> 1
51,9,51 -> 1
52,9,52 -> 1
53,9,53 -> 1
54,9,54 -> 1
55,9,55 -> 1
56,9,56 -> 1
57,9,57 -> 1
58,9,58 -> 1
59,9,59 -> 1
60,9,60 -> 1
61,9,61 -> 1
62,9,62 -> 1
63,9,63 -> 1
64,9,64 -> 1
65,9,65 -> 1
66,9,66 -> 1
67,9,67 -> 1
68,9,68 -> 1
69,9,69 -> 1
70,9,70 -> 1
71,9,71 -> 1
72,9,72 -> 1
73,9,73 -> 1
74,9,74 -> 1
75,9,75 -> 1
76,9,76 -> 1
77,9,77 -> 1
78,9,78 -> 1
79,9,79 -> 1
80,9,80 -> 1
81,9,81 -> 1
82,9,82 -> 1
83,9,83 -> 1
84,9,84 -> 1
85,9,85 -> 1
86,9,86 -> 1
87,9,87 -> 1
88,9,88 -> 1
89,9,89 -> 1
90,9,90 -> 1
91,9,91 -> 1
92,9,92 -> 1
93,9,93 -> 1
94,9,94 -> 1
95,9,95 -> 1
96,9,96 -> 1
97,9,97 -> 1
98,9,98 -> 1
99,9,99 -> 1
100,9,100 -> 1
101,9,101 -> 1
102,9,102 -> 1
103,9,103 -> 1
104,9,104 -> 1
105,9,105 -> 1
106,9,106 -> 1
107,9,107 -> 1
108,9,108 -> 1
109,9,109 -> 1
110,9,110 -> 1
111,9,111 -> 1
112,9,112 -> 1
113,9,113 -> 1
114,9,114 -> 1
115,9,115 -> 1
116,9,116 -> 1
117,9,117 -> 1
118,9,118 -> 1
119,9,119 -> 1
120,9,120 -> 1
121,9,121 -> 1
122,9,122 -> 1
123,9,123 -> 1
124,9,124 -> 1
125,9,125 -> 1
126,9,126 -> 1
0,10,0 -> 1
1,10,1 -> 1
2,10,2 -> 1
3,10,3 -> 1
4,10,4 -> 1
5,10,5 -> 1
6,10,6 -> 1
7,10,7 -> 1
8,10,8 -> 1
9,10,9 -> 1
10,10,10 -> 1
11,10,11 -> 1
12,10,12 -> 1
13,10,13 -> 1
14,10,14 -> 1
15,10,15 -> 1
16,10,16 -> 1
17,10,17 -> 1
18,10,18 -> 1
19,10,19 -> 1
20,10,20 -> 1
21,10,21 -> 1
22,10,22 -> 1
23,10,23 -> 1
24,10,24 -> 1
25,10,25 -> 1
26,10,26 -> 1
27,10,27 -> 1
28,10,28 -> 1
29,10,29 -> 1
30,10,30 -> 1
31,10,31 -> 1
32,10,32 -> 1
33,10,33 -> 1
34,10,34 -> 1
35,10,35 -> 1
36,10,36 -> 1
37,10,37 -> 1
38,10,38 -> 1
39,10,39 -> 1
40,10,40 -> 1
41,10,41 -> 1
42,10,42 -> 1
43,10,43 -> 1
44,10,44 -> 1
45,10,45 -> 1
46,10,46 -> 1
47,10,47 -> 1
48,10,48 -> 1
49,10,49 -> 1
50,10,50 -> 1
51,10,51 -> 1
52,10,52 -> 1
53,10,53 -> 1
54,10,54 -> 1
55,10,55 -> 1
56,10,56 -> 1
57,10,57 -> 1
58,10,58 -> 1
59,10,59 -> 1
60,10,60 -> 1
61,10,61 -> 1
62,10,62 -> 1
63,10,63 -> 1
64,10,64 -> 1
65,10,65 -> 1
66,10,66 -> 1
67,10,67 -> 1
68,10,68 -> 1
69,10,69 -> 1
70,10,70 -> 1
71,10,71 -> 1
72,10,72 -> 1
73,10,73 -> 1
74,10,74 -> 1
75,10,75 -> 1
76,10,76 -> 1
77,10,77 -> 1
78,10,78 -> 1
79,10,79 -> 1
80,10,80 -> 1
81,10,81 -> 1
82,10,82 -> 1
83,10,83 -> 1
84,10,84 -> 1
85,10,85 -> 1
86,10,86 -> 1
87,10,87 -> 1
88,10,88 -> 1
89,10,89 -> 1
90,10,90 -> 1
91,10,91 -> 1
92,10,92 -> 1
93,10,93 -> 1
94,10,94 -> 1
95,10,95 -> 1
96,10,96 -> 1
97,10,97 -> 1
98,10,98 -> 1
99,10,99 -> 1
100,10,100 -> 1
101,10,101 -> 1
102,10,102 -> 1
103,10,103 -> 1
104,10,104 -> 1
105,10,105 -> 1
106,10,106 -> 1
107,10,107 -> 1
108,10,108 -> 1
109,10,109 -> 1
110,10,110 -> 1
111,10,111 -> 1
112,10,112 -> 1
113,10,113 -> 1
114,10,114 -> 1
115,10,115 -> 1
116,10,116 -> 1
117,10,117 -> 1
118,10,118 -> 1
119,10,119 -> 1
120,10,120 -> 1
121,10,121 -> 1
122,10,122 -> 1
123,10,123 -> 1
124,10,124 -> 1
125,10,125 -> 1
126,10,126 -> 1
0,11,0 -> 1
1,11,1 -> 1
2,11,2 -> 1
3,11,3 -> 1
4,11,4 -> 1
5,11,5 -> 1
6,11,6 -> 1
7,11,7 -> 1
8,11,8 -> 1
9,11,9 -> 1
10,11,10 -> 1
11,11,11 -> 1
12,11,12 -> 1
13,11,13 -> 1
14,11,14 -> 1
15,11,15 -> 1
16,11,16 -> 1
17,11,17 -> 1
18,11,18 -> 1
19,11,19 -> 1
20,11,20 -> 1
21,11,21 -> 1
22,11,22 -> 1
23,11,23 -> 1
24,11,24 -> 1
25,11,25 -> 1
26,11,26 -> 1
27,11,27 -> 1
28,11,28 -> 1
29,11,29 -> 1
30,11,30 -> 1
31,11,31 -> 1
32,11,32 -> 1
33,11,33 -> 1
34,11,34 -> 1
35,11,35 -> 1
36,11,36 -> 1
37,11,37 -> 1
38,11,38 -> 1
39,11,39 -> 1
40,11,40 -> 1
41,11,41 -> 1
42,11,42 -> 1
43,11,43 -> 1
44,11,44 -> 1
45,11,45 -> 1
46,11,46 -> 1
47,11,47 -> 1
48,11,48 -> 1
49,11,49 -> 1
50,11,50 -> 1
51,11,51 -> 1
52,11,52 -> 1
53,11,53 -> 1
54,11,54 -> 1
55,11,55 -> 1
56,11,56 -> 1
57,11,57 -> 1
58,11,58 -> 1
59,11,59 -> 1
60,11,60 -> 1
61,11,61 -> 1
62,11,62 -> 1
63,11,63 -> 1
64,11,64 -> 1
65,11,65 -> 1
66,11,66 -> 1
67,11,67 -> 1
68,11,68 -> 1
69,11,69 -> 1
70,11,70 -> 1
71,11,71 -> 1
72,11,72 -> 1
73,11,73 -> 1
74,11,74 -> 1
75,11,75 -> 1
76,11,76 -> 1
77,11,77 -> 1
78,11,78 -> 1
79,11,79 -> 1
80,11,80 -> 1
81,11,81 -> 1
82,11,82 -> 1
83,11,83 -> 1
84,11,84 -> 1
85,11,85 -> 1
86,11,86 -> 1
87,11,87 -> 1
88,11,88 -> 1
89,11,89 -> 1
90,11,90 -> 1
91,11,91 -> 1
92,11,92 -> 1
93,11,93 -> 1
94,11,94 -> 1
95,11,95 -> 1
96,11,96 -> 1
97,11,97 -> 1
98,11,98 -> 1
99,11,99 -> 1
100,11,100 -> 1
101,11,101 -> 1
102,11,102 -> 1
103,11,103 -> 1
104,11,104 -> 1
105,11,105 -> 1
106,11,106 -> 1
107,11,107 -> 1
108,11,108 -> 1
109,11,109 -> 1
110,11,110 -> 1
111,11,111 -> 1
112,11,112 -> 1
113,11,113 -> 1
114,11,114 -> 1
115,11,115 -> 1
116,11,116 -> 1
117,11,117 -> 1
118,11,118 -> 1
119,11,119 -> 1
120,11,120 -> 1
121,11,121 -> 1
122,11,122 -> 1
123,11,123 -> 1
124,11,124 -> 1
125,11,125 -> 1
126,11,126 -> 1
127,0,508 -> 1
127,1,127 -> 1
127,2,254 -> 1
127,3,0 -> 1
128,0,509 -> 1
128,1,128 -> 1
128,2,255 -> 1
128,3,1 -> 1
129,0,510 -> 1
129,1,129 -> 1
129,2,256 -> 1
129,3,2 -> 1
130,0,511 -> 1
130,1,130 -> 1
130,2,257 -> 1
130,3,3 -> 1
131,0,512 -> 1
131,1,131 -> 1
131,2,258 -> 1
131,3,4 -> 1
132,0,513 -> 1
132,1,132 -> 1
132,2,259 -> 1
132,3,5 -> 1
133,0,514 -> 1
133,1,133 -> 1
133,2,260 -> 1
133,3,6 -> 1
134,0,515 -> 1
134,1,134 -> 1
134,2,261 -> 1
134,3,7 -> 1
135,0,516 -> 1
135,1,135 -> 1
135,2,262 -> 1
135,3,8 -> 1
136,0,517 -> 1
136,1,136 -> 1
136,2,263 -> 1
136,3,9 -> 1
137,0,518 -> 1
137,1,137 -> 1
137,2,264 -> 1
137,3,10 -> 1
138,0,519 -> 1
138,1,138 -> 1
138,2,265 -> 1
138,3,11 -> 1
139,0,520 -> 1
139,1,139 -> 1
139,2,266 -> 1
139,3,12 -> 1
140,0,521 -> 1
140,1,140 -> 1
140,2,267 -> 1
140,3,13 -> 1
141,0,522 -> 1
141,1,141 -> 1
141,2,268 -> 1
141,3,14 -> 1
142,0,523 -> 1
142,1,142 -> 1
142,2,269 -> 1
142,3,15 -> 1
143,0,524 -> 1
143,1,143 -> 1
143,2,270 -> 1
143,3,16 -> 1
144,0,525 -> 1
144,1,144 -> 1
144,2,271 -> 1
144,3,17 -> 1
145,0,526 -> 1
145,1,145 -> 1
145,2,272 -> 1
145,3,18 -> 1
146,0,527 -> 1
146,1,146 -> 1
146,2,273 -> 1
146,3,19 -> 1
147,0,528 -> 1
147,1,147 -> 1
147,2,274 -> 1
147,3,20 -> 1
148,0,529 -> 1
148,1,148 -> 1
148,2,275 -> 1
148,3,21 -> 1
149,0,530 -> 1
149,1,149 -> 1
149,2,276 -> 1
149,3,22 -> 1
150,0,531 -> 1
150,1,150 -> 1
150,2,277 -> 1
150,3,23 -> 1
151,0,532 -> 1
151,1,151 -> 1
151,2,278 -> 1
151,3,24 -> 1
152,0,533 -> 1
152,1,152 -> 1
152,2,279 -> 1
152,3,25 -> 1
153,0,534 -> 1
153,1,153 -> 1
153,2,280 -> 1
153,3,26 -> 1
154,0,535 -> 1
154,1,154 -> 1
154,2,281 -> 1
154,3,27 -> 1
155,0,536 -> 1
155,1,155 -> 1
155,2,282 -> 1
155,3,28 -> 1
156,0,537 -> 1
156,1,156 -> 1
156,2,283 -> 1
156,3,29 -> 1
157,0,538 -> 1
157,1,157 -> 1
157,2,284 -> 1
157,3,30 -> 1
158,0,539 -> 1
158,1,158 -> 1
158,2,285 -> 1
158,3,31 -> 1
159,0,540 -> 1
159,1,159 -> 1
159,2,286 -> 1
159,3,32 -> 1
160,0,541 -> 1
160,1,160 -> 1
160,2,287 -> 1
160,3,33 -> 1
161,0,542 -> 1
161,1,161 -> 1
161,2,288 -> 1
161,3,34 -> 1
162,0,543 -> 1
162,1,162 -> 1
162,2,289 -> 1
162,3,35 -> 1
163,0,544 -> 1
163,1,163 -> 1
163,2,290 -> 1
163,3,36 -> 1
164,0,545 -> 1
164,1,164 -> 1
164,2,291 -> 1
164,3,37 -> 1
165,0,546 -> 1
165,1,165 -> 1
165,2,292 -> 1
165,3,38 -> 1
166,0,547 -> 1
166,1,166 -> 1
166,2,293 -> 1
166,3,39 -> 1
167,0,548 -> 1
167,1,167 -> 1
167,2,294 -> 1
167,3,40 -> 1
168,0,549 -> 1
168,1,168 -> 1
168,2,295 -> 1
168,3,41 -> 1
169,0,550 -> 1
169,1,169 -> 1
169,2,296 -> 1
169,3,42 -> 1
170,0,551 -> 1
170,1,170 -> 1
170,2,297 -> 1
170,3,43 -> 1
171,0,552 -> 1
171,1,171 -> 1
171,2,298 -> 1
171,3,44 -> 1
172,0,553 -> 1
172,1,172 -> 1
172,2,299 -> 1
172,3,45 -> 1
173,0,554 -> 1
173,1,173 -> 1
173,2,300 -> 1
173,3,46 -> 1
174,0,555 -> 1
174,1,174 -> 1
174,2,301 -> 1
174,3,47 -> 1
175,0,556 -> 1
175,1,175 -> 1
175,2,302 -> 1
175,3,48 -> 1
176,0,557 -> 1
176,1,176 -> 1
176,2,303 -> 1
176,3,49 -> 1
177,0,558 -> 1
177,1,177 -> 1
177,2,304 -> 1
177,3,50 -> 1
178,0,559 -> 1
178,1,178 -> 1
178,2,305 -> 1
178,3,51 -> 1
179,0,560 -> 1
179,1,179 -> 1
179,2,306 -> 1
179,3,52 -> 1
180,0,561 -> 1
180,1,180 -> 1
180,2,307 -> 1
180,3,53 -> 1
181,0,562 -> 1
181,1,181 -> 1
181,2,308 -> 1
181,3,54 -> 1
182,0,563 -> 1
182,1,182 -> 1
182,2,309 -> 1
182,3,55 -> 1
183,0,564 -> 1
183,1,183 -> 1
183,2,310 -> 1
183,3,56 -> 1
184,0,565 -> 1
184,1,184 -> 1
184,2,311 -> 1
184,3,57 -> 1
185,0,566 -> 1
185,1,185 -> 1
185,2,312 -> 1
185,3,58 -> 1
186,0,567 -> 1
186,1,186 -> 1
186,2,313 -> 1
186,3,59 -> 1
187,0,568 -> 1
187,1,187 -> 1
187,2,314 -> 1
187,3,60 -> 1
188,0,569 -> 1
188,1,188 -> 1
188,2,315 -> 1
188,3,61 -> 1
189,0,570 -> 1
189,1,189 -> 1
189,2,316 -> 1
189,3,62 -> 1
190,0,571 -> 1
190,1,190 -> 1
190,2,317 -> 1
190,3,63 -> 1
191,0,572 -> 1
191,1,191 -> 1
191,2,318 -> 1
191,3,64 -> 1
192,0,573 -> 1
192,1,192 -> 1
192,2,319 -> 1
192,3,65 -> 1
193,0,574 -> 1
193,1,193 -> 1
193,2,320 -> 1
193,3,66 -> 1
194,0,575 -> 1
194,1,194 -> 1
194,2,321 -> 1
194,3,67 -> 1
195,0,576 -> 1
195,1,195 -> 1
195,2,322 -> 1
195,3,68 -> 1
196,0,577 -> 1
196,1,196 -> 1
196,2,323 -> 1
196,3,69 -> 1
197,0,578 -> 1
197,1,197 -> 1
197,2,324 -> 1
197,3,70 -> 1
198,0,579 -> 1
198,1,198 -> 1
198,2,325 -> 1
198,3,71 -> 1
199,0,580 -> 1
199,1,199 -> 1
199,2,326 -> 1
199,3,72 -> 1
200,0,581 -> 1
200,1,200 -> 1
200,2,327 -> 1
200,3,73 -> 1
201,0,582 -> 1
201,1,201 -> 1
201,2,328 -> 1
201,3,74 -> 1
202,0,583 -> 1
202,1,202 -> 1
202,2,329 -> 1
202,3,75 -> 1
203,0,584 -> 1
203,1,203 -> 1
203,2,330 -> 1
203,3,76 -> 1
204,0,585 -> 1
204,1,204 -> 1
204,2,331 -> 1
204,3,77 -> 1
205,0,586 -> 1
205,1,205 -> 1
205,2,332 -> 1
205,3,78 -> 1
206,0,587 -> 1
206,1,206 -> 1
206,2,333 -> 1
206,3,79 -> 1
207,0,588 -> 1
207,1,207 -> 1
207,2,334 -> 1
207,3,80 -> 1
208,0,589 -> 1
208,1,208 -> 1
208,2,335 -> 1
208,3,81 -> 1
209,0,590 -> 1
209,1,209 -> 1
209,2,336 -> 1
209,3,82 -> 1
210,0,591 -> 1
210,1,210 -> 1
210,2,337 -> 1
210,3,83 -> 1
211,0,592 -> 1
211,1,211 -> 1
211,2,338 -> 1
211,3,84 -> 1
212,0,593 -> 1
212,1,212 -> 1
212,2,339 -> 1
212,3,85 -> 1
213,0,594 -> 1
213,1,213 -> 1
213,2,340 -> 1
213,3,86 -> 1
214,0,595 -> 1
214,1,214 -> 1
214,2,341 -> 1
214,3,87 -> 1
215,0,596 -> 1
215,1,215 -> 1
215,2,342 -> 1
215,3,88 -> 1
216,0,597 -> 1
216,1,216 -> 1
216,2,343 -> 1
216,3,89 -> 1
217,0,598 -> 1
217,1,217 -> 1
217,2,344 -> 1
217,3,90 -> 1
218,0,599 -> 1
218,1,218 -> 1
218,2,345 -> 1
218,3,91 -> 1
219,0,600 -> 1
219,1,219 -> 1
219,2,346 -> 1
219,3,92 -> 1
220,0,601 -> 1
220,1,220 -> 1
220,2,347 -> 1
220,3,93 -> 1
221,0,602 -> 1
221,1,221 -> 1
221,2,348 -> 1
221,3,94 -> 1
222,0,603 -> 1
222,1,222 -> 1
222,2,349 -> 1
222,3,95 -> 1
223,0,604 -> 1
223,1,223 -> 1
223,2,350 -> 1
223,3,96 -> 1
224,0,605 -> 1
224,1,224 -> 1
224,2,351 -> 1
224,3,97 -> 1
225,0,606 -> 1
225,1,225 -> 1
225,2,352 -> 1
225,3,98 -> 1
226,0,607 -> 1
226,1,226 -> 1
226,2,353 -> 1
226,3,99 -> 1
227,0,608 -> 1
227,1,227 -> 1
227,2,354 -> 1
227,3,100 -> 1
228,0,609 -> 1
228,1,228 -> 1
228,2,355 -> 1
228,3,101 -> 1
229,0,610 -> 1
229,1,229 -> 1
229,2,356 -> 1
229,3,102 -> 1
230,0,611 -> 1
230,1,230 -> 1
230,2,357 -> 1
230,3,103 -> 1
231,0,612 -> 1
231,1,231 -> 1
231,2,358 -> 1
231,3,104 -> 1
232,0,613 -> 1
232,1,232 -> 1
232,2,359 -> 1
232,3,105 -> 1
233,0,614 -> 1
233,1,233 -> 1
233,2,360 -> 1
233,3,106 -> 1
234,0,615 -> 1
234,1,234 -> 1
234,2,361 -> 1
234,3,107 -> 1
235,0,616 -> 1
235,1,235 -> 1
235,2,362 -> 1
235,3,108 -> 1
236,0,617 -> 1
236,1,236 -> 1
236,2,363 -> 1
236,3,109 -> 1
237,0,618 -> 1
237,1,237 -> 1
237,2,364 -> 1
237,3,110 -> 1
238,0,619 -> 1
238,1,238 -> 1
238,2,365 -> 1
238,3,111 -> 1
239,0,620 -> 1
239,1,239 -> 1
239,2,366 -> 1
239,3,112 -> 1
240,0,621 -> 1
240,1,240 -> 1
240,2,367 -> 1
240,3,113 -> 1
241,0,622 -> 1
241,1,241 -> 1
241,2,368 -> 1
241,3,114 -> 1
242,0,623 -> 1
242,1,242 -> 1
242,2,369 -> 1
242,3,115 -> 1
243,0,624 -> 1
243,1,243 -> 1
243,2,370 -> 1
243,3,116 -> 1
244,0,625 -> 1
244,1,244 -> 1
244,2,371 -> 1
244,3,117 -> 1
245,0,626 -> 1
245,1,245 -> 1
245,2,372 -> 1
245,3,118 -> 1
246,0,627 -> 1
246,1,246 -> 1
246,2,373 -> 1
246,3,119 -> 1
247,0,628 -> 1
247,1,247 -> 1
247,2,374 -> 1
247,3,120 -> 1
248,0,629 -> 1
248,1,248 -> 1
248,2,375 -> 1
248,3,121 -> 1
249,0,630 -> 1
249,1,249 -> 1
249,2,376 -> 1
249,3,122 -> 1
250,0,631 -> 1
250,1,250 -> 1
250,2,377 -> 1
250,3,123 -> 1
251,0,632 -> 1
251,1,251 -> 1
251,2,378 -> 1
251,3,124 -> 1
252,0,633 -> 1
252,1,252 -> 1
252,2,379 -> 1
252,3,125 -> 1
253,0,634 -> 1
253,1,253 -> 1
253,2,380 -> 1
253,3,126 -> 1
127,4,127 -> 1
128,4,128 -> 1
129,4,129 -> 1
130,4,130 -> 1
131,4,131 -> 1
132,4,127 -> 1
133,4,133 -> 1
134,4,134 -> 1
135,4,135 -> 1
136,4,136 -> 1
137,4,137 -> 1
138,4,128 -> 1
139,4,139 -> 1
140,4,140 -> 1
141,4,141 -> 1
142,4,142 -> 1
143,4,129 -> 1
144,4,144 -> 1
145,4,145 -> 1
146,4,146 -> 1
147,4,130 -> 1
148,4,148 -> 1
149,4,149 -> 1
150,4,131 -> 1
151,4,151 -> 1
152,4,152 -> 1
153,4,133 -> 1
154,4,134 -> 1
155,4,155 -> 1
156,4,156 -> 1
157,4,157 -> 1
158,4,135 -> 1
159,4,159 -> 1
160,4,160 -> 1
161,4,161 -> 1
162,4,136 -> 1
163,4,163 -> 1
164,4,164 -> 1
165,4,137 -> 1
166,4,166 -> 1
167,4,167 -> 1
168,4,139 -> 1
169,4,140 -> 1
170,4,170 -> 1
171,4,171 -> 1
172,4,141 -> 1
173,4,173 -> 1
174,4,174 -> 1
175,4,142 -> 1
176,4,176 -> 1
177,4,177 -> 1
178,4,144 -> 1
179,4,145 -> 1
180,4,180 -> 1
181,4,146 -> 1
182,4,182 -> 1
183,4,183 -> 1
184,4,148 -> 1
185,4,149 -> 1
186,4,186 -> 1
187,4,151 -> 1
188,4,152 -> 1
189,4,189 -> 1
190,4,155 -> 1
191,4,191 -> 1
192,4,156 -> 1
193,4,193 -> 1
194,4,194 -> 1
195,4,157 -> 1
196,4,196 -> 1
197,4,197 -> 1
198,4,159 -> 1
199,4,160 -> 1
200,4,200 -> 1
201,4,161 -> 1
202,4,202 -> 1
203,4,203 -> 1
204,4,163 -> 1
205,4,164 -> 1
206,4,206 -> 1
207,4,166 -> 1
208,4,167 -> 1
209,4,209 -> 1
210,4,170 -> 1
211,4,171 -> 1
212,4,212 -> 1
213,4,213 -> 1
214,4,173 -> 1
215,4,174 -> 1
216,4,216 -> 1
217,4,176 -> 1
218,4,177 -> 1
219,4,219 -> 1
220,4,180 -> 1
221,4,182 -> 1
222,4,183 -> 1
223,4,223 -> 1
224,4,186 -> 1
225,4,189 -> 1
226,4,191 -> 1
227,4,227 -> 1
228,4,228 -> 1
229,4,193 -> 1
230,4,194 -> 1
231,4,231 -> 1
232,4,196 -> 1
233,4,197 -> 1
234,4,234 -> 1
235,4,200 -> 1
236,4,202 -> 1
237,4,203 -> 1
238,4,238 -> 1
239,4,206 -> 1
240,4,209 -> 1
241,4,212 -> 1
242,4,213 -> 1
243,4,243 -> 1
244,4,216 -> 1
245,4,219 -> 1
246,4,223 -> 1
247,4,227 -> 1
248,4,228 -> 1
249,4,249 -> 1
250,4,231 -> 1
251,4,234 -> 1
252,4,238 -> 1
253,4,243 -> 1
127,5,127 -> 1
128,5,128 -> 1
129,5,129 -> 1
130,5,130 -> 1
131,5,131 -> 1
132,5,132 -> 1
133,5,133 -> 1
134,5,134 -> 1
135,5,135 -> 1
136,5,136 -> 1
137,5,137 -> 1
138,5,138 -> 1
139,5,139 -> 1
140,5,140 -> 1
141,5,141 -> 1
142,5,142 -> 1
143,5,143 -> 1
144,5,144 -> 1
145,5,145 -> 1
146,5,146 -> 1
147,5,147 -> 1
148,5,148 -> 1
149,5,149 -> 1
150,5,150 -> 1
151,5,151 -> 1
152,5,152 -> 1
153,5,153 -> 1
154,5,154 -> 1
155,5,155 -> 1
156,5,156 -> 1
157,5,157 -> 1
158,5,158 -> 1
159,5,159 -> 1
160,5,160 -> 1
161,5,161 -> 1
162,5,162 -> 1
163,5,163 -> 1
164,5,164 -> 1
165,5,165 -> 1
166,5,166 -> 1
167,5,167 -> 1
168,5,168 -> 1
169,5,169 -> 1
170,5,170 -> 1
171,5,171 -> 1
172,5,172 -> 1
173,5,173 -> 1
174,5,174 -> 1
175,5,175 -> 1
176,5,176 -> 1
177,5,177 -> 1
178,5,178 -> 1
179,5,179 -> 1
180,5,180 -> 1
181,5,181 -> 1
182,5,182 -> 1
183,5,183 -> 1
184,5,184 -> 1
185,5,185 -> 1
186,5,186 -> 1
187,5,187 -> 1
188,5,188 -> 1
189,5,189 -> 1
190,5,190 -> 1
191,5,191 -> 1
192,5,192 -> 1
193,5,193 -> 1
194,5,194 -> 1
195,5,195 -> 1
196,5,196 -> 1
197,5,197 -> 1
198,5,198 -> 1
199,5,199 -> 1
200,5,200 -> 1
201,5,201 -> 1
202,5,202 -> 1
203,5,203 -> 1
204,5,204 -> 1
205,5,205 -> 1
206,5,206 -> 1
207,5,207 -> 1
208,5,208 -> 1
209,5,209 -> 1
210,5,210 -> 1
211,5,211 -> 1
212,5,212 -> 1
213,5,213 -> 1
214,5,214 -> 1
215,5,215 -> 1
216,5,216 -> 1
217,5,217 -> 1
218,5,218 -> 1
219,5,219 -> 1
220,5,220 -> 1
221,5,221 -> 1
222,5,222 -> 1
223,5,223 -> 1
224,5,224 -> 1
225,5,225 -> 1
226,5,226 -> 1
227,5,227 -> 1
228,5,228 -> 1
229,5,229 -> 1
230,5,230 -> 1
231,5,231 -> 1
232,5,232 -> 1
233,5,233 -> 1
234,5,234 -> 1
235,5,235 -> 1
236,5,236 -> 1
237,5,237 -> 1
238,5,238 -> 1
239,5,239 -> 1
240,5,240 -> 1
241,5,241 -> 1
242,5,242 -> 1
243,5,243 -> 1
244,5,244 -> 1
245,5,245 -> 1
246,5,246 -> 1
247,5,247 -> 1
248,5,248 -> 1
249,5,249 -> 1
250,5,250 -> 1
251,5,251 -> 1
252,5,252 -> 1
253,5,253 -> 1
127,6,127 -> 1
128,6,128 -> 1
129,6,129 -> 1
130,6,130 -> 1
131,6,131 -> 1
132,6,132 -> 1
133,6,133 -> 1
134,6,134 -> 1
135,6,135 -> 1
136,6,136 -> 1
137,6,137 -> 1
138,6,138 -> 1
139,6,139 -> 1
140,6,140 -> 1
141,6,141 -> 1
142,6,142 -> 1
143,6,143 -> 1
144,6,144 -> 1
145,6,145 -> 1
146,6,146 -> 1
147,6,147 -> 1
148,6,148 -> 1
149,6,149 -> 1
150,6,150 -> 1
151,6,151 -> 1
152,6,152 -> 1
153,6,153 -> 1
154,6,154 -> 1
155,6,155 -> 1
156,6,156 -> 1
157,6,157 -> 1
158,6,158 -> 1
159,6,159 -> 1
160,6,160 -> 1
161,6,161 -> 1
162,6,162 -> 1
163,6,163 -> 1
164,6,164 -> 1
165,6,165 -> 1
166,6,166 -> 1
167,6,167 -> 1
168,6,168 -> 1
169,6,169 -> 1
170,6,170 -> 1
171,6,171 -> 1
172,6,172 -> 1
173,6,173 -> 1
174,6,174 -> 1
175,6,175 -> 1
176,6,176 -> 1
177,6,177 -> 1
178,6,178 -> 1
179,6,179 -> 1
180,6,180 -> 1
181,6,181 -> 1
182,6,182 -> 1
183,6,183 -> 1
184,6,184 -> 1
185,6,185 -> 1
186,6,186 -> 1
187,6,187 -> 1
188,6,188 -> 1
189,6,189 -> 1
190,6,190 -> 1
191,6,191 -> 1
192,6,192 -> 1
193,6,193 -> 1
194,6,194 -> 1
195,6,195 -> 1
196,6,196 -> 1
197,6,197 -> 1
198,6,198 -> 1
199,6,199 -> 1
200,6,200 -> 1
201,6,201 -> 1
202,6,202 -> 1
203,6,203 -> 1
204,6,204 -> 1
205,6,205 -> 1
206,6,206 -> 1
207,6,207 -> 1
208,6,208 -> 1
209,6,209 -> 1
210,6,210 -> 1
211,6,211 -> 1
212,6,212 -> 1
213,6,213 -> 1
214,6,214 -> 1
215,6,215 -> 1
216,6,216 -> 1
217,6,217 -> 1
218,6,218 -> 1
219,6,219 -> 1
220,6,220 -> 1
221,6,221 -> 1
222,6,222 -> 1
223,6,223 -> 1
224,6,224 -> 1
225,6,225 -> 1
226,6,226 -> 1
227,6,227 -> 1
228,6,228 -> 1
229,6,229 -> 1
230,6,230 -> 1
231,6,231 -> 1
232,6,232 -> 1
233,6,233 -> 1
234,6,234 -> 1
235,6,235 -> 1
236,6,236 -> 1
237,6,237 -> 1
238,6,238 -> 1
239,6,239 -> 1
240,6,240 -> 1
241,6,241 -> 1
242,6,242 -> 1
243,6,243 -> 1
244,6,244 -> 1
245,6,245 -> 1
246,6,246 -> 1
247,6,247 -> 1
248,6,248 -> 1
249,6,249 -> 1
250,6,250 -> 1
251,6,251 -> 1
252,6,252 -> 1
253,6,253 -> 1
127,7,127 -> 1
128,7,128 -> 1
129,7,129 -> 1
130,7,130 -> 1
131,7,131 -> 1
132,7,132 -> 1
133,7,133 -> 1
134,7,134 -> 1
135,7,135 -> 1
136,7,136 -> 1
137,7,137 -> 1
138,7,138 -> 1
139,7,139 -> 1
140,7,140 -> 1
141,7,141 -> 1
142,7,142 -> 1
143,7,143 -> 1
144,7,144 -> 1
145,7,145 -> 1
146,7,146 -> 1
147,7,147 -> 1
148,7,148 -> 1
149,7,149 -> 1
150,7,150 -> 1
151,7,151 -> 1
152,7,152 -> 1
153,7,153 -> 1
154,7,154 -> 1
155,7,155 -> 1
156,7,156 -> 1
157,7,157 -> 1
158,7,158 -> 1
159,7,159 -> 1
160,7,160 -> 1
161,7,161 -> 1
162,7,162 -> 1
163,7,163 -> 1
164,7,164 -> 1
165,7,165 -> 1
166,7,166 -> 1
167,7,167 -> 1
168,7,168 -> 1
169,7,169 -> 1
170,7,170 -> 1
171,7,171 -> 1
172,7,172 -> 1
173,7,173 -> 1
174,7,174 -> 1
175,7,175 -> 1
176,7,176 -> 1
177,7,177 -> 1
178,7,178 -> 1
179,7,179 -> 1
180,7,180 -> 1
181,7,181 -> 1
182,7,182 -> 1
183,7,183 -> 1
184,7,184 -> 1
185,7,185 -> 1
186,7,186 -> 1
187,7,187 -> 1
188,7,188 -> 1
189,7,189 -> 1
190,7,190 -> 1
191,7,191 -> 1
192,7,192 -> 1
193,7,193 -> 1
194,7,194 -> 1
195,7,195 -> 1
196,7,196 -> 1
197,7,197 -> 1
198,7,198 -> 1
199,7,199 -> 1
200,7,200 -> 1
201,7,201 -> 1
202,7,202 -> 1
203,7,203 -> 1
204,7,204 -> 1
205,7,205 -> 1
206,7,206 -> 1
207,7,207 -> 1
208,7,208 -> 1
209,7,209 -> 1
210,7,210 -> 1
211,7,211 -> 1
212,7,212 -> 1
213,7,213 -> 1
214,7,214 -> 1
215,7,215 -> 1
216,7,216 -> 1
217,7,217 -> 1
218,7,218 -> 1
219,7,219 -> 1
220,7,220 -> 1
221,7,221 -> 1
222,7,222 -> 1
223,7,223 -> 1
224,7,224 -> 1
225,7,225 -> 1
226,7,226 -> 1
227,7,227 -> 1
228,7,228 -> 1
229,7,229 -> 1
230,7,230 -> 1
231,7,231 -> 1
232,7,232 -> 1
233,7,233 -> 1
234,7,234 -> 1
235,7,235 -> 1
236,7,236 -> 1
237,7,237 -> 1
238,7,238 -> 1
239,7,239 -> 1
240,7,240 -> 1
241,7,241 -> 1
242,7,242 -> 1
243,7,243 -> 1
244,7,244 -> 1
245,7,245 -> 1
246,7,246 -> 1
247,7,247 -> 1
248,7,248 -> 1
249,7,249 -> 1
250,7,250 -> 1
251,7,251 -> 1
252,7,252 -> 1
253,7,253 -> 1
127,8,127 -> 1
128,8,128 -> 1
129,8,129 -> 1
130,8,130 -> 1
131,8,131 -> 1
132,8,132 -> 1
133,8,133 -> 1
134,8,134 -> 1
135,8,135 -> 1
136,8,136 -> 1
137,8,137 -> 1
138,8,138 -> 1
139,8,139 -> 1
140,8,140 -> 1
141,8,141 -> 1
142,8,142 -> 1
143,8,143 -> 1
144,8,144 -> 1
145,8,145 -> 1
146,8,146 -> 1
147,8,147 -> 1
148,8,148 -> 1
149,8,149 -> 1
150,8,150 -> 1
151,8,151 -> 1
152,8,152 -> 1
153,8,153 -> 1
154,8,154 -> 1
155,8,155 -> 1
156,8,156 -> 1
157,8,157 -> 1
158,8,158 -> 1
159,8,159 -> 1
160,8,160 -> 1
161,8,161 -> 1
162,8,162 -> 1
163,8,163 -> 1
164,8,164 -> 1
165,8,165 -> 1
166,8,166 -> 1
167,8,167 -> 1
168,8,168 -> 1
169,8,169 -> 1
170,8,170 -> 1
171,8,171 -> 1
172,8,172 -> 1
173,8,173 -> 1
174,8,174 -> 1
175,8,175 -> 1
176,8,176 -> 1
177,8,177 -> 1
178,8,178 -> 1
179,8,179 -> 1
180,8,180 -> 1
181,8,181 -> 1
182,8,182 -> 1
183,8,183 -> 1
184,8,184 -> 1
185,8,185 -> 1
186,8,186 -> 1
187,8,187 -> 1
188,8,188 -> 1
189,8,189 -> 1
190,8,190 -> 1
191,8,191 -> 1
192,8,192 -> 1
193,8,193 -> 1
194,8,194 -> 1
195,8,195 -> 1
196,8,196 -> 1
197,8,197 -> 1
198,8,198 -> 1
199,8,199 -> 1
200,8,200 -> 1
201,8,201 -> 1
202,8,202 -> 1
203,8,203 -> 1
204,8,204 -> 1
205,8,205 -> 1
206,8,206 -> 1
207,8,207 -> 1
208,8,208 -> 1
209,8,209 -> 1
210,8,210 -> 1
211,8,211 -> 1
212,8,212 -> 1
213,8,213 -> 1
214,8,214 -> 1
215,8,215 -> 1
216,8,216 -> 1
217,8,217 -> 1
218,8,218 -> 1
219,8,219 -> 1
220,8,220 -> 1
221,8,221 -> 1
222,8,222 -> 1
223,8,223 -> 1
224,8,224 -> 1
225,8,225 -> 1
226,8,226 -> 1
227,8,227 -> 1
228,8,228 -> 1
229,8,229 -> 1
230,8,230 -> 1
231,8,231 -> 1
232,8,232 -> 1
233,8,233 -> 1
234,8,234 -> 1
235,8,235 -> 1
236,8,236 -> 1
237,8,237 -> 1
238,8,238 -> 1
239,8,239 -> 1
240,8,240 -> 1
241,8,241 -> 1
242,8,242 -> 1
243,8,243 -> 1
244,8,244 -> 1
245,8,245 -> 1
246,8,246 -> 1
247,8,247 -> 1
248,8,248 -> 1
249,8,249 -> 1
250,8,250 -> 1
251,8,251 -> 1
252,8,252 -> 1
253,8,253 -> 1
127,9,127 -> 1
128,9,128 -> 1
129,9,129 -> 1
130,9,130 -> 1
131,9,131 -> 1
132,9,132 -> 1
133,9,133 -> 1
134,9,134 -> 1
135,9,135 -> 1
136,9,136 -> 1
137,9,137 -> 1
138,9,138 -> 1
139,9,139 -> 1
140,9,140 -> 1
141,9,141 -> 1
142,9,142 -> 1
143,9,143 -> 1
144,9,144 -> 1
145,9,145 -> 1
146,9,146 -> 1
147,9,147 -> 1
148,9,148 -> 1
149,9,149 -> 1
150,9,150 -> 1
151,9,151 -> 1
152,9,152 -> 1
153,9,153 -> 1
154,9,154 -> 1
155,9,155 -> 1
156,9,156 -> 1
157,9,157 -> 1
158,9,158 -> 1
159,9,159 -> 1
160,9,160 -> 1
161,9,161 -> 1
162,9,162 -> 1
163,9,163 -> 1
164,9,164 -> 1
165,9,165 -> 1
166,9,166 -> 1
167,9,167 -> 1
168,9,168 -> 1
169,9,169 -> 1
170,9,170 -> 1
171,9,171 -> 1
172,9,172 -> 1
173,9,173 -> 1
174,9,174 -> 1
175,9,175 -> 1
176,9,176 -> 1
177,9,177 -> 1
178,9,178 -> 1
179,9,179 -> 1
180,9,180 -> 1
181,9,181 -> 1
182,9,182 -> 1
183,9,183 -> 1
184,9,184 -> 1
185,9,185 -> 1
186,9,186 -> 1
187,9,187 -> 1
188,9,188 -> 1
189,9,189 -> 1
190,9,190 -> 1
191,9,191 -> 1
192,9,192 -> 1
193,9,193 -> 1
194,9,194 -> 1
195,9,195 -> 1
196,9,196 -> 1
197,9,197 -> 1
198,9,198 -> 1
199,9,199 -> 1
200,9,200 -> 1
201,9,201 -> 1
202,9,202 -> 1
203,9,203 -> 1
204,9,204 -> 1
205,9,205 -> 1
206,9,206 -> 1
207,9,207 -> 1
208,9,208 -> 1
209,9,209 -> 1
210,9,210 -> 1
211,9,211 -> 1
212,9,212 -> 1
213,9,213 -> 1
214,9,214 -> 1
215,9,215 -> 1
216,9,216 -> 1
217,9,217 -> 1
218,9,218 -> 1
219,9,219 -> 1
220,9,220 -> 1
221,9,221 -> 1
222,9,222 -> 1
223,9,223 -> 1
224,9,224 -> 1
225,9,225 -> 1
226,9,226 -> 1
227,9,227 -> 1
228,9,228 -> 1
229,9,229 -> 1
230,9,230 -> 1
231,9,231 -> 1
232,9,232 -> 1
233,9,233 -> 1
234,9,234 -> 1
235,9,235 -> 1
236,9,236 -> 1
237,9,237 -> 1
238,9,238 -> 1
239,9,239 -> 1
240,9,240 -> 1
241,9,241 -> 1
242,9,242 -> 1
243,9,243 -> 1
244,9,244 -> 1
245,9,245 -> 1
246,9,246 -> 1
247,9,247 -> 1
248,9,248 -> 1
249,9,249 -> 1
250,9,250 -> 1
251,9,251 -> 1
252,9,252 -> 1
253,9,253 -> 1
127,10,127 -> 1
128,10,128 -> 1
129,10,129 -> 1
130,10,130 -> 1
131,10,131 -> 1
132,10,132 -> 1
133,10,133 -> 1
134,10,134 -> 1
135,10,135 -> 1
136,10,136 -> 1
137,10,137 -> 1
138,10,138 -> 1
139,10,139 -> 1
140,10,140 -> 1
141,10,141 -> 1
142,10,142 -> 1
143,10,143 -> 1
144,10,144 -> 1
145,10,145 -> 1
146,10,146 -> 1
147,10,147 -> 1
148,10,148 -> 1
149,10,149 -> 1
150,10,150 -> 1
151,10,151 -> 1
152,10,152 -> 1
153,10,153 -> 1
154,10,154 -> 1
155,10,155 -> 1
156,10,156 -> 1
157,10,157 -> 1
158,10,158 -> 1
159,10,159 -> 1
160,10,160 -> 1
161,10,161 -> 1
162,10,162 -> 1
163,10,163 -> 1
164,10,164 -> 1
165,10,165 -> 1
166,10,166 -> 1
167,10,167 -> 1
168,10,168 -> 1
169,10,169 -> 1
170,10,170 -> 1
171,10,171 -> 1
172,10,172 -> 1
173,10,173 -> 1
174,10,174 -> 1
175,10,175 -> 1
176,10,176 -> 1
177,10,177 -> 1
178,10,178 -> 1
179,10,179 -> 1
180,10,180 -> 1
181,10,181 -> 1
182,10,182 -> 1
183,10,183 -> 1
184,10,184 -> 1
185,10,185 -> 1
186,10,186 -> 1
187,10,187 -> 1
188,10,188 -> 1
189,10,189 -> 1
190,10,190 -> 1
191,10,191 -> 1
192,10,192 -> 1
193,10,193 -> 1
194,10,194 -> 1
195,10,195 -> 1
196,10,196 -> 1
197,10,197 -> 1
198,10,198 -> 1
199,10,199 -> 1
200,10,200 -> 1
201,10,201 -> 1
202,10,202 -> 1
203,10,203 -> 1
204,10,204 -> 1
205,10,205 -> 1
206,10,206 -> 1
207,10,207 -> 1
208,10,208 -> 1
209,10,209 -> 1
210,10,210 -> 1
211,10,211 -> 1
212,10,212 -> 1
213,10,213 -> 1
214,10,214 -> 1
215,10,215 -> 1
216,10,216 -> 1
217,10,217 -> 1
218,10,218 -> 1
219,10,219 -> 1
220,10,220 -> 1
221,10,221 -> 1
222,10,222 -> 1
223,10,223 -> 1
224,10,224 -> 1
225,10,225 -> 1
226,10,226 -> 1
227,10,227 -> 1
228,10,228 -> 1
229,10,229 -> 1
230,10,230 -> 1
231,10,231 -> 1
232,10,232 -> 1
233,10,233 -> 1
234,10,234 -> 1
235,10,235 -> 1
236,10,236 -> 1
237,10,237 -> 1
238,10,238 -> 1
239,10,239 -> 1
240,10,240 -> 1
241,10,241 -> 1
242,10,242 -> 1
243,10,243 -> 1
244,10,244 -> 1
245,10,245 -> 1
246,10,246 -> 1
247,10,247 -> 1
248,10,248 -> 1
249,10,249 -> 1
250,10,250 -> 1
251,10,251 -> 1
252,10,252 -> 1
253,10,253 -> 1
127,11,127 -> 1
128,11,128 -> 1
129,11,129 -> 1
130,11,130 -> 1
131,11,131 -> 1
132,11,132 -> 1
133,11,133 -> 1
134,11,134 -> 1
135,11,135 -> 1
136,11,136 -> 1
137,11,137 -> 1
138,11,138 -> 1
139,11,139 -> 1
140,11,140 -> 1
141,11,141 -> 1
142,11,142 -> 1
143,11,143 -> 1
144,11,144 -> 1
145,11,145 -> 1
146,11,146 -> 1
147,11,147 -> 1
148,11,148 -> 1
149,11,149 -> 1
150,11,150 -> 1
151,11,151 -> 1
152,11,152 -> 1
153,11,153 -> 1
154,11,154 -> 1
155,11,155 -> 1
156,11,156 -> 1
157,11,157 -> 1
158,11,158 -> 1
159,11,159 -> 1
160,11,160 -> 1
161,11,161 -> 1
162,11,162 -> 1
163,11,163 -> 1
164,11,164 -> 1
165,11,165 -> 1
166,11,166 -> 1
167,11,167 -> 1
168,11,168 -> 1
169,11,169 -> 1
170,11,170 -> 1
171,11,171 -> 1
172,11,172 -> 1
173,11,173 -> 1
174,11,174 -> 1
175,11,175 -> 1
176,11,176 -> 1
177,11,177 -> 1
178,11,178 -> 1
179,11,179 -> 1
180,11,180 -> 1
181,11,181 -> 1
182,11,182 -> 1
183,11,183 -> 1
184,11,184 -> 1
185,11,185 -> 1
186,11,186 -> 1
187,11,187 -> 1
188,11,188 -> 1
189,11,189 -> 1
190,11,190 -> 1
191,11,191 -> 1
192,11,192 -> 1
193,11,193 -> 1
194,11,194 -> 1
195,11,195 -> 1
196,11,196 -> 1
197,11,197 -> 1
198,11,198 -> 1
199,11,199 -> 1
200,11,200 -> 1
201,11,201 -> 1
202,11,202 -> 1
203,11,203 -> 1
204,11,204 -> 1
205,11,205 -> 1
206,11,206 -> 1
207,11,207 -> 1
208,11,208 -> 1
209,11,209 -> 1
210,11,210 -> 1
211,11,211 -> 1
212,11,212 -> 1
213,11,213 -> 1
214,11,214 -> 1
215,11,215 -> 1
216,11,216 -> 1
217,11,217 -> 1
218,11,218 -> 1
219,11,219 -> 1
220,11,220 -> 1
221,11,221 -> 1
222,11,222 -> 1
223,11,223 -> 1
224,11,224 -> 1
225,11,225 -> 1
226,11,226 -> 1
227,11,227 -> 1
228,11,228 -> 1
229,11,229 -> 1
230,11,230 -> 1
231,11,231 -> 1
232,11,232 -> 1
233,11,233 -> 1
234,11,234 -> 1
235,11,235 -> 1
236,11,236 -> 1
237,11,237 -> 1
238,11,238 -> 1
239,11,239 -> 1
240,11,240 -> 1
241,11,241 -> 1
242,11,242 -> 1
243,11,243 -> 1
244,11,244 -> 1
245,11,245 -> 1
246,11,246 -> 1
247,11,247 -> 1
248,11,248 -> 1
249,11,249 -> 1
250,11,250 -> 1
251,11,251 -> 1
252,11,252 -> 1
253,11,253 -> 1
254,0,635 -> 1
254,1,254 -> 1
254,2,1143 -> 1
254,3,127 -> 1
255,0,636 -> 1
255,1,255 -> 1
255,2,1143 -> 1
255,3,128 -> 1
256,0,637 -> 1
256,1,256 -> 1
256,2,1143 -> 1
256,3,129 -> 1
257,0,638 -> 1
257,1,257 -> 1
257,2,1143 -> 1
257,3,130 -> 1
258,0,639 -> 1
258,1,258 -> 1
258,2,1143 -> 1
258,3,131 -> 1
259,0,640 -> 1
259,1,259 -> 1
259,2,1143 -> 1
259,3,132 -> 1
260,0,641 -> 1
260,1,260 -> 1
260,2,1143 -> 1
260,3,133 -> 1
261,0,642 -> 1
261,1,261 -> 1
261,2,1143 -> 1
261,3,134 -> 1
262,0,643 -> 1
262,1,262 -> 1
262,2,1143 -> 1
262,3,135 -> 1
263,0,644 -> 1
263,1,263 -> 1
263,2,1143 -> 1
263,3,136 -> 1
264,0,645 -> 1
264,1,264 -> 1
264,2,1143 -> 1
264,3,137 -> 1
265,0,646 -> 1
265,1,265 -> 1
265,2,1143 -> 1
265,3,138 -> 1
266,0,647 -> 1
266,1,266 -> 1
266,2,1143 -> 1
266,3,139 -> 1
267,0,648 -> 1
267,1,267 -> 1
267,2,1143 -> 1
267,3,140 -> 1
268,0,649 -> 1
268,1,268 -> 1
268,2,1143 -> 1
268,3,141 -> 1
269,0,650 -> 1
269,1,269 -> 1
269,2,1143 -> 1
269,3,142 -> 1
270,0,651 -> 1
270,1,270 -> 1
270,2,1143 -> 1
270,3,143 -> 1
271,0,652 -> 1
271,1,271 -> 1
271,2,1143 -> 1
271,3,144 -> 1
272,0,653 -> 1
272,1,272 -> 1
272,2,1143 -> 1
272,3,145 -> 1
273,0,654 -> 1
273,1,273 -> 1
273,2,1143 -> 1
273,3,146 -> 1
274,0,655 -> 1
274,1,274 -> 1
274,2,1143 -> 1
274,3,147 -> 1
275,0,656 -> 1
275,1,275 -> 1
275,2,1143 -> 1
275,3,148 -> 1
276,0,657 -> 1
276,1,276 -> 1
276,2,1143 -> 1
276,3,149 -> 1
277,0,658 -> 1
277,1,277 -> 1
277,2,1143 -> 1
277,3,150 -> 1
278,0,659 -> 1
278,1,278 -> 1
278,2,1143 -> 1
278,3,151 -> 1
279,0,660 -> 1
279,1,279 -> 1
279,2,1143 -> 1
279,3,152 -> 1
280,0,661 -> 1
280,1,280 -> 1
280,2,1143 -> 1
280,3,153 -> 1
281,0,662 -> 1
281,1,281 -> 1
281,2,1143 -> 1
281,3,154 -> 1
282,0,663 -> 1
282,1,282 -> 1
282,2,1143 -> 1
282,3,155 -> 1
283,0,664 -> 1
283,1,283 -> 1
283,2,1143 -> 1
283,3,156 -> 1
284,0,665 -> 1
284,1,284 -> 1
284,2,1143 -> 1
284,3,157 -> 1
285,0,666 -> 1
285,1,285 -> 1
285,2,1143 -> 1
285,3,158 -> 1
286,0,667 -> 1
286,1,286 -> 1
286,2,1143 -> 1
286,3,159 -> 1
287,0,668 -> 1
287,1,287 -> 1
287,2,1143 -> 1
287,3,160 -> 1
288,0,669 -> 1
288,1,288 -> 1
288,2,1143 -> 1
288,3,161 -> 1
289,0,670 -> 1
289,1,289 -> 1
289,2,1143 -> 1
289,3,162 -> 1
290,0,671 -> 1
290,1,290 -> 1
290,2,1143 -> 1
290,3,163 -> 1
291,0,672 -> 1
291,1,291 -> 1
291,2,1143 -> 1
291,3,164 -> 1
292,0,673 -> 1
292,1,292 -> 1
292,2,1143 -> 1
292,3,165 -> 1
293,0,674 -> 1
293,1,293 -> 1
293,2,1143 -> 1
293,3,166 -> 1
294,0,675 -> 1
294,1,294 -> 1
294,2,1143 -> 1
294,3,167 -> 1
295,0,676 -> 1
295,1,295 -> 1
295,2,1143 -> 1
295,3,168 -> 1
296,0,677 -> 1
296,1,296 -> 1
296,2,1143 -> 1
296,3,169 -> 1
297,0,678 -> 1
297,1,297 -> 1
297,2,1143 -> 1
297,3,170 -> 1
298,0,679 -> 1
298,1,298 -> 1
298,2,1143 -> 1
298,3,171 -> 1
299,0,680 -> 1
299,1,299 -> 1
299,2,1143 -> 1
299,3,172 -> 1
300,0,681 -> 1
300,1,300 -> 1
300,2,1143 -> 1
300,3,173 -> 1
301,0,682 -> 1
301,1,301 -> 1
301,2,1143 -> 1
301,3,174 -> 1
302,0,683 -> 1
302,1,302 -> 1
302,2,1143 -> 1
302,3,175 -> 1
303,0,684 -> 1
303,1,303 -> 1
303,2,1143 -> 1
303,3,176 -> 1
304,0,685 -> 1
304,1,304 -> 1
304,2,1143 -> 1
304,3,177 -> 1
305,0,686 -> 1
305,1,305 -> 1
305,2,1143 -> 1
305,3,178 -> 1
306,0,687 -> 1
306,1,306 -> 1
306,2,1143 -> 1
306,3,179 -> 1
307,0,688 -> 1
307,1,307 -> 1
307,2,1143 -> 1
307,3,180 -> 1
308,0,689 -> 1
308,1,308 -> 1
308,2,1143 -> 1
308,3,181 -> 1
309,0,690 -> 1
309,1,309 -> 1
309,2,1143 -> 1
309,3,182 -> 1
310,0,691 -> 1
310,1,310 -> 1
310,2,1143 -> 1
310,3,183 -> 1
311,0,692 -> 1
311,1,311 -> 1
311,2,1143 -> 1
311,3,184 -> 1
312,0,693 -> 1
312,1,312 -> 1
312,2,1143 -> 1
312,3,185 -> 1
313,0,694 -> 1
313,1,313 -> 1
313,2,1143 -> 1
313,3,186 -> 1
314,0,695 -> 1
314,1,314 -> 1
314,2,1143 -> 1
314,3,187 -> 1
315,0,696 -> 1
315,1,315 -> 1
315,2,1143 -> 1
315,3,188 -> 1
316,0,697 -> 1
316,1,316 -> 1
316,2,1143 -> 1
316,3,189 -> 1
317,0,698 -> 1
317,1,317 -> 1
317,2,1143 -> 1
317,3,190 -> 1
318,0,699 -> 1
318,1,318 -> 1
318,2,1143 -> 1
318,3,191 -> 1
319,0,700 -> 1
319,1,319 -> 1
319,2,1143 -> 1
319,3,192 -> 1
320,0,701 -> 1
320,1,320 -> 1
320,2,1143 -> 1
320,3,193 -> 1
321,0,702 -> 1
321,1,321 -> 1
321,2,1143 -> 1
321,3,194 -> 1
322,0,703 -> 1
322,1,322 -> 1
322,2,1143 -> 1
322,3,195 -> 1
323,0,704 -> 1
323,1,323 -> 1
323,2,1143 -> 1
323,3,196 -> 1
324,0,705 -> 1
324,1,324 -> 1
324,2,1143 -> 1
324,3,197 -> 1
325,0,706 -> 1
325,1,325 -> 1
325,2,1143 -> 1
325,3,198 -> 1
326,0,707 -> 1
326,1,326 -> 1
326,2,1143 -> 1
326,3,199 -> 1
327,0,708 -> 1
327,1,327 -> 1
327,2,1143 -> 1
327,3,200 -> 1
328,0,709 -> 1
328,1,328 -> 1
328,2,1143 -> 1
328,3,201 -> 1
329,0,710 -> 1
329,1,329 -> 1
329,2,1143 -> 1
329,3,202 -> 1
330,0,711 -> 1
330,1,330 -> 1
330,2,1143 -> 1
330,3,203 -> 1
331,0,712 -> 1
331,1,331 -> 1
331,2,1143 -> 1
331,3,204 -> 1
332,0,713 -> 1
332,1,332 -> 1
332,2,1143 -> 1
332,3,205 -> 1
333,0,714 -> 1
333,1,333 -> 1
333,2,1143 -> 1
333,3,206 -> 1
334,0,715 -> 1
334,1,334 -> 1
334,2,1143 -> 1
334,3,207 -> 1
335,0,716 -> 1
335,1,335 -> 1
335,2,1143 -> 1
335,3,208 -> 1
336,0,717 -> 1
336,1,336 -> 1
336,2,1143 -> 1
336,3,209 -> 1
337,0,718 -> 1
337,1,337 -> 1
337,2,1143 -> 1
337,3,210 -> 1
338,0,719 -> 1
338,1,338 -> 1
338,2,1143 -> 1
338,3,211 -> 1
339,0,720 -> 1
339,1,339 -> 1
339,2,1143 -> 1
339,3,212 -> 1
340,0,721 -> 1
340,1,340 -> 1
340,2,1143 -> 1
340,3,213 -> 1
341,0,722 -> 1
341,1,341 -> 1
341,2,1143 -> 1
341,3,214 -> 1
342,0,723 -> 1
342,1,342 -> 1
342,2,1143 -> 1
342,3,215 -> 1
343,0,724 -> 1
343,1,343 -> 1
343,2,1143 -> 1
343,3,216 -> 1
344,0,725 -> 1
344,1,344 -> 1
344,2,1143 -> 1
344,3,217 -> 1
345,0,726 -> 1
345,1,345 -> 1
345,2,1143 -> 1
345,3,218 -> 1
346,0,727 -> 1
346,1,346 -> 1
346,2,1143 -> 1
346,3,219 -> 1
347,0,728 -> 1
347,1,347 -> 1
347,2,1143 -> 1
347,3,220 -> 1
348,0,729 -> 1
348,1,348 -> 1
348,2,1143 -> 1
348,3,221 -> 1
349,0,730 -> 1
349,1,349 -> 1
349,2,1143 -> 1
349,3,222 -> 1
350,0,731 -> 1
350,1,350 -> 1
350,2,1143 -> 1
350,3,223 -> 1
351,0,732 -> 1
351,1,351 -> 1
351,2,1143 -> 1
351,3,224 -> 1
352,0,733 -> 1
352,1,352 -> 1
352,2,1143 -> 1
352,3,225 -> 1
353,0,734 -> 1
353,1,353 -> 1
353,2,1143 -> 1
353,3,226 -> 1
354,0,735 -> 1
354,1,354 -> 1
354,2,1143 -> 1
354,3,227 -> 1
355,0,736 -> 1
355,1,355 -> 1
355,2,1143 -> 1
355,3,228 -> 1
356,0,737 -> 1
356,1,356 -> 1
356,2,1143 -> 1
356,3,229 -> 1
357,0,738 -> 1
357,1,357 -> 1
357,2,1143 -> 1
357,3,230 -> 1
358,0,739 -> 1
358,1,358 -> 1
358,2,1143 -> 1
358,3,231 -> 1
359,0,740 -> 1
359,1,359 -> 1
359,2,1143 -> 1
359,3,232 -> 1
360,0,741 -> 1
360,1,360 -> 1
360,2,1143 -> 1
360,3,233 -> 1
361,0,742 -> 1
361,1,361 -> 1
361,2,1143 -> 1
361,3,234 -> 1
362,0,743 -> 1
362,1,362 -> 1
362,2,1143 -> 1
362,3,235 -> 1
363,0,744 -> 1
363,1,363 -> 1
363,2,1143 -> 1
363,3,236 -> 1
364,0,745 -> 1
364,1,364 -> 1
364,2,1143 -> 1
364,3,237 -> 1
365,0,746 -> 1
365,1,365 -> 1
365,2,1143 -> 1
365,3,238 -> 1
366,0,747 -> 1
366,1,366 -> 1
366,2,1143 -> 1
366,3,239 -> 1
367,0,748 -> 1
367,1,367 -> 1
367,2,1143 -> 1
367,3,240 -> 1
368,0,749 -> 1
368,1,368 -> 1
368,2,1143 -> 1
368,3,241 -> 1
369,0,750 -> 1
369,1,369 -> 1
369,2,1143 -> 1
369,3,242 -> 1
370,0,751 -> 1
370,1,370 -> 1
370,2,1143 -> 1
370,3,243 -> 1
371,0,752 -> 1
371,1,371 -> 1
371,2,1143 -> 1
371,3,244 -> 1
372,0,753 -> 1
372,1,372 -> 1
372,2,1143 -> 1
372,3,245 -> 1
373,0,754 -> 1
373,1,373 -> 1
373,2,1143 -> 1
373,3,246 -> 1
374,0,755 -> 1
374,1,374 -> 1
374,2,1143 -> 1
374,3,247 -> 1
375,0,756 -> 1
375,1,375 -> 1
375,2,1143 -> 1
375,3,248 -> 1
376,0,757 -> 1
376,1,376 -> 1
376,2,1143 -> 1
376,3,249 -> 1
377,0,758 -> 1
377,1,377 -> 1
377,2,1143 -> 1
377,3,250 -> 1
378,0,759 -> 1
378,1,378 -> 1
378,2,1143 -> 1
378,3,251 -> 1
379,0,760 -> 1
379,1,379 -> 1
379,2,1143 -> 1
379,3,252 -> 1
380,0,761 -> 1
380,1,380 -> 1
380,2,1143 -> 1
380,3,253 -> 1
254,4,254 -> 1
255,4,255 -> 1
256,4,256 -> 1
257,4,254 -> 1
258,4,258 -> 1
259,4,259 -> 1
260,4,260 -> 1
261,4,261 -> 1
262,4,262 -> 1
263,4,255 -> 1
264,4,264 -> 1
265,4,265 -> 1
266,4,266 -> 1
267,4,267 -> 1
268,4,256 -> 1
269,4,269 -> 1
270,4,270 -> 1
271,4,271 -> 1
272,4,272 -> 1
273,4,258 -> 1
274,4,259 -> 1
275,4,260 -> 1
276,4,261 -> 1
277,4,277 -> 1
278,4,278 -> 1
279,4,279 -> 1
280,4,280 -> 1
281,4,281 -> 1
282,4,282 -> 1
283,4,262 -> 1
284,4,284 -> 1
285,4,285 -> 1
286,4,286 -> 1
287,4,287 -> 1
288,4,264 -> 1
289,4,265 -> 1
290,4,266 -> 1
291,4,267 -> 1
292,4,292 -> 1
293,4,293 -> 1
294,4,294 -> 1
295,4,295 -> 1
296,4,296 -> 1
297,4,297 -> 1
298,4,269 -> 1
299,4,270 -> 1
300,4,271 -> 1
301,4,272 -> 1
302,4,302 -> 1
303,4,303 -> 1
304,4,304 -> 1
305,4,305 -> 1
306,4,306 -> 1
307,4,307 -> 1
308,4,277 -> 1
309,4,278 -> 1
310,4,279 -> 1
311,4,280 -> 1
312,4,281 -> 1
313,4,282 -> 1
314,4,314 -> 1
315,4,315 -> 1
316,4,316 -> 1
317,4,317 -> 1
318,4,284 -> 1
319,4,285 -> 1
320,4,286 -> 1
321,4,287 -> 1
322,4,322 -> 1
323,4,323 -> 1
324,4,324 -> 1
325,4,325 -> 1
326,4,326 -> 1
327,4,327 -> 1
328,4,292 -> 1
329,4,293 -> 1
330,4,294 -> 1
331,4,295 -> 1
332,4,296 -> 1
333,4,297 -> 1
334,4,334 -> 1
335,4,335 -> 1
336,4,336 -> 1
337,4,337 -> 1
338,4,302 -> 1
339,4,303 -> 1
340,4,304 -> 1
341,4,305 -> 1
342,4,306 -> 1
343,4,307 -> 1
344,4,344 -> 1
345,4,345 -> 1
346,4,346 -> 1
347,4,347 -> 1
348,4,314 -> 1
349,4,315 -> 1
350,4,316 -> 1
351,4,317 -> 1
352,4,352 -> 1
353,4,322 -> 1
354,4,323 -> 1
355,4,324 -> 1
356,4,325 -> 1
357,4,326 -> 1
358,4,327 -> 1
359,4,359 -> 1
360,4,360 -> 1
361,4,361 -> 1
362,4,362 -> 1
363,4,334 -> 1
364,4,335 -> 1
365,4,336 -> 1
366,4,337 -> 1
367,4,367 -> 1
368,4,344 -> 1
369,4,345 -> 1
370,4,346 -> 1
371,4,347 -> 1
372,4,372 -> 1
373,4,352 -> 1
374,4,359 -> 1
375,4,360 -> 1
376,4,361 -> 1
377,4,362 -> 1
378,4,378 -> 1
379,4,367 -> 1
380,4,372 -> 1
254,5,254 -> 1
255,5,255 -> 1
256,5,256 -> 1
257,5,257 -> 1
258,5,258 -> 1
259,5,259 -> 1
260,5,260 -> 1
261,5,261 -> 1
262,5,262 -> 1
263,5,263 -> 1
264,5,264 -> 1
265,5,265 -> 1
266,5,266 -> 1
267,5,267 -> 1
268,5,268 -> 1
269,5,269 -> 1
270,5,270 -> 1
271,5,271 -> 1
272,5,272 -> 1
273,5,273 -> 1
274,5,274 -> 1
275,5,275 -> 1
276,5,276 -> 1
277,5,277 -> 1
278,5,278 -> 1
279,5,279 -> 1
280,5,280 -> 1
281,5,281 -> 1
282,5,282 -> 1
283,5,283 -> 1
284,5,284 -> 1
285,5,285 -> 1
286,5,286 -> 1
287,5,287 -> 1
288,5,288 -> 1
289,5,289 -> 1
290,5,290 -> 1
291,5,291 -> 1
292,5,292 -> 1
293,5,293 -> 1
294,5,294 -> 1
295,5,295 -> 1
296,5,296 -> 1
297,5,297 -> 1
298,5,298 -> 1
299,5,299 -> 1
300,5,300 -> 1
301,5,301 -> 1
302,5,302 -> 1
303,5,303 -> 1
304,5,304 -> 1
305,5,305 -> 1
306,5,306 -> 1
307,5,307 -> 1
308,5,308 -> 1
309,5,309 -> 1
310,5,310 -> 1
311,5,311 -> 1
312,5,312 -> 1
313,5,313 -> 1
314,5,314 -> 1
315,5,315 -> 1
316,5,316 -> 1
317,5,317 -> 1
318,5,318 -> 1
319,5,319 -> 1
320,5,320 -> 1
321,5,321 -> 1
322,5,322 -> 1
323,5,323 -> 1
324,5,324 -> 1
325,5,325 -> 1
326,5,326 -> 1
327,5,327 -> 1
328,5,328 -> 1
329,5,329 -> 1
330,5,330 -> 1
331,5,331 -> 1
332,5,332 -> 1
333,5,333 -> 1
334,5,334 -> 1
335,5,335 -> 1
336,5,336 -> 1
337,5,337 -> 1
338,5,338 -> 1
339,5,339 -> 1
340,5,340 -> 1
341,5,341 -> 1
342,5,342 -> 1
343,5,343 -> 1
344,5,344 -> 1
345,5,345 -> 1
346,5,346 -> 1
347,5,347 -> 1
348,5,348 -> 1
349,5,349 -> 1
350,5,350 -> 1
351,5,351 -> 1
352,5,352 -> 1
353,5,353 -> 1
354,5,354 -> 1
355,5,355 -> 1
356,5,356 -> 1
357,5,357 -> 1
358,5,358 -> 1
359,5,359 -> 1
360,5,360 -> 1
361,5,361 -> 1
362,5,362 -> 1
363,5,363 -> 1
364,5,364 -> 1
365,5,365 -> 1
366,5,366 -> 1
367,5,367 -> 1
368,5,368 -> 1
369,5,369 -> 1
370,5,370 -> 1
371,5,371 -> 1
372,5,372 -> 1
373,5,373 -> 1
374,5,374 -> 1
375,5,375 -> 1
376,5,376 -> 1
377,5,377 -> 1
378,5,378 -> 1
379,5,379 -> 1
380,5,380 -> 1
254,6,254 -> 1
255,6,255 -> 1
256,6,256 -> 1
257,6,257 -> 1
258,6,258 -> 1
259,6,259 -> 1
260,6,260 -> 1
261,6,261 -> 1
262,6,262 -> 1
263,6,263 -> 1
264,6,264 -> 1
265,6,265 -> 1
266,6,266 -> 1
267,6,267 -> 1
268,6,268 -> 1
269,6,269 -> 1
270,6,270 -> 1
271,6,271 -> 1
272,6,272 -> 1
273,6,273 -> 1
274,6,274 -> 1
275,6,275 -> 1
276,6,276 -> 1
277,6,277 -> 1
278,6,278 -> 1
279,6,279 -> 1
280,6,280 -> 1
281,6,281 -> 1
282,6,282 -> 1
283,6,283 -> 1
284,6,284 -> 1
285,6,285 -> 1
286,6,286 -> 1
287,6,287 -> 1
288,6,288 -> 1
289,6,289 -> 1
290,6,290 -> 1
291,6,291 -> 1
292,6,292 -> 1
293,6,293 -> 1
294,6,294 -> 1
295,6,295 -> 1
296,6,296 -> 1
297,6,297 -> 1
298,6,298 -> 1
299,6,299 -> 1
300,6,300 -> 1
301,6,301 -> 1
302,6,302 -> 1
303,6,303 -> 1
304,6,304 -> 1
305,6,305 -> 1
306,6,306 -> 1
307,6,307 -> 1
308,6,308 -> 1
309,6,309 -> 1
310,6,310 -> 1
311,6,311 -> 1
312,6,312 -> 1
313,6,313 -> 1
314,6,314 -> 1
315,6,315 -> 1
316,6,316 -> 1
317,6,317 -> 1
318,6,318 -> 1
319,6,319 -> 1
320,6,320 -> 1
321,6,321 -> 1
322,6,322 -> 1
323,6,323 -> 1
324,6,324 -> 1
325,6,325 -> 1
326,6,326 -> 1
327,6,327 -> 1
328,6,328 -> 1
329,6,329 -> 1
330,6,330 -> 1
331,6,331 -> 1
332,6,332 -> 1
333,6,333 -> 1
334,6,334 -> 1
335,6,335 -> 1
336,6,336 -> 1
337,6,337 -> 1
338,6,338 -> 1
339,6,339 -> 1
340,6,340 -> 1
341,6,341 -> 1
342,6,342 -> 1
343,6,343 -> 1
344,6,344 -> 1
345,6,345 -> 1
346,6,346 -> 1
347,6,347 -> 1
348,6,348 -> 1
349,6,349 -> 1
350,6,350 -> 1
351,6,351 -> 1
352,6,352 -> 1
353,6,353 -> 1
354,6,354 -> 1
355,6,355 -> 1
356,6,356 -> 1
357,6,357 -> 1
358,6,358 -> 1
359,6,359 -> 1
360,6,360 -> 1
361,6,361 -> 1
362,6,362 -> 1
363,6,363 -> 1
364,6,364 -> 1
365,6,365 -> 1
366,6,366 -> 1
367,6,367 -> 1
368,6,368 -> 1
369,6,369 -> 1
370,6,370 -> 1
371,6,371 -> 1
372,6,372 -> 1
373,6,373 -> 1
374,6,374 -> 1
375,6,375 -> 1
376,6,376 -> 1
377,6,377 -> 1
378,6,378 -> 1
379,6,379 -> 1
380,6,380 -> 1
254,7,254 -> 1
255,7,255 -> 1
256,7,256 -> 1
257,7,257 -> 1
258,7,258 -> 1
259,7,259 -> 1
260,7,260 -> 1
261,7,261 -> 1
262,7,262 -> 1
263,7,263 -> 1
264,7,264 -> 1
265,7,265 -> 1
266,7,266 -> 1
267,7,267 -> 1
268,7,268 -> 1
269,7,269 -> 1
270,7,270 -> 1
271,7,271 -> 1
272,7,272 -> 1
273,7,273 -> 1
274,7,274 -> 1
275,7,275 -> 1
276,7,276 -> 1
277,7,277 -> 1
278,7,278 -> 1
279,7,279 -> 1
280,7,280 -> 1
281,7,281 -> 1
282,7,282 -> 1
283,7,283 -> 1
284,7,284 -> 1
285,7,285 -> 1
286,7,286 -> 1
287,7,287 -> 1
288,7,288 -> 1
289,7,289 -> 1
290,7,290 -> 1
291,7,291 -> 1
292,7,292 -> 1
293,7,293 -> 1
294,7,294 -> 1
295,7,295 -> 1
296,7,296 -> 1
297,7,297 -> 1
298,7,298 -> 1
299,7,299 -> 1
300,7,300 -> 1
301,7,301 -> 1
302,7,302 -> 1
303,7,303 -> 1
304,7,304 -> 1
305,7,305 -> 1
306,7,306 -> 1
307,7,307 -> 1
308,7,308 -> 1
309,7,309 -> 1
310,7,310 -> 1
311,7,311 -> 1
312,7,312 -> 1
313,7,313 -> 1
314,7,314 -> 1
315,7,315 -> 1
316,7,316 -> 1
317,7,317 -> 1
318,7,318 -> 1
319,7,319 -> 1
320,7,320 -> 1
321,7,321 -> 1
322,7,322 -> 1
323,7,323 -> 1
324,7,324 -> 1
325,7,325 -> 1
326,7,326 -> 1
327,7,327 -> 1
328,7,328 -> 1
329,7,329 -> 1
330,7,330 -> 1
331,7,331 -> 1
332,7,332 -> 1
333,7,333 -> 1
334,7,334 -> 1
335,7,335 -> 1
336,7,336 -> 1
337,7,337 -> 1
338,7,338 -> 1
339,7,339 -> 1
340,7,340 -> 1
341,7,341 -> 1
342,7,342 -> 1
343,7,343 -> 1
344,7,344 -> 1
345,7,345 -> 1
346,7,346 -> 1
347,7,347 -> 1
348,7,348 -> 1
349,7,349 -> 1
350,7,350 -> 1
351,7,351 -> 1
352,7,352 -> 1
353,7,353 -> 1
354,7,354 -> 1
355,7,355 -> 1
356,7,356 -> 1
357,7,357 -> 1
358,7,358 -> 1
359,7,359 -> 1
360,7,360 -> 1
361,7,361 -> 1
362,7,362 -> 1
363,7,363 -> 1
364,7,364 -> 1
365,7,365 -> 1
366,7,366 -> 1
367,7,367 -> 1
368,7,368 -> 1
369,7,369 -> 1
370,7,370 -> 1
371,7,371 -> 1
372,7,372 -> 1
373,7,373 -> 1
374,7,374 -> 1
375,7,375 -> 1
376,7,376 -> 1
377,7,377 -> 1
378,7,378 -> 1
379,7,379 -> 1
380,7,380 -> 1
254,8,254 -> 1
255,8,255 -> 1
256,8,256 -> 1
257,8,257 -> 1
258,8,258 -> 1
259,8,259 -> 1
260,8,260 -> 1
261,8,261 -> 1
262,8,262 -> 1
263,8,263 -> 1
264,8,264 -> 1
265,8,265 -> 1
266,8,266 -> 1
267,8,267 -> 1
268,8,268 -> 1
269,8,269 -> 1
270,8,270 -> 1
271,8,271 -> 1
272,8,272 -> 1
273,8,273 -> 1
274,8,274 -> 1
275,8,275 -> 1
276,8,276 -> 1
277,8,277 -> 1
278,8,278 -> 1
279,8,279 -> 1
280,8,280 -> 1
281,8,281 -> 1
282,8,282 -> 1
283,8,283 -> 1
284,8,284 -> 1
285,8,285 -> 1
286,8,286 -> 1
287,8,287 -> 1
288,8,288 -> 1
289,8,289 -> 1
290,8,290 -> 1
291,8,291 -> 1
292,8,292 -> 1
293,8,293 -> 1
294,8,294 -> 1
295,8,295 -> 1
296,8,296 -> 1
297,8,297 -> 1
298,8,298 -> 1
299,8,299 -> 1
300,8,300 -> 1
301,8,301 -> 1
302,8,302 -> 1
303,8,303 -> 1
304,8,304 -> 1
305,8,305 -> 1
306,8,306 -> 1
307,8,307 -> 1
308,8,308 -> 1
309,8,309 -> 1
310,8,310 -> 1
311,8,311 -> 1
312,8,312 -> 1
313,8,313 -> 1
314,8,314 -> 1
315,8,315 -> 1
316,8,316 -> 1
317,8,317 -> 1
318,8,318 -> 1
319,8,319 -> 1
320,8,320 -> 1
321,8,321 -> 1
322,8,322 -> 1
323,8,323 -> 1
324,8,324 -> 1
325,8,325 -> 1
326,8,326 -> 1
327,8,327 -> 1
328,8,328 -> 1
329,8,329 -> 1
330,8,330 -> 1
331,8,331 -> 1
332,8,332 -> 1
333,8,333 -> 1
334,8,334 -> 1
335,8,335 -> 1
336,8,336 -> 1
337,8,337 -> 1
338,8,338 -> 1
339,8,339 -> 1
340,8,340 -> 1
341,8,341 -> 1
342,8,342 -> 1
343,8,343 -> 1
344,8,344 -> 1
345,8,345 -> 1
346,8,346 -> 1
347,8,347 -> 1
348,8,348 -> 1
349,8,349 -> 1
350,8,350 -> 1
351,8,351 -> 1
352,8,352 -> 1
353,8,353 -> 1
354,8,354 -> 1
355,8,355 -> 1
356,8,356 -> 1
357,8,357 -> 1
358,8,358 -> 1
359,8,359 -> 1
360,8,360 -> 1
361,8,361 -> 1
362,8,362 -> 1
363,8,363 -> 1
364,8,364 -> 1
365,8,365 -> 1
366,8,366 -> 1
367,8,367 -> 1
368,8,368 -> 1
369,8,369 -> 1
370,8,370 -> 1
371,8,371 -> 1
372,8,372 -> 1
373,8,373 -> 1
374,8,374 -> 1
375,8,375 -> 1
376,8,376 -> 1
377,8,377 -> 1
378,8,378 -> 1
379,8,379 -> 1
380,8,380 -> 1
254,9,254 -> 1
255,9,255 -> 1
256,9,256 -> 1
257,9,257 -> 1
258,9,258 -> 1
259,9,259 -> 1
260,9,260 -> 1
261,9,261 -> 1
262,9,262 -> 1
263,9,263 -> 1
264,9,264 -> 1
265,9,265 -> 1
266,9,266 -> 1
267,9,267 -> 1
268,9,268 -> 1
269,9,269 -> 1
270,9,270 -> 1
271,9,271 -> 1
272,9,272 -> 1
273,9,273 -> 1
274,9,274 -> 1
275,9,275 -> 1
276,9,276 -> 1
277,9,277 -> 1
278,9,278 -> 1
279,9,279 -> 1
280,9,280 -> 1
281,9,281 -> 1
282,9,282 -> 1
283,9,283 -> 1
284,9,284 -> 1
285,9,285 -> 1
286,9,286 -> 1
287,9,287 -> 1
288,9,288 -> 1
289,9,289 -> 1
290,9,290 -> 1
291,9,291 -> 1
292,9,292 -> 1
293,9,293 -> 1
294,9,294 -> 1
295,9,295 -> 1
296,9,296 -> 1
297,9,297 -> 1
298,9,298 -> 1
299,9,299 -> 1
300,9,300 -> 1
301,9,301 -> 1
302,9,302 -> 1
303,9,303 -> 1
304,9,304 -> 1
305,9,305 -> 1
306,9,306 -> 1
307,9,307 -> 1
308,9,308 -> 1
309,9,309 -> 1
310,9,310 -> 1
311,9,311 -> 1
312,9,312 -> 1
313,9,313 -> 1
314,9,314 -> 1
315,9,315 -> 1
316,9,316 -> 1
317,9,317 -> 1
318,9,318 -> 1
319,9,319 -> 1
320,9,320 -> 1
321,9,321 -> 1
322,9,322 -> 1
323,9,323 -> 1
324,9,324 -> 1
325,9,325 -> 1
326,9,326 -> 1
327,9,327 -> 1
328,9,328 -> 1
329,9,329 -> 1
330,9,330 -> 1
331,9,331 -> 1
332,9,332 -> 1
333,9,333 -> 1
334,9,334 -> 1
335,9,335 -> 1
336,9,336 -> 1
337,9,337 -> 1
338,9,338 -> 1
339,9,339 -> 1
340,9,340 -> 1
341,9,341 -> 1
342,9,342 -> 1
343,9,343 -> 1
344,9,344 -> 1
345,9,345 -> 1
346,9,346 -> 1
347,9,347 -> 1
348,9,348 -> 1
349,9,349 -> 1
350,9,350 -> 1
351,9,351 -> 1
352,9,352 -> 1
353,9,353 -> 1
354,9,354 -> 1
355,9,355 -> 1
356,9,356 -> 1
357,9,357 -> 1
358,9,358 -> 1
359,9,359 -> 1
360,9,360 -> 1
361,9,361 -> 1
362,9,362 -> 1
363,9,363 -> 1
364,9,364 -> 1
365,9,365 -> 1
366,9,366 -> 1
367,9,367 -> 1
368,9,368 -> 1
369,9,369 -> 1
370,9,370 -> 1
371,9,371 -> 1
372,9,372 -> 1
373,9,373 -> 1
374,9,374 -> 1
375,9,375 -> 1
376,9,376 -> 1
377,9,377 -> 1
378,9,378 -> 1
379,9,379 -> 1
380,9,380 -> 1
254,10,254 -> 1
255,10,255 -> 1
256,10,256 -> 1
257,10,257 -> 1
258,10,258 -> 1
259,10,259 -> 1
260,10,260 -> 1
261,10,261 -> 1
262,10,262 -> 1
263,10,263 -> 1
264,10,264 -> 1
265,10,265 -> 1
266,10,266 -> 1
267,10,267 -> 1
268,10,268 -> 1
269,10,269 -> 1
270,10,270 -> 1
271,10,271 -> 1
272,10,272 -> 1
273,10,273 -> 1
274,10,274 -> 1
275,10,275 -> 1
276,10,276 -> 1
277,10,277 -> 1
278,10,278 -> 1
279,10,279 -> 1
280,10,280 -> 1
281,10,281 -> 1
282,10,282 -> 1
283,10,283 -> 1
284,10,284 -> 1
285,10,285 -> 1
286,10,286 -> 1
287,10,287 -> 1
288,10,288 -> 1
289,10,289 -> 1
290,10,290 -> 1
291,10,291 -> 1
292,10,292 -> 1
293,10,293 -> 1
294,10,294 -> 1
295,10,295 -> 1
296,10,296 -> 1
297,10,297 -> 1
298,10,298 -> 1
299,10,299 -> 1
300,10,300 -> 1
301,10,301 -> 1
302,10,302 -> 1
303,10,303 -> 1
304,10,304 -> 1
305,10,305 -> 1
306,10,306 -> 1
307,10,307 -> 1
308,10,308 -> 1
309,10,309 -> 1
310,10,310 -> 1
311,10,311 -> 1
312,10,312 -> 1
313,10,313 -> 1
314,10,314 -> 1
315,10,315 -> 1
316,10,316 -> 1
317,10,317 -> 1
318,10,318 -> 1
319,10,319 -> 1
320,10,320 -> 1
321,10,321 -> 1
322,10,322 -> 1
323,10,323 -> 1
324,10,324 -> 1
325,10,325 -> 1
326,10,326 -> 1
327,10,327 -> 1
328,10,328 -> 1
329,10,329 -> 1
330,10,330 -> 1
331,10,331 -> 1
332,10,332 -> 1
333,10,333 -> 1
334,10,334 -> 1
335,10,335 -> 1
336,10,336 -> 1
337,10,337 -> 1
338,10,338 -> 1
339,10,339 -> 1
340,10,340 -> 1
341,10,341 -> 1
342,10,342 -> 1
343,10,343 -> 1
344,10,344 -> 1
345,10,345 -> 1
346,10,346 -> 1
347,10,347 -> 1
348,10,348 -> 1
349,10,349 -> 1
350,10,350 -> 1
351,10,351 -> 1
352,10,352 -> 1
353,10,353 -> 1
354,10,354 -> 1
355,10,355 -> 1
356,10,356 -> 1
357,10,357 -> 1
358,10,358 -> 1
359,10,359 -> 1
360,10,360 -> 1
361,10,361 -> 1
362,10,362 -> 1
363,10,363 -> 1
364,10,364 -> 1
365,10,365 -> 1
366,10,366 -> 1
367,10,367 -> 1
368,10,368 -> 1
369,10,369 -> 1
370,10,370 -> 1
371,10,371 -> 1
372,10,372 -> 1
373,10,373 -> 1
374,10,374 -> 1
375,10,375 -> 1
376,10,376 -> 1
377,10,377 -> 1
378,10,378 -> 1
379,10,379 -> 1
380,10,380 -> 1
254,11,254 -> 1
255,11,255 -> 1
256,11,256 -> 1
257,11,257 -> 1
258,11,258 -> 1
259,11,259 -> 1
260,11,260 -> 1
261,11,261 -> 1
262,11,262 -> 1
263,11,263 -> 1
264,11,264 -> 1
265,11,265 -> 1
266,11,266 -> 1
267,11,267 -> 1
268,11,268 -> 1
269,11,269 -> 1
270,11,270 -> 1
271,11,271 -> 1
272,11,272 -> 1
273,11,273 -> 1
274,11,274 -> 1
275,11,275 -> 1
276,11,276 -> 1
277,11,277 -> 1
278,11,278 -> 1
279,11,279 -> 1
280,11,280 -> 1
281,11,281 -> 1
282,11,282 -> 1
283,11,283 -> 1
284,11,284 -> 1
285,11,285 -> 1
286,11,286 -> 1
287,11,287 -> 1
288,11,288 -> 1
289,11,289 -> 1
290,11,290 -> 1
291,11,291 -> 1
292,11,292 -> 1
293,11,293 -> 1
294,11,294 -> 1
295,11,295 -> 1
296,11,296 -> 1
297,11,297 -> 1
298,11,298 -> 1
299,11,299 -> 1
300,11,300 -> 1
301,11,301 -> 1
302,11,302 -> 1
303,11,303 -> 1
304,11,304 -> 1
305,11,305 -> 1
306,11,306 -> 1
307,11,307 -> 1
308,11,308 -> 1
309,11,309 -> 1
310,11,310 -> 1
311,11,311 -> 1
312,11,312 -> 1
313,11,313 -> 1
314,11,314 -> 1
315,11,315 -> 1
316,11,316 -> 1
317,11,317 -> 1
318,11,318 -> 1
319,11,319 -> 1
320,11,320 -> 1
321,11,321 -> 1
322,11,322 -> 1
323,11,323 -> 1
324,11,324 -> 1
325,11,325 -> 1
326,11,326 -> 1
327,11,327 -> 1
328,11,328 -> 1
329,11,329 -> 1
330,11,330 -> 1
331,11,331 -> 1
332,11,332 -> 1
333,11,333 -> 1
334,11,334 -> 1
335,11,335 -> 1
336,11,336 -> 1
337,11,337 -> 1
338,11,338 -> 1
339,11,339 -> 1
340,11,340 -> 1
341,11,341 -> 1
342,11,342 -> 1
343,11,343 -> 1
344,11,344 -> 1
345,11,345 -> 1
346,11,346 -> 1
347,11,347 -> 1
348,11,348 -> 1
349,11,349 -> 1
350,11,350 -> 1
351,11,351 -> 1
352,11,352 -> 1
353,11,353 -> 1
354,11,354 -> 1
355,11,355 -> 1
356,11,356 -> 1
357,11,357 -> 1
358,11,358 -> 1
359,11,359 -> 1
360,11,360 -> 1
361,11,361 -> 1
362,11,362 -> 1
363,11,363 -> 1
364,11,364 -> 1
365,11,365 -> 1
366,11,366 -> 1
367,11,367 -> 1
368,11,368 -> 1
369,11,369 -> 1
370,11,370 -> 1
371,11,371 -> 1
372,11,372 -> 1
373,11,373 -> 1
374,11,374 -> 1
375,11,375 -> 1
376,11,376 -> 1
377,11,377 -> 1
378,11,378 -> 1
379,11,379 -> 1
380,11,380 -> 1
381,0,762 -> 1
381,1,0 -> 1
381,2,508 -> 1
381,3,381 -> 1
382,0,763 -> 1
382,1,1 -> 1
382,2,509 -> 1
382,3,382 -> 1
383,0,764 -> 1
383,1,2 -> 1
383,2,510 -> 1
383,3,383 -> 1
384,0,765 -> 1
384,1,3 -> 1
384,2,511 -> 1
384,3,384 -> 1
385,0,766 -> 1
385,1,4 -> 1
385,2,512 -> 1
385,3,385 -> 1
386,0,767 -> 1
386,1,5 -> 1
386,2,513 -> 1
386,3,386 -> 1
387,0,768 -> 1
387,1,6 -> 1
387,2,514 -> 1
387,3,387 -> 1
388,0,769 -> 1
388,1,7 -> 1
388,2,515 -> 1
388,3,388 -> 1
389,0,770 -> 1
389,1,8 -> 1
389,2,516 -> 1
389,3,389 -> 1
390,0,771 -> 1
390,1,9 -> 1
390,2,517 -> 1
390,3,390 -> 1
391,0,772 -> 1
391,1,10 -> 1
391,2,518 -> 1
391,3,391 -> 1
392,0,773 -> 1
392,1,11 -> 1
392,2,519 -> 1
392,3,392 -> 1
393,0,774 -> 1
393,1,12 -> 1
393,2,520 -> 1
393,3,393 -> 1
394,0,775 -> 1
394,1,13 -> 1
394,2,521 -> 1
394,3,394 -> 1
395,0,776 -> 1
395,1,14 -> 1
395,2,522 -> 1
395,3,395 -> 1
396,0,777 -> 1
396,1,15 -> 1
396,2,523 -> 1
396,3,396 -> 1
397,0,778 -> 1
397,1,16 -> 1
397,2,524 -> 1
397,3,397 -> 1
398,0,779 -> 1
398,1,17 -> 1
398,2,525 -> 1
398,3,398 -> 1
399,0,780 -> 1
399,1,18 -> 1
399,2,526 -> 1
399,3,399 -> 1
400,0,781 -> 1
400,1,19 -> 1
400,2,527 -> 1
400,3,400 -> 1
401,0,782 -> 1
401,1,20 -> 1
401,2,528 -> 1
401,3,401 -> 1
402,0,783 -> 1
402,1,21 -> 1
402,2,529 -> 1
402,3,402 -> 1
403,0,784 -> 1
403,1,22 -> 1
403,2,530 -> 1
403,3,403 -> 1
404,0,785 -> 1
404,1,23 -> 1
404,2,531 -> 1
404,3,404 -> 1
405,0,786 -> 1
405,1,24 -> 1
405,2,532 -> 1
405,3,405 -> 1
406,0,787 -> 1
406,1,25 -> 1
406,2,533 -> 1
406,3,406 -> 1
407,0,788 -> 1
407,1,26 -> 1
407,2,534 -> 1
407,3,407 -> 1
408,0,789 -> 1
408,1,27 -> 1
408,2,535 -> 1
408,3,408 -> 1
409,0,790 -> 1
409,1,28 -> 1
409,2,536 -> 1
409,3,409 -> 1
410,0,791 -> 1
410,1,29 -> 1
410,2,537 -> 1
410,3,410 -> 1
411,0,792 -> 1
411,1,30 -> 1
411,2,538 -> 1
411,3,411 -> 1
412,0,793 -> 1
412,1,31 -> 1
412,2,539 -> 1
412,3,412 -> 1
413,0,794 -> 1
413,1,32 -> 1
413,2,540 -> 1
413,3,413 -> 1
414,0,795 -> 1
414,1,33 -> 1
414,2,541 -> 1
414,3,414 -> 1
415,0,796 -> 1
415,1,34 -> 1
415,2,542 -> 1
415,3,415 -> 1
416,0,797 -> 1
416,1,35 -> 1
416,2,543 -> 1
416,3,416 -> 1
417,0,798 -> 1
417,1,36 -> 1
417,2,544 -> 1
417,3,417 -> 1
418,0,799 -> 1
418,1,37 -> 1
418,2,545 -> 1
418,3,418 -> 1
419,0,800 -> 1
419,1,38 -> 1
419,2,546 -> 1
419,3,419 -> 1
420,0,801 -> 1
420,1,39 -> 1
420,2,547 -> 1
420,3,420 -> 1
421,0,802 -> 1
421,1,40 -> 1
421,2,548 -> 1
421,3,421 -> 1
422,0,803 -> 1
422,1,41 -> 1
422,2,549 -> 1
422,3,422 -> 1
423,0,804 -> 1
423,1,42 -> 1
423,2,550 -> 1
423,3,423 -> 1
424,0,805 -> 1
424,1,43 -> 1
424,2,551 -> 1
424,3,424 -> 1
425,0,806 -> 1
425,1,44 -> 1
425,2,552 -> 1
425,3,425 -> 1
426,0,807 -> 1
426,1,45 -> 1
426,2,553 -> 1
426,3,426 -> 1
427,0,808 -> 1
427,1,46 -> 1
427,2,554 -> 1
427,3,427 -> 1
428,0,809 -> 1
428,1,47 -> 1
428,2,555 -> 1
428,3,428 -> 1
429,0,810 -> 1
429,1,48 -> 1
429,2,556 -> 1
429,3,429 -> 1
430,0,811 -> 1
430,1,49 -> 1
430,2,557 -> 1
430,3,430 -> 1
431,0,812 -> 1
431,1,50 -> 1
431,2,558 -> 1
431,3,431 -> 1
432,0,813 -> 1
432,1,51 -> 1
432,2,559 -> 1
432,3,432 -> 1
433,0,814 -> 1
433,1,52 -> 1
433,2,560 -> 1
433,3,433 -> 1
434,0,815 -> 1
434,1,53 -> 1
434,2,561 -> 1
434,3,434 -> 1
435,0,816 -> 1
435,1,54 -> 1
435,2,562 -> 1
435,3,435 -> 1
436,0,817 -> 1
436,1,55 -> 1
436,2,563 -> 1
436,3,436 -> 1
437,0,818 -> 1
437,1,56 -> 1
437,2,564 -> 1
437,3,437 -> 1
438,0,819 -> 1
438,1,57 -> 1
438,2,565 -> 1
438,3,438 -> 1
439,0,820 -> 1
439,1,58 -> 1
439,2,566 -> 1
439,3,439 -> 1
440,0,821 -> 1
440,1,59 -> 1
440,2,567 -> 1
440,3,440 -> 1
441,0,822 -> 1
441,1,60 -> 1
441,2,568 -> 1
441,3,441 -> 1
442,0,823 -> 1
442,1,61 -> 1
442,2,569 -> 1
442,3,442 -> 1
443,0,824 -> 1
443,1,62 -> 1
443,2,570 -> 1
443,3,443 -> 1
444,0,825 -> 1
444,1,63 -> 1
444,2,571 -> 1
444,3,444 -> 1
445,0,826 -> 1
445,1,64 -> 1
445,2,572 -> 1
445,3,445 -> 1
446,0,827 -> 1
446,1,65 -> 1
446,2,573 -> 1
446,3,446 -> 1
447,0,828 -> 1
447,1,66 -> 1
447,2,574 -> 1
447,3,447 -> 1
448,0,829 -> 1
448,1,67 -> 1
448,2,575 -> 1
448,3,448 -> 1
449,0,830 -> 1
449,1,68 -> 1
449,2,576 -> 1
449,3,449 -> 1
450,0,831 -> 1
450,1,69 -> 1
450,2,577 -> 1
450,3,450 -> 1
451,0,832 -> 1
451,1,70 -> 1
451,2,578 -> 1
451,3,451 -> 1
452,0,833 -> 1
452,1,71 -> 1
452,2,579 -> 1
452,3,452 -> 1
453,0,834 -> 1
453,1,72 -> 1
453,2,580 -> 1
453,3,453 -> 1
454,0,835 -> 1
454,1,73 -> 1
454,2,581 -> 1
454,3,454 -> 1
455,0,836 -> 1
455,1,74 -> 1
455,2,582 -> 1
455,3,455 -> 1
456,0,837 -> 1
456,1,75 -> 1
456,2,583 -> 1
456,3,456 -> 1
457,0,838 -> 1
457,1,76 -> 1
457,2,584 -> 1
457,3,457 -> 1
458,0,839 -> 1
458,1,77 -> 1
458,2,585 -> 1
458,3,458 -> 1
459,0,840 -> 1
459,1,78 -> 1
459,2,586 -> 1
459,3,459 -> 1
460,0,841 -> 1
460,1,79 -> 1
460,2,587 -> 1
460,3,460 -> 1
461,0,842 -> 1
461,1,80 -> 1
461,2,588 -> 1
461,3,461 -> 1
462,0,843 -> 1
462,1,81 -> 1
462,2,589 -> 1
462,3,462 -> 1
463,0,844 -> 1
463,1,82 -> 1
463,2,590 -> 1
463,3,463 -> 1
464,0,845 -> 1
464,1,83 -> 1
464,2,591 -> 1
464,3,464 -> 1
465,0,846 -> 1
465,1,84 -> 1
465,2,592 -> 1
465,3,465 -> 1
466,0,847 -> 1
466,1,85 -> 1
466,2,593 -> 1
466,3,466 -> 1
467,0,848 -> 1
467,1,86 -> 1
467,2,594 -> 1
467,3,467 -> 1
468,0,849 -> 1
468,1,87 -> 1
468,2,595 -> 1
468,3,468 -> 1
469,0,850 -> 1
469,1,88 -> 1
469,2,596 -> 1
469,3,469 -> 1
470,0,851 -> 1
470,1,89 -> 1
470,2,597 -> 1
470,3,470 -> 1
471,0,852 -> 1
471,1,90 -> 1
471,2,598 -> 1
471,3,471 -> 1
472,0,853 -> 1
472,1,91 -> 1
472,2,599 -> 1
472,3,472 -> 1
473,0,854 -> 1
473,1,92 -> 1
473,2,600 -> 1
473,3,473 -> 1
474,0,855 -> 1
474,1,93 -> 1
474,2,601 -> 1
474,3,474 -> 1
475,0,856 -> 1
475,1,94 -> 1
475,2,602 -> 1
475,3,475 -> 1
476,0,857 -> 1
476,1,95 -> 1
476,2,603 -> 1
476,3,476 -> 1
477,0,858 -> 1
477,1,96 -> 1
477,2,604 -> 1
477,3,477 -> 1
478,0,859 -> 1
478,1,97 -> 1
478,2,605 -> 1
478,3,478 -> 1
479,0,860 -> 1
479,1,98 -> 1
479,2,606 -> 1
479,3,479 -> 1
480,0,861 -> 1
480,1,99 -> 1
480,2,607 -> 1
480,3,480 -> 1
481,0,862 -> 1
481,1,100 -> 1
481,2,608 -> 1
481,3,481 -> 1
482,0,863 -> 1
482,1,101 -> 1
482,2,609 -> 1
482,3,482 -> 1
483,0,864 -> 1
483,1,102 -> 1
483,2,610 -> 1
483,3,483 -> 1
484,0,865 -> 1
484,1,103 -> 1
484,2,611 -> 1
484,3,484 -> 1
485,0,866 -> 1
485,1,104 -> 1
485,2,612 -> 1
485,3,485 -> 1
486,0,867 -> 1
486,1,105 -> 1
486,2,613 -> 1
486,3,486 -> 1
487,0,868 -> 1
487,1,106 -> 1
487,2,614 -> 1
487,3,487 -> 1
488,0,869 -> 1
488,1,107 -> 1
488,2,615 -> 1
488,3,488 -> 1
489,0,870 -> 1
489,1,108 -> 1
489,2,616 -> 1
489,3,489 -> 1
490,0,871 -> 1
490,1,109 -> 1
490,2,617 -> 1
490,3,490 -> 1
491,0,872 -> 1
491,1,110 -> 1
491,2,618 -> 1
491,3,491 -> 1
492,0,873 -> 1
492,1,111 -> 1
492,2,619 -> 1
492,3,492 -> 1
493,0,874 -> 1
493,1,112 -> 1
493,2,620 -> 1
493,3,493 -> 1
494,0,875 -> 1
494,1,113 -> 1
494,2,621 -> 1
494,3,494 -> 1
495,0,876 -> 1
495,1,114 -> 1
495,2,622 -> 1
495,3,495 -> 1
496,0,877 -> 1
496,1,115 -> 1
496,2,623 -> 1
496,3,496 -> 1
497,0,878 -> 1
497,1,116 -> 1
497,2,624 -> 1
497,3,497 -> 1
498,0,879 -> 1
498,1,117 -> 1
498,2,625 -> 1
498,3,498 -> 1
499,0,880 -> 1
499,1,118 -> 1
499,2,626 -> 1
499,3,499 -> 1
500,0,881 -> 1
500,1,119 -> 1
500,2,627 -> 1
500,3,500 -> 1
501,0,882 -> 1
501,1,120 -> 1
501,2,628 -> 1
501,3,501 -> 1
502,0,883 -> 1
502,1,121 -> 1
502,2,629 -> 1
502,3,502 -> 1
503,0,884 -> 1
503,1,122 -> 1
503,2,630 -> 1
503,3,503 -> 1
504,0,885 -> 1
504,1,123 -> 1
504,2,631 -> 1
504,3,504 -> 1
505,0,886 -> 1
505,1,124 -> 1
505,2,632 -> 1
505,3,505 -> 1
506,0,887 -> 1
506,1,125 -> 1
506,2,633 -> 1
506,3,506 -> 1
507,0,888 -> 1
507,1,126 -> 1
507,2,634 -> 1
507,3,507 -> 1
381,4,381 -> 1
382,4,382 -> 1
383,4,383 -> 1
384,4,384 -> 1
385,4,381 -> 1
386,4,386 -> 1
387,4,387 -> 1
388,4,388 -> 1
389,4,389 -> 1
390,4,390 -> 1
391,4,382 -> 1
392,4,392 -> 1
393,4,393 -> 1
394,4,394 -> 1
395,4,395 -> 1
396,4,383 -> 1
397,4,397 -> 1
398,4,398 -> 1
399,4,399 -> 1
400,4,384 -> 1
401,4,401 -> 1
402,4,402 -> 1
403,4,403 -> 1
404,4,386 -> 1
405,4,387 -> 1
406,4,388 -> 1
407,4,407 -> 1
408,4,408 -> 1
409,4,409 -> 1
410,4,410 -> 1
411,4,389 -> 1
412,4,412 -> 1
413,4,413 -> 1
414,4,414 -> 1
415,4,390 -> 1
416,4,416 -> 1
417,4,417 -> 1
418,4,418 -> 1
419,4,392 -> 1
420,4,393 -> 1
421,4,394 -> 1
422,4,422 -> 1
423,4,423 -> 1
424,4,424 -> 1
425,4,395 -> 1
426,4,426 -> 1
427,4,427 -> 1
428,4,428 -> 1
429,4,397 -> 1
430,4,398 -> 1
431,4,399 -> 1
432,4,432 -> 1
433,4,433 -> 1
434,4,434 -> 1
435,4,401 -> 1
436,4,402 -> 1
437,4,403 -> 1
438,4,438 -> 1
439,4,439 -> 1
440,4,440 -> 1
441,4,407 -> 1
442,4,408 -> 1
443,4,409 -> 1
444,4,444 -> 1
445,4,410 -> 1
446,4,446 -> 1
447,4,447 -> 1
448,4,448 -> 1
449,4,412 -> 1
450,4,413 -> 1
451,4,414 -> 1
452,4,452 -> 1
453,4,453 -> 1
454,4,454 -> 1
455,4,416 -> 1
456,4,417 -> 1
457,4,418 -> 1
458,4,458 -> 1
459,4,459 -> 1
460,4,460 -> 1
461,4,422 -> 1
462,4,423 -> 1
463,4,424 -> 1
464,4,464 -> 1
465,4,426 -> 1
466,4,427 -> 1
467,4,428 -> 1
468,4,468 -> 1
469,4,469 -> 1
470,4,470 -> 1
471,4,432 -> 1
472,4,433 -> 1
473,4,434 -> 1
474,4,474 -> 1
475,4,438 -> 1
476,4,439 -> 1
477,4,440 -> 1
478,4,478 -> 1
479,4,444 -> 1
480,4,446 -> 1
481,4,447 -> 1
482,4,448 -> 1
483,4,483 -> 1
484,4,484 -> 1
485,4,485 -> 1
486,4,452 -> 1
487,4,453 -> 1
488,4,454 -> 1
489,4,489 -> 1
490,4,458 -> 1
491,4,459 -> 1
492,4,460 -> 1
493,4,493 -> 1
494,4,464 -> 1
495,4,468 -> 1
496,4,469 -> 1
497,4,470 -> 1
498,4,498 -> 1
499,4,474 -> 1
500,4,478 -> 1
501,4,483 -> 1
502,4,484 -> 1
503,4,485 -> 1
504,4,504 -> 1
505,4,489 -> 1
506,4,493 -> 1
507,4,498 -> 1
381,5,381 -> 1
382,5,382 -> 1
383,5,383 -> 1
384,5,384 -> 1
385,5,385 -> 1
386,5,386 -> 1
387,5,387 -> 1
388,5,388 -> 1
389,5,389 -> 1
390,5,390 -> 1
391,5,391 -> 1
392,5,392 -> 1
393,5,393 -> 1
394,5,394 -> 1
395,5,395 -> 1
396,5,396 -> 1
397,5,397 -> 1
398,5,398 -> 1
399,5,399 -> 1
400,5,400 -> 1
401,5,401 -> 1
402,5,402 -> 1
403,5,403 -> 1
404,5,404 -> 1
405,5,405 -> 1
406,5,406 -> 1
407,5,407 -> 1
408,5,408 -> 1
409,5,409 -> 1
410,5,410 -> 1
411,5,411 -> 1
412,5,412 -> 1
413,5,413 -> 1
414,5,414 -> 1
415,5,415 -> 1
416,5,416 -> 1
417,5,417 -> 1
418,5,418 -> 1
419,5,419 -> 1
420,5,420 -> 1
421,5,421 -> 1
422,5,422 -> 1
423,5,423 -> 1
424,5,424 -> 1
425,5,425 -> 1
426,5,426 -> 1
427,5,427 -> 1
428,5,428 -> 1
429,5,429 -> 1
430,5,430 -> 1
431,5,431 -> 1
432,5,432 -> 1
433,5,433 -> 1
434,5,434 -> 1
435,5,435 -> 1
436,5,436 -> 1
437,5,437 -> 1
438,5,438 -> 1
439,5,439 -> 1
440,5,440 -> 1
441,5,441 -> 1
442,5,442 -> 1
443,5,443 -> 1
444,5,444 -> 1
445,5,445 -> 1
446,5,446 -> 1
447,5,447 -> 1
448,5,448 -> 1
449,5,449 -> 1
450,5,450 -> 1
451,5,451 -> 1
452,5,452 -> 1
453,5,453 -> 1
454,5,454 -> 1
455,5,455 -> 1
456,5,456 -> 1
457,5,457 -> 1
458,5,458 -> 1
459,5,459 -> 1
460,5,460 -> 1
461,5,461 -> 1
462,5,462 -> 1
463,5,463 -> 1
464,5,464 -> 1
465,5,465 -> 1
466,5,466 -> 1
467,5,467 -> 1
468,5,468 -> 1
469,5,469 -> 1
470,5,470 -> 1
471,5,471 -> 1
472,5,472 -> 1
473,5,473 -> 1
474,5,474 -> 1
475,5,475 -> 1
476,5,476 -> 1
477,5,477 -> 1
478,5,478 -> 1
479,5,479 -> 1
480,5,480 -> 1
481,5,481 -> 1
482,5,482 -> 1
483,5,483 -> 1
484,5,484 -> 1
485,5,485 -> 1
486,5,486 -> 1
487,5,487 -> 1
488,5,488 -> 1
489,5,489 -> 1
490,5,490 -> 1
491,5,491 -> 1
492,5,492 -> 1
493,5,493 -> 1
494,5,494 -> 1
495,5,495 -> 1
496,5,496 -> 1
497,5,497 -> 1
498,5,498 -> 1
499,5,499 -> 1
500,5,500 -> 1
501,5,501 -> 1
502,5,502 -> 1
503,5,503 -> 1
504,5,504 -> 1
505,5,505 -> 1
506,5,506 -> 1
507,5,507 -> 1
381,6,381 -> 1
382,6,382 -> 1
383,6,383 -> 1
384,6,384 -> 1
385,6,385 -> 1
386,6,386 -> 1
387,6,387 -> 1
388,6,388 -> 1
389,6,389 -> 1
390,6,390 -> 1
391,6,391 -> 1
392,6,392 -> 1
393,6,393 -> 1
394,6,394 -> 1
395,6,395 -> 1
396,6,396 -> 1
397,6,397 -> 1
398,6,398 -> 1
399,6,399 -> 1
400,6,400 -> 1
401,6,401 -> 1
402,6,402 -> 1
403,6,403 -> 1
404,6,404 -> 1
405,6,405 -> 1
406,6,406 -> 1
407,6,407 -> 1
408,6,408 -> 1
409,6,409 -> 1
410,6,410 -> 1
411,6,411 -> 1
412,6,412 -> 1
413,6,413 -> 1
414,6,414 -> 1
415,6,415 -> 1
416,6,416 -> 1
417,6,417 -> 1
418,6,418 -> 1
419,6,419 -> 1
420,6,420 -> 1
421,6,421 -> 1
422,6,422 -> 1
423,6,423 -> 1
424,6,424 -> 1
425,6,425 -> 1
426,6,426 -> 1
427,6,427 -> 1
428,6,428 -> 1
429,6,429 -> 1
430,6,430 -> 1
431,6,431 -> 1
432,6,432 -> 1
433,6,433 -> 1
434,6,434 -> 1
435,6,435 -> 1
436,6,436 -> 1
437,6,437 -> 1
438,6,438 -> 1
439,6,439 -> 1
440,6,440 -> 1
441,6,441 -> 1
442,6,442 -> 1
443,6,443 -> 1
444,6,444 -> 1
445,6,445 -> 1
446,6,446 -> 1
447,6,447 -> 1
448,6,448 -> 1
449,6,449 -> 1
450,6,450 -> 1
451,6,451 -> 1
452,6,452 -> 1
453,6,453 -> 1
454,6,454 -> 1
455,6,455 -> 1
456,6,456 -> 1
457,6,457 -> 1
458,6,458 -> 1
459,6,459 -> 1
460,6,460 -> 1
461,6,461 -> 1
462,6,462 -> 1
463,6,463 -> 1
464,6,464 -> 1
465,6,465 -> 1
466,6,466 -> 1
467,6,467 -> 1
468,6,468 -> 1
469,6,469 -> 1
470,6,470 -> 1
471,6,471 -> 1
472,6,472 -> 1
473,6,473 -> 1
474,6,474 -> 1
475,6,475 -> 1
476,6,476 -> 1
477,6,477 -> 1
478,6,478 -> 1
479,6,479 -> 1
480,6,480 -> 1
481,6,481 -> 1
482,6,482 -> 1
483,6,483 -> 1
484,6,484 -> 1
485,6,485 -> 1
486,6,486 -> 1
487,6,487 -> 1
488,6,488 -> 1
489,6,489 -> 1
490,6,490 -> 1
491,6,491 -> 1
492,6,492 -> 1
493,6,493 -> 1
494,6,494 -> 1
495,6,495 -> 1
496,6,496 -> 1
497,6,497 -> 1
498,6,498 -> 1
499,6,499 -> 1
500,6,500 -> 1
501,6,501 -> 1
502,6,502 -> 1
503,6,503 -> 1
504,6,504 -> 1
505,6,505 -> 1
506,6,506 -> 1
507,6,507 -> 1
381,7,381 -> 1
382,7,382 -> 1
383,7,383 -> 1
384,7,384 -> 1
385,7,385 -> 1
386,7,386 -> 1
387,7,387 -> 1
388,7,388 -> 1
389,7,389 -> 1
390,7,390 -> 1
391,7,391 -> 1
392,7,392 -> 1
393,7,393 -> 1
394,7,394 -> 1
395,7,395 -> 1
396,7,396 -> 1
397,7,397 -> 1
398,7,398 -> 1
399,7,399 -> 1
400,7,400 -> 1
401,7,401 -> 1
402,7,402 -> 1
403,7,403 -> 1
404,7,404 -> 1
405,7,405 -> 1
406,7,406 -> 1
407,7,407 -> 1
408,7,408 -> 1
409,7,409 -> 1
410,7,410 -> 1
411,7,411 -> 1
412,7,412 -> 1
413,7,413 -> 1
414,7,414 -> 1
415,7,415 -> 1
416,7,416 -> 1
417,7,417 -> 1
418,7,418 -> 1
419,7,419 -> 1
420,7,420 -> 1
421,7,421 -> 1
422,7,422 -> 1
423,7,423 -> 1
424,7,424 -> 1
425,7,425 -> 1
426,7,426 -> 1
427,7,427 -> 1
428,7,428 -> 1
429,7,429 -> 1
430,7,430 -> 1
431,7,431 -> 1
432,7,432 -> 1
433,7,433 -> 1
434,7,434 -> 1
435,7,435 -> 1
436,7,436 -> 1
437,7,437 -> 1
438,7,438 -> 1
439,7,439 -> 1
440,7,440 -> 1
441,7,441 -> 1
442,7,442 -> 1
443,7,443 -> 1
444,7,444 -> 1
445,7,445 -> 1
446,7,446 -> 1
447,7,447 -> 1
448,7,448 -> 1
449,7,449 -> 1
450,7,450 -> 1
451,7,451 -> 1
452,7,452 -> 1
453,7,453 -> 1
454,7,454 -> 1
455,7,455 -> 1
456,7,456 -> 1
457,7,457 -> 1
458,7,458 -> 1
459,7,459 -> 1
460,7,460 -> 1
461,7,461 -> 1
462,7,462 -> 1
463,7,463 -> 1
464,7,464 -> 1
465,7,465 -> 1
466,7,466 -> 1
467,7,467 -> 1
468,7,468 -> 1
469,7,469 -> 1
470,7,470 -> 1
471,7,471 -> 1
472,7,472 -> 1
473,7,473 -> 1
474,7,474 -> 1
475,7,475 -> 1
476,7,476 -> 1
477,7,477 -> 1
478,7,478 -> 1
479,7,479 -> 1
480,7,480 -> 1
481,7,481 -> 1
482,7,482 -> 1
483,7,483 -> 1
484,7,484 -> 1
485,7,485 -> 1
486,7,486 -> 1
487,7,487 -> 1
488,7,488 -> 1
489,7,489 -> 1
490,7,490 -> 1
491,7,491 -> 1
492,7,492 -> 1
493,7,493 -> 1
494,7,494 -> 1
495,7,495 -> 1
496,7,496 -> 1
497,7,497 -> 1
498,7,498 -> 1
499,7,499 -> 1
500,7,500 -> 1
501,7,501 -> 1
502,7,502 -> 1
503,7,503 -> 1
504,7,504 -> 1
505,7,505 -> 1
506,7,506 -> 1
507,7,507 -> 1
381,8,381 -> 1
382,8,382 -> 1
383,8,383 -> 1
384,8,384 -> 1
385,8,385 -> 1
386,8,386 -> 1
387,8,387 -> 1
388,8,388 -> 1
389,8,389 -> 1
390,8,390 -> 1
391,8,391 -> 1
392,8,392 -> 1
393,8,393 -> 1
394,8,394 -> 1
395,8,395 -> 1
396,8,396 -> 1
397,8,397 -> 1
398,8,398 -> 1
399,8,399 -> 1
400,8,400 -> 1
401,8,401 -> 1
402,8,402 -> 1
403,8,403 -> 1
404,8,404 -> 1
405,8,405 -> 1
406,8,406 -> 1
407,8,407 -> 1
408,8,408 -> 1
409,8,409 -> 1
410,8,410 -> 1
411,8,411 -> 1
412,8,412 -> 1
413,8,413 -> 1
414,8,414 -> 1
415,8,415 -> 1
416,8,416 -> 1
417,8,417 -> 1
418,8,418 -> 1
419,8,419 -> 1
420,8,420 -> 1
421,8,421 -> 1
422,8,422 -> 1
423,8,423 -> 1
424,8,424 -> 1
425,8,425 -> 1
426,8,426 -> 1
427,8,427 -> 1
428,8,428 -> 1
429,8,429 -> 1
430,8,430 -> 1
431,8,431 -> 1
432,8,432 -> 1
433,8,433 -> 1
434,8,434 -> 1
435,8,435 -> 1
436,8,436 -> 1
437,8,437 -> 1
438,8,438 -> 1
439,8,439 -> 1
440,8,440 -> 1
441,8,441 -> 1
442,8,442 -> 1
443,8,443 -> 1
444,8,444 -> 1
445,8,445 -> 1
446,8,446 -> 1
447,8,447 -> 1
448,8,448 -> 1
449,8,449 -> 1
450,8,450 -> 1
451,8,451 -> 1
452,8,452 -> 1
453,8,453 -> 1
454,8,454 -> 1
455,8,455 -> 1
456,8,456 -> 1
457,8,457 -> 1
458,8,458 -> 1
459,8,459 -> 1
460,8,460 -> 1
461,8,461 -> 1
462,8,462 -> 1
463,8,463 -> 1
464,8,464 -> 1
465,8,465 -> 1
466,8,466 -> 1
467,8,467 -> 1
468,8,468 -> 1
469,8,469 -> 1
470,8,470 -> 1
471,8,471 -> 1
472,8,472 -> 1
473,8,473 -> 1
474,8,474 -> 1
475,8,475 -> 1
476,8,476 -> 1
477,8,477 -> 1
478,8,478 -> 1
479,8,479 -> 1
480,8,480 -> 1
481,8,481 -> 1
482,8,482 -> 1
483,8,483 -> 1
484,8,484 -> 1
485,8,485 -> 1
486,8,486 -> 1
487,8,487 -> 1
488,8,488 -> 1
489,8,489 -> 1
490,8,490 -> 1
491,8,491 -> 1
492,8,492 -> 1
493,8,493 -> 1
494,8,494 -> 1
495,8,495 -> 1
496,8,496 -> 1
497,8,497 -> 1
498,8,498 -> 1
499,8,499 -> 1
500,8,500 -> 1
501,8,501 -> 1
502,8,502 -> 1
503,8,503 -> 1
504,8,504 -> 1
505,8,505 -> 1
506,8,506 -> 1
507,8,507 -> 1
381,9,381 -> 1
382,9,382 -> 1
383,9,383 -> 1
384,9,384 -> 1
385,9,385 -> 1
386,9,386 -> 1
387,9,387 -> 1
388,9,388 -> 1
389,9,389 -> 1
390,9,390 -> 1
391,9,391 -> 1
392,9,392 -> 1
393,9,393 -> 1
394,9,394 -> 1
395,9,395 -> 1
396,9,396 -> 1
397,9,397 -> 1
398,9,398 -> 1
399,9,399 -> 1
400,9,400 -> 1
401,9,401 -> 1
402,9,402 -> 1
403,9,403 -> 1
404,9,404 -> 1
405,9,405 -> 1
406,9,406 -> 1
407,9,407 -> 1
408,9,408 -> 1
409,9,409 -> 1
410,9,410 -> 1
411,9,411 -> 1
412,9,412 -> 1
413,9,413 -> 1
414,9,414 -> 1
415,9,415 -> 1
416,9,416 -> 1
417,9,417 -> 1
418,9,418 -> 1
419,9,419 -> 1
420,9,420 -> 1
421,9,421 -> 1
422,9,422 -> 1
423,9,423 -> 1
424,9,424 -> 1
425,9,425 -> 1
426,9,426 -> 1
427,9,427 -> 1
428,9,428 -> 1
429,9,429 -> 1
430,9,430 -> 1
431,9,431 -> 1
432,9,432 -> 1
433,9,433 -> 1
434,9,434 -> 1
435,9,435 -> 1
436,9,436 -> 1
437,9,437 -> 1
438,9,438 -> 1
439,9,439 -> 1
440,9,440 -> 1
441,9,441 -> 1
442,9,442 -> 1
443,9,443 -> 1
444,9,444 -> 1
445,9,445 -> 1
446,9,446 -> 1
447,9,447 -> 1
448,9,448 -> 1
449,9,449 -> 1
450,9,450 -> 1
451,9,451 -> 1
452,9,452 -> 1
453,9,453 -> 1
454,9,454 -> 1
455,9,455 -> 1
456,9,456 -> 1
457,9,457 -> 1
458,9,458 -> 1
459,9,459 -> 1
460,9,460 -> 1
461,9,461 -> 1
462,9,462 -> 1
463,9,463 -> 1
464,9,464 -> 1
465,9,465 -> 1
466,9,466 -> 1
467,9,467 -> 1
468,9,468 -> 1
469,9,469 -> 1
470,9,470 -> 1
471,9,471 -> 1
472,9,472 -> 1
473,9,473 -> 1
474,9,474 -> 1
475,9,475 -> 1
476,9,476 -> 1
477,9,477 -> 1
478,9,478 -> 1
479,9,479 -> 1
480,9,480 -> 1
481,9,481 -> 1
482,9,482 -> 1
483,9,483 -> 1
484,9,484 -> 1
485,9,485 -> 1
486,9,486 -> 1
487,9,487 -> 1
488,9,488 -> 1
489,9,489 -> 1
490,9,490 -> 1
491,9,491 -> 1
492,9,492 -> 1
493,9,493 -> 1
494,9,494 -> 1
495,9,495 -> 1
496,9,496 -> 1
497,9,497 -> 1
498,9,498 -> 1
499,9,499 -> 1
500,9,500 -> 1
501,9,501 -> 1
502,9,502 -> 1
503,9,503 -> 1
504,9,504 -> 1
505,9,505 -> 1
506,9,506 -> 1
507,9,507 -> 1
381,10,381 -> 1
382,10,382 -> 1
383,10,383 -> 1
384,10,384 -> 1
385,10,385 -> 1
386,10,386 -> 1
387,10,387 -> 1
388,10,388 -> 1
389,10,389 -> 1
390,10,390 -> 1
391,10,391 -> 1
392,10,392 -> 1
393,10,393 -> 1
394,10,394 -> 1
395,10,395 -> 1
396,10,396 -> 1
397,10,397 -> 1
398,10,398 -> 1
399,10,399 -> 1
400,10,400 -> 1
401,10,401 -> 1
402,10,402 -> 1
403,10,403 -> 1
404,10,404 -> 1
405,10,405 -> 1
406,10,406 -> 1
407,10,407 -> 1
408,10,408 -> 1
409,10,409 -> 1
410,10,410 -> 1
411,10,411 -> 1
412,10,412 -> 1
413,10,413 -> 1
414,10,414 -> 1
415,10,415 -> 1
416,10,416 -> 1
417,10,417 -> 1
418,10,418 -> 1
419,10,419 -> 1
420,10,420 -> 1
421,10,421 -> 1
422,10,422 -> 1
423,10,423 -> 1
424,10,424 -> 1
425,10,425 -> 1
426,10,426 -> 1
427,10,427 -> 1
428,10,428 -> 1
429,10,429 -> 1
430,10,430 -> 1
431,10,431 -> 1
432,10,432 -> 1
433,10,433 -> 1
434,10,434 -> 1
435,10,435 -> 1
436,10,436 -> 1
437,10,437 -> 1
438,10,438 -> 1
439,10,439 -> 1
440,10,440 -> 1
441,10,441 -> 1
442,10,442 -> 1
443,10,443 -> 1
444,10,444 -> 1
445,10,445 -> 1
446,10,446 -> 1
447,10,447 -> 1
448,10,448 -> 1
449,10,449 -> 1
450,10,450 -> 1
451,10,451 -> 1
452,10,452 -> 1
453,10,453 -> 1
454,10,454 -> 1
455,10,455 -> 1
456,10,456 -> 1
457,10,457 -> 1
458,10,458 -> 1
459,10,459 -> 1
460,10,460 -> 1
461,10,461 -> 1
462,10,462 -> 1
463,10,463 -> 1
464,10,464 -> 1
465,10,465 -> 1
466,10,466 -> 1
467,10,467 -> 1
468,10,468 -> 1
469,10,469 -> 1
470,10,470 -> 1
471,10,471 -> 1
472,10,472 -> 1
473,10,473 -> 1
474,10,474 -> 1
475,10,475 -> 1
476,10,476 -> 1
477,10,477 -> 1
478,10,478 -> 1
479,10,479 -> 1
480,10,480 -> 1
481,10,481 -> 1
482,10,482 -> 1
483,10,483 -> 1
484,10,484 -> 1
485,10,485 -> 1
486,10,486 -> 1
487,10,487 -> 1
488,10,488 -> 1
489,10,489 -> 1
490,10,490 -> 1
491,10,491 -> 1
492,10,492 -> 1
493,10,493 -> 1
494,10,494 -> 1
495,10,495 -> 1
496,10,496 -> 1
497,10,497 -> 1
498,10,498 -> 1
499,10,499 -> 1
500,10,500 -> 1
501,10,501 -> 1
502,10,502 -> 1
503,10,503 -> 1
504,10,504 -> 1
505,10,505 -> 1
506,10,506 -> 1
507,10,507 -> 1
381,11,381 -> 1
382,11,382 -> 1
383,11,383 -> 1
384,11,384 -> 1
385,11,385 -> 1
386,11,386 -> 1
387,11,387 -> 1
388,11,388 -> 1
389,11,389 -> 1
390,11,390 -> 1
391,11,391 -> 1
392,11,392 -> 1
393,11,393 -> 1
394,11,394 -> 1
395,11,395 -> 1
396,11,396 -> 1
397,11,397 -> 1
398,11,398 -> 1
399,11,399 -> 1
400,11,400 -> 1
401,11,401 -> 1
402,11,402 -> 1
403,11,403 -> 1
404,11,404 -> 1
405,11,405 -> 1
406,11,406 -> 1
407,11,407 -> 1
408,11,408 -> 1
409,11,409 -> 1
410,11,410 -> 1
411,11,411 -> 1
412,11,412 -> 1
413,11,413 -> 1
414,11,414 -> 1
415,11,415 -> 1
416,11,416 -> 1
417,11,417 -> 1
418,11,418 -> 1
419,11,419 -> 1
420,11,420 -> 1
421,11,421 -> 1
422,11,422 -> 1
423,11,423 -> 1
424,11,424 -> 1
425,11,425 -> 1
426,11,426 -> 1
427,11,427 -> 1
428,11,428 -> 1
429,11,429 -> 1
430,11,430 -> 1
431,11,431 -> 1
432,11,432 -> 1
433,11,433 -> 1
434,11,434 -> 1
435,11,435 -> 1
436,11,436 -> 1
437,11,437 -> 1
438,11,438 -> 1
439,11,439 -> 1
440,11,440 -> 1
441,11,441 -> 1
442,11,442 -> 1
443,11,443 -> 1
444,11,444 -> 1
445,11,445 -> 1
446,11,446 -> 1
447,11,447 -> 1
448,11,448 -> 1
449,11,449 -> 1
450,11,450 -> 1
451,11,451 -> 1
452,11,452 -> 1
453,11,453 -> 1
454,11,454 -> 1
455,11,455 -> 1
456,11,456 -> 1
457,11,457 -> 1
458,11,458 -> 1
459,11,459 -> 1
460,11,460 -> 1
461,11,461 -> 1
462,11,462 -> 1
463,11,463 -> 1
464,11,464 -> 1
465,11,465 -> 1
466,11,466 -> 1
467,11,467 -> 1
468,11,468 -> 1
469,11,469 -> 1
470,11,470 -> 1
471,11,471 -> 1
472,11,472 -> 1
473,11,473 -> 1
474,11,474 -> 1
475,11,475 -> 1
476,11,476 -> 1
477,11,477 -> 1
478,11,478 -> 1
479,11,479 -> 1
480,11,480 -> 1
481,11,481 -> 1
482,11,482 -> 1
483,11,483 -> 1
484,11,484 -> 1
485,11,485 -> 1
486,11,486 -> 1
487,11,487 -> 1
488,11,488 -> 1
489,11,489 -> 1
490,11,490 -> 1
491,11,491 -> 1
492,11,492 -> 1
493,11,493 -> 1
494,11,494 -> 1
495,11,495 -> 1
496,11,496 -> 1
497,11,497 -> 1
498,11,498 -> 1
499,11,499 -> 1
500,11,500 -> 1
501,11,501 -> 1
502,11,502 -> 1
503,11,503 -> 1
504,11,504 -> 1
505,11,505 -> 1
506,11,506 -> 1
507,11,507 -> 1
508,0,889 -> 1
508,1,127 -> 1
508,2,635 -> 1
508,3,381 -> 1
509,0,890 -> 1
509,1,128 -> 1
509,2,636 -> 1
509,3,382 -> 1
510,0,891 -> 1
510,1,129 -> 1
510,2,637 -> 1
510,3,383 -> 1
511,0,892 -> 1
511,1,130 -> 1
511,2,638 -> 1
511,3,384 -> 1
512,0,893 -> 1
512,1,131 -> 1
512,2,639 -> 1
512,3,385 -> 1
513,0,894 -> 1
513,1,132 -> 1
513,2,640 -> 1
513,3,386 -> 1
514,0,895 -> 1
514,1,133 -> 1
514,2,641 -> 1
514,3,387 -> 1
515,0,896 -> 1
515,1,134 -> 1
515,2,642 -> 1
515,3,388 -> 1
516,0,897 -> 1
516,1,135 -> 1
516,2,643 -> 1
516,3,389 -> 1
517,0,898 -> 1
517,1,136 -> 1
517,2,644 -> 1
517,3,390 -> 1
518,0,899 -> 1
518,1,137 -> 1
518,2,645 -> 1
518,3,391 -> 1
519,0,900 -> 1
519,1,138 -> 1
519,2,646 -> 1
519,3,392 -> 1
520,0,901 -> 1
520,1,139 -> 1
520,2,647 -> 1
520,3,393 -> 1
521,0,902 -> 1
521,1,140 -> 1
521,2,648 -> 1
521,3,394 -> 1
522,0,903 -> 1
522,1,141 -> 1
522,2,649 -> 1
522,3,395 -> 1
523,0,904 -> 1
523,1,142 -> 1
523,2,650 -> 1
523,3,396 -> 1
524,0,905 -> 1
524,1,143 -> 1
524,2,651 -> 1
524,3,397 -> 1
525,0,906 -> 1
525,1,144 -> 1
525,2,652 -> 1
525,3,398 -> 1
526,0,907 -> 1
526,1,145 -> 1
526,2,653 -> 1
526,3,399 -> 1
527,0,908 -> 1
527,1,146 -> 1
527,2,654 -> 1
527,3,400 -> 1
528,0,909 -> 1
528,1,147 -> 1
528,2,655 -> 1
528,3,401 -> 1
529,0,910 -> 1
529,1,148 -> 1
529,2,656 -> 1
529,3,402 -> 1
530,0,911 -> 1
530,1,149 -> 1
530,2,657 -> 1
530,3,403 -> 1
531,0,912 -> 1
531,1,150 -> 1
531,2,658 -> 1
531,3,404 -> 1
532,0,913 -> 1
532,1,151 -> 1
532,2,659 -> 1
532,3,405 -> 1
533,0,914 -> 1
533,1,152 -> 1
533,2,660 -> 1
533,3,406 -> 1
534,0,915 -> 1
534,1,153 -> 1
534,2,661 -> 1
534,3,407 -> 1
535,0,916 -> 1
535,1,154 -> 1
535,2,662 -> 1
535,3,408 -> 1
536,0,917 -> 1
536,1,155 -> 1
536,2,663 -> 1
536,3,409 -> 1
537,0,918 -> 1
537,1,156 -> 1
537,2,664 -> 1
537,3,410 -> 1
538,0,919 -> 1
538,1,157 -> 1
538,2,665 -> 1
538,3,411 -> 1
539,0,920 -> 1
539,1,158 -> 1
539,2,666 -> 1
539,3,412 -> 1
540,0,921 -> 1
540,1,159 -> 1
540,2,667 -> 1
540,3,413 -> 1
541,0,922 -> 1
541,1,160 -> 1
541,2,668 -> 1
541,3,414 -> 1
542,0,923 -> 1
542,1,161 -> 1
542,2,669 -> 1
542,3,415 -> 1
543,0,924 -> 1
543,1,162 -> 1
543,2,670 -> 1
543,3,416 -> 1
544,0,925 -> 1
544,1,163 -> 1
544,2,671 -> 1
544,3,417 -> 1
545,0,926 -> 1
545,1,164 -> 1
545,2,672 -> 1
545,3,418 -> 1
546,0,927 -> 1
546,1,165 -> 1
546,2,673 -> 1
546,3,419 -> 1
547,0,928 -> 1
547,1,166 -> 1
547,2,674 -> 1
547,3,420 -> 1
548,0,929 -> 1
548,1,167 -> 1
548,2,675 -> 1
548,3,421 -> 1
549,0,930 -> 1
549,1,168 -> 1
549,2,676 -> 1
549,3,422 -> 1
550,0,931 -> 1
550,1,169 -> 1
550,2,677 -> 1
550,3,423 -> 1
551,0,932 -> 1
551,1,170 -> 1
551,2,678 -> 1
551,3,424 -> 1
552,0,933 -> 1
552,1,171 -> 1
552,2,679 -> 1
552,3,425 -> 1
553,0,934 -> 1
553,1,172 -> 1
553,2,680 -> 1
553,3,426 -> 1
554,0,935 -> 1
554,1,173 -> 1
554,2,681 -> 1
554,3,427 -> 1
555,0,936 -> 1
555,1,174 -> 1
555,2,682 -> 1
555,3,428 -> 1
556,0,937 -> 1
556,1,175 -> 1
556,2,683 -> 1
556,3,429 -> 1
557,0,938 -> 1
557,1,176 -> 1
557,2,684 -> 1
557,3,430 -> 1
558,0,939 -> 1
558,1,177 -> 1
558,2,685 -> 1
558,3,431 -> 1
559,0,940 -> 1
559,1,178 -> 1
559,2,686 -> 1
559,3,432 -> 1
560,0,941 -> 1
560,1,179 -> 1
560,2,687 -> 1
560,3,433 -> 1
561,0,942 -> 1
561,1,180 -> 1
561,2,688 -> 1
561,3,434 -> 1
562,0,943 -> 1
562,1,181 -> 1
562,2,689 -> 1
562,3,435 -> 1
563,0,944 -> 1
563,1,182 -> 1
563,2,690 -> 1
563,3,436 -> 1
564,0,945 -> 1
564,1,183 -> 1
564,2,691 -> 1
564,3,437 -> 1
565,0,946 -> 1
565,1,184 -> 1
565,2,692 -> 1
565,3,438 -> 1
566,0,947 -> 1
566,1,185 -> 1
566,2,693 -> 1
566,3,439 -> 1
567,0,948 -> 1
567,1,186 -> 1
567,2,694 -> 1
567,3,440 -> 1
568,0,949 -> 1
568,1,187 -> 1
568,2,695 -> 1
568,3,441 -> 1
569,0,950 -> 1
569,1,188 -> 1
569,2,696 -> 1
569,3,442 -> 1
570,0,951 -> 1
570,1,189 -> 1
570,2,697 -> 1
570,3,443 -> 1
571,0,952 -> 1
571,1,190 -> 1
571,2,698 -> 1
571,3,444 -> 1
572,0,953 -> 1
572,1,191 -> 1
572,2,699 -> 1
572,3,445 -> 1
573,0,954 -> 1
573,1,192 -> 1
573,2,700 -> 1
573,3,446 -> 1
574,0,955 -> 1
574,1,193 -> 1
574,2,701 -> 1
574,3,447 -> 1
575,0,956 -> 1
575,1,194 -> 1
575,2,702 -> 1
575,3,448 -> 1
576,0,957 -> 1
576,1,195 -> 1
576,2,703 -> 1
576,3,449 -> 1
577,0,958 -> 1
577,1,196 -> 1
577,2,704 -> 1
577,3,450 -> 1
578,0,959 -> 1
578,1,197 -> 1
578,2,705 -> 1
578,3,451 -> 1
579,0,960 -> 1
579,1,198 -> 1
579,2,706 -> 1
579,3,452 -> 1
580,0,961 -> 1
580,1,199 -> 1
580,2,707 -> 1
580,3,453 -> 1
581,0,962 -> 1
581,1,200 -> 1
581,2,708 -> 1
581,3,454 -> 1
582,0,963 -> 1
582,1,201 -> 1
582,2,709 -> 1
582,3,455 -> 1
583,0,964 -> 1
583,1,202 -> 1
583,2,710 -> 1
583,3,456 -> 1
584,0,965 -> 1
584,1,203 -> 1
584,2,711 -> 1
584,3,457 -> 1
585,0,966 -> 1
585,1,204 -> 1
585,2,712 -> 1
585,3,458 -> 1
586,0,967 -> 1
586,1,205 -> 1
586,2,713 -> 1
586,3,459 -> 1
587,0,968 -> 1
587,1,206 -> 1
587,2,714 -> 1
587,3,460 -> 1
588,0,969 -> 1
588,1,207 -> 1
588,2,715 -> 1
588,3,461 -> 1
589,0,970 -> 1
589,1,208 -> 1
589,2,716 -> 1
589,3,462 -> 1
590,0,971 -> 1
590,1,209 -> 1
590,2,717 -> 1
590,3,463 -> 1
591,0,972 -> 1
591,1,210 -> 1
591,2,718 -> 1
591,3,464 -> 1
592,0,973 -> 1
592,1,211 -> 1
592,2,719 -> 1
592,3,465 -> 1
593,0,974 -> 1
593,1,212 -> 1
593,2,720 -> 1
593,3,466 -> 1
594,0,975 -> 1
594,1,213 -> 1
594,2,721 -> 1
594,3,467 -> 1
595,0,976 -> 1
595,1,214 -> 1
595,2,722 -> 1
595,3,468 -> 1
596,0,977 -> 1
596,1,215 -> 1
596,2,723 -> 1
596,3,469 -> 1
597,0,978 -> 1
597,1,216 -> 1
597,2,724 -> 1
597,3,470 -> 1
598,0,979 -> 1
598,1,217 -> 1
598,2,725 -> 1
598,3,471 -> 1
599,0,980 -> 1
599,1,218 -> 1
599,2,726 -> 1
599,3,472 -> 1
600,0,981 -> 1
600,1,219 -> 1
600,2,727 -> 1
600,3,473 -> 1
601,0,982 -> 1
601,1,220 -> 1
601,2,728 -> 1
601,3,474 -> 1
602,0,983 -> 1
602,1,221 -> 1
602,2,729 -> 1
602,3,475 -> 1
603,0,984 -> 1
603,1,222 -> 1
603,2,730 -> 1
603,3,476 -> 1
604,0,985 -> 1
604,1,223 -> 1
604,2,731 -> 1
604,3,477 -> 1
605,0,986 -> 1
605,1,224 -> 1
605,2,732 -> 1
605,3,478 -> 1
606,0,987 -> 1
606,1,225 -> 1
606,2,733 -> 1
606,3,479 -> 1
607,0,988 -> 1
607,1,226 -> 1
607,2,734 -> 1
607,3,480 -> 1
608,0,989 -> 1
608,1,227 -> 1
608,2,735 -> 1
608,3,481 -> 1
609,0,990 -> 1
609,1,228 -> 1
609,2,736 -> 1
609,3,482 -> 1
610,0,991 -> 1
610,1,229 -> 1
610,2,737 -> 1
610,3,483 -> 1
611,0,992 -> 1
611,1,230 -> 1
611,2,738 -> 1
611,3,484 -> 1
612,0,993 -> 1
612,1,231 -> 1
612,2,739 -> 1
612,3,485 -> 1
613,0,994 -> 1
613,1,232 -> 1
613,2,740 -> 1
613,3,486 -> 1
614,0,995 -> 1
614,1,233 -> 1
614,2,741 -> 1
614,3,487 -> 1
615,0,996 -> 1
615,1,234 -> 1
615,2,742 -> 1
615,3,488 -> 1
616,0,997 -> 1
616,1,235 -> 1
616,2,743 -> 1
616,3,489 -> 1
617,0,998 -> 1
617,1,236 -> 1
617,2,744 -> 1
617,3,490 -> 1
618,0,999 -> 1
618,1,237 -> 1
618,2,745 -> 1
618,3,491 -> 1
619,0,1000 -> 1
619,1,238 -> 1
619,2,746 -> 1
619,3,492 -> 1
620,0,1001 -> 1
620,1,239 -> 1
620,2,747 -> 1
620,3,493 -> 1
621,0,1002 -> 1
621,1,240 -> 1
621,2,748 -> 1
621,3,494 -> 1
622,0,1003 -> 1
622,1,241 -> 1
622,2,749 -> 1
622,3,495 -> 1
623,0,1004 -> 1
623,1,242 -> 1
623,2,750 -> 1
623,3,496 -> 1
624,0,1005 -> 1
624,1,243 -> 1
624,2,751 -> 1
624,3,497 -> 1
625,0,1006 -> 1
625,1,244 -> 1
625,2,752 -> 1
625,3,498 -> 1
626,0,1007 -> 1
626,1,245 -> 1
626,2,753 -> 1
626,3,499 -> 1
627,0,1008 -> 1
627,1,246 -> 1
627,2,754 -> 1
627,3,500 -> 1
628,0,1009 -> 1
628,1,247 -> 1
628,2,755 -> 1
628,3,501 -> 1
629,0,1010 -> 1
629,1,248 -> 1
629,2,756 -> 1
629,3,502 -> 1
630,0,1011 -> 1
630,1,249 -> 1
630,2,757 -> 1
630,3,503 -> 1
631,0,1012 -> 1
631,1,250 -> 1
631,2,758 -> 1
631,3,504 -> 1
632,0,1013 -> 1
632,1,251 -> 1
632,2,759 -> 1
632,3,505 -> 1
633,0,1014 -> 1
633,1,252 -> 1
633,2,760 -> 1
633,3,506 -> 1
634,0,1015 -> 1
634,1,253 -> 1
634,2,761 -> 1
634,3,507 -> 1
508,4,508 -> 1
509,4,508 -> 1
510,4,510 -> 1
511,4,511 -> 1
512,4,512 -> 1
513,4,513 -> 1
514,4,514 -> 1
515,4,515 -> 1
516,4,510 -> 1
517,4,511 -> 1
518,4,512 -> 1
519,4,513 -> 1
520,4,514 -> 1
521,4,515 -> 1
522,4,522 -> 1
523,4,523 -> 1
524,4,524 -> 1
525,4,525 -> 1
526,4,526 -> 1
527,4,527 -> 1
528,4,528 -> 1
529,4,529 -> 1
530,4,530 -> 1
531,4,531 -> 1
532,4,532 -> 1
533,4,533 -> 1
534,4,534 -> 1
535,4,535 -> 1
536,4,536 -> 1
537,4,522 -> 1
538,4,523 -> 1
539,4,524 -> 1
540,4,525 -> 1
541,4,526 -> 1
542,4,527 -> 1
543,4,528 -> 1
544,4,529 -> 1
545,4,530 -> 1
546,4,531 -> 1
547,4,532 -> 1
548,4,533 -> 1
549,4,534 -> 1
550,4,535 -> 1
551,4,536 -> 1
552,4,552 -> 1
553,4,553 -> 1
554,4,554 -> 1
555,4,555 -> 1
556,4,556 -> 1
557,4,557 -> 1
558,4,558 -> 1
559,4,559 -> 1
560,4,560 -> 1
561,4,561 -> 1
562,4,562 -> 1
563,4,563 -> 1
564,4,564 -> 1
565,4,565 -> 1
566,4,566 -> 1
567,4,567 -> 1
568,4,568 -> 1
569,4,569 -> 1
570,4,570 -> 1
571,4,571 -> 1
572,4,552 -> 1
573,4,553 -> 1
574,4,554 -> 1
575,4,555 -> 1
576,4,556 -> 1
577,4,557 -> 1
578,4,558 -> 1
579,4,559 -> 1
580,4,560 -> 1
581,4,561 -> 1
582,4,562 -> 1
583,4,563 -> 1
584,4,564 -> 1
585,4,565 -> 1
586,4,566 -> 1
587,4,567 -> 1
588,4,568 -> 1
589,4,569 -> 1
590,4,570 -> 1
591,4,571 -> 1
592,4,592 -> 1
593,4,593 -> 1
594,4,594 -> 1
595,4,595 -> 1
596,4,596 -> 1
597,4,597 -> 1
598,4,598 -> 1
599,4,599 -> 1
600,4,600 -> 1
601,4,601 -> 1
602,4,602 -> 1
603,4,603 -> 1
604,4,604 -> 1
605,4,605 -> 1
606,4,606 -> 1
607,4,592 -> 1
608,4,593 -> 1
609,4,594 -> 1
610,4,595 -> 1
611,4,596 -> 1
612,4,597 -> 1
613,4,598 -> 1
614,4,599 -> 1
615,4,600 -> 1
616,4,601 -> 1
617,4,602 -> 1
618,4,603 -> 1
619,4,604 -> 1
620,4,605 -> 1
621,4,606 -> 1
622,4,622 -> 1
623,4,623 -> 1
624,4,624 -> 1
625,4,625 -> 1
626,4,626 -> 1
627,4,627 -> 1
628,4,622 -> 1
629,4,623 -> 1
630,4,624 -> 1
631,4,625 -> 1
632,4,626 -> 1
633,4,627 -> 1
634,4,634 -> 1
508,5,508 -> 1
509,5,509 -> 1
510,5,510 -> 1
511,5,511 -> 1
512,5,512 -> 1
513,5,513 -> 1
514,5,514 -> 1
515,5,515 -> 1
516,5,516 -> 1
517,5,517 -> 1
518,5,518 -> 1
519,5,519 -> 1
520,5,520 -> 1
521,5,521 -> 1
522,5,522 -> 1
523,5,523 -> 1
524,5,524 -> 1
525,5,525 -> 1
526,5,526 -> 1
527,5,527 -> 1
528,5,528 -> 1
529,5,529 -> 1
530,5,530 -> 1
531,5,531 -> 1
532,5,532 -> 1
533,5,533 -> 1
534,5,534 -> 1
535,5,535 -> 1
536,5,536 -> 1
537,5,537 -> 1
538,5,538 -> 1
539,5,539 -> 1
540,5,540 -> 1
541,5,541 -> 1
542,5,542 -> 1
543,5,543 -> 1
544,5,544 -> 1
545,5,545 -> 1
546,5,546 -> 1
547,5,547 -> 1
548,5,548 -> 1
549,5,549 -> 1
550,5,550 -> 1
551,5,551 -> 1
552,5,552 -> 1
553,5,553 -> 1
554,5,554 -> 1
555,5,555 -> 1
556,5,556 -> 1
557,5,557 -> 1
558,5,558 -> 1
559,5,559 -> 1
560,5,560 -> 1
561,5,561 -> 1
562,5,562 -> 1
563,5,563 -> 1
564,5,564 -> 1
565,5,565 -> 1
566,5,566 -> 1
567,5,567 -> 1
568,5,568 -> 1
569,5,569 -> 1
570,5,570 -> 1
571,5,571 -> 1
572,5,572 -> 1
573,5,573 -> 1
574,5,574 -> 1
575,5,575 -> 1
576,5,576 -> 1
577,5,577 -> 1
578,5,578 -> 1
579,5,579 -> 1
580,5,580 -> 1
581,5,581 -> 1
582,5,582 -> 1
583,5,583 -> 1
584,5,584 -> 1
585,5,585 -> 1
586,5,586 -> 1
587,5,587 -> 1
588,5,588 -> 1
589,5,589 -> 1
590,5,590 -> 1
591,5,591 -> 1
592,5,592 -> 1
593,5,593 -> 1
594,5,594 -> 1
595,5,595 -> 1
596,5,596 -> 1
597,5,597 -> 1
598,5,598 -> 1
599,5,599 -> 1
600,5,600 -> 1
601,5,601 -> 1
602,5,602 -> 1
603,5,603 -> 1
604,5,604 -> 1
605,5,605 -> 1
606,5,606 -> 1
607,5,607 -> 1
608,5,608 -> 1
609,5,609 -> 1
610,5,610 -> 1
611,5,611 -> 1
612,5,612 -> 1
613,5,613 -> 1
614,5,614 -> 1
615,5,615 -> 1
616,5,616 -> 1
617,5,617 -> 1
618,5,618 -> 1
619,5,619 -> 1
620,5,620 -> 1
621,5,621 -> 1
622,5,622 -> 1
623,5,623 -> 1
624,5,624 -> 1
625,5,625 -> 1
626,5,626 -> 1
627,5,627 -> 1
628,5,628 -> 1
629,5,629 -> 1
630,5,630 -> 1
631,5,631 -> 1
632,5,632 -> 1
633,5,633 -> 1
634,5,634 -> 1
508,6,508 -> 1
509,6,509 -> 1
510,6,510 -> 1
511,6,511 -> 1
512,6,512 -> 1
513,6,513 -> 1
514,6,514 -> 1
515,6,515 -> 1
516,6,516 -> 1
517,6,517 -> 1
518,6,518 -> 1
519,6,519 -> 1
520,6,520 -> 1
521,6,521 -> 1
522,6,522 -> 1
523,6,523 -> 1
524,6,524 -> 1
525,6,525 -> 1
526,6,526 -> 1
527,6,527 -> 1
528,6,528 -> 1
529,6,529 -> 1
530,6,530 -> 1
531,6,531 -> 1
532,6,532 -> 1
533,6,533 -> 1
534,6,534 -> 1
535,6,535 -> 1
536,6,536 -> 1
537,6,537 -> 1
538,6,538 -> 1
539,6,539 -> 1
540,6,540 -> 1
541,6,541 -> 1
542,6,542 -> 1
543,6,543 -> 1
544,6,544 -> 1
545,6,545 -> 1
546,6,546 -> 1
547,6,547 -> 1
548,6,548 -> 1
549,6,549 -> 1
550,6,550 -> 1
551,6,551 -> 1
552,6,552 -> 1
553,6,553 -> 1
554,6,554 -> 1
555,6,555 -> 1
556,6,556 -> 1
557,6,557 -> 1
558,6,558 -> 1
559,6,559 -> 1
560,6,560 -> 1
561,6,561 -> 1
562,6,562 -> 1
563,6,563 -> 1
564,6,564 -> 1
565,6,565 -> 1
566,6,566 -> 1
567,6,567 -> 1
568,6,568 -> 1
569,6,569 -> 1
570,6,570 -> 1
571,6,571 -> 1
572,6,572 -> 1
573,6,573 -> 1
574,6,574 -> 1
575,6,575 -> 1
576,6,576 -> 1
577,6,577 -> 1
578,6,578 -> 1
579,6,579 -> 1
580,6,580 -> 1
581,6,581 -> 1
582,6,582 -> 1
583,6,583 -> 1
584,6,584 -> 1
585,6,585 -> 1
586,6,586 -> 1
587,6,587 -> 1
588,6,588 -> 1
589,6,589 -> 1
590,6,590 -> 1
591,6,591 -> 1
592,6,592 -> 1
593,6,593 -> 1
594,6,594 -> 1
595,6,595 -> 1
596,6,596 -> 1
597,6,597 -> 1
598,6,598 -> 1
599,6,599 -> 1
600,6,600 -> 1
601,6,601 -> 1
602,6,602 -> 1
603,6,603 -> 1
604,6,604 -> 1
605,6,605 -> 1
606,6,606 -> 1
607,6,607 -> 1
608,6,608 -> 1
609,6,609 -> 1
610,6,610 -> 1
611,6,611 -> 1
612,6,612 -> 1
613,6,613 -> 1
614,6,614 -> 1
615,6,615 -> 1
616,6,616 -> 1
617,6,617 -> 1
618,6,618 -> 1
619,6,619 -> 1
620,6,620 -> 1
621,6,621 -> 1
622,6,622 -> 1
623,6,623 -> 1
624,6,624 -> 1
625,6,625 -> 1
626,6,626 -> 1
627,6,627 -> 1
628,6,628 -> 1
629,6,629 -> 1
630,6,630 -> 1
631,6,631 -> 1
632,6,632 -> 1
633,6,633 -> 1
634,6,634 -> 1
508,7,508 -> 1
509,7,509 -> 1
510,7,510 -> 1
511,7,511 -> 1
512,7,512 -> 1
513,7,513 -> 1
514,7,514 -> 1
515,7,515 -> 1
516,7,516 -> 1
517,7,517 -> 1
518,7,518 -> 1
519,7,519 -> 1
520,7,520 -> 1
521,7,521 -> 1
522,7,522 -> 1
523,7,523 -> 1
524,7,524 -> 1
525,7,525 -> 1
526,7,526 -> 1
527,7,527 -> 1
528,7,528 -> 1
529,7,529 -> 1
530,7,530 -> 1
531,7,531 -> 1
532,7,532 -> 1
533,7,533 -> 1
534,7,534 -> 1
535,7,535 -> 1
536,7,536 -> 1
537,7,537 -> 1
538,7,538 -> 1
539,7,539 -> 1
540,7,540 -> 1
541,7,541 -> 1
542,7,542 -> 1
543,7,543 -> 1
544,7,544 -> 1
545,7,545 -> 1
546,7,546 -> 1
547,7,547 -> 1
548,7,548 -> 1
549,7,549 -> 1
550,7,550 -> 1
551,7,551 -> 1
552,7,552 -> 1
553,7,553 -> 1
554,7,554 -> 1
555,7,555 -> 1
556,7,556 -> 1
557,7,557 -> 1
558,7,558 -> 1
559,7,559 -> 1
560,7,560 -> 1
561,7,561 -> 1
562,7,562 -> 1
563,7,563 -> 1
564,7,564 -> 1
565,7,565 -> 1
566,7,566 -> 1
567,7,567 -> 1
568,7,568 -> 1
569,7,569 -> 1
570,7,570 -> 1
571,7,571 -> 1
572,7,572 -> 1
573,7,573 -> 1
574,7,574 -> 1
575,7,575 -> 1
576,7,576 -> 1
577,7,577 -> 1
578,7,578 -> 1
579,7,579 -> 1
580,7,580 -> 1
581,7,581 -> 1
582,7,582 -> 1
583,7,583 -> 1
584,7,584 -> 1
585,7,585 -> 1
586,7,586 -> 1
587,7,587 -> 1
588,7,588 -> 1
589,7,589 -> 1
590,7,590 -> 1
591,7,591 -> 1
592,7,592 -> 1
593,7,593 -> 1
594,7,594 -> 1
595,7,595 -> 1
596,7,596 -> 1
597,7,597 -> 1
598,7,598 -> 1
599,7,599 -> 1
600,7,600 -> 1
601,7,601 -> 1
602,7,602 -> 1
603,7,603 -> 1
604,7,604 -> 1
605,7,605 -> 1
606,7,606 -> 1
607,7,607 -> 1
608,7,608 -> 1
609,7,609 -> 1
610,7,610 -> 1
611,7,611 -> 1
612,7,612 -> 1
613,7,613 -> 1
614,7,614 -> 1
615,7,615 -> 1
616,7,616 -> 1
617,7,617 -> 1
618,7,618 -> 1
619,7,619 -> 1
620,7,620 -> 1
621,7,621 -> 1
622,7,622 -> 1
623,7,623 -> 1
624,7,624 -> 1
625,7,625 -> 1
626,7,626 -> 1
627,7,627 -> 1
628,7,628 -> 1
629,7,629 -> 1
630,7,630 -> 1
631,7,631 -> 1
632,7,632 -> 1
633,7,633 -> 1
634,7,634 -> 1
508,8,508 -> 1
509,8,509 -> 1
510,8,510 -> 1
511,8,511 -> 1
512,8,512 -> 1
513,8,513 -> 1
514,8,514 -> 1
515,8,515 -> 1
516,8,516 -> 1
517,8,517 -> 1
518,8,518 -> 1
519,8,519 -> 1
520,8,520 -> 1
521,8,521 -> 1
522,8,522 -> 1
523,8,523 -> 1
524,8,524 -> 1
525,8,525 -> 1
526,8,526 -> 1
527,8,527 -> 1
528,8,528 -> 1
529,8,529 -> 1
530,8,530 -> 1
531,8,531 -> 1
532,8,532 -> 1
533,8,533 -> 1
534,8,534 -> 1
535,8,535 -> 1
536,8,536 -> 1
537,8,537 -> 1
538,8,538 -> 1
539,8,539 -> 1
540,8,540 -> 1
541,8,541 -> 1
542,8,542 -> 1
543,8,543 -> 1
544,8,544 -> 1
545,8,545 -> 1
546,8,546 -> 1
547,8,547 -> 1
548,8,548 -> 1
549,8,549 -> 1
550,8,550 -> 1
551,8,551 -> 1
552,8,552 -> 1
553,8,553 -> 1
554,8,554 -> 1
555,8,555 -> 1
556,8,556 -> 1
557,8,557 -> 1
558,8,558 -> 1
559,8,559 -> 1
560,8,560 -> 1
561,8,561 -> 1
562,8,562 -> 1
563,8,563 -> 1
564,8,564 -> 1
565,8,565 -> 1
566,8,566 -> 1
567,8,567 -> 1
568,8,568 -> 1
569,8,569 -> 1
570,8,570 -> 1
571,8,571 -> 1
572,8,572 -> 1
573,8,573 -> 1
574,8,574 -> 1
575,8,575 -> 1
576,8,576 -> 1
577,8,577 -> 1
578,8,578 -> 1
579,8,579 -> 1
580,8,580 -> 1
581,8,581 -> 1
582,8,582 -> 1
583,8,583 -> 1
584,8,584 -> 1
585,8,585 -> 1
586,8,586 -> 1
587,8,587 -> 1
588,8,588 -> 1
589,8,589 -> 1
590,8,590 -> 1
591,8,591 -> 1
592,8,592 -> 1
593,8,593 -> 1
594,8,594 -> 1
595,8,595 -> 1
596,8,596 -> 1
597,8,597 -> 1
598,8,598 -> 1
599,8,599 -> 1
600,8,600 -> 1
601,8,601 -> 1
602,8,602 -> 1
603,8,603 -> 1
604,8,604 -> 1
605,8,605 -> 1
606,8,606 -> 1
607,8,607 -> 1
608,8,608 -> 1
609,8,609 -> 1
610,8,610 -> 1
611,8,611 -> 1
612,8,612 -> 1
613,8,613 -> 1
614,8,614 -> 1
615,8,615 -> 1
616,8,616 -> 1
617,8,617 -> 1
618,8,618 -> 1
619,8,619 -> 1
620,8,620 -> 1
621,8,621 -> 1
622,8,622 -> 1
623,8,623 -> 1
624,8,624 -> 1
625,8,625 -> 1
626,8,626 -> 1
627,8,627 -> 1
628,8,628 -> 1
629,8,629 -> 1
630,8,630 -> 1
631,8,631 -> 1
632,8,632 -> 1
633,8,633 -> 1
634,8,634 -> 1
508,9,508 -> 1
509,9,509 -> 1
510,9,510 -> 1
511,9,511 -> 1
512,9,512 -> 1
513,9,513 -> 1
514,9,514 -> 1
515,9,515 -> 1
516,9,516 -> 1
517,9,517 -> 1
518,9,518 -> 1
519,9,519 -> 1
520,9,520 -> 1
521,9,521 -> 1
522,9,522 -> 1
523,9,523 -> 1
524,9,524 -> 1
525,9,525 -> 1
526,9,526 -> 1
527,9,527 -> 1
528,9,528 -> 1
529,9,529 -> 1
530,9,530 -> 1
531,9,531 -> 1
532,9,532 -> 1
533,9,533 -> 1
534,9,534 -> 1
535,9,535 -> 1
536,9,536 -> 1
537,9,537 -> 1
538,9,538 -> 1
539,9,539 -> 1
540,9,540 -> 1
541,9,541 -> 1
542,9,542 -> 1
543,9,543 -> 1
544,9,544 -> 1
545,9,545 -> 1
546,9,546 -> 1
547,9,547 -> 1
548,9,548 -> 1
549,9,549 -> 1
550,9,550 -> 1
551,9,551 -> 1
552,9,552 -> 1
553,9,553 -> 1
554,9,554 -> 1
555,9,555 -> 1
556,9,556 -> 1
557,9,557 -> 1
558,9,558 -> 1
559,9,559 -> 1
560,9,560 -> 1
561,9,561 -> 1
562,9,562 -> 1
563,9,563 -> 1
564,9,564 -> 1
565,9,565 -> 1
566,9,566 -> 1
567,9,567 -> 1
568,9,568 -> 1
569,9,569 -> 1
570,9,570 -> 1
571,9,571 -> 1
572,9,572 -> 1
573,9,573 -> 1
574,9,574 -> 1
575,9,575 -> 1
576,9,576 -> 1
577,9,577 -> 1
578,9,578 -> 1
579,9,579 -> 1
580,9,580 -> 1
581,9,581 -> 1
582,9,582 -> 1
583,9,583 -> 1
584,9,584 -> 1
585,9,585 -> 1
586,9,586 -> 1
587,9,587 -> 1
588,9,588 -> 1
589,9,589 -> 1
590,9,590 -> 1
591,9,591 -> 1
592,9,592 -> 1
593,9,593 -> 1
594,9,594 -> 1
595,9,595 -> 1
596,9,596 -> 1
597,9,597 -> 1
598,9,598 -> 1
599,9,599 -> 1
600,9,600 -> 1
601,9,601 -> 1
602,9,602 -> 1
603,9,603 -> 1
604,9,604 -> 1
605,9,605 -> 1
606,9,606 -> 1
607,9,607 -> 1
608,9,608 -> 1
609,9,609 -> 1
610,9,610 -> 1
611,9,611 -> 1
612,9,612 -> 1
613,9,613 -> 1
614,9,614 -> 1
615,9,615 -> 1
616,9,616 -> 1
617,9,617 -> 1
618,9,618 -> 1
619,9,619 -> 1
620,9,620 -> 1
621,9,621 -> 1
622,9,622 -> 1
623,9,623 -> 1
624,9,624 -> 1
625,9,625 -> 1
626,9,626 -> 1
627,9,627 -> 1
628,9,628 -> 1
629,9,629 -> 1
630,9,630 -> 1
631,9,631 -> 1
632,9,632 -> 1
633,9,633 -> 1
634,9,634 -> 1
508,10,508 -> 1
509,10,509 -> 1
510,10,510 -> 1
511,10,511 -> 1
512,10,512 -> 1
513,10,513 -> 1
514,10,514 -> 1
515,10,515 -> 1
516,10,516 -> 1
517,10,517 -> 1
518,10,518 -> 1
519,10,519 -> 1
520,10,520 -> 1
521,10,521 -> 1
522,10,522 -> 1
523,10,523 -> 1
524,10,524 -> 1
525,10,525 -> 1
526,10,526 -> 1
527,10,527 -> 1
528,10,528 -> 1
529,10,529 -> 1
530,10,530 -> 1
531,10,531 -> 1
532,10,532 -> 1
533,10,533 -> 1
534,10,534 -> 1
535,10,535 -> 1
536,10,536 -> 1
537,10,537 -> 1
538,10,538 -> 1
539,10,539 -> 1
540,10,540 -> 1
541,10,541 -> 1
542,10,542 -> 1
543,10,543 -> 1
544,10,544 -> 1
545,10,545 -> 1
546,10,546 -> 1
547,10,547 -> 1
548,10,548 -> 1
549,10,549 -> 1
550,10,550 -> 1
551,10,551 -> 1
552,10,552 -> 1
553,10,553 -> 1
554,10,554 -> 1
555,10,555 -> 1
556,10,556 -> 1
557,10,557 -> 1
558,10,558 -> 1
559,10,559 -> 1
560,10,560 -> 1
561,10,561 -> 1
562,10,562 -> 1
563,10,563 -> 1
564,10,564 -> 1
565,10,565 -> 1
566,10,566 -> 1
567,10,567 -> 1
568,10,568 -> 1
569,10,569 -> 1
570,10,570 -> 1
571,10,571 -> 1
572,10,572 -> 1
573,10,573 -> 1
574,10,574 -> 1
575,10,575 -> 1
576,10,576 -> 1
577,10,577 -> 1
578,10,578 -> 1
579,10,579 -> 1
580,10,580 -> 1
581,10,581 -> 1
582,10,582 -> 1
583,10,583 -> 1
584,10,584 -> 1
585,10,585 -> 1
586,10,586 -> 1
587,10,587 -> 1
588,10,588 -> 1
589,10,589 -> 1
590,10,590 -> 1
591,10,591 -> 1
592,10,592 -> 1
593,10,593 -> 1
594,10,594 -> 1
595,10,595 -> 1
596,10,596 -> 1
597,10,597 -> 1
598,10,598 -> 1
599,10,599 -> 1
600,10,600 -> 1
601,10,601 -> 1
602,10,602 -> 1
603,10,603 -> 1
604,10,604 -> 1
605,10,605 -> 1
606,10,606 -> 1
607,10,607 -> 1
608,10,608 -> 1
609,10,609 -> 1
610,10,610 -> 1
611,10,611 -> 1
612,10,612 -> 1
613,10,613 -> 1
614,10,614 -> 1
615,10,615 -> 1
616,10,616 -> 1
617,10,617 -> 1
618,10,618 -> 1
619,10,619 -> 1
620,10,620 -> 1
621,10,621 -> 1
622,10,622 -> 1
623,10,623 -> 1
624,10,624 -> 1
625,10,625 -> 1
626,10,626 -> 1
627,10,627 -> 1
628,10,628 -> 1
629,10,629 -> 1
630,10,630 -> 1
631,10,631 -> 1
632,10,632 -> 1
633,10,633 -> 1
634,10,634 -> 1
508,11,508 -> 1
509,11,509 -> 1
510,11,510 -> 1
511,11,511 -> 1
512,11,512 -> 1
513,11,513 -> 1
514,11,514 -> 1
515,11,515 -> 1
516,11,516 -> 1
517,11,517 -> 1
518,11,518 -> 1
519,11,519 -> 1
520,11,520 -> 1
521,11,521 -> 1
522,11,522 -> 1
523,11,523 -> 1
524,11,524 -> 1
525,11,525 -> 1
526,11,526 -> 1
527,11,527 -> 1
528,11,528 -> 1
529,11,529 -> 1
530,11,530 -> 1
531,11,531 -> 1
532,11,532 -> 1
533,11,533 -> 1
534,11,534 -> 1
535,11,535 -> 1
536,11,536 -> 1
537,11,537 -> 1
538,11,538 -> 1
539,11,539 -> 1
540,11,540 -> 1
541,11,541 -> 1
542,11,542 -> 1
543,11,543 -> 1
544,11,544 -> 1
545,11,545 -> 1
546,11,546 -> 1
547,11,547 -> 1
548,11,548 -> 1
549,11,549 -> 1
550,11,550 -> 1
551,11,551 -> 1
552,11,552 -> 1
553,11,553 -> 1
554,11,554 -> 1
555,11,555 -> 1
556,11,556 -> 1
557,11,557 -> 1
558,11,558 -> 1
559,11,559 -> 1
560,11,560 -> 1
561,11,561 -> 1
562,11,562 -> 1
563,11,563 -> 1
564,11,564 -> 1
565,11,565 -> 1
566,11,566 -> 1
567,11,567 -> 1
568,11,568 -> 1
569,11,569 -> 1
570,11,570 -> 1
571,11,571 -> 1
572,11,572 -> 1
573,11,573 -> 1
574,11,574 -> 1
575,11,575 -> 1
576,11,576 -> 1
577,11,577 -> 1
578,11,578 -> 1
579,11,579 -> 1
580,11,580 -> 1
581,11,581 -> 1
582,11,582 -> 1
583,11,583 -> 1
584,11,584 -> 1
585,11,585 -> 1
586,11,586 -> 1
587,11,587 -> 1
588,11,588 -> 1
589,11,589 -> 1
590,11,590 -> 1
591,11,591 -> 1
592,11,592 -> 1
593,11,593 -> 1
594,11,594 -> 1
595,11,595 -> 1
596,11,596 -> 1
597,11,597 -> 1
598,11,598 -> 1
599,11,599 -> 1
600,11,600 -> 1
601,11,601 -> 1
602,11,602 -> 1
603,11,603 -> 1
604,11,604 -> 1
605,11,605 -> 1
606,11,606 -> 1
607,11,607 -> 1
608,11,608 -> 1
609,11,609 -> 1
610,11,610 -> 1
611,11,611 -> 1
612,11,612 -> 1
613,11,613 -> 1
614,11,614 -> 1
615,11,615 -> 1
616,11,616 -> 1
617,11,617 -> 1
618,11,618 -> 1
619,11,619 -> 1
620,11,620 -> 1
621,11,621 -> 1
622,11,622 -> 1
623,11,623 -> 1
624,11,624 -> 1
625,11,625 -> 1
626,11,626 -> 1
627,11,627 -> 1
628,11,628 -> 1
629,11,629 -> 1
630,11,630 -> 1
631,11,631 -> 1
632,11,632 -> 1
633,11,633 -> 1
634,11,634 -> 1
635,0,1016 -> 1
635,1,254 -> 1
635,2,1143 -> 1
635,3,508 -> 1
636,0,1017 -> 1
636,1,255 -> 1
636,2,1143 -> 1
636,3,509 -> 1
637,0,1018 -> 1
637,1,256 -> 1
637,2,1143 -> 1
637,3,510 -> 1
638,0,1019 -> 1
638,1,257 -> 1
638,2,1143 -> 1
638,3,511 -> 1
639,0,1020 -> 1
639,1,258 -> 1
639,2,1143 -> 1
639,3,512 -> 1
640,0,1021 -> 1
640,1,259 -> 1
640,2,1143 -> 1
640,3,513 -> 1
641,0,1022 -> 1
641,1,260 -> 1
641,2,1143 -> 1
641,3,514 -> 1
642,0,1023 -> 1
642,1,261 -> 1
642,2,1143 -> 1
642,3,515 -> 1
643,0,1024 -> 1
643,1,262 -> 1
643,2,1143 -> 1
643,3,516 -> 1
644,0,1025 -> 1
644,1,263 -> 1
644,2,1143 -> 1
644,3,517 -> 1
645,0,1026 -> 1
645,1,264 -> 1
645,2,1143 -> 1
645,3,518 -> 1
646,0,1027 -> 1
646,1,265 -> 1
646,2,1143 -> 1
646,3,519 -> 1
647,0,1028 -> 1
647,1,266 -> 1
647,2,1143 -> 1
647,3,520 -> 1
648,0,1029 -> 1
648,1,267 -> 1
648,2,1143 -> 1
648,3,521 -> 1
649,0,1030 -> 1
649,1,268 -> 1
649,2,1143 -> 1
649,3,522 -> 1
650,0,1031 -> 1
650,1,269 -> 1
650,2,1143 -> 1
650,3,523 -> 1
651,0,1032 -> 1
651,1,270 -> 1
651,2,1143 -> 1
651,3,524 -> 1
652,0,1033 -> 1
652,1,271 -> 1
652,2,1143 -> 1
652,3,525 -> 1
653,0,1034 -> 1
653,1,272 -> 1
653,2,1143 -> 1
653,3,526 -> 1
654,0,1035 -> 1
654,1,273 -> 1
654,2,1143 -> 1
654,3,527 -> 1
655,0,1036 -> 1
655,1,274 -> 1
655,2,1143 -> 1
655,3,528 -> 1
656,0,1037 -> 1
656,1,275 -> 1
656,2,1143 -> 1
656,3,529 -> 1
657,0,1038 -> 1
657,1,276 -> 1
657,2,1143 -> 1
657,3,530 -> 1
658,0,1039 -> 1
658,1,277 -> 1
658,2,1143 -> 1
658,3,531 -> 1
659,0,1040 -> 1
659,1,278 -> 1
659,2,1143 -> 1
659,3,532 -> 1
660,0,1041 -> 1
660,1,279 -> 1
660,2,1143 -> 1
660,3,533 -> 1
661,0,1042 -> 1
661,1,280 -> 1
661,2,1143 -> 1
661,3,534 -> 1
662,0,1043 -> 1
662,1,281 -> 1
662,2,1143 -> 1
662,3,535 -> 1
663,0,1044 -> 1
663,1,282 -> 1
663,2,1143 -> 1
663,3,536 -> 1
664,0,1045 -> 1
664,1,283 -> 1
664,2,1143 -> 1
664,3,537 -> 1
665,0,1046 -> 1
665,1,284 -> 1
665,2,1143 -> 1
665,3,538 -> 1
666,0,1047 -> 1
666,1,285 -> 1
666,2,1143 -> 1
666,3,539 -> 1
667,0,1048 -> 1
667,1,286 -> 1
667,2,1143 -> 1
667,3,540 -> 1
668,0,1049 -> 1
668,1,287 -> 1
668,2,1143 -> 1
668,3,541 -> 1
669,0,1050 -> 1
669,1,288 -> 1
669,2,1143 -> 1
669,3,542 -> 1
670,0,1051 -> 1
670,1,289 -> 1
670,2,1143 -> 1
670,3,543 -> 1
671,0,1052 -> 1
671,1,290 -> 1
671,2,1143 -> 1
671,3,544 -> 1
672,0,1053 -> 1
672,1,291 -> 1
672,2,1143 -> 1
672,3,545 -> 1
673,0,1054 -> 1
673,1,292 -> 1
673,2,1143 -> 1
673,3,546 -> 1
674,0,1055 -> 1
674,1,293 -> 1
674,2,1143 -> 1
674,3,547 -> 1
675,0,1056 -> 1
675,1,294 -> 1
675,2,1143 -> 1
675,3,548 -> 1
676,0,1057 -> 1
676,1,295 -> 1
676,2,1143 -> 1
676,3,549 -> 1
677,0,1058 -> 1
677,1,296 -> 1
677,2,1143 -> 1
677,3,550 -> 1
678,0,1059 -> 1
678,1,297 -> 1
678,2,1143 -> 1
678,3,551 -> 1
679,0,1060 -> 1
679,1,298 -> 1
679,2,1143 -> 1
679,3,552 -> 1
680,0,1061 -> 1
680,1,299 -> 1
680,2,1143 -> 1
680,3,553 -> 1
681,0,1062 -> 1
681,1,300 -> 1
681,2,1143 -> 1
681,3,554 -> 1
682,0,1063 -> 1
682,1,301 -> 1
682,2,1143 -> 1
682,3,555 -> 1
683,0,1064 -> 1
683,1,302 -> 1
683,2,1143 -> 1
683,3,556 -> 1
684,0,1065 -> 1
684,1,303 -> 1
684,2,1143 -> 1
684,3,557 -> 1
685,0,1066 -> 1
685,1,304 -> 1
685,2,1143 -> 1
685,3,558 -> 1
686,0,1067 -> 1
686,1,305 -> 1
686,2,1143 -> 1
686,3,559 -> 1
687,0,1068 -> 1
687,1,306 -> 1
687,2,1143 -> 1
687,3,560 -> 1
688,0,1069 -> 1
688,1,307 -> 1
688,2,1143 -> 1
688,3,561 -> 1
689,0,1070 -> 1
689,1,308 -> 1
689,2,1143 -> 1
689,3,562 -> 1
690,0,1071 -> 1
690,1,309 -> 1
690,2,1143 -> 1
690,3,563 -> 1
691,0,1072 -> 1
691,1,310 -> 1
691,2,1143 -> 1
691,3,564 -> 1
692,0,1073 -> 1
692,1,311 -> 1
692,2,1143 -> 1
692,3,565 -> 1
693,0,1074 -> 1
693,1,312 -> 1
693,2,1143 -> 1
693,3,566 -> 1
694,0,1075 -> 1
694,1,313 -> 1
694,2,1143 -> 1
694,3,567 -> 1
695,0,1076 -> 1
695,1,314 -> 1
695,2,1143 -> 1
695,3,568 -> 1
696,0,1077 -> 1
696,1,315 -> 1
696,2,1143 -> 1
696,3,569 -> 1
697,0,1078 -> 1
697,1,316 -> 1
697,2,1143 -> 1
697,3,570 -> 1
698,0,1079 -> 1
698,1,317 -> 1
698,2,1143 -> 1
698,3,571 -> 1
699,0,1080 -> 1
699,1,318 -> 1
699,2,1143 -> 1
699,3,572 -> 1
700,0,1081 -> 1
700,1,319 -> 1
700,2,1143 -> 1
700,3,573 -> 1
701,0,1082 -> 1
701,1,320 -> 1
701,2,1143 -> 1
701,3,574 -> 1
702,0,1083 -> 1
702,1,321 -> 1
702,2,1143 -> 1
702,3,575 -> 1
703,0,1084 -> 1
703,1,322 -> 1
703,2,1143 -> 1
703,3,576 -> 1
704,0,1085 -> 1
704,1,323 -> 1
704,2,1143 -> 1
704,3,577 -> 1
705,0,1086 -> 1
705,1,324 -> 1
705,2,1143 -> 1
705,3,578 -> 1
706,0,1087 -> 1
706,1,325 -> 1
706,2,1143 -> 1
706,3,579 -> 1
707,0,1088 -> 1
707,1,326 -> 1
707,2,1143 -> 1
707,3,580 -> 1
708,0,1089 -> 1
708,1,327 -> 1
708,2,1143 -> 1
708,3,581 -> 1
709,0,1090 -> 1
709,1,328 -> 1
709,2,1143 -> 1
709,3,582 -> 1
710,0,1091 -> 1
710,1,329 -> 1
710,2,1143 -> 1
710,3,583 -> 1
711,0,1092 -> 1
711,1,330 -> 1
711,2,1143 -> 1
711,3,584 -> 1
712,0,1093 -> 1
712,1,331 -> 1
712,2,1143 -> 1
712,3,585 -> 1
713,0,1094 -> 1
713,1,332 -> 1
713,2,1143 -> 1
713,3,586 -> 1
714,0,1095 -> 1
714,1,333 -> 1
714,2,1143 -> 1
714,3,587 -> 1
715,0,1096 -> 1
715,1,334 -> 1
715,2,1143 -> 1
715,3,588 -> 1
716,0,1097 -> 1
716,1,335 -> 1
716,2,1143 -> 1
716,3,589 -> 1
717,0,1098 -> 1
717,1,336 -> 1
717,2,1143 -> 1
717,3,590 -> 1
718,0,1099 -> 1
718,1,337 -> 1
718,2,1143 -> 1
718,3,591 -> 1
719,0,1100 -> 1
719,1,338 -> 1
719,2,1143 -> 1
719,3,592 -> 1
720,0,1101 -> 1
720,1,339 -> 1
720,2,1143 -> 1
720,3,593 -> 1
721,0,1102 -> 1
721,1,340 -> 1
721,2,1143 -> 1
721,3,594 -> 1
722,0,1103 -> 1
722,1,341 -> 1
722,2,1143 -> 1
722,3,595 -> 1
723,0,1104 -> 1
723,1,342 -> 1
723,2,1143 -> 1
723,3,596 -> 1
724,0,1105 -> 1
724,1,343 -> 1
724,2,1143 -> 1
724,3,597 -> 1
725,0,1106 -> 1
725,1,344 -> 1
725,2,1143 -> 1
725,3,598 -> 1
726,0,1107 -> 1
726,1,345 -> 1
726,2,1143 -> 1
726,3,599 -> 1
727,0,1108 -> 1
727,1,346 -> 1
727,2,1143 -> 1
727,3,600 -> 1
728,0,1109 -> 1
728,1,347 -> 1
728,2,1143 -> 1
728,3,601 -> 1
729,0,1110 -> 1
729,1,348 -> 1
729,2,1143 -> 1
729,3,602 -> 1
730,0,1111 -> 1
730,1,349 -> 1
730,2,1143 -> 1
730,3,603 -> 1
731,0,1112 -> 1
731,1,350 -> 1
731,2,1143 -> 1
731,3,604 -> 1
732,0,1113 -> 1
732,1,351 -> 1
732,2,1143 -> 1
732,3,605 -> 1
733,0,1114 -> 1
733,1,352 -> 1
733,2,1143 -> 1
733,3,606 -> 1
734,0,1115 -> 1
734,1,353 -> 1
734,2,1143 -> 1
734,3,607 -> 1
735,0,1116 -> 1
735,1,354 -> 1
735,2,1143 -> 1
735,3,608 -> 1
736,0,1117 -> 1
736,1,355 -> 1
736,2,1143 -> 1
736,3,609 -> 1
737,0,1118 -> 1
737,1,356 -> 1
737,2,1143 -> 1
737,3,610 -> 1
738,0,1119 -> 1
738,1,357 -> 1
738,2,1143 -> 1
738,3,611 -> 1
739,0,1120 -> 1
739,1,358 -> 1
739,2,1143 -> 1
739,3,612 -> 1
740,0,1121 -> 1
740,1,359 -> 1
740,2,1143 -> 1
740,3,613 -> 1
741,0,1122 -> 1
741,1,360 -> 1
741,2,1143 -> 1
741,3,614 -> 1
742,0,1123 -> 1
742,1,361 -> 1
742,2,1143 -> 1
742,3,615 -> 1
743,0,1124 -> 1
743,1,362 -> 1
743,2,1143 -> 1
743,3,616 -> 1
744,0,1125 -> 1
744,1,363 -> 1
744,2,1143 -> 1
744,3,617 -> 1
745,0,1126 -> 1
745,1,364 -> 1
745,2,1143 -> 1
745,3,618 -> 1
746,0,1127 -> 1
746,1,365 -> 1
746,2,1143 -> 1
746,3,619 -> 1
747,0,1128 -> 1
747,1,366 -> 1
747,2,1143 -> 1
747,3,620 -> 1
748,0,1129 -> 1
748,1,367 -> 1
748,2,1143 -> 1
748,3,621 -> 1
749,0,1130 -> 1
749,1,368 -> 1
749,2,1143 -> 1
749,3,622 -> 1
750,0,1131 -> 1
750,1,369 -> 1
750,2,1143 -> 1
750,3,623 -> 1
751,0,1132 -> 1
751,1,370 -> 1
751,2,1143 -> 1
751,3,624 -> 1
752,0,1133 -> 1
752,1,371 -> 1
752,2,1143 -> 1
752,3,625 -> 1
753,0,1134 -> 1
753,1,372 -> 1
753,2,1143 -> 1
753,3,626 -> 1
754,0,1135 -> 1
754,1,373 -> 1
754,2,1143 -> 1
754,3,627 -> 1
755,0,1136 -> 1
755,1,374 -> 1
755,2,1143 -> 1
755,3,628 -> 1
756,0,1137 -> 1
756,1,375 -> 1
756,2,1143 -> 1
756,3,629 -> 1
757,0,1138 -> 1
757,1,376 -> 1
757,2,1143 -> 1
757,3,630 -> 1
758,0,1139 -> 1
758,1,377 -> 1
758,2,1143 -> 1
758,3,631 -> 1
759,0,1140 -> 1
759,1,378 -> 1
759,2,1143 -> 1
759,3,632 -> 1
760,0,1141 -> 1
760,1,379 -> 1
760,2,1143 -> 1
760,3,633 -> 1
761,0,1142 -> 1
761,1,380 -> 1
761,2,1143 -> 1
761,3,634 -> 1
635,4,635 -> 1
636,4,636 -> 1
637,4,637 -> 1
638,4,638 -> 1
639,4,639 -> 1
640,4,640 -> 1
641,4,641 -> 1
642,4,635 -> 1
643,4,643 -> 1
644,4,644 -> 1
645,4,645 -> 1
646,4,646 -> 1
647,4,647 -> 1
648,4,636 -> 1
649,4,649 -> 1
650,4,650 -> 1
651,4,651 -> 1
652,4,652 -> 1
653,4,637 -> 1
654,4,654 -> 1
655,4,655 -> 1
656,4,656 -> 1
657,4,638 -> 1
658,4,658 -> 1
659,4,659 -> 1
660,4,639 -> 1
661,4,661 -> 1
662,4,640 -> 1
663,4,641 -> 1
664,4,664 -> 1
665,4,665 -> 1
666,4,666 -> 1
667,4,667 -> 1
668,4,643 -> 1
669,4,669 -> 1
670,4,670 -> 1
671,4,671 -> 1
672,4,644 -> 1
673,4,673 -> 1
674,4,674 -> 1
675,4,645 -> 1
676,4,676 -> 1
677,4,646 -> 1
678,4,647 -> 1
679,4,679 -> 1
680,4,680 -> 1
681,4,681 -> 1
682,4,649 -> 1
683,4,683 -> 1
684,4,684 -> 1
685,4,650 -> 1
686,4,686 -> 1
687,4,651 -> 1
688,4,652 -> 1
689,4,689 -> 1
690,4,690 -> 1
691,4,654 -> 1
692,4,692 -> 1
693,4,655 -> 1
694,4,656 -> 1
695,4,695 -> 1
696,4,658 -> 1
697,4,659 -> 1
698,4,661 -> 1
699,4,699 -> 1
700,4,700 -> 1
701,4,701 -> 1
702,4,664 -> 1
703,4,703 -> 1
704,4,704 -> 1
705,4,665 -> 1
706,4,706 -> 1
707,4,666 -> 1
708,4,667 -> 1
709,4,709 -> 1
710,4,710 -> 1
711,4,669 -> 1
712,4,712 -> 1
713,4,670 -> 1
714,4,671 -> 1
715,4,715 -> 1
716,4,673 -> 1
717,4,674 -> 1
718,4,676 -> 1
719,4,719 -> 1
720,4,720 -> 1
721,4,679 -> 1
722,4,722 -> 1
723,4,680 -> 1
724,4,681 -> 1
725,4,725 -> 1
726,4,683 -> 1
727,4,684 -> 1
728,4,686 -> 1
729,4,729 -> 1
730,4,689 -> 1
731,4,690 -> 1
732,4,692 -> 1
733,4,695 -> 1
734,4,734 -> 1
735,4,735 -> 1
736,4,699 -> 1
737,4,737 -> 1
738,4,700 -> 1
739,4,701 -> 1
740,4,740 -> 1
741,4,703 -> 1
742,4,704 -> 1
743,4,706 -> 1
744,4,744 -> 1
745,4,709 -> 1
746,4,710 -> 1
747,4,712 -> 1
748,4,715 -> 1
749,4,749 -> 1
750,4,719 -> 1
751,4,720 -> 1
752,4,722 -> 1
753,4,725 -> 1
754,4,729 -> 1
755,4,755 -> 1
756,4,734 -> 1
757,4,735 -> 1
758,4,737 -> 1
759,4,740 -> 1
760,4,744 -> 1
761,4,749 -> 1
635,5,635 -> 1
636,5,636 -> 1
637,5,637 -> 1
638,5,638 -> 1
639,5,639 -> 1
640,5,640 -> 1
641,5,641 -> 1
642,5,642 -> 1
643,5,643 -> 1
644,5,644 -> 1
645,5,645 -> 1
646,5,646 -> 1
647,5,647 -> 1
648,5,648 -> 1
649,5,649 -> 1
650,5,650 -> 1
651,5,651 -> 1
652,5,652 -> 1
653,5,653 -> 1
654,5,654 -> 1
655,5,655 -> 1
656,5,656 -> 1
657,5,657 -> 1
658,5,658 -> 1
659,5,659 -> 1
660,5,660 -> 1
661,5,661 -> 1
662,5,662 -> 1
663,5,663 -> 1
664,5,664 -> 1
665,5,665 -> 1
666,5,666 -> 1
667,5,667 -> 1
668,5,668 -> 1
669,5,669 -> 1
670,5,670 -> 1
671,5,671 -> 1
672,5,672 -> 1
673,5,673 -> 1
674,5,674 -> 1
675,5,675 -> 1
676,5,676 -> 1
677,5,677 -> 1
678,5,678 -> 1
679,5,679 -> 1
680,5,680 -> 1
681,5,681 -> 1
682,5,682 -> 1
683,5,683 -> 1
684,5,684 -> 1
685,5,685 -> 1
686,5,686 -> 1
687,5,687 -> 1
688,5,688 -> 1
689,5,689 -> 1
690,5,690 -> 1
691,5,691 -> 1
692,5,692 -> 1
693,5,693 -> 1
694,5,694 -> 1
695,5,695 -> 1
696,5,696 -> 1
697,5,697 -> 1
698,5,698 -> 1
699,5,699 -> 1
700,5,700 -> 1
701,5,701 -> 1
702,5,702 -> 1
703,5,703 -> 1
704,5,704 -> 1
705,5,705 -> 1
706,5,706 -> 1
707,5,707 -> 1
708,5,708 -> 1
709,5,709 -> 1
710,5,710 -> 1
711,5,711 -> 1
712,5,712 -> 1
713,5,713 -> 1
714,5,714 -> 1
715,5,715 -> 1
716,5,716 -> 1
717,5,717 -> 1
718,5,718 -> 1
719,5,719 -> 1
720,5,720 -> 1
721,5,721 -> 1
722,5,722 -> 1
723,5,723 -> 1
724,5,724 -> 1
725,5,725 -> 1
726,5,726 -> 1
727,5,727 -> 1
728,5,728 -> 1
729,5,729 -> 1
730,5,730 -> 1
731,5,731 -> 1
732,5,732 -> 1
733,5,733 -> 1
734,5,734 -> 1
735,5,735 -> 1
736,5,736 -> 1
737,5,737 -> 1
738,5,738 -> 1
739,5,739 -> 1
740,5,740 -> 1
741,5,741 -> 1
742,5,742 -> 1
743,5,743 -> 1
744,5,744 -> 1
745,5,745 -> 1
746,5,746 -> 1
747,5,747 -> 1
748,5,748 -> 1
749,5,749 -> 1
750,5,750 -> 1
751,5,751 -> 1
752,5,752 -> 1
753,5,753 -> 1
754,5,754 -> 1
755,5,755 -> 1
756,5,756 -> 1
757,5,757 -> 1
758,5,758 -> 1
759,5,759 -> 1
760,5,760 -> 1
761,5,761 -> 1
635,6,635 -> 1
636,6,636 -> 1
637,6,637 -> 1
638,6,638 -> 1
639,6,639 -> 1
640,6,640 -> 1
641,6,641 -> 1
642,6,642 -> 1
643,6,643 -> 1
644,6,644 -> 1
645,6,645 -> 1
646,6,646 -> 1
647,6,647 -> 1
648,6,648 -> 1
649,6,649 -> 1
650,6,650 -> 1
651,6,651 -> 1
652,6,652 -> 1
653,6,653 -> 1
654,6,654 -> 1
655,6,655 -> 1
656,6,656 -> 1
657,6,657 -> 1
658,6,658 -> 1
659,6,659 -> 1
660,6,660 -> 1
661,6,661 -> 1
662,6,662 -> 1
663,6,663 -> 1
664,6,664 -> 1
665,6,665 -> 1
666,6,666 -> 1
667,6,667 -> 1
668,6,668 -> 1
669,6,669 -> 1
670,6,670 -> 1
671,6,671 -> 1
672,6,672 -> 1
673,6,673 -> 1
674,6,674 -> 1
675,6,675 -> 1
676,6,676 -> 1
677,6,677 -> 1
678,6,678 -> 1
679,6,679 -> 1
680,6,680 -> 1
681,6,681 -> 1
682,6,682 -> 1
683,6,683 -> 1
684,6,684 -> 1
685,6,685 -> 1
686,6,686 -> 1
687,6,687 -> 1
688,6,688 -> 1
689,6,689 -> 1
690,6,690 -> 1
691,6,691 -> 1
692,6,692 -> 1
693,6,693 -> 1
694,6,694 -> 1
695,6,695 -> 1
696,6,696 -> 1
697,6,697 -> 1
698,6,698 -> 1
699,6,699 -> 1
700,6,700 -> 1
701,6,701 -> 1
702,6,702 -> 1
703,6,703 -> 1
704,6,704 -> 1
705,6,705 -> 1
706,6,706 -> 1
707,6,707 -> 1
708,6,708 -> 1
709,6,709 -> 1
710,6,710 -> 1
711,6,711 -> 1
712,6,712 -> 1
713,6,713 -> 1
714,6,714 -> 1
715,6,715 -> 1
716,6,716 -> 1
717,6,717 -> 1
718,6,718 -> 1
719,6,719 -> 1
720,6,720 -> 1
721,6,721 -> 1
722,6,722 -> 1
723,6,723 -> 1
724,6,724 -> 1
725,6,725 -> 1
726,6,726 -> 1
727,6,727 -> 1
728,6,728 -> 1
729,6,729 -> 1
730,6,730 -> 1
731,6,731 -> 1
732,6,732 -> 1
733,6,733 -> 1
734,6,734 -> 1
735,6,735 -> 1
736,6,736 -> 1
737,6,737 -> 1
738,6,738 -> 1
739,6,739 -> 1
740,6,740 -> 1
741,6,741 -> 1
742,6,742 -> 1
743,6,743 -> 1
744,6,744 -> 1
745,6,745 -> 1
746,6,746 -> 1
747,6,747 -> 1
748,6,748 -> 1
749,6,749 -> 1
750,6,750 -> 1
751,6,751 -> 1
752,6,752 -> 1
753,6,753 -> 1
754,6,754 -> 1
755,6,755 -> 1
756,6,756 -> 1
757,6,757 -> 1
758,6,758 -> 1
759,6,759 -> 1
760,6,760 -> 1
761,6,761 -> 1
635,7,635 -> 1
636,7,636 -> 1
637,7,637 -> 1
638,7,638 -> 1
639,7,639 -> 1
640,7,640 -> 1
641,7,641 -> 1
642,7,642 -> 1
643,7,643 -> 1
644,7,644 -> 1
645,7,645 -> 1
646,7,646 -> 1
647,7,647 -> 1
648,7,648 -> 1
649,7,649 -> 1
650,7,650 -> 1
651,7,651 -> 1
652,7,652 -> 1
653,7,653 -> 1
654,7,654 -> 1
655,7,655 -> 1
656,7,656 -> 1
657,7,657 -> 1
658,7,658 -> 1
659,7,659 -> 1
660,7,660 -> 1
661,7,661 -> 1
662,7,662 -> 1
663,7,663 -> 1
664,7,664 -> 1
665,7,665 -> 1
666,7,666 -> 1
667,7,667 -> 1
668,7,668 -> 1
669,7,669 -> 1
670,7,670 -> 1
671,7,671 -> 1
672,7,672 -> 1
673,7,673 -> 1
674,7,674 -> 1
675,7,675 -> 1
676,7,676 -> 1
677,7,677 -> 1
678,7,678 -> 1
679,7,679 -> 1
680,7,680 -> 1
681,7,681 -> 1
682,7,682 -> 1
683,7,683 -> 1
684,7,684 -> 1
685,7,685 -> 1
686,7,686 -> 1
687,7,687 -> 1
688,7,688 -> 1
689,7,689 -> 1
690,7,690 -> 1
691,7,691 -> 1
692,7,692 -> 1
693,7,693 -> 1
694,7,694 -> 1
695,7,695 -> 1
696,7,696 -> 1
697,7,697 -> 1
698,7,698 -> 1
699,7,699 -> 1
700,7,700 -> 1
701,7,701 -> 1
702,7,702 -> 1
703,7,703 -> 1
704,7,704 -> 1
705,7,705 -> 1
706,7,706 -> 1
707,7,707 -> 1
708,7,708 -> 1
709,7,709 -> 1
710,7,710 -> 1
711,7,711 -> 1
712,7,712 -> 1
713,7,713 -> 1
714,7,714 -> 1
715,7,715 -> 1
716,7,716 -> 1
717,7,717 -> 1
718,7,718 -> 1
719,7,719 -> 1
720,7,720 -> 1
721,7,721 -> 1
722,7,722 -> 1
723,7,723 -> 1
724,7,724 -> 1
725,7,725 -> 1
726,7,726 -> 1
727,7,727 -> 1
728,7,728 -> 1
729,7,729 -> 1
730,7,730 -> 1
731,7,731 -> 1
732,7,732 -> 1
733,7,733 -> 1
734,7,734 -> 1
735,7,735 -> 1
736,7,736 -> 1
737,7,737 -> 1
738,7,738 -> 1
739,7,739 -> 1
740,7,740 -> 1
741,7,741 -> 1
742,7,742 -> 1
743,7,743 -> 1
744,7,744 -> 1
745,7,745 -> 1
746,7,746 -> 1
747,7,747 -> 1
748,7,748 -> 1
749,7,749 -> 1
750,7,750 -> 1
751,7,751 -> 1
752,7,752 -> 1
753,7,753 -> 1
754,7,754 -> 1
755,7,755 -> 1
756,7,756 -> 1
757,7,757 -> 1
758,7,758 -> 1
759,7,759 -> 1
760,7,760 -> 1
761,7,761 -> 1
635,8,635 -> 1
636,8,636 -> 1
637,8,637 -> 1
638,8,638 -> 1
639,8,639 -> 1
640,8,640 -> 1
641,8,641 -> 1
642,8,642 -> 1
643,8,643 -> 1
644,8,644 -> 1
645,8,645 -> 1
646,8,646 -> 1
647,8,647 -> 1
648,8,648 -> 1
649,8,649 -> 1
650,8,650 -> 1
651,8,651 -> 1
652,8,652 -> 1
653,8,653 -> 1
654,8,654 -> 1
655,8,655 -> 1
656,8,656 -> 1
657,8,657 -> 1
658,8,658 -> 1
659,8,659 -> 1
660,8,660 -> 1
661,8,661 -> 1
662,8,662 -> 1
663,8,663 -> 1
664,8,664 -> 1
665,8,665 -> 1
666,8,666 -> 1
667,8,667 -> 1
668,8,668 -> 1
669,8,669 -> 1
670,8,670 -> 1
671,8,671 -> 1
672,8,672 -> 1
673,8,673 -> 1
674,8,674 -> 1
675,8,675 -> 1
676,8,676 -> 1
677,8,677 -> 1
678,8,678 -> 1
679,8,679 -> 1
680,8,680 -> 1
681,8,681 -> 1
682,8,682 -> 1
683,8,683 -> 1
684,8,684 -> 1
685,8,685 -> 1
686,8,686 -> 1
687,8,687 -> 1
688,8,688 -> 1
689,8,689 -> 1
690,8,690 -> 1
691,8,691 -> 1
692,8,692 -> 1
693,8,693 -> 1
694,8,694 -> 1
695,8,695 -> 1
696,8,696 -> 1
697,8,697 -> 1
698,8,698 -> 1
699,8,699 -> 1
700,8,700 -> 1
701,8,701 -> 1
702,8,702 -> 1
703,8,703 -> 1
704,8,704 -> 1
705,8,705 -> 1
706,8,706 -> 1
707,8,707 -> 1
708,8,708 -> 1
709,8,709 -> 1
710,8,710 -> 1
711,8,711 -> 1
712,8,712 -> 1
713,8,713 -> 1
714,8,714 -> 1
715,8,715 -> 1
716,8,716 -> 1
717,8,717 -> 1
718,8,718 -> 1
719,8,719 -> 1
720,8,720 -> 1
721,8,721 -> 1
722,8,722 -> 1
723,8,723 -> 1
724,8,724 -> 1
725,8,725 -> 1
726,8,726 -> 1
727,8,727 -> 1
728,8,728 -> 1
729,8,729 -> 1
730,8,730 -> 1
731,8,731 -> 1
732,8,732 -> 1
733,8,733 -> 1
734,8,734 -> 1
735,8,735 -> 1
736,8,736 -> 1
737,8,737 -> 1
738,8,738 -> 1
739,8,739 -> 1
740,8,740 -> 1
741,8,741 -> 1
742,8,742 -> 1
743,8,743 -> 1
744,8,744 -> 1
745,8,745 -> 1
746,8,746 -> 1
747,8,747 -> 1
748,8,748 -> 1
749,8,749 -> 1
750,8,750 -> 1
751,8,751 -> 1
752,8,752 -> 1
753,8,753 -> 1
754,8,754 -> 1
755,8,755 -> 1
756,8,756 -> 1
757,8,757 -> 1
758,8,758 -> 1
759,8,759 -> 1
760,8,760 -> 1
761,8,761 -> 1
635,9,635 -> 1
636,9,636 -> 1
637,9,637 -> 1
638,9,638 -> 1
639,9,639 -> 1
640,9,640 -> 1
641,9,641 -> 1
642,9,642 -> 1
643,9,643 -> 1
644,9,644 -> 1
645,9,645 -> 1
646,9,646 -> 1
647,9,647 -> 1
648,9,648 -> 1
649,9,649 -> 1
650,9,650 -> 1
651,9,651 -> 1
652,9,652 -> 1
653,9,653 -> 1
654,9,654 -> 1
655,9,655 -> 1
656,9,656 -> 1
657,9,657 -> 1
658,9,658 -> 1
659,9,659 -> 1
660,9,660 -> 1
661,9,661 -> 1
662,9,662 -> 1
663,9,663 -> 1
664,9,664 -> 1
665,9,665 -> 1
666,9,666 -> 1
667,9,667 -> 1
668,9,668 -> 1
669,9,669 -> 1
670,9,670 -> 1
671,9,671 -> 1
672,9,672 -> 1
673,9,673 -> 1
674,9,674 -> 1
675,9,675 -> 1
676,9,676 -> 1
677,9,677 -> 1
678,9,678 -> 1
679,9,679 -> 1
680,9,680 -> 1
681,9,681 -> 1
682,9,682 -> 1
683,9,683 -> 1
684,9,684 -> 1
685,9,685 -> 1
686,9,686 -> 1
687,9,687 -> 1
688,9,688 -> 1
689,9,689 -> 1
690,9,690 -> 1
691,9,691 -> 1
692,9,692 -> 1
693,9,693 -> 1
694,9,694 -> 1
695,9,695 -> 1
696,9,696 -> 1
697,9,697 -> 1
698,9,698 -> 1
699,9,699 -> 1
700,9,700 -> 1
701,9,701 -> 1
702,9,702 -> 1
703,9,703 -> 1
704,9,704 -> 1
705,9,705 -> 1
706,9,706 -> 1
707,9,707 -> 1
708,9,708 -> 1
709,9,709 -> 1
710,9,710 -> 1
711,9,711 -> 1
712,9,712 -> 1
713,9,713 -> 1
714,9,714 -> 1
715,9,715 -> 1
716,9,716 -> 1
717,9,717 -> 1
718,9,718 -> 1
719,9,719 -> 1
720,9,720 -> 1
721,9,721 -> 1
722,9,722 -> 1
723,9,723 -> 1
724,9,724 -> 1
725,9,725 -> 1
726,9,726 -> 1
727,9,727 -> 1
728,9,728 -> 1
729,9,729 -> 1
730,9,730 -> 1
731,9,731 -> 1
732,9,732 -> 1
733,9,733 -> 1
734,9,734 -> 1
735,9,735 -> 1
736,9,736 -> 1
737,9,737 -> 1
738,9,738 -> 1
739,9,739 -> 1
740,9,740 -> 1
741,9,741 -> 1
742,9,742 -> 1
743,9,743 -> 1
744,9,744 -> 1
745,9,745 -> 1
746,9,746 -> 1
747,9,747 -> 1
748,9,748 -> 1
749,9,749 -> 1
750,9,750 -> 1
751,9,751 -> 1
752,9,752 -> 1
753,9,753 -> 1
754,9,754 -> 1
755,9,755 -> 1
756,9,756 -> 1
757,9,757 -> 1
758,9,758 -> 1
759,9,759 -> 1
760,9,760 -> 1
761,9,761 -> 1
635,10,635 -> 1
636,10,636 -> 1
637,10,637 -> 1
638,10,638 -> 1
639,10,639 -> 1
640,10,640 -> 1
641,10,641 -> 1
642,10,642 -> 1
643,10,643 -> 1
644,10,644 -> 1
645,10,645 -> 1
646,10,646 -> 1
647,10,647 -> 1
648,10,648 -> 1
649,10,649 -> 1
650,10,650 -> 1
651,10,651 -> 1
652,10,652 -> 1
653,10,653 -> 1
654,10,654 -> 1
655,10,655 -> 1
656,10,656 -> 1
657,10,657 -> 1
658,10,658 -> 1
659,10,659 -> 1
660,10,660 -> 1
661,10,661 -> 1
662,10,662 -> 1
663,10,663 -> 1
664,10,664 -> 1
665,10,665 -> 1
666,10,666 -> 1
667,10,667 -> 1
668,10,668 -> 1
669,10,669 -> 1
670,10,670 -> 1
671,10,671 -> 1
672,10,672 -> 1
673,10,673 -> 1
674,10,674 -> 1
675,10,675 -> 1
676,10,676 -> 1
677,10,677 -> 1
678,10,678 -> 1
679,10,679 -> 1
680,10,680 -> 1
681,10,681 -> 1
682,10,682 -> 1
683,10,683 -> 1
684,10,684 -> 1
685,10,685 -> 1
686,10,686 -> 1
687,10,687 -> 1
688,10,688 -> 1
689,10,689 -> 1
690,10,690 -> 1
691,10,691 -> 1
692,10,692 -> 1
693,10,693 -> 1
694,10,694 -> 1
695,10,695 -> 1
696,10,696 -> 1
697,10,697 -> 1
698,10,698 -> 1
699,10,699 -> 1
700,10,700 -> 1
701,10,701 -> 1
702,10,702 -> 1
703,10,703 -> 1
704,10,704 -> 1
705,10,705 -> 1
706,10,706 -> 1
707,10,707 -> 1
708,10,708 -> 1
709,10,709 -> 1
710,10,710 -> 1
711,10,711 -> 1
712,10,712 -> 1
713,10,713 -> 1
714,10,714 -> 1
715,10,715 -> 1
716,10,716 -> 1
717,10,717 -> 1
718,10,718 -> 1
719,10,719 -> 1
720,10,720 -> 1
721,10,721 -> 1
722,10,722 -> 1
723,10,723 -> 1
724,10,724 -> 1
725,10,725 -> 1
726,10,726 -> 1
727,10,727 -> 1
728,10,728 -> 1
729,10,729 -> 1
730,10,730 -> 1
731,10,731 -> 1
732,10,732 -> 1
733,10,733 -> 1
734,10,734 -> 1
735,10,735 -> 1
736,10,736 -> 1
737,10,737 -> 1
738,10,738 -> 1
739,10,739 -> 1
740,10,740 -> 1
741,10,741 -> 1
742,10,742 -> 1
743,10,743 -> 1
744,10,744 -> 1
745,10,745 -> 1
746,10,746 -> 1
747,10,747 -> 1
748,10,748 -> 1
749,10,749 -> 1
750,10,750 -> 1
751,10,751 -> 1
752,10,752 -> 1
753,10,753 -> 1
754,10,754 -> 1
755,10,755 -> 1
756,10,756 -> 1
757,10,757 -> 1
758,10,758 -> 1
759,10,759 -> 1
760,10,760 -> 1
761,10,761 -> 1
635,11,635 -> 1
636,11,636 -> 1
637,11,637 -> 1
638,11,638 -> 1
639,11,639 -> 1
640,11,640 -> 1
641,11,641 -> 1
642,11,642 -> 1
643,11,643 -> 1
644,11,644 -> 1
645,11,645 -> 1
646,11,646 -> 1
647,11,647 -> 1
648,11,648 -> 1
649,11,649 -> 1
650,11,650 -> 1
651,11,651 -> 1
652,11,652 -> 1
653,11,653 -> 1
654,11,654 -> 1
655,11,655 -> 1
656,11,656 -> 1
657,11,657 -> 1
658,11,658 -> 1
659,11,659 -> 1
660,11,660 -> 1
661,11,661 -> 1
662,11,662 -> 1
663,11,663 -> 1
664,11,664 -> 1
665,11,665 -> 1
666,11,666 -> 1
667,11,667 -> 1
668,11,668 -> 1
669,11,669 -> 1
670,11,670 -> 1
671,11,671 -> 1
672,11,672 -> 1
673,11,673 -> 1
674,11,674 -> 1
675,11,675 -> 1
676,11,676 -> 1
677,11,677 -> 1
678,11,678 -> 1
679,11,679 -> 1
680,11,680 -> 1
681,11,681 -> 1
682,11,682 -> 1
683,11,683 -> 1
684,11,684 -> 1
685,11,685 -> 1
686,11,686 -> 1
687,11,687 -> 1
688,11,688 -> 1
689,11,689 -> 1
690,11,690 -> 1
691,11,691 -> 1
692,11,692 -> 1
693,11,693 -> 1
694,11,694 -> 1
695,11,695 -> 1
696,11,696 -> 1
697,11,697 -> 1
698,11,698 -> 1
699,11,699 -> 1
700,11,700 -> 1
701,11,701 -> 1
702,11,702 -> 1
703,11,703 -> 1
704,11,704 -> 1
705,11,705 -> 1
706,11,706 -> 1
707,11,707 -> 1
708,11,708 -> 1
709,11,709 -> 1
710,11,710 -> 1
711,11,711 -> 1
712,11,712 -> 1
713,11,713 -> 1
714,11,714 -> 1
715,11,715 -> 1
716,11,716 -> 1
717,11,717 -> 1
718,11,718 -> 1
719,11,719 -> 1
720,11,720 -> 1
721,11,721 -> 1
722,11,722 -> 1
723,11,723 -> 1
724,11,724 -> 1
725,11,725 -> 1
726,11,726 -> 1
727,11,727 -> 1
728,11,728 -> 1
729,11,729 -> 1
730,11,730 -> 1
731,11,731 -> 1
732,11,732 -> 1
733,11,733 -> 1
734,11,734 -> 1
735,11,735 -> 1
736,11,736 -> 1
737,11,737 -> 1
738,11,738 -> 1
739,11,739 -> 1
740,11,740 -> 1
741,11,741 -> 1
742,11,742 -> 1
743,11,743 -> 1
744,11,744 -> 1
745,11,745 -> 1
746,11,746 -> 1
747,11,747 -> 1
748,11,748 -> 1
749,11,749 -> 1
750,11,750 -> 1
751,11,751 -> 1
752,11,752 -> 1
753,11,753 -> 1
754,11,754 -> 1
755,11,755 -> 1
756,11,756 -> 1
757,11,757 -> 1
758,11,758 -> 1
759,11,759 -> 1
760,11,760 -> 1
761,11,761 -> 1
762,0,762 -> 1
762,1,381 -> 1
762,2,889 -> 1
762,3,762 -> 1
763,0,763 -> 1
763,1,382 -> 1
763,2,890 -> 1
763,3,763 -> 1
764,0,764 -> 1
764,1,383 -> 1
764,2,891 -> 1
764,3,764 -> 1
765,0,765 -> 1
765,1,384 -> 1
765,2,892 -> 1
765,3,765 -> 1
766,0,766 -> 1
766,1,385 -> 1
766,2,893 -> 1
766,3,766 -> 1
767,0,767 -> 1
767,1,386 -> 1
767,2,894 -> 1
767,3,767 -> 1
768,0,768 -> 1
768,1,387 -> 1
768,2,895 -> 1
768,3,768 -> 1
769,0,769 -> 1
769,1,388 -> 1
769,2,896 -> 1
769,3,769 -> 1
770,0,770 -> 1
770,1,389 -> 1
770,2,897 -> 1
770,3,770 -> 1
771,0,771 -> 1
771,1,390 -> 1
771,2,898 -> 1
771,3,771 -> 1
772,0,772 -> 1
772,1,391 -> 1
772,2,899 -> 1
772,3,772 -> 1
773,0,773 -> 1
773,1,392 -> 1
773,2,900 -> 1
773,3,773 -> 1
774,0,774 -> 1
774,1,393 -> 1
774,2,901 -> 1
774,3,774 -> 1
775,0,775 -> 1
775,1,394 -> 1
775,2,902 -> 1
775,3,775 -> 1
776,0,776 -> 1
776,1,395 -> 1
776,2,903 -> 1
776,3,776 -> 1
777,0,777 -> 1
777,1,396 -> 1
777,2,904 -> 1
777,3,777 -> 1
778,0,778 -> 1
778,1,397 -> 1
778,2,905 -> 1
778,3,778 -> 1
779,0,779 -> 1
779,1,398 -> 1
779,2,906 -> 1
779,3,779 -> 1
780,0,780 -> 1
780,1,399 -> 1
780,2,907 -> 1
780,3,780 -> 1
781,0,781 -> 1
781,1,400 -> 1
781,2,908 -> 1
781,3,781 -> 1
782,0,782 -> 1
782,1,401 -> 1
782,2,909 -> 1
782,3,782 -> 1
783,0,783 -> 1
783,1,402 -> 1
783,2,910 -> 1
783,3,783 -> 1
784,0,784 -> 1
784,1,403 -> 1
784,2,911 -> 1
784,3,784 -> 1
785,0,785 -> 1
785,1,404 -> 1
785,2,912 -> 1
785,3,785 -> 1
786,0,786 -> 1
786,1,405 -> 1
786,2,913 -> 1
786,3,786 -> 1
787,0,787 -> 1
787,1,406 -> 1
787,2,914 -> 1
787,3,787 -> 1
788,0,788 -> 1
788,1,407 -> 1
788,2,915 -> 1
788,3,788 -> 1
789,0,789 -> 1
789,1,408 -> 1
789,2,916 -> 1
789,3,789 -> 1
790,0,790 -> 1
790,1,409 -> 1
790,2,917 -> 1
790,3,790 -> 1
791,0,791 -> 1
791,1,410 -> 1
791,2,918 -> 1
791,3,791 -> 1
792,0,792 -> 1
792,1,411 -> 1
792,2,919 -> 1
792,3,792 -> 1
793,0,793 -> 1
793,1,412 -> 1
793,2,920 -> 1
793,3,793 -> 1
794,0,794 -> 1
794,1,413 -> 1
794,2,921 -> 1
794,3,794 -> 1
795,0,795 -> 1
795,1,414 -> 1
795,2,922 -> 1
795,3,795 -> 1
796,0,796 -> 1
796,1,415 -> 1
796,2,923 -> 1
796,3,796 -> 1
797,0,797 -> 1
797,1,416 -> 1
797,2,924 -> 1
797,3,797 -> 1
798,0,798 -> 1
798,1,417 -> 1
798,2,925 -> 1
798,3,798 -> 1
799,0,799 -> 1
799,1,418 -> 1
799,2,926 -> 1
799,3,799 -> 1
800,0,800 -> 1
800,1,419 -> 1
800,2,927 -> 1
800,3,800 -> 1
801,0,801 -> 1
801,1,420 -> 1
801,2,928 -> 1
801,3,801 -> 1
802,0,802 -> 1
802,1,421 -> 1
802,2,929 -> 1
802,3,802 -> 1
803,0,803 -> 1
803,1,422 -> 1
803,2,930 -> 1
803,3,803 -> 1
804,0,804 -> 1
804,1,423 -> 1
804,2,931 -> 1
804,3,804 -> 1
805,0,805 -> 1
805,1,424 -> 1
805,2,932 -> 1
805,3,805 -> 1
806,0,806 -> 1
806,1,425 -> 1
806,2,933 -> 1
806,3,806 -> 1
807,0,807 -> 1
807,1,426 -> 1
807,2,934 -> 1
807,3,807 -> 1
808,0,808 -> 1
808,1,427 -> 1
808,2,935 -> 1
808,3,808 -> 1
809,0,809 -> 1
809,1,428 -> 1
809,2,936 -> 1
809,3,809 -> 1
810,0,810 -> 1
810,1,429 -> 1
810,2,937 -> 1
810,3,810 -> 1
811,0,811 -> 1
811,1,430 -> 1
811,2,938 -> 1
811,3,811 -> 1
812,0,812 -> 1
812,1,431 -> 1
812,2,939 -> 1
812,3,812 -> 1
813,0,813 -> 1
813,1,432 -> 1
813,2,940 -> 1
813,3,813 -> 1
814,0,814 -> 1
814,1,433 -> 1
814,2,941 -> 1
814,3,814 -> 1
815,0,815 -> 1
815,1,434 -> 1
815,2,942 -> 1
815,3,815 -> 1
816,0,816 -> 1
816,1,435 -> 1
816,2,943 -> 1
816,3,816 -> 1
817,0,817 -> 1
817,1,436 -> 1
817,2,944 -> 1
817,3,817 -> 1
818,0,818 -> 1
818,1,437 -> 1
818,2,945 -> 1
818,3,818 -> 1
819,0,819 -> 1
819,1,438 -> 1
819,2,946 -> 1
819,3,819 -> 1
820,0,820 -> 1
820,1,439 -> 1
820,2,947 -> 1
820,3,820 -> 1
821,0,821 -> 1
821,1,440 -> 1
821,2,948 -> 1
821,3,821 -> 1
822,0,822 -> 1
822,1,441 -> 1
822,2,949 -> 1
822,3,822 -> 1
823,0,823 -> 1
823,1,442 -> 1
823,2,950 -> 1
823,3,823 -> 1
824,0,824 -> 1
824,1,443 -> 1
824,2,951 -> 1
824,3,824 -> 1
825,0,825 -> 1
825,1,444 -> 1
825,2,952 -> 1
825,3,825 -> 1
826,0,826 -> 1
826,1,445 -> 1
826,2,953 -> 1
826,3,826 -> 1
827,0,827 -> 1
827,1,446 -> 1
827,2,954 -> 1
827,3,827 -> 1
828,0,828 -> 1
828,1,447 -> 1
828,2,955 -> 1
828,3,828 -> 1
829,0,829 -> 1
829,1,448 -> 1
829,2,956 -> 1
829,3,829 -> 1
830,0,830 -> 1
830,1,449 -> 1
830,2,957 -> 1
830,3,830 -> 1
831,0,831 -> 1
831,1,450 -> 1
831,2,958 -> 1
831,3,831 -> 1
832,0,832 -> 1
832,1,451 -> 1
832,2,959 -> 1
832,3,832 -> 1
833,0,833 -> 1
833,1,452 -> 1
833,2,960 -> 1
833,3,833 -> 1
834,0,834 -> 1
834,1,453 -> 1
834,2,961 -> 1
834,3,834 -> 1
835,0,835 -> 1
835,1,454 -> 1
835,2,962 -> 1
835,3,835 -> 1
836,0,836 -> 1
836,1,455 -> 1
836,2,963 -> 1
836,3,836 -> 1
837,0,837 -> 1
837,1,456 -> 1
837,2,964 -> 1
837,3,837 -> 1
838,0,838 -> 1
838,1,457 -> 1
838,2,965 -> 1
838,3,838 -> 1
839,0,839 -> 1
839,1,458 -> 1
839,2,966 -> 1
839,3,839 -> 1
840,0,840 -> 1
840,1,459 -> 1
840,2,967 -> 1
840,3,840 -> 1
841,0,841 -> 1
841,1,460 -> 1
841,2,968 -> 1
841,3,841 -> 1
842,0,842 -> 1
842,1,461 -> 1
842,2,969 -> 1
842,3,842 -> 1
843,0,843 -> 1
843,1,462 -> 1
843,2,970 -> 1
843,3,843 -> 1
844,0,844 -> 1
844,1,463 -> 1
844,2,971 -> 1
844,3,844 -> 1
845,0,845 -> 1
845,1,464 -> 1
845,2,972 -> 1
845,3,845 -> 1
846,0,846 -> 1
846,1,465 -> 1
846,2,973 -> 1
846,3,846 -> 1
847,0,847 -> 1
847,1,466 -> 1
847,2,974 -> 1
847,3,847 -> 1
848,0,848 -> 1
848,1,467 -> 1
848,2,975 -> 1
848,3,848 -> 1
849,0,849 -> 1
849,1,468 -> 1
849,2,976 -> 1
849,3,849 -> 1
850,0,850 -> 1
850,1,469 -> 1
850,2,977 -> 1
850,3,850 -> 1
851,0,851 -> 1
851,1,470 -> 1
851,2,978 -> 1
851,3,851 -> 1
852,0,852 -> 1
852,1,471 -> 1
852,2,979 -> 1
852,3,852 -> 1
853,0,853 -> 1
853,1,472 -> 1
853,2,980 -> 1
853,3,853 -> 1
854,0,854 -> 1
854,1,473 -> 1
854,2,981 -> 1
854,3,854 -> 1
855,0,855 -> 1
855,1,474 -> 1
855,2,982 -> 1
855,3,855 -> 1
856,0,856 -> 1
856,1,475 -> 1
856,2,983 -> 1
856,3,856 -> 1
857,0,857 -> 1
857,1,476 -> 1
857,2,984 -> 1
857,3,857 -> 1
858,0,858 -> 1
858,1,477 -> 1
858,2,985 -> 1
858,3,858 -> 1
859,0,859 -> 1
859,1,478 -> 1
859,2,986 -> 1
859,3,859 -> 1
860,0,860 -> 1
860,1,479 -> 1
860,2,987 -> 1
860,3,860 -> 1
861,0,861 -> 1
861,1,480 -> 1
861,2,988 -> 1
861,3,861 -> 1
862,0,862 -> 1
862,1,481 -> 1
862,2,989 -> 1
862,3,862 -> 1
863,0,863 -> 1
863,1,482 -> 1
863,2,990 -> 1
863,3,863 -> 1
864,0,864 -> 1
864,1,483 -> 1
864,2,991 -> 1
864,3,864 -> 1
865,0,865 -> 1
865,1,484 -> 1
865,2,992 -> 1
865,3,865 -> 1
866,0,866 -> 1
866,1,485 -> 1
866,2,993 -> 1
866,3,866 -> 1
867,0,867 -> 1
867,1,486 -> 1
867,2,994 -> 1
867,3,867 -> 1
868,0,868 -> 1
868,1,487 -> 1
868,2,995 -> 1
868,3,868 -> 1
869,0,869 -> 1
869,1,488 -> 1
869,2,996 -> 1
869,3,869 -> 1
870,0,870 -> 1
870,1,489 -> 1
870,2,997 -> 1
870,3,870 -> 1
871,0,871 -> 1
871,1,490 -> 1
871,2,998 -> 1
871,3,871 -> 1
872,0,872 -> 1
872,1,491 -> 1
872,2,999 -> 1
872,3,872 -> 1
873,0,873 -> 1
873,1,492 -> 1
873,2,1000 -> 1
873,3,873 -> 1
874,0,874 -> 1
874,1,493 -> 1
874,2,1001 -> 1
874,3,874 -> 1
875,0,875 -> 1
875,1,494 -> 1
875,2,1002 -> 1
875,3,875 -> 1
876,0,876 -> 1
876,1,495 -> 1
876,2,1003 -> 1
876,3,876 -> 1
877,0,877 -> 1
877,1,496 -> 1
877,2,1004 -> 1
877,3,877 -> 1
878,0,878 -> 1
878,1,497 -> 1
878,2,1005 -> 1
878,3,878 -> 1
879,0,879 -> 1
879,1,498 -> 1
879,2,1006 -> 1
879,3,879 -> 1
880,0,880 -> 1
880,1,499 -> 1
880,2,1007 -> 1
880,3,880 -> 1
881,0,881 -> 1
881,1,500 -> 1
881,2,1008 -> 1
881,3,881 -> 1
882,0,882 -> 1
882,1,501 -> 1
882,2,1009 -> 1
882,3,882 -> 1
883,0,883 -> 1
883,1,502 -> 1
883,2,1010 -> 1
883,3,883 -> 1
884,0,884 -> 1
884,1,503 -> 1
884,2,1011 -> 1
884,3,884 -> 1
885,0,885 -> 1
885,1,504 -> 1
885,2,1012 -> 1
885,3,885 -> 1
886,0,886 -> 1
886,1,505 -> 1
886,2,1013 -> 1
886,3,886 -> 1
887,0,887 -> 1
887,1,506 -> 1
887,2,1014 -> 1
887,3,887 -> 1
888,0,888 -> 1
888,1,507 -> 1
888,2,1015 -> 1
888,3,888 -> 1
762,4,762 -> 1
763,4,763 -> 1
764,4,764 -> 1
765,4,765 -> 1
766,4,766 -> 1
767,4,767 -> 1
768,4,768 -> 1
769,4,769 -> 1
770,4,770 -> 1
771,4,771 -> 1
772,4,772 -> 1
773,4,773 -> 1
774,4,774 -> 1
775,4,775 -> 1
776,4,776 -> 1
777,4,777 -> 1
778,4,778 -> 1
779,4,779 -> 1
780,4,780 -> 1
781,4,781 -> 1
782,4,782 -> 1
783,4,783 -> 1
784,4,784 -> 1
785,4,785 -> 1
786,4,786 -> 1
787,4,787 -> 1
788,4,788 -> 1
789,4,789 -> 1
790,4,790 -> 1
791,4,791 -> 1
792,4,792 -> 1
793,4,793 -> 1
794,4,794 -> 1
795,4,795 -> 1
796,4,796 -> 1
797,4,797 -> 1
798,4,798 -> 1
799,4,799 -> 1
800,4,800 -> 1
801,4,801 -> 1
802,4,802 -> 1
803,4,803 -> 1
804,4,804 -> 1
805,4,805 -> 1
806,4,806 -> 1
807,4,807 -> 1
808,4,808 -> 1
809,4,809 -> 1
810,4,810 -> 1
811,4,811 -> 1
812,4,812 -> 1
813,4,813 -> 1
814,4,814 -> 1
815,4,815 -> 1
816,4,816 -> 1
817,4,817 -> 1
818,4,818 -> 1
819,4,819 -> 1
820,4,820 -> 1
821,4,821 -> 1
822,4,822 -> 1
823,4,823 -> 1
824,4,824 -> 1
825,4,825 -> 1
826,4,826 -> 1
827,4,827 -> 1
828,4,828 -> 1
829,4,829 -> 1
830,4,830 -> 1
831,4,831 -> 1
832,4,832 -> 1
833,4,833 -> 1
834,4,834 -> 1
835,4,835 -> 1
836,4,836 -> 1
837,4,837 -> 1
838,4,838 -> 1
839,4,839 -> 1
840,4,840 -> 1
841,4,841 -> 1
842,4,842 -> 1
843,4,843 -> 1
844,4,844 -> 1
845,4,845 -> 1
846,4,846 -> 1
847,4,847 -> 1
848,4,848 -> 1
849,4,849 -> 1
850,4,850 -> 1
851,4,851 -> 1
852,4,852 -> 1
853,4,853 -> 1
854,4,854 -> 1
855,4,855 -> 1
856,4,856 -> 1
857,4,857 -> 1
858,4,858 -> 1
859,4,859 -> 1
860,4,860 -> 1
861,4,861 -> 1
862,4,862 -> 1
863,4,863 -> 1
864,4,864 -> 1
865,4,865 -> 1
866,4,866 -> 1
867,4,867 -> 1
868,4,868 -> 1
869,4,869 -> 1
870,4,870 -> 1
871,4,871 -> 1
872,4,872 -> 1
873,4,873 -> 1
874,4,874 -> 1
875,4,875 -> 1
876,4,876 -> 1
877,4,877 -> 1
878,4,878 -> 1
879,4,879 -> 1
880,4,880 -> 1
881,4,881 -> 1
882,4,882 -> 1
883,4,883 -> 1
884,4,884 -> 1
885,4,885 -> 1
886,4,886 -> 1
887,4,887 -> 1
888,4,888 -> 1
762,5,762 -> 1
763,5,763 -> 1
764,5,764 -> 1
765,5,765 -> 1
766,5,766 -> 1
767,5,767 -> 1
768,5,768 -> 1
769,5,769 -> 1
770,5,770 -> 1
771,5,771 -> 1
772,5,772 -> 1
773,5,773 -> 1
774,5,774 -> 1
775,5,775 -> 1
776,5,776 -> 1
777,5,777 -> 1
778,5,778 -> 1
779,5,779 -> 1
780,5,780 -> 1
781,5,781 -> 1
782,5,782 -> 1
783,5,783 -> 1
784,5,784 -> 1
785,5,785 -> 1
786,5,786 -> 1
787,5,787 -> 1
788,5,788 -> 1
789,5,789 -> 1
790,5,790 -> 1
791,5,791 -> 1
792,5,792 -> 1
793,5,793 -> 1
794,5,794 -> 1
795,5,795 -> 1
796,5,796 -> 1
797,5,797 -> 1
798,5,798 -> 1
799,5,799 -> 1
800,5,800 -> 1
801,5,801 -> 1
802,5,802 -> 1
803,5,803 -> 1
804,5,804 -> 1
805,5,805 -> 1
806,5,806 -> 1
807,5,807 -> 1
808,5,808 -> 1
809,5,809 -> 1
810,5,810 -> 1
811,5,811 -> 1
812,5,812 -> 1
813,5,813 -> 1
814,5,814 -> 1
815,5,815 -> 1
816,5,816 -> 1
817,5,817 -> 1
818,5,818 -> 1
819,5,819 -> 1
820,5,820 -> 1
821,5,821 -> 1
822,5,822 -> 1
823,5,823 -> 1
824,5,824 -> 1
825,5,825 -> 1
826,5,826 -> 1
827,5,827 -> 1
828,5,828 -> 1
829,5,829 -> 1
830,5,830 -> 1
831,5,831 -> 1
832,5,832 -> 1
833,5,833 -> 1
834,5,834 -> 1
835,5,835 -> 1
836,5,836 -> 1
837,5,837 -> 1
838,5,838 -> 1
839,5,839 -> 1
840,5,840 -> 1
841,5,841 -> 1
842,5,842 -> 1
843,5,843 -> 1
844,5,844 -> 1
845,5,845 -> 1
846,5,846 -> 1
847,5,847 -> 1
848,5,848 -> 1
849,5,849 -> 1
850,5,850 -> 1
851,5,851 -> 1
852,5,852 -> 1
853,5,853 -> 1
854,5,854 -> 1
855,5,855 -> 1
856,5,856 -> 1
857,5,857 -> 1
858,5,858 -> 1
859,5,859 -> 1
860,5,860 -> 1
861,5,861 -> 1
862,5,862 -> 1
863,5,863 -> 1
864,5,864 -> 1
865,5,865 -> 1
866,5,866 -> 1
867,5,867 -> 1
868,5,868 -> 1
869,5,869 -> 1
870,5,870 -> 1
871,5,871 -> 1
872,5,872 -> 1
873,5,873 -> 1
874,5,874 -> 1
875,5,875 -> 1
876,5,876 -> 1
877,5,877 -> 1
878,5,878 -> 1
879,5,879 -> 1
880,5,880 -> 1
881,5,881 -> 1
882,5,882 -> 1
883,5,883 -> 1
884,5,884 -> 1
885,5,885 -> 1
886,5,886 -> 1
887,5,887 -> 1
888,5,888 -> 1
762,6,762 -> 1
763,6,763 -> 1
764,6,764 -> 1
765,6,765 -> 1
766,6,766 -> 1
767,6,767 -> 1
768,6,768 -> 1
769,6,769 -> 1
770,6,770 -> 1
771,6,771 -> 1
772,6,772 -> 1
773,6,773 -> 1
774,6,774 -> 1
775,6,775 -> 1
776,6,776 -> 1
777,6,777 -> 1
778,6,778 -> 1
779,6,779 -> 1
780,6,780 -> 1
781,6,781 -> 1
782,6,782 -> 1
783,6,783 -> 1
784,6,784 -> 1
785,6,785 -> 1
786,6,786 -> 1
787,6,787 -> 1
788,6,788 -> 1
789,6,789 -> 1
790,6,790 -> 1
791,6,791 -> 1
792,6,792 -> 1
793,6,793 -> 1
794,6,794 -> 1
795,6,795 -> 1
796,6,796 -> 1
797,6,797 -> 1
798,6,798 -> 1
799,6,799 -> 1
800,6,800 -> 1
801,6,801 -> 1
802,6,802 -> 1
803,6,803 -> 1
804,6,804 -> 1
805,6,805 -> 1
806,6,806 -> 1
807,6,807 -> 1
808,6,808 -> 1
809,6,809 -> 1
810,6,810 -> 1
811,6,811 -> 1
812,6,812 -> 1
813,6,813 -> 1
814,6,814 -> 1
815,6,815 -> 1
816,6,816 -> 1
817,6,817 -> 1
818,6,818 -> 1
819,6,819 -> 1
820,6,820 -> 1
821,6,821 -> 1
822,6,822 -> 1
823,6,823 -> 1
824,6,824 -> 1
825,6,825 -> 1
826,6,826 -> 1
827,6,827 -> 1
828,6,828 -> 1
829,6,829 -> 1
830,6,830 -> 1
831,6,831 -> 1
832,6,832 -> 1
833,6,833 -> 1
834,6,834 -> 1
835,6,835 -> 1
836,6,836 -> 1
837,6,837 -> 1
838,6,838 -> 1
839,6,839 -> 1
840,6,840 -> 1
841,6,841 -> 1
842,6,842 -> 1
843,6,843 -> 1
844,6,844 -> 1
845,6,845 -> 1
846,6,846 -> 1
847,6,847 -> 1
848,6,848 -> 1
849,6,849 -> 1
850,6,850 -> 1
851,6,851 -> 1
852,6,852 -> 1
853,6,853 -> 1
854,6,854 -> 1
855,6,855 -> 1
856,6,856 -> 1
857,6,857 -> 1
858,6,858 -> 1
859,6,859 -> 1
860,6,860 -> 1
861,6,861 -> 1
862,6,862 -> 1
863,6,863 -> 1
864,6,864 -> 1
865,6,865 -> 1
866,6,866 -> 1
867,6,867 -> 1
868,6,868 -> 1
869,6,869 -> 1
870,6,870 -> 1
871,6,871 -> 1
872,6,872 -> 1
873,6,873 -> 1
874,6,874 -> 1
875,6,875 -> 1
876,6,876 -> 1
877,6,877 -> 1
878,6,878 -> 1
879,6,879 -> 1
880,6,880 -> 1
881,6,881 -> 1
882,6,882 -> 1
883,6,883 -> 1
884,6,884 -> 1
885,6,885 -> 1
886,6,886 -> 1
887,6,887 -> 1
888,6,888 -> 1
762,7,762 -> 1
763,7,763 -> 1
764,7,764 -> 1
765,7,765 -> 1
766,7,766 -> 1
767,7,767 -> 1
768,7,768 -> 1
769,7,769 -> 1
770,7,770 -> 1
771,7,771 -> 1
772,7,772 -> 1
773,7,773 -> 1
774,7,774 -> 1
775,7,775 -> 1
776,7,776 -> 1
777,7,777 -> 1
778,7,778 -> 1
779,7,779 -> 1
780,7,780 -> 1
781,7,781 -> 1
782,7,782 -> 1
783,7,783 -> 1
784,7,784 -> 1
785,7,785 -> 1
786,7,786 -> 1
787,7,787 -> 1
788,7,788 -> 1
789,7,789 -> 1
790,7,790 -> 1
791,7,791 -> 1
792,7,792 -> 1
793,7,793 -> 1
794,7,794 -> 1
795,7,795 -> 1
796,7,796 -> 1
797,7,797 -> 1
798,7,798 -> 1
799,7,799 -> 1
800,7,800 -> 1
801,7,801 -> 1
802,7,802 -> 1
803,7,803 -> 1
804,7,804 -> 1
805,7,805 -> 1
806,7,806 -> 1
807,7,807 -> 1
808,7,808 -> 1
809,7,809 -> 1
810,7,810 -> 1
811,7,811 -> 1
812,7,812 -> 1
813,7,813 -> 1
814,7,814 -> 1
815,7,815 -> 1
816,7,816 -> 1
817,7,817 -> 1
818,7,818 -> 1
819,7,819 -> 1
820,7,820 -> 1
821,7,821 -> 1
822,7,822 -> 1
823,7,823 -> 1
824,7,824 -> 1
825,7,825 -> 1
826,7,826 -> 1
827,7,827 -> 1
828,7,828 -> 1
829,7,829 -> 1
830,7,830 -> 1
831,7,831 -> 1
832,7,832 -> 1
833,7,833 -> 1
834,7,834 -> 1
835,7,835 -> 1
836,7,836 -> 1
837,7,837 -> 1
838,7,838 -> 1
839,7,839 -> 1
840,7,840 -> 1
841,7,841 -> 1
842,7,842 -> 1
843,7,843 -> 1
844,7,844 -> 1
845,7,845 -> 1
846,7,846 -> 1
847,7,847 -> 1
848,7,848 -> 1
849,7,849 -> 1
850,7,850 -> 1
851,7,851 -> 1
852,7,852 -> 1
853,7,853 -> 1
854,7,854 -> 1
855,7,855 -> 1
856,7,856 -> 1
857,7,857 -> 1
858,7,858 -> 1
859,7,859 -> 1
860,7,860 -> 1
861,7,861 -> 1
862,7,862 -> 1
863,7,863 -> 1
864,7,864 -> 1
865,7,865 -> 1
866,7,866 -> 1
867,7,867 -> 1
868,7,868 -> 1
869,7,869 -> 1
870,7,870 -> 1
871,7,871 -> 1
872,7,872 -> 1
873,7,873 -> 1
874,7,874 -> 1
875,7,875 -> 1
876,7,876 -> 1
877,7,877 -> 1
878,7,878 -> 1
879,7,879 -> 1
880,7,880 -> 1
881,7,881 -> 1
882,7,882 -> 1
883,7,883 -> 1
884,7,884 -> 1
885,7,885 -> 1
886,7,886 -> 1
887,7,887 -> 1
888,7,888 -> 1
762,8,762 -> 1
763,8,763 -> 1
764,8,764 -> 1
765,8,765 -> 1
766,8,766 -> 1
767,8,767 -> 1
768,8,768 -> 1
769,8,769 -> 1
770,8,770 -> 1
771,8,771 -> 1
772,8,772 -> 1
773,8,773 -> 1
774,8,774 -> 1
775,8,775 -> 1
776,8,776 -> 1
777,8,777 -> 1
778,8,778 -> 1
779,8,779 -> 1
780,8,780 -> 1
781,8,781 -> 1
782,8,782 -> 1
783,8,783 -> 1
784,8,784 -> 1
785,8,785 -> 1
786,8,786 -> 1
787,8,787 -> 1
788,8,788 -> 1
789,8,789 -> 1
790,8,790 -> 1
791,8,791 -> 1
792,8,792 -> 1
793,8,793 -> 1
794,8,794 -> 1
795,8,795 -> 1
796,8,796 -> 1
797,8,797 -> 1
798,8,798 -> 1
799,8,799 -> 1
800,8,800 -> 1
801,8,801 -> 1
802,8,802 -> 1
803,8,803 -> 1
804,8,804 -> 1
805,8,805 -> 1
806,8,806 -> 1
807,8,807 -> 1
808,8,808 -> 1
809,8,809 -> 1
810,8,810 -> 1
811,8,811 -> 1
812,8,812 -> 1
813,8,813 -> 1
814,8,814 -> 1
815,8,815 -> 1
816,8,816 -> 1
817,8,817 -> 1
818,8,818 -> 1
819,8,819 -> 1
820,8,820 -> 1
821,8,821 -> 1
822,8,822 -> 1
823,8,823 -> 1
824,8,824 -> 1
825,8,825 -> 1
826,8,826 -> 1
827,8,827 -> 1
828,8,828 -> 1
829,8,829 -> 1
830,8,830 -> 1
831,8,831 -> 1
832,8,832 -> 1
833,8,833 -> 1
834,8,834 -> 1
835,8,835 -> 1
836,8,836 -> 1
837,8,837 -> 1
838,8,838 -> 1
839,8,839 -> 1
840,8,840 -> 1
841,8,841 -> 1
842,8,842 -> 1
843,8,843 -> 1
844,8,844 -> 1
845,8,845 -> 1
846,8,846 -> 1
847,8,847 -> 1
848,8,848 -> 1
849,8,849 -> 1
850,8,850 -> 1
851,8,851 -> 1
852,8,852 -> 1
853,8,853 -> 1
854,8,854 -> 1
855,8,855 -> 1
856,8,856 -> 1
857,8,857 -> 1
858,8,858 -> 1
859,8,859 -> 1
860,8,860 -> 1
861,8,861 -> 1
862,8,862 -> 1
863,8,863 -> 1
864,8,864 -> 1
865,8,865 -> 1
866,8,866 -> 1
867,8,867 -> 1
868,8,868 -> 1
869,8,869 -> 1
870,8,870 -> 1
871,8,871 -> 1
872,8,872 -> 1
873,8,873 -> 1
874,8,874 -> 1
875,8,875 -> 1
876,8,876 -> 1
877,8,877 -> 1
878,8,878 -> 1
879,8,879 -> 1
880,8,880 -> 1
881,8,881 -> 1
882,8,882 -> 1
883,8,883 -> 1
884,8,884 -> 1
885,8,885 -> 1
886,8,886 -> 1
887,8,887 -> 1
888,8,888 -> 1
762,9,762 -> 1
763,9,763 -> 1
764,9,764 -> 1
765,9,765 -> 1
766,9,766 -> 1
767,9,767 -> 1
768,9,768 -> 1
769,9,769 -> 1
770,9,770 -> 1
771,9,771 -> 1
772,9,772 -> 1
773,9,773 -> 1
774,9,774 -> 1
775,9,775 -> 1
776,9,776 -> 1
777,9,777 -> 1
778,9,778 -> 1
779,9,779 -> 1
780,9,780 -> 1
781,9,781 -> 1
782,9,782 -> 1
783,9,783 -> 1
784,9,784 -> 1
785,9,785 -> 1
786,9,786 -> 1
787,9,787 -> 1
788,9,788 -> 1
789,9,789 -> 1
790,9,790 -> 1
791,9,791 -> 1
792,9,792 -> 1
793,9,793 -> 1
794,9,794 -> 1
795,9,795 -> 1
796,9,796 -> 1
797,9,797 -> 1
798,9,798 -> 1
799,9,799 -> 1
800,9,800 -> 1
801,9,801 -> 1
802,9,802 -> 1
803,9,803 -> 1
804,9,804 -> 1
805,9,805 -> 1
806,9,806 -> 1
807,9,807 -> 1
808,9,808 -> 1
809,9,809 -> 1
810,9,810 -> 1
811,9,811 -> 1
812,9,812 -> 1
813,9,813 -> 1
814,9,814 -> 1
815,9,815 -> 1
816,9,816 -> 1
817,9,817 -> 1
818,9,818 -> 1
819,9,819 -> 1
820,9,820 -> 1
821,9,821 -> 1
822,9,822 -> 1
823,9,823 -> 1
824,9,824 -> 1
825,9,825 -> 1
826,9,826 -> 1
827,9,827 -> 1
828,9,828 -> 1
829,9,829 -> 1
830,9,830 -> 1
831,9,831 -> 1
832,9,832 -> 1
833,9,833 -> 1
834,9,834 -> 1
835,9,835 -> 1
836,9,836 -> 1
837,9,837 -> 1
838,9,838 -> 1
839,9,839 -> 1
840,9,840 -> 1
841,9,841 -> 1
842,9,842 -> 1
843,9,843 -> 1
844,9,844 -> 1
845,9,845 -> 1
846,9,846 -> 1
847,9,847 -> 1
848,9,848 -> 1
849,9,849 -> 1
850,9,850 -> 1
851,9,851 -> 1
852,9,852 -> 1
853,9,853 -> 1
854,9,854 -> 1
855,9,855 -> 1
856,9,856 -> 1
857,9,857 -> 1
858,9,858 -> 1
859,9,859 -> 1
860,9,860 -> 1
861,9,861 -> 1
862,9,862 -> 1
863,9,863 -> 1
864,9,864 -> 1
865,9,865 -> 1
866,9,866 -> 1
867,9,867 -> 1
868,9,868 -> 1
869,9,869 -> 1
870,9,870 -> 1
871,9,871 -> 1
872,9,872 -> 1
873,9,873 -> 1
874,9,874 -> 1
875,9,875 -> 1
876,9,876 -> 1
877,9,877 -> 1
878,9,878 -> 1
879,9,879 -> 1
880,9,880 -> 1
881,9,881 -> 1
882,9,882 -> 1
883,9,883 -> 1
884,9,884 -> 1
885,9,885 -> 1
886,9,886 -> 1
887,9,887 -> 1
888,9,888 -> 1
762,10,762 -> 1
763,10,763 -> 1
764,10,764 -> 1
765,10,765 -> 1
766,10,766 -> 1
767,10,767 -> 1
768,10,768 -> 1
769,10,769 -> 1
770,10,770 -> 1
771,10,771 -> 1
772,10,772 -> 1
773,10,773 -> 1
774,10,774 -> 1
775,10,775 -> 1
776,10,776 -> 1
777,10,777 -> 1
778,10,778 -> 1
779,10,779 -> 1
780,10,780 -> 1
781,10,781 -> 1
782,10,782 -> 1
783,10,783 -> 1
784,10,784 -> 1
785,10,785 -> 1
786,10,786 -> 1
787,10,787 -> 1
788,10,788 -> 1
789,10,789 -> 1
790,10,790 -> 1
791,10,791 -> 1
792,10,792 -> 1
793,10,793 -> 1
794,10,794 -> 1
795,10,795 -> 1
796,10,796 -> 1
797,10,797 -> 1
798,10,798 -> 1
799,10,799 -> 1
800,10,800 -> 1
801,10,801 -> 1
802,10,802 -> 1
803,10,803 -> 1
804,10,804 -> 1
805,10,805 -> 1
806,10,806 -> 1
807,10,807 -> 1
808,10,808 -> 1
809,10,809 -> 1
810,10,810 -> 1
811,10,811 -> 1
812,10,812 -> 1
813,10,813 -> 1
814,10,814 -> 1
815,10,815 -> 1
816,10,816 -> 1
817,10,817 -> 1
818,10,818 -> 1
819,10,819 -> 1
820,10,820 -> 1
821,10,821 -> 1
822,10,822 -> 1
823,10,823 -> 1
824,10,824 -> 1
825,10,825 -> 1
826,10,826 -> 1
827,10,827 -> 1
828,10,828 -> 1
829,10,829 -> 1
830,10,830 -> 1
831,10,831 -> 1
832,10,832 -> 1
833,10,833 -> 1
834,10,834 -> 1
835,10,835 -> 1
836,10,836 -> 1
837,10,837 -> 1
838,10,838 -> 1
839,10,839 -> 1
840,10,840 -> 1
841,10,841 -> 1
842,10,842 -> 1
843,10,843 -> 1
844,10,844 -> 1
845,10,845 -> 1
846,10,846 -> 1
847,10,847 -> 1
848,10,848 -> 1
849,10,849 -> 1
850,10,850 -> 1
851,10,851 -> 1
852,10,852 -> 1
853,10,853 -> 1
854,10,854 -> 1
855,10,855 -> 1
856,10,856 -> 1
857,10,857 -> 1
858,10,858 -> 1
859,10,859 -> 1
860,10,860 -> 1
861,10,861 -> 1
862,10,862 -> 1
863,10,863 -> 1
864,10,864 -> 1
865,10,865 -> 1
866,10,866 -> 1
867,10,867 -> 1
868,10,868 -> 1
869,10,869 -> 1
870,10,870 -> 1
871,10,871 -> 1
872,10,872 -> 1
873,10,873 -> 1
874,10,874 -> 1
875,10,875 -> 1
876,10,876 -> 1
877,10,877 -> 1
878,10,878 -> 1
879,10,879 -> 1
880,10,880 -> 1
881,10,881 -> 1
882,10,882 -> 1
883,10,883 -> 1
884,10,884 -> 1
885,10,885 -> 1
886,10,886 -> 1
887,10,887 -> 1
888,10,888 -> 1
762,11,762 -> 1
763,11,763 -> 1
764,11,764 -> 1
765,11,765 -> 1
766,11,766 -> 1
767,11,767 -> 1
768,11,768 -> 1
769,11,769 -> 1
770,11,770 -> 1
771,11,771 -> 1
772,11,772 -> 1
773,11,773 -> 1
774,11,774 -> 1
775,11,775 -> 1
776,11,776 -> 1
777,11,777 -> 1
778,11,778 -> 1
779,11,779 -> 1
780,11,780 -> 1
781,11,781 -> 1
782,11,782 -> 1
783,11,783 -> 1
784,11,784 -> 1
785,11,785 -> 1
786,11,786 -> 1
787,11,787 -> 1
788,11,788 -> 1
789,11,789 -> 1
790,11,790 -> 1
791,11,791 -> 1
792,11,792 -> 1
793,11,793 -> 1
794,11,794 -> 1
795,11,795 -> 1
796,11,796 -> 1
797,11,797 -> 1
798,11,798 -> 1
799,11,799 -> 1
800,11,800 -> 1
801,11,801 -> 1
802,11,802 -> 1
803,11,803 -> 1
804,11,804 -> 1
805,11,805 -> 1
806,11,806 -> 1
807,11,807 -> 1
808,11,808 -> 1
809,11,809 -> 1
810,11,810 -> 1
811,11,811 -> 1
812,11,812 -> 1
813,11,813 -> 1
814,11,814 -> 1
815,11,815 -> 1
816,11,816 -> 1
817,11,817 -> 1
818,11,818 -> 1
819,11,819 -> 1
820,11,820 -> 1
821,11,821 -> 1
822,11,822 -> 1
823,11,823 -> 1
824,11,824 -> 1
825,11,825 -> 1
826,11,826 -> 1
827,11,827 -> 1
828,11,828 -> 1
829,11,829 -> 1
830,11,830 -> 1
831,11,831 -> 1
832,11,832 -> 1
833,11,833 -> 1
834,11,834 -> 1
835,11,835 -> 1
836,11,836 -> 1
837,11,837 -> 1
838,11,838 -> 1
839,11,839 -> 1
840,11,840 -> 1
841,11,841 -> 1
842,11,842 -> 1
843,11,843 -> 1
844,11,844 -> 1
845,11,845 -> 1
846,11,846 -> 1
847,11,847 -> 1
848,11,848 -> 1
849,11,849 -> 1
850,11,850 -> 1
851,11,851 -> 1
852,11,852 -> 1
853,11,853 -> 1
854,11,854 -> 1
855,11,855 -> 1
856,11,856 -> 1
857,11,857 -> 1
858,11,858 -> 1
859,11,859 -> 1
860,11,860 -> 1
861,11,861 -> 1
862,11,862 -> 1
863,11,863 -> 1
864,11,864 -> 1
865,11,865 -> 1
866,11,866 -> 1
867,11,867 -> 1
868,11,868 -> 1
869,11,869 -> 1
870,11,870 -> 1
871,11,871 -> 1
872,11,872 -> 1
873,11,873 -> 1
874,11,874 -> 1
875,11,875 -> 1
876,11,876 -> 1
877,11,877 -> 1
878,11,878 -> 1
879,11,879 -> 1
880,11,880 -> 1
881,11,881 -> 1
882,11,882 -> 1
883,11,883 -> 1
884,11,884 -> 1
885,11,885 -> 1
886,11,886 -> 1
887,11,887 -> 1
888,11,888 -> 1
889,0,889 -> 1
889,1,508 -> 1
889,2,1016 -> 1
889,3,762 -> 1
890,0,890 -> 1
890,1,509 -> 1
890,2,1017 -> 1
890,3,763 -> 1
891,0,891 -> 1
891,1,510 -> 1
891,2,1018 -> 1
891,3,764 -> 1
892,0,892 -> 1
892,1,511 -> 1
892,2,1019 -> 1
892,3,765 -> 1
893,0,893 -> 1
893,1,512 -> 1
893,2,1020 -> 1
893,3,766 -> 1
894,0,894 -> 1
894,1,513 -> 1
894,2,1021 -> 1
894,3,767 -> 1
895,0,895 -> 1
895,1,514 -> 1
895,2,1022 -> 1
895,3,768 -> 1
896,0,896 -> 1
896,1,515 -> 1
896,2,1023 -> 1
896,3,769 -> 1
897,0,897 -> 1
897,1,516 -> 1
897,2,1024 -> 1
897,3,770 -> 1
898,0,898 -> 1
898,1,517 -> 1
898,2,1025 -> 1
898,3,771 -> 1
899,0,899 -> 1
899,1,518 -> 1
899,2,1026 -> 1
899,3,772 -> 1
900,0,900 -> 1
900,1,519 -> 1
900,2,1027 -> 1
900,3,773 -> 1
901,0,901 -> 1
901,1,520 -> 1
901,2,1028 -> 1
901,3,774 -> 1
902,0,902 -> 1
902,1,521 -> 1
902,2,1029 -> 1
902,3,775 -> 1
903,0,903 -> 1
903,1,522 -> 1
903,2,1030 -> 1
903,3,776 -> 1
904,0,904 -> 1
904,1,523 -> 1
904,2,1031 -> 1
904,3,777 -> 1
905,0,905 -> 1
905,1,524 -> 1
905,2,1032 -> 1
905,3,778 -> 1
906,0,906 -> 1
906,1,525 -> 1
906,2,1033 -> 1
906,3,779 -> 1
907,0,907 -> 1
907,1,526 -> 1
907,2,1034 -> 1
907,3,780 -> 1
908,0,908 -> 1
908,1,527 -> 1
908,2,1035 -> 1
908,3,781 -> 1
909,0,909 -> 1
909,1,528 -> 1
909,2,1036 -> 1
909,3,782 -> 1
910,0,910 -> 1
910,1,529 -> 1
910,2,1037 -> 1
910,3,783 -> 1
911,0,911 -> 1
911,1,530 -> 1
911,2,1038 -> 1
911,3,784 -> 1
912,0,912 -> 1
912,1,531 -> 1
912,2,1039 -> 1
912,3,785 -> 1
913,0,913 -> 1
913,1,532 -> 1
913,2,1040 -> 1
913,3,786 -> 1
914,0,914 -> 1
914,1,533 -> 1
914,2,1041 -> 1
914,3,787 -> 1
915,0,915 -> 1
915,1,534 -> 1
915,2,1042 -> 1
915,3,788 -> 1
916,0,916 -> 1
916,1,535 -> 1
916,2,1043 -> 1
916,3,789 -> 1
917,0,917 -> 1
917,1,536 -> 1
917,2,1044 -> 1
917,3,790 -> 1
918,0,918 -> 1
918,1,537 -> 1
918,2,1045 -> 1
918,3,791 -> 1
919,0,919 -> 1
919,1,538 -> 1
919,2,1046 -> 1
919,3,792 -> 1
920,0,920 -> 1
920,1,539 -> 1
920,2,1047 -> 1
920,3,793 -> 1
921,0,921 -> 1
921,1,540 -> 1
921,2,1048 -> 1
921,3,794 -> 1
922,0,922 -> 1
922,1,541 -> 1
922,2,1049 -> 1
922,3,795 -> 1
923,0,923 -> 1
923,1,542 -> 1
923,2,1050 -> 1
923,3,796 -> 1
924,0,924 -> 1
924,1,543 -> 1
924,2,1051 -> 1
924,3,797 -> 1
925,0,925 -> 1
925,1,544 -> 1
925,2,1052 -> 1
925,3,798 -> 1
926,0,926 -> 1
926,1,545 -> 1
926,2,1053 -> 1
926,3,799 -> 1
927,0,927 -> 1
927,1,546 -> 1
927,2,1054 -> 1
927,3,800 -> 1
928,0,928 -> 1
928,1,547 -> 1
928,2,1055 -> 1
928,3,801 -> 1
929,0,929 -> 1
929,1,548 -> 1
929,2,1056 -> 1
929,3,802 -> 1
930,0,930 -> 1
930,1,549 -> 1
930,2,1057 -> 1
930,3,803 -> 1
931,0,931 -> 1
931,1,550 -> 1
931,2,1058 -> 1
931,3,804 -> 1
932,0,932 -> 1
932,1,551 -> 1
932,2,1059 -> 1
932,3,805 -> 1
933,0,933 -> 1
933,1,552 -> 1
933,2,1060 -> 1
933,3,806 -> 1
934,0,934 -> 1
934,1,553 -> 1
934,2,1061 -> 1
934,3,807 -> 1
935,0,935 -> 1
935,1,554 -> 1
935,2,1062 -> 1
935,3,808 -> 1
936,0,936 -> 1
936,1,555 -> 1
936,2,1063 -> 1
936,3,809 -> 1
937,0,937 -> 1
937,1,556 -> 1
937,2,1064 -> 1
937,3,810 -> 1
938,0,938 -> 1
938,1,557 -> 1
938,2,1065 -> 1
938,3,811 -> 1
939,0,939 -> 1
939,1,558 -> 1
939,2,1066 -> 1
939,3,812 -> 1
940,0,940 -> 1
940,1,559 -> 1
940,2,1067 -> 1
940,3,813 -> 1
941,0,941 -> 1
941,1,560 -> 1
941,2,1068 -> 1
941,3,814 -> 1
942,0,942 -> 1
942,1,561 -> 1
942,2,1069 -> 1
942,3,815 -> 1
943,0,943 -> 1
943,1,562 -> 1
943,2,1070 -> 1
943,3,816 -> 1
944,0,944 -> 1
944,1,563 -> 1
944,2,1071 -> 1
944,3,817 -> 1
945,0,945 -> 1
945,1,564 -> 1
945,2,1072 -> 1
945,3,818 -> 1
946,0,946 -> 1
946,1,565 -> 1
946,2,1073 -> 1
946,3,819 -> 1
947,0,947 -> 1
947,1,566 -> 1
947,2,1074 -> 1
947,3,820 -> 1
948,0,948 -> 1
948,1,567 -> 1
948,2,1075 -> 1
948,3,821 -> 1
949,0,949 -> 1
949,1,568 -> 1
949,2,1076 -> 1
949,3,822 -> 1
950,0,950 -> 1
950,1,569 -> 1
950,2,1077 -> 1
950,3,823 -> 1
951,0,951 -> 1
951,1,570 -> 1
951,2,1078 -> 1
951,3,824 -> 1
952,0,952 -> 1
952,1,571 -> 1
952,2,1079 -> 1
952,3,825 -> 1
953,0,953 -> 1
953,1,572 -> 1
953,2,1080 -> 1
953,3,826 -> 1
954,0,954 -> 1
954,1,573 -> 1
954,2,1081 -> 1
954,3,827 -> 1
955,0,955 -> 1
955,1,574 -> 1
955,2,1082 -> 1
955,3,828 -> 1
956,0,956 -> 1
956,1,575 -> 1
956,2,1083 -> 1
956,3,829 -> 1
957,0,957 -> 1
957,1,576 -> 1
957,2,1084 -> 1
957,3,830 -> 1
958,0,958 -> 1
958,1,577 -> 1
958,2,1085 -> 1
958,3,831 -> 1
959,0,959 -> 1
959,1,578 -> 1
959,2,1086 -> 1
959,3,832 -> 1
960,0,960 -> 1
960,1,579 -> 1
960,2,1087 -> 1
960,3,833 -> 1
961,0,961 -> 1
961,1,580 -> 1
961,2,1088 -> 1
961,3,834 -> 1
962,0,962 -> 1
962,1,581 -> 1
962,2,1089 -> 1
962,3,835 -> 1
963,0,963 -> 1
963,1,582 -> 1
963,2,1090 -> 1
963,3,836 -> 1
964,0,964 -> 1
964,1,583 -> 1
964,2,1091 -> 1
964,3,837 -> 1
965,0,965 -> 1
965,1,584 -> 1
965,2,1092 -> 1
965,3,838 -> 1
966,0,966 -> 1
966,1,585 -> 1
966,2,1093 -> 1
966,3,839 -> 1
967,0,967 -> 1
967,1,586 -> 1
967,2,1094 -> 1
967,3,840 -> 1
968,0,968 -> 1
968,1,587 -> 1
968,2,1095 -> 1
968,3,841 -> 1
969,0,969 -> 1
969,1,588 -> 1
969,2,1096 -> 1
969,3,842 -> 1
970,0,970 -> 1
970,1,589 -> 1
970,2,1097 -> 1
970,3,843 -> 1
971,0,971 -> 1
971,1,590 -> 1
971,2,1098 -> 1
971,3,844 -> 1
972,0,972 -> 1
972,1,591 -> 1
972,2,1099 -> 1
972,3,845 -> 1
973,0,973 -> 1
973,1,592 -> 1
973,2,1100 -> 1
973,3,846 -> 1
974,0,974 -> 1
974,1,593 -> 1
974,2,1101 -> 1
974,3,847 -> 1
975,0,975 -> 1
975,1,594 -> 1
975,2,1102 -> 1
975,3,848 -> 1
976,0,976 -> 1
976,1,595 -> 1
976,2,1103 -> 1
976,3,849 -> 1
977,0,977 -> 1
977,1,596 -> 1
977,2,1104 -> 1
977,3,850 -> 1
978,0,978 -> 1
978,1,597 -> 1
978,2,1105 -> 1
978,3,851 -> 1
979,0,979 -> 1
979,1,598 -> 1
979,2,1106 -> 1
979,3,852 -> 1
980,0,980 -> 1
980,1,599 -> 1
980,2,1107 -> 1
980,3,853 -> 1
981,0,981 -> 1
981,1,600 -> 1
981,2,1108 -> 1
981,3,854 -> 1
982,0,982 -> 1
982,1,601 -> 1
982,2,1109 -> 1
982,3,855 -> 1
983,0,983 -> 1
983,1,602 -> 1
983,2,1110 -> 1
983,3,856 -> 1
984,0,984 -> 1
984,1,603 -> 1
984,2,1111 -> 1
984,3,857 -> 1
985,0,985 -> 1
985,1,604 -> 1
985,2,1112 -> 1
985,3,858 -> 1
986,0,986 -> 1
986,1,605 -> 1
986,2,1113 -> 1
986,3,859 -> 1
987,0,987 -> 1
987,1,606 -> 1
987,2,1114 -> 1
987,3,860 -> 1
988,0,988 -> 1
988,1,607 -> 1
988,2,1115 -> 1
988,3,861 -> 1
989,0,989 -> 1
989,1,608 -> 1
989,2,1116 -> 1
989,3,862 -> 1
990,0,990 -> 1
990,1,609 -> 1
990,2,1117 -> 1
990,3,863 -> 1
991,0,991 -> 1
991,1,610 -> 1
991,2,1118 -> 1
991,3,864 -> 1
992,0,992 -> 1
992,1,611 -> 1
992,2,1119 -> 1
992,3,865 -> 1
993,0,993 -> 1
993,1,612 -> 1
993,2,1120 -> 1
993,3,866 -> 1
994,0,994 -> 1
994,1,613 -> 1
994,2,1121 -> 1
994,3,867 -> 1
995,0,995 -> 1
995,1,614 -> 1
995,2,1122 -> 1
995,3,868 -> 1
996,0,996 -> 1
996,1,615 -> 1
996,2,1123 -> 1
996,3,869 -> 1
997,0,997 -> 1
997,1,616 -> 1
997,2,1124 -> 1
997,3,870 -> 1
998,0,998 -> 1
998,1,617 -> 1
998,2,1125 -> 1
998,3,871 -> 1
999,0,999 -> 1
999,1,618 -> 1
999,2,1126 -> 1
999,3,872 -> 1
1000,0,1000 -> 1
1000,1,619 -> 1
1000,2,1127 -> 1
1000,3,873 -> 1
1001,0,1001 -> 1
1001,1,620 -> 1
1001,2,1128 -> 1
1001,3,874 -> 1
1002,0,1002 -> 1
1002,1,621 -> 1
1002,2,1129 -> 1
1002,3,875 -> 1
1003,0,1003 -> 1
1003,1,622 -> 1
1003,2,1130 -> 1
1003,3,876 -> 1
1004,0,1004 -> 1
1004,1,623 -> 1
1004,2,1131 -> 1
1004,3,877 -> 1
1005,0,1005 -> 1
1005,1,624 -> 1
1005,2,1132 -> 1
1005,3,878 -> 1
1006,0,1006 -> 1
1006,1,625 -> 1
1006,2,1133 -> 1
1006,3,879 -> 1
1007,0,1007 -> 1
1007,1,626 -> 1
1007,2,1134 -> 1
1007,3,880 -> 1
1008,0,1008 -> 1
1008,1,627 -> 1
1008,2,1135 -> 1
1008,3,881 -> 1
1009,0,1009 -> 1
1009,1,628 -> 1
1009,2,1136 -> 1
1009,3,882 -> 1
1010,0,1010 -> 1
1010,1,629 -> 1
1010,2,1137 -> 1
1010,3,883 -> 1
1011,0,1011 -> 1
1011,1,630 -> 1
1011,2,1138 -> 1
1011,3,884 -> 1
1012,0,1012 -> 1
1012,1,631 -> 1
1012,2,1139 -> 1
1012,3,885 -> 1
1013,0,1013 -> 1
1013,1,632 -> 1
1013,2,1140 -> 1
1013,3,886 -> 1
1014,0,1014 -> 1
1014,1,633 -> 1
1014,2,1141 -> 1
1014,3,887 -> 1
1015,0,1015 -> 1
1015,1,634 -> 1
1015,2,1142 -> 1
1015,3,888 -> 1
889,4,889 -> 1
890,4,890 -> 1
891,4,891 -> 1
892,4,892 -> 1
893,4,893 -> 1
894,4,894 -> 1
895,4,889 -> 1
896,4,896 -> 1
897,4,897 -> 1
898,4,898 -> 1
899,4,899 -> 1
900,4,900 -> 1
901,4,890 -> 1
902,4,902 -> 1
903,4,903 -> 1
904,4,904 -> 1
905,4,905 -> 1
906,4,891 -> 1
907,4,907 -> 1
908,4,908 -> 1
909,4,909 -> 1
910,4,892 -> 1
911,4,911 -> 1
912,4,912 -> 1
913,4,893 -> 1
914,4,914 -> 1
915,4,894 -> 1
916,4,916 -> 1
917,4,896 -> 1
918,4,918 -> 1
919,4,919 -> 1
920,4,920 -> 1
921,4,897 -> 1
922,4,922 -> 1
923,4,923 -> 1
924,4,924 -> 1
925,4,898 -> 1
926,4,926 -> 1
927,4,927 -> 1
928,4,899 -> 1
929,4,929 -> 1
930,4,900 -> 1
931,4,931 -> 1
932,4,902 -> 1
933,4,933 -> 1
934,4,934 -> 1
935,4,903 -> 1
936,4,936 -> 1
937,4,937 -> 1
938,4,904 -> 1
939,4,939 -> 1
940,4,905 -> 1
941,4,941 -> 1
942,4,907 -> 1
943,4,943 -> 1
944,4,908 -> 1
945,4,945 -> 1
946,4,909 -> 1
947,4,947 -> 1
948,4,911 -> 1
949,4,912 -> 1
950,4,950 -> 1
951,4,914 -> 1
952,4,916 -> 1
953,4,953 -> 1
954,4,954 -> 1
955,4,918 -> 1
956,4,956 -> 1
957,4,957 -> 1
958,4,919 -> 1
959,4,959 -> 1
960,4,920 -> 1
961,4,961 -> 1
962,4,922 -> 1
963,4,963 -> 1
964,4,923 -> 1
965,4,965 -> 1
966,4,924 -> 1
967,4,967 -> 1
968,4,926 -> 1
969,4,927 -> 1
970,4,970 -> 1
971,4,929 -> 1
972,4,931 -> 1
973,4,973 -> 1
974,4,933 -> 1
975,4,975 -> 1
976,4,934 -> 1
977,4,977 -> 1
978,4,936 -> 1
979,4,937 -> 1
980,4,980 -> 1
981,4,939 -> 1
982,4,941 -> 1
983,4,943 -> 1
984,4,984 -> 1
985,4,945 -> 1
986,4,947 -> 1
987,4,950 -> 1
988,4,988 -> 1
989,4,953 -> 1
990,4,990 -> 1
991,4,954 -> 1
992,4,992 -> 1
993,4,956 -> 1
994,4,957 -> 1
995,4,995 -> 1
996,4,959 -> 1
997,4,961 -> 1
998,4,963 -> 1
999,4,999 -> 1
1000,4,965 -> 1
1001,4,967 -> 1
1002,4,970 -> 1
1003,4,973 -> 1
1004,4,1004 -> 1
1005,4,975 -> 1
1006,4,977 -> 1
1007,4,980 -> 1
1008,4,984 -> 1
1009,4,988 -> 1
1010,4,1010 -> 1
1011,4,990 -> 1
1012,4,992 -> 1
1013,4,995 -> 1
1014,4,999 -> 1
1015,4,1004 -> 1
889,5,889 -> 1
890,5,890 -> 1
891,5,891 -> 1
892,5,892 -> 1
893,5,893 -> 1
894,5,894 -> 1
895,5,895 -> 1
896,5,896 -> 1
897,5,897 -> 1
898,5,898 -> 1
899,5,899 -> 1
900,5,900 -> 1
901,5,901 -> 1
902,5,902 -> 1
903,5,903 -> 1
904,5,904 -> 1
905,5,905 -> 1
906,5,906 -> 1
907,5,907 -> 1
908,5,908 -> 1
909,5,909 -> 1
910,5,910 -> 1
911,5,911 -> 1
912,5,912 -> 1
913,5,913 -> 1
914,5,914 -> 1
915,5,915 -> 1
916,5,916 -> 1
917,5,917 -> 1
918,5,918 -> 1
919,5,919 -> 1
920,5,920 -> 1
921,5,921 -> 1
922,5,922 -> 1
923,5,923 -> 1
924,5,924 -> 1
925,5,925 -> 1
926,5,926 -> 1
927,5,927 -> 1
928,5,928 -> 1
929,5,929 -> 1
930,5,930 -> 1
931,5,931 -> 1
932,5,932 -> 1
933,5,933 -> 1
934,5,934 -> 1
935,5,935 -> 1
936,5,936 -> 1
937,5,937 -> 1
938,5,938 -> 1
939,5,939 -> 1
940,5,940 -> 1
941,5,941 -> 1
942,5,942 -> 1
943,5,943 -> 1
944,5,944 -> 1
945,5,945 -> 1
946,5,946 -> 1
947,5,947 -> 1
948,5,948 -> 1
949,5,949 -> 1
950,5,950 -> 1
951,5,951 -> 1
952,5,952 -> 1
953,5,953 -> 1
954,5,954 -> 1
955,5,955 -> 1
956,5,956 -> 1
957,5,957 -> 1
958,5,958 -> 1
959,5,959 -> 1
960,5,960 -> 1
961,5,961 -> 1
962,5,962 -> 1
963,5,963 -> 1
964,5,964 -> 1
965,5,965 -> 1
966,5,966 -> 1
967,5,967 -> 1
968,5,968 -> 1
969,5,969 -> 1
970,5,970 -> 1
971,5,971 -> 1
972,5,972 -> 1
973,5,973 -> 1
974,5,974 -> 1
975,5,975 -> 1
976,5,976 -> 1
977,5,977 -> 1
978,5,978 -> 1
979,5,979 -> 1
980,5,980 -> 1
981,5,981 -> 1
982,5,982 -> 1
983,5,983 -> 1
984,5,984 -> 1
985,5,985 -> 1
986,5,986 -> 1
987,5,987 -> 1
988,5,988 -> 1
989,5,989 -> 1
990,5,990 -> 1
991,5,991 -> 1
992,5,992 -> 1
993,5,993 -> 1
994,5,994 -> 1
995,5,995 -> 1
996,5,996 -> 1
997,5,997 -> 1
998,5,998 -> 1
999,5,999 -> 1
1000,5,1000 -> 1
1001,5,1001 -> 1
1002,5,1002 -> 1
1003,5,1003 -> 1
1004,5,1004 -> 1
1005,5,1005 -> 1
1006,5,1006 -> 1
1007,5,1007 -> 1
1008,5,1008 -> 1
1009,5,1009 -> 1
1010,5,1010 -> 1
1011,5,1011 -> 1
1012,5,1012 -> 1
1013,5,1013 -> 1
1014,5,1014 -> 1
1015,5,1015 -> 1
889,6,889 -> 1
890,6,890 -> 1
891,6,891 -> 1
892,6,892 -> 1
893,6,893 -> 1
894,6,894 -> 1
895,6,895 -> 1
896,6,896 -> 1
897,6,897 -> 1
898,6,898 -> 1
899,6,899 -> 1
900,6,900 -> 1
901,6,901 -> 1
902,6,902 -> 1
903,6,903 -> 1
904,6,904 -> 1
905,6,905 -> 1
906,6,906 -> 1
907,6,907 -> 1
908,6,908 -> 1
909,6,909 -> 1
910,6,910 -> 1
911,6,911 -> 1
912,6,912 -> 1
913,6,913 -> 1
914,6,914 -> 1
915,6,915 -> 1
916,6,916 -> 1
917,6,917 -> 1
918,6,918 -> 1
919,6,919 -> 1
920,6,920 -> 1
921,6,921 -> 1
922,6,922 -> 1
923,6,923 -> 1
924,6,924 -> 1
925,6,925 -> 1
926,6,926 -> 1
927,6,927 -> 1
928,6,928 -> 1
929,6,929 -> 1
930,6,930 -> 1
931,6,931 -> 1
932,6,932 -> 1
933,6,933 -> 1
934,6,934 -> 1
935,6,935 -> 1
936,6,936 -> 1
937,6,937 -> 1
938,6,938 -> 1
939,6,939 -> 1
940,6,940 -> 1
941,6,941 -> 1
942,6,942 -> 1
943,6,943 -> 1
944,6,944 -> 1
945,6,945 -> 1
946,6,946 -> 1
947,6,947 -> 1
948,6,948 -> 1
949,6,949 -> 1
950,6,950 -> 1
951,6,951 -> 1
952,6,952 -> 1
953,6,953 -> 1
954,6,954 -> 1
955,6,955 -> 1
956,6,956 -> 1
957,6,957 -> 1
958,6,958 -> 1
959,6,959 -> 1
960,6,960 -> 1
961,6,961 -> 1
962,6,962 -> 1
963,6,963 -> 1
964,6,964 -> 1
965,6,965 -> 1
966,6,966 -> 1
967,6,967 -> 1
968,6,968 -> 1
969,6,969 -> 1
970,6,970 -> 1
971,6,971 -> 1
972,6,972 -> 1
973,6,973 -> 1
974,6,974 -> 1
975,6,975 -> 1
976,6,976 -> 1
977,6,977 -> 1
978,6,978 -> 1
979,6,979 -> 1
980,6,980 -> 1
981,6,981 -> 1
982,6,982 -> 1
983,6,983 -> 1
984,6,984 -> 1
985,6,985 -> 1
986,6,986 -> 1
987,6,987 -> 1
988,6,988 -> 1
989,6,989 -> 1
990,6,990 -> 1
991,6,991 -> 1
992,6,992 -> 1
993,6,993 -> 1
994,6,994 -> 1
995,6,995 -> 1
996,6,996 -> 1
997,6,997 -> 1
998,6,998 -> 1
999,6,999 -> 1
1000,6,1000 -> 1
1001,6,1001 -> 1
1002,6,1002 -> 1
1003,6,1003 -> 1
1004,6,1004 -> 1
1005,6,1005 -> 1
1006,6,1006 -> 1
1007,6,1007 -> 1
1008,6,1008 -> 1
1009,6,1009 -> 1
1010,6,1010 -> 1
1011,6,1011 -> 1
1012,6,1012 -> 1
1013,6,1013 -> 1
1014,6,1014 -> 1
1015,6,1015 -> 1
889,7,889 -> 1
890,7,890 -> 1
891,7,891 -> 1
892,7,892 -> 1
893,7,893 -> 1
894,7,894 -> 1
895,7,895 -> 1
896,7,896 -> 1
897,7,897 -> 1
898,7,898 -> 1
899,7,899 -> 1
900,7,900 -> 1
901,7,901 -> 1
902,7,902 -> 1
903,7,903 -> 1
904,7,904 -> 1
905,7,905 -> 1
906,7,906 -> 1
907,7,907 -> 1
908,7,908 -> 1
909,7,909 -> 1
910,7,910 -> 1
911,7,911 -> 1
912,7,912 -> 1
913,7,913 -> 1
914,7,914 -> 1
915,7,915 -> 1
916,7,916 -> 1
917,7,917 -> 1
918,7,918 -> 1
919,7,919 -> 1
920,7,920 -> 1
921,7,921 -> 1
922,7,922 -> 1
923,7,923 -> 1
924,7,924 -> 1
925,7,925 -> 1
926,7,926 -> 1
927,7,927 -> 1
928,7,928 -> 1
929,7,929 -> 1
930,7,930 -> 1
931,7,931 -> 1
932,7,932 -> 1
933,7,933 -> 1
934,7,934 -> 1
935,7,935 -> 1
936,7,936 -> 1
937,7,937 -> 1
938,7,938 -> 1
939,7,939 -> 1
940,7,940 -> 1
941,7,941 -> 1
942,7,942 -> 1
943,7,943 -> 1
944,7,944 -> 1
945,7,945 -> 1
946,7,946 -> 1
947,7,947 -> 1
948,7,948 -> 1
949,7,949 -> 1
950,7,950 -> 1
951,7,951 -> 1
952,7,952 -> 1
953,7,953 -> 1
954,7,954 -> 1
955,7,955 -> 1
956,7,956 -> 1
957,7,957 -> 1
958,7,958 -> 1
959,7,959 -> 1
960,7,960 -> 1
961,7,961 -> 1
962,7,962 -> 1
963,7,963 -> 1
964,7,964 -> 1
965,7,965 -> 1
966,7,966 -> 1
967,7,967 -> 1
968,7,968 -> 1
969,7,969 -> 1
970,7,970 -> 1
971,7,971 -> 1
972,7,972 -> 1
973,7,973 -> 1
974,7,974 -> 1
975,7,975 -> 1
976,7,976 -> 1
977,7,977 -> 1
978,7,978 -> 1
979,7,979 -> 1
980,7,980 -> 1
981,7,981 -> 1
982,7,982 -> 1
983,7,983 -> 1
984,7,984 -> 1
985,7,985 -> 1
986,7,986 -> 1
987,7,987 -> 1
988,7,988 -> 1
989,7,989 -> 1
990,7,990 -> 1
991,7,991 -> 1
992,7,992 -> 1
993,7,993 -> 1
994,7,994 -> 1
995,7,995 -> 1
996,7,996 -> 1
997,7,997 -> 1
998,7,998 -> 1
999,7,999 -> 1
1000,7,1000 -> 1
1001,7,1001 -> 1
1002,7,1002 -> 1
1003,7,1003 -> 1
1004,7,1004 -> 1
1005,7,1005 -> 1
1006,7,1006 -> 1
1007,7,1007 -> 1
1008,7,1008 -> 1
1009,7,1009 -> 1
1010,7,1010 -> 1
1011,7,1011 -> 1
1012,7,1012 -> 1
1013,7,1013 -> 1
1014,7,1014 -> 1
1015,7,1015 -> 1
889,8,889 -> 1
890,8,890 -> 1
891,8,891 -> 1
892,8,892 -> 1
893,8,893 -> 1
894,8,894 -> 1
895,8,895 -> 1
896,8,896 -> 1
897,8,897 -> 1
898,8,898 -> 1
899,8,899 -> 1
900,8,900 -> 1
901,8,901 -> 1
902,8,902 -> 1
903,8,903 -> 1
904,8,904 -> 1
905,8,905 -> 1
906,8,906 -> 1
907,8,907 -> 1
908,8,908 -> 1
909,8,909 -> 1
910,8,910 -> 1
911,8,911 -> 1
912,8,912 -> 1
913,8,913 -> 1
914,8,914 -> 1
915,8,915 -> 1
916,8,916 -> 1
917,8,917 -> 1
918,8,918 -> 1
919,8,919 -> 1
920,8,920 -> 1
921,8,921 -> 1
922,8,922 -> 1
923,8,923 -> 1
924,8,924 -> 1
925,8,925 -> 1
926,8,926 -> 1
927,8,927 -> 1
928,8,928 -> 1
929,8,929 -> 1
930,8,930 -> 1
931,8,931 -> 1
932,8,932 -> 1
933,8,933 -> 1
934,8,934 -> 1
935,8,935 -> 1
936,8,936 -> 1
937,8,937 -> 1
938,8,938 -> 1
939,8,939 -> 1
940,8,940 -> 1
941,8,941 -> 1
942,8,942 -> 1
943,8,943 -> 1
944,8,944 -> 1
945,8,945 -> 1
946,8,946 -> 1
947,8,947 -> 1
948,8,948 -> 1
949,8,949 -> 1
950,8,950 -> 1
951,8,951 -> 1
952,8,952 -> 1
953,8,953 -> 1
954,8,954 -> 1
955,8,955 -> 1
956,8,956 -> 1
957,8,957 -> 1
958,8,958 -> 1
959,8,959 -> 1
960,8,960 -> 1
961,8,961 -> 1
962,8,962 -> 1
963,8,963 -> 1
964,8,964 -> 1
965,8,965 -> 1
966,8,966 -> 1
967,8,967 -> 1
968,8,968 -> 1
969,8,969 -> 1
970,8,970 -> 1
971,8,971 -> 1
972,8,972 -> 1
973,8,973 -> 1
974,8,974 -> 1
975,8,975 -> 1
976,8,976 -> 1
977,8,977 -> 1
978,8,978 -> 1
979,8,979 -> 1
980,8,980 -> 1
981,8,981 -> 1
982,8,982 -> 1
983,8,983 -> 1
984,8,984 -> 1
985,8,985 -> 1
986,8,986 -> 1
987,8,987 -> 1
988,8,988 -> 1
989,8,989 -> 1
990,8,990 -> 1
991,8,991 -> 1
992,8,992 -> 1
993,8,993 -> 1
994,8,994 -> 1
995,8,995 -> 1
996,8,996 -> 1
997,8,997 -> 1
998,8,998 -> 1
999,8,999 -> 1
1000,8,1000 -> 1
1001,8,1001 -> 1
1002,8,1002 -> 1
1003,8,1003 -> 1
1004,8,1004 -> 1
1005,8,1005 -> 1
1006,8,1006 -> 1
1007,8,1007 -> 1
1008,8,1008 -> 1
1009,8,1009 -> 1
1010,8,1010 -> 1
1011,8,1011 -> 1
1012,8,1012 -> 1
1013,8,1013 -> 1
1014,8,1014 -> 1
1015,8,1015 -> 1
889,9,889 -> 1
890,9,890 -> 1
891,9,891 -> 1
892,9,892 -> 1
893,9,893 -> 1
894,9,894 -> 1
895,9,895 -> 1
896,9,896 -> 1
897,9,897 -> 1
898,9,898 -> 1
899,9,899 -> 1
900,9,900 -> 1
901,9,901 -> 1
902,9,902 -> 1
903,9,903 -> 1
904,9,904 -> 1
905,9,905 -> 1
906,9,906 -> 1
907,9,907 -> 1
908,9,908 -> 1
909,9,909 -> 1
910,9,910 -> 1
911,9,911 -> 1
912,9,912 -> 1
913,9,913 -> 1
914,9,914 -> 1
915,9,915 -> 1
916,9,916 -> 1
917,9,917 -> 1
918,9,918 -> 1
919,9,919 -> 1
920,9,920 -> 1
921,9,921 -> 1
922,9,922 -> 1
923,9,923 -> 1
924,9,924 -> 1
925,9,925 -> 1
926,9,926 -> 1
927,9,927 -> 1
928,9,928 -> 1
929,9,929 -> 1
930,9,930 -> 1
931,9,931 -> 1
932,9,932 -> 1
933,9,933 -> 1
934,9,934 -> 1
935,9,935 -> 1
936,9,936 -> 1
937,9,937 -> 1
938,9,938 -> 1
939,9,939 -> 1
940,9,940 -> 1
941,9,941 -> 1
942,9,942 -> 1
943,9,943 -> 1
944,9,944 -> 1
945,9,945 -> 1
946,9,946 -> 1
947,9,947 -> 1
948,9,948 -> 1
949,9,949 -> 1
950,9,950 -> 1
951,9,951 -> 1
952,9,952 -> 1
953,9,953 -> 1
954,9,954 -> 1
955,9,955 -> 1
956,9,956 -> 1
957,9,957 -> 1
958,9,958 -> 1
959,9,959 -> 1
960,9,960 -> 1
961,9,961 -> 1
962,9,962 -> 1
963,9,963 -> 1
964,9,964 -> 1
965,9,965 -> 1
966,9,966 -> 1
967,9,967 -> 1
968,9,968 -> 1
969,9,969 -> 1
970,9,970 -> 1
971,9,971 -> 1
972,9,972 -> 1
973,9,973 -> 1
974,9,974 -> 1
975,9,975 -> 1
976,9,976 -> 1
977,9,977 -> 1
978,9,978 -> 1
979,9,979 -> 1
980,9,980 -> 1
981,9,981 -> 1
982,9,982 -> 1
983,9,983 -> 1
984,9,984 -> 1
985,9,985 -> 1
986,9,986 -> 1
987,9,987 -> 1
988,9,988 -> 1
989,9,989 -> 1
990,9,990 -> 1
991,9,991 -> 1
992,9,992 -> 1
993,9,993 -> 1
994,9,994 -> 1
995,9,995 -> 1
996,9,996 -> 1
997,9,997 -> 1
998,9,998 -> 1
999,9,999 -> 1
1000,9,1000 -> 1
1001,9,1001 -> 1
1002,9,1002 -> 1
1003,9,1003 -> 1
1004,9,1004 -> 1
1005,9,1005 -> 1
1006,9,1006 -> 1
1007,9,1007 -> 1
1008,9,1008 -> 1
1009,9,1009 -> 1
1010,9,1010 -> 1
1011,9,1011 -> 1
1012,9,1012 -> 1
1013,9,1013 -> 1
1014,9,1014 -> 1
1015,9,1015 -> 1
889,10,889 -> 1
890,10,890 -> 1
891,10,891 -> 1
892,10,892 -> 1
893,10,893 -> 1
894,10,894 -> 1
895,10,895 -> 1
896,10,896 -> 1
897,10,897 -> 1
898,10,898 -> 1
899,10,899 -> 1
900,10,900 -> 1
901,10,901 -> 1
902,10,902 -> 1
903,10,903 -> 1
904,10,904 -> 1
905,10,905 -> 1
906,10,906 -> 1
907,10,907 -> 1
908,10,908 -> 1
909,10,909 -> 1
910,10,910 -> 1
911,10,911 -> 1
912,10,912 -> 1
913,10,913 -> 1
914,10,914 -> 1
915,10,915 -> 1
916,10,916 -> 1
917,10,917 -> 1
918,10,918 -> 1
919,10,919 -> 1
920,10,920 -> 1
921,10,921 -> 1
922,10,922 -> 1
923,10,923 -> 1
924,10,924 -> 1
925,10,925 -> 1
926,10,926 -> 1
927,10,927 -> 1
928,10,928 -> 1
929,10,929 -> 1
930,10,930 -> 1
931,10,931 -> 1
932,10,932 -> 1
933,10,933 -> 1
934,10,934 -> 1
935,10,935 -> 1
936,10,936 -> 1
937,10,937 -> 1
938,10,938 -> 1
939,10,939 -> 1
940,10,940 -> 1
941,10,941 -> 1
942,10,942 -> 1
943,10,943 -> 1
944,10,944 -> 1
945,10,945 -> 1
946,10,946 -> 1
947,10,947 -> 1
948,10,948 -> 1
949,10,949 -> 1
950,10,950 -> 1
951,10,951 -> 1
952,10,952 -> 1
953,10,953 -> 1
954,10,954 -> 1
955,10,955 -> 1
956,10,956 -> 1
957,10,957 -> 1
958,10,958 -> 1
959,10,959 -> 1
960,10,960 -> 1
961,10,961 -> 1
962,10,962 -> 1
963,10,963 -> 1
964,10,964 -> 1
965,10,965 -> 1
966,10,966 -> 1
967,10,967 -> 1
968,10,968 -> 1
969,10,969 -> 1
970,10,970 -> 1
971,10,971 -> 1
972,10,972 -> 1
973,10,973 -> 1
974,10,974 -> 1
975,10,975 -> 1
976,10,976 -> 1
977,10,977 -> 1
978,10,978 -> 1
979,10,979 -> 1
980,10,980 -> 1
981,10,981 -> 1
982,10,982 -> 1
983,10,983 -> 1
984,10,984 -> 1
985,10,985 -> 1
986,10,986 -> 1
987,10,987 -> 1
988,10,988 -> 1
989,10,989 -> 1
990,10,990 -> 1
991,10,991 -> 1
992,10,992 -> 1
993,10,993 -> 1
994,10,994 -> 1
995,10,995 -> 1
996,10,996 -> 1
997,10,997 -> 1
998,10,998 -> 1
999,10,999 -> 1
1000,10,1000 -> 1
1001,10,1001 -> 1
1002,10,1002 -> 1
1003,10,1003 -> 1
1004,10,1004 -> 1
1005,10,1005 -> 1
1006,10,1006 -> 1
1007,10,1007 -> 1
1008,10,1008 -> 1
1009,10,1009 -> 1
1010,10,1010 -> 1
1011,10,1011 -> 1
1012,10,1012 -> 1
1013,10,1013 -> 1
1014,10,1014 -> 1
1015,10,1015 -> 1
889,11,889 -> 1
890,11,890 -> 1
891,11,891 -> 1
892,11,892 -> 1
893,11,893 -> 1
894,11,894 -> 1
895,11,895 -> 1
896,11,896 -> 1
897,11,897 -> 1
898,11,898 -> 1
899,11,899 -> 1
900,11,900 -> 1
901,11,901 -> 1
902,11,902 -> 1
903,11,903 -> 1
904,11,904 -> 1
905,11,905 -> 1
906,11,906 -> 1
907,11,907 -> 1
908,11,908 -> 1
909,11,909 -> 1
910,11,910 -> 1
911,11,911 -> 1
912,11,912 -> 1
913,11,913 -> 1
914,11,914 -> 1
915,11,915 -> 1
916,11,916 -> 1
917,11,917 -> 1
918,11,918 -> 1
919,11,919 -> 1
920,11,920 -> 1
921,11,921 -> 1
922,11,922 -> 1
923,11,923 -> 1
924,11,924 -> 1
925,11,925 -> 1
926,11,926 -> 1
927,11,927 -> 1
928,11,928 -> 1
929,11,929 -> 1
930,11,930 -> 1
931,11,931 -> 1
932,11,932 -> 1
933,11,933 -> 1
934,11,934 -> 1
935,11,935 -> 1
936,11,936 -> 1
937,11,937 -> 1
938,11,938 -> 1
939,11,939 -> 1
940,11,940 -> 1
941,11,941 -> 1
942,11,942 -> 1
943,11,943 -> 1
944,11,944 -> 1
945,11,945 -> 1
946,11,946 -> 1
947,11,947 -> 1
948,11,948 -> 1
949,11,949 -> 1
950,11,950 -> 1
951,11,951 -> 1
952,11,952 -> 1
953,11,953 -> 1
954,11,954 -> 1
955,11,955 -> 1
956,11,956 -> 1
957,11,957 -> 1
958,11,958 -> 1
959,11,959 -> 1
960,11,960 -> 1
961,11,961 -> 1
962,11,962 -> 1
963,11,963 -> 1
964,11,964 -> 1
965,11,965 -> 1
966,11,966 -> 1
967,11,967 -> 1
968,11,968 -> 1
969,11,969 -> 1
970,11,970 -> 1
971,11,971 -> 1
972,11,972 -> 1
973,11,973 -> 1
974,11,974 -> 1
975,11,975 -> 1
976,11,976 -> 1
977,11,977 -> 1
978,11,978 -> 1
979,11,979 -> 1
980,11,980 -> 1
981,11,981 -> 1
982,11,982 -> 1
983,11,983 -> 1
984,11,984 -> 1
985,11,985 -> 1
986,11,986 -> 1
987,11,987 -> 1
988,11,988 -> 1
989,11,989 -> 1
990,11,990 -> 1
991,11,991 -> 1
992,11,992 -> 1
993,11,993 -> 1
994,11,994 -> 1
995,11,995 -> 1
996,11,996 -> 1
997,11,997 -> 1
998,11,998 -> 1
999,11,999 -> 1
1000,11,1000 -> 1
1001,11,1001 -> 1
1002,11,1002 -> 1
1003,11,1003 -> 1
1004,11,1004 -> 1
1005,11,1005 -> 1
1006,11,1006 -> 1
1007,11,1007 -> 1
1008,11,1008 -> 1
1009,11,1009 -> 1
1010,11,1010 -> 1
1011,11,1011 -> 1
1012,11,1012 -> 1
1013,11,1013 -> 1
1014,11,1014 -> 1
1015,11,1015 -> 1
1016,0,1016 -> 1
1016,1,635 -> 1
1016,2,1143 -> 1
1016,3,889 -> 1
1017,0,1017 -> 1
1017,1,636 -> 1
1017,2,1143 -> 1
1017,3,890 -> 1
1018,0,1018 -> 1
1018,1,637 -> 1
1018,2,1143 -> 1
1018,3,891 -> 1
1019,0,1019 -> 1
1019,1,638 -> 1
1019,2,1143 -> 1
1019,3,892 -> 1
1020,0,1020 -> 1
1020,1,639 -> 1
1020,2,1143 -> 1
1020,3,893 -> 1
1021,0,1021 -> 1
1021,1,640 -> 1
1021,2,1143 -> 1
1021,3,894 -> 1
1022,0,1022 -> 1
1022,1,641 -> 1
1022,2,1143 -> 1
1022,3,895 -> 1
1023,0,1023 -> 1
1023,1,642 -> 1
1023,2,1143 -> 1
1023,3,896 -> 1
1024,0,1024 -> 1
1024,1,643 -> 1
1024,2,1143 -> 1
1024,3,897 -> 1
1025,0,1025 -> 1
1025,1,644 -> 1
1025,2,1143 -> 1
1025,3,898 -> 1
1026,0,1026 -> 1
1026,1,645 -> 1
1026,2,1143 -> 1
1026,3,899 -> 1
1027,0,1027 -> 1
1027,1,646 -> 1
1027,2,1143 -> 1
1027,3,900 -> 1
1028,0,1028 -> 1
1028,1,647 -> 1
1028,2,1143 -> 1
1028,3,901 -> 1
1029,0,1029 -> 1
1029,1,648 -> 1
1029,2,1143 -> 1
1029,3,902 -> 1
1030,0,1030 -> 1
1030,1,649 -> 1
1030,2,1143 -> 1
1030,3,903 -> 1
1031,0,1031 -> 1
1031,1,650 -> 1
1031,2,1143 -> 1
1031,3,904 -> 1
1032,0,1032 -> 1
1032,1,651 -> 1
1032,2,1143 -> 1
1032,3,905 -> 1
1033,0,1033 -> 1
1033,1,652 -> 1
1033,2,1143 -> 1
1033,3,906 -> 1
1034,0,1034 -> 1
1034,1,653 -> 1
1034,2,1143 -> 1
1034,3,907 -> 1
1035,0,1035 -> 1
1035,1,654 -> 1
1035,2,1143 -> 1
1035,3,908 -> 1
1036,0,1036 -> 1
1036,1,655 -> 1
1036,2,1143 -> 1
1036,3,909 -> 1
1037,0,1037 -> 1
1037,1,656 -> 1
1037,2,1143 -> 1
1037,3,910 -> 1
1038,0,1038 -> 1
1038,1,657 -> 1
1038,2,1143 -> 1
1038,3,911 -> 1
1039,0,1039 -> 1
1039,1,658 -> 1
1039,2,1143 -> 1
1039,3,912 -> 1
1040,0,1040 -> 1
1040,1,659 -> 1
1040,2,1143 -> 1
1040,3,913 -> 1
1041,0,1041 -> 1
1041,1,660 -> 1
1041,2,1143 -> 1
1041,3,914 -> 1
1042,0,1042 -> 1
1042,1,661 -> 1
1042,2,1143 -> 1
1042,3,915 -> 1
1043,0,1043 -> 1
1043,1,662 -> 1
1043,2,1143 -> 1
1043,3,916 -> 1
1044,0,1044 -> 1
1044,1,663 -> 1
1044,2,1143 -> 1
1044,3,917 -> 1
1045,0,1045 -> 1
1045,1,664 -> 1
1045,2,1143 -> 1
1045,3,918 -> 1
1046,0,1046 -> 1
1046,1,665 -> 1
1046,2,1143 -> 1
1046,3,919 -> 1
1047,0,1047 -> 1
1047,1,666 -> 1
1047,2,1143 -> 1
1047,3,920 -> 1
1048,0,1048 -> 1
1048,1,667 -> 1
1048,2,1143 -> 1
1048,3,921 -> 1
1049,0,1049 -> 1
1049,1,668 -> 1
1049,2,1143 -> 1
1049,3,922 -> 1
1050,0,1050 -> 1
1050,1,669 -> 1
1050,2,1143 -> 1
1050,3,923 -> 1
1051,0,1051 -> 1
1051,1,670 -> 1
1051,2,1143 -> 1
1051,3,924 -> 1
1052,0,1052 -> 1
1052,1,671 -> 1
1052,2,1143 -> 1
1052,3,925 -> 1
1053,0,1053 -> 1
1053,1,672 -> 1
1053,2,1143 -> 1
1053,3,926 -> 1
1054,0,1054 -> 1
1054,1,673 -> 1
1054,2,1143 -> 1
1054,3,927 -> 1
1055,0,1055 -> 1
1055,1,674 -> 1
1055,2,1143 -> 1
1055,3,928 -> 1
1056,0,1056 -> 1
1056,1,675 -> 1
1056,2,1143 -> 1
1056,3,929 -> 1
1057,0,1057 -> 1
1057,1,676 -> 1
1057,2,1143 -> 1
1057,3,930 -> 1
1058,0,1058 -> 1
1058,1,677 -> 1
1058,2,1143 -> 1
1058,3,931 -> 1
1059,0,1059 -> 1
1059,1,678 -> 1
1059,2,1143 -> 1
1059,3,932 -> 1
1060,0,1060 -> 1
1060,1,679 -> 1
1060,2,1143 -> 1
1060,3,933 -> 1
1061,0,1061 -> 1
1061,1,680 -> 1
1061,2,1143 -> 1
1061,3,934 -> 1
1062,0,1062 -> 1
1062,1,681 -> 1
1062,2,1143 -> 1
1062,3,935 -> 1
1063,0,1063 -> 1
1063,1,682 -> 1
1063,2,1143 -> 1
1063,3,936 -> 1
1064,0,1064 -> 1
1064,1,683 -> 1
1064,2,1143 -> 1
1064,3,937 -> 1
1065,0,1065 -> 1
1065,1,684 -> 1
1065,2,1143 -> 1
1065,3,938 -> 1
1066,0,1066 -> 1
1066,1,685 -> 1
1066,2,1143 -> 1
1066,3,939 -> 1
1067,0,1067 -> 1
1067,1,686 -> 1
1067,2,1143 -> 1
1067,3,940 -> 1
1068,0,1068 -> 1
1068,1,687 -> 1
1068,2,1143 -> 1
1068,3,941 -> 1
1069,0,1069 -> 1
1069,1,688 -> 1
1069,2,1143 -> 1
1069,3,942 -> 1
1070,0,1070 -> 1
1070,1,689 -> 1
1070,2,1143 -> 1
1070,3,943 -> 1
1071,0,1071 -> 1
1071,1,690 -> 1
1071,2,1143 -> 1
1071,3,944 -> 1
1072,0,1072 -> 1
1072,1,691 -> 1
1072,2,1143 -> 1
1072,3,945 -> 1
1073,0,1073 -> 1
1073,1,692 -> 1
1073,2,1143 -> 1
1073,3,946 -> 1
1074,0,1074 -> 1
1074,1,693 -> 1
1074,2,1143 -> 1
1074,3,947 -> 1
1075,0,1075 -> 1
1075,1,694 -> 1
1075,2,1143 -> 1
1075,3,948 -> 1
1076,0,1076 -> 1
1076,1,695 -> 1
1076,2,1143 -> 1
1076,3,949 -> 1
1077,0,1077 -> 1
1077,1,696 -> 1
1077,2,1143 -> 1
1077,3,950 -> 1
1078,0,1078 -> 1
1078,1,697 -> 1
1078,2,1143 -> 1
1078,3,951 -> 1
1079,0,1079 -> 1
1079,1,698 -> 1
1079,2,1143 -> 1
1079,3,952 -> 1
1080,0,1080 -> 1
1080,1,699 -> 1
1080,2,1143 -> 1
1080,3,953 -> 1
1081,0,1081 -> 1
1081,1,700 -> 1
1081,2,1143 -> 1
1081,3,954 -> 1
1082,0,1082 -> 1
1082,1,701 -> 1
1082,2,1143 -> 1
1082,3,955 -> 1
1083,0,1083 -> 1
1083,1,702 -> 1
1083,2,1143 -> 1
1083,3,956 -> 1
1084,0,1084 -> 1
1084,1,703 -> 1
1084,2,1143 -> 1
1084,3,957 -> 1
1085,0,1085 -> 1
1085,1,704 -> 1
1085,2,1143 -> 1
1085,3,958 -> 1
1086,0,1086 -> 1
1086,1,705 -> 1
1086,2,1143 -> 1
1086,3,959 -> 1
1087,0,1087 -> 1
1087,1,706 -> 1
1087,2,1143 -> 1
1087,3,960 -> 1
1088,0,1088 -> 1
1088,1,707 -> 1
1088,2,1143 -> 1
1088,3,961 -> 1
1089,0,1089 -> 1
1089,1,708 -> 1
1089,2,1143 -> 1
1089,3,962 -> 1
1090,0,1090 -> 1
1090,1,709 -> 1
1090,2,1143 -> 1
1090,3,963 -> 1
1091,0,1091 -> 1
1091,1,710 -> 1
1091,2,1143 -> 1
1091,3,964 -> 1
1092,0,1092 -> 1
1092,1,711 -> 1
1092,2,1143 -> 1
1092,3,965 -> 1
1093,0,1093 -> 1
1093,1,712 -> 1
1093,2,1143 -> 1
1093,3,966 -> 1
1094,0,1094 -> 1
1094,1,713 -> 1
1094,2,1143 -> 1
1094,3,967 -> 1
1095,0,1095 -> 1
1095,1,714 -> 1
1095,2,1143 -> 1
1095,3,968 -> 1
1096,0,1096 -> 1
1096,1,715 -> 1
1096,2,1143 -> 1
1096,3,969 -> 1
1097,0,1097 -> 1
1097,1,716 -> 1
1097,2,1143 -> 1
1097,3,970 -> 1
1098,0,1098 -> 1
1098,1,717 -> 1
1098,2,1143 -> 1
1098,3,971 -> 1
1099,0,1099 -> 1
1099,1,718 -> 1
1099,2,1143 -> 1
1099,3,972 -> 1
1100,0,1100 -> 1
1100,1,719 -> 1
1100,2,1143 -> 1
1100,3,973 -> 1
1101,0,1101 -> 1
1101,1,720 -> 1
1101,2,1143 -> 1
1101,3,974 -> 1
1102,0,1102 -> 1
1102,1,721 -> 1
1102,2,1143 -> 1
1102,3,975 -> 1
1103,0,1103 -> 1
1103,1,722 -> 1
1103,2,1143 -> 1
1103,3,976 -> 1
1104,0,1104 -> 1
1104,1,723 -> 1
1104,2,1143 -> 1
1104,3,977 -> 1
1105,0,1105 -> 1
1105,1,724 -> 1
1105,2,1143 -> 1
1105,3,978 -> 1
1106,0,1106 -> 1
1106,1,725 -> 1
1106,2,1143 -> 1
1106,3,979 -> 1
1107,0,1107 -> 1
1107,1,726 -> 1
1107,2,1143 -> 1
1107,3,980 -> 1
1108,0,1108 -> 1
1108,1,727 -> 1
1108,2,1143 -> 1
1108,3,981 -> 1
1109,0,1109 -> 1
1109,1,728 -> 1
1109,2,1143 -> 1
1109,3,982 -> 1
1110,0,1110 -> 1
1110,1,729 -> 1
1110,2,1143 -> 1
1110,3,983 -> 1
1111,0,1111 -> 1
1111,1,730 -> 1
1111,2,1143 -> 1
1111,3,984 -> 1
1112,0,1112 -> 1
1112,1,731 -> 1
1112,2,1143 -> 1
1112,3,985 -> 1
1113,0,1113 -> 1
1113,1,732 -> 1
1113,2,1143 -> 1
1113,3,986 -> 1
1114,0,1114 -> 1
1114,1,733 -> 1
1114,2,1143 -> 1
1114,3,987 -> 1
1115,0,1115 -> 1
1115,1,734 -> 1
1115,2,1143 -> 1
1115,3,988 -> 1
1116,0,1116 -> 1
1116,1,735 -> 1
1116,2,1143 -> 1
1116,3,989 -> 1
1117,0,1117 -> 1
1117,1,736 -> 1
1117,2,1143 -> 1
1117,3,990 -> 1
1118,0,1118 -> 1
1118,1,737 -> 1
1118,2,1143 -> 1
1118,3,991 -> 1
1119,0,1119 -> 1
1119,1,738 -> 1
1119,2,1143 -> 1
1119,3,992 -> 1
1120,0,1120 -> 1
1120,1,739 -> 1
1120,2,1143 -> 1
1120,3,993 -> 1
1121,0,1121 -> 1
1121,1,740 -> 1
1121,2,1143 -> 1
1121,3,994 -> 1
1122,0,1122 -> 1
1122,1,741 -> 1
1122,2,1143 -> 1
1122,3,995 -> 1
1123,0,1123 -> 1
1123,1,742 -> 1
1123,2,1143 -> 1
1123,3,996 -> 1
1124,0,1124 -> 1
1124,1,743 -> 1
1124,2,1143 -> 1
1124,3,997 -> 1
1125,0,1125 -> 1
1125,1,744 -> 1
1125,2,1143 -> 1
1125,3,998 -> 1
1126,0,1126 -> 1
1126,1,745 -> 1
1126,2,1143 -> 1
1126,3,999 -> 1
1127,0,1127 -> 1
1127,1,746 -> 1
1127,2,1143 -> 1
1127,3,1000 -> 1
1128,0,1128 -> 1
1128,1,747 -> 1
1128,2,1143 -> 1
1128,3,1001 -> 1
1129,0,1129 -> 1
1129,1,748 -> 1
1129,2,1143 -> 1
1129,3,1002 -> 1
1130,0,1130 -> 1
1130,1,749 -> 1
1130,2,1143 -> 1
1130,3,1003 -> 1
1131,0,1131 -> 1
1131,1,750 -> 1
1131,2,1143 -> 1
1131,3,1004 -> 1
1132,0,1132 -> 1
1132,1,751 -> 1
1132,2,1143 -> 1
1132,3,1005 -> 1
1133,0,1133 -> 1
1133,1,752 -> 1
1133,2,1143 -> 1
1133,3,1006 -> 1
1134,0,1134 -> 1
1134,1,753 -> 1
1134,2,1143 -> 1
1134,3,1007 -> 1
1135,0,1135 -> 1
1135,1,754 -> 1
1135,2,1143 -> 1
1135,3,1008 -> 1
1136,0,1136 -> 1
1136,1,755 -> 1
1136,2,1143 -> 1
1136,3,1009 -> 1
1137,0,1137 -> 1
1137,1,756 -> 1
1137,2,1143 -> 1
1137,3,1010 -> 1
1138,0,1138 -> 1
1138,1,757 -> 1
1138,2,1143 -> 1
1138,3,1011 -> 1
1139,0,1139 -> 1
1139,1,758 -> 1
1139,2,1143 -> 1
1139,3,1012 -> 1
1140,0,1140 -> 1
1140,1,759 -> 1
1140,2,1143 -> 1
1140,3,1013 -> 1
1141,0,1141 -> 1
1141,1,760 -> 1
1141,2,1143 -> 1
1141,3,1014 -> 1
1142,0,1142 -> 1
1142,1,761 -> 1
1142,2,1143 -> 1
1142,3,1015 -> 1
1016,4,1016 -> 1
1017,4,1017 -> 1
1018,4,1016 -> 1
1019,4,1019 -> 1
1020,4,1020 -> 1
1021,4,1021 -> 1
1022,4,1022 -> 1
1023,4,1023 -> 1
1024,4,1017 -> 1
1025,4,1025 -> 1
1026,4,1026 -> 1
1027,4,1027 -> 1
1028,4,1028 -> 1
1029,4,1029 -> 1
1030,4,1019 -> 1
1031,4,1020 -> 1
1032,4,1021 -> 1
1033,4,1022 -> 1
1034,4,1023 -> 1
1035,4,1035 -> 1
1036,4,1036 -> 1
1037,4,1037 -> 1
1038,4,1038 -> 1
1039,4,1039 -> 1
1040,4,1040 -> 1
1041,4,1041 -> 1
1042,4,1042 -> 1
1043,4,1043 -> 1
1044,4,1044 -> 1
1045,4,1025 -> 1
1046,4,1026 -> 1
1047,4,1027 -> 1
1048,4,1028 -> 1
1049,4,1029 -> 1
1050,4,1050 -> 1
1051,4,1051 -> 1
1052,4,1052 -> 1
1053,4,1053 -> 1
1054,4,1054 -> 1
1055,4,1055 -> 1
1056,4,1056 -> 1
1057,4,1057 -> 1
1058,4,1058 -> 1
1059,4,1059 -> 1
1060,4,1035 -> 1
1061,4,1036 -> 1
1062,4,1037 -> 1
1063,4,1038 -> 1
1064,4,1039 -> 1
1065,4,1040 -> 1
1066,4,1041 -> 1
1067,4,1042 -> 1
1068,4,1043 -> 1
1069,4,1044 -> 1
1070,4,1070 -> 1
1071,4,1071 -> 1
1072,4,1072 -> 1
1073,4,1073 -> 1
1074,4,1074 -> 1
1075,4,1075 -> 1
1076,4,1076 -> 1
1077,4,1077 -> 1
1078,4,1078 -> 1
1079,4,1079 -> 1
1080,4,1050 -> 1
1081,4,1051 -> 1
1082,4,1052 -> 1
1083,4,1053 -> 1
1084,4,1054 -> 1
1085,4,1055 -> 1
1086,4,1056 -> 1
1087,4,1057 -> 1
1088,4,1058 -> 1
1089,4,1059 -> 1
1090,4,1090 -> 1
1091,4,1091 -> 1
1092,4,1092 -> 1
1093,4,1093 -> 1
1094,4,1094 -> 1
1095,4,1095 -> 1
1096,4,1096 -> 1
1097,4,1097 -> 1
1098,4,1098 -> 1
1099,4,1099 -> 1
1100,4,1070 -> 1
1101,4,1071 -> 1
1102,4,1072 -> 1
1103,4,1073 -> 1
1104,4,1074 -> 1
1105,4,1075 -> 1
1106,4,1076 -> 1
1107,4,1077 -> 1
1108,4,1078 -> 1
1109,4,1079 -> 1
1110,4,1110 -> 1
1111,4,1111 -> 1
1112,4,1112 -> 1
1113,4,1113 -> 1
1114,4,1114 -> 1
1115,4,1090 -> 1
1116,4,1091 -> 1
1117,4,1092 -> 1
1118,4,1093 -> 1
1119,4,1094 -> 1
1120,4,1095 -> 1
1121,4,1096 -> 1
1122,4,1097 -> 1
1123,4,1098 -> 1
1124,4,1099 -> 1
1125,4,1125 -> 1
1126,4,1126 -> 1
1127,4,1127 -> 1
1128,4,1128 -> 1
1129,4,1129 -> 1
1130,4,1110 -> 1
1131,4,1111 -> 1
1132,4,1112 -> 1
1133,4,1113 -> 1
1134,4,1114 -> 1
1135,4,1135 -> 1
1136,4,1125 -> 1
1137,4,1126 -> 1
1138,4,1127 -> 1
1139,4,1128 -> 1
1140,4,1129 -> 1
1141,4,1141 -> 1
1142,4,1135 -> 1
1016,5,1016 -> 1
1017,5,1017 -> 1
1018,5,1018 -> 1
1019,5,1019 -> 1
1020,5,1020 -> 1
1021,5,1021 -> 1
1022,5,1022 -> 1
1023,5,1023 -> 1
1024,5,1024 -> 1
1025,5,1025 -> 1
1026,5,1026 -> 1
1027,5,1027 -> 1
1028,5,1028 -> 1
1029,5,1029 -> 1
1030,5,1030 -> 1
1031,5,1031 -> 1
1032,5,1032 -> 1
1033,5,1033 -> 1
1034,5,1034 -> 1
1035,5,1035 -> 1
1036,5,1036 -> 1
1037,5,1037 -> 1
1038,5,1038 -> 1
1039,5,1039 -> 1
1040,5,1040 -> 1
1041,5,1041 -> 1
1042,5,1042 -> 1
1043,5,1043 -> 1
1044,5,1044 -> 1
1045,5,1045 -> 1
1046,5,1046 -> 1
1047,5,1047 -> 1
1048,5,1048 -> 1
1049,5,1049 -> 1
1050,5,1050 -> 1
1051,5,1051 -> 1
1052,5,1052 -> 1
1053,5,1053 -> 1
1054,5,1054 -> 1
1055,5,1055 -> 1
1056,5,1056 -> 1
1057,5,1057 -> 1
1058,5,1058 -> 1
1059,5,1059 -> 1
1060,5,1060 -> 1
1061,5,1061 -> 1
1062,5,1062 -> 1
1063,5,1063 -> 1
1064,5,1064 -> 1
1065,5,1065 -> 1
1066,5,1066 -> 1
1067,5,1067 -> 1
1068,5,1068 -> 1
1069,5,1069 -> 1
1070,5,1070 -> 1
1071,5,1071 -> 1
1072,5,1072 -> 1
1073,5,1073 -> 1
1074,5,1074 -> 1
1075,5,1075 -> 1
1076,5,1076 -> 1
1077,5,1077 -> 1
1078,5,1078 -> 1
1079,5,1079 -> 1
1080,5,1080 -> 1
1081,5,1081 -> 1
1082,5,1082 -> 1
1083,5,1083 -> 1
1084,5,1084 -> 1
1085,5,1085 -> 1
1086,5,1086 -> 1
1087,5,1087 -> 1
1088,5,1088 -> 1
1089,5,1089 -> 1
1090,5,1090 -> 1
1091,5,1091 -> 1
1092,5,1092 -> 1
1093,5,1093 -> 1
1094,5,1094 -> 1
1095,5,1095 -> 1
1096,5,1096 -> 1
1097,5,1097 -> 1
1098,5,1098 -> 1
1099,5,1099 -> 1
1100,5,1100 -> 1
1101,5,1101 -> 1
1102,5,1102 -> 1
1103,5,1103 -> 1
1104,5,1104 -> 1
1105,5,1105 -> 1
1106,5,1106 -> 1
1107,5,1107 -> 1
1108,5,1108 -> 1
1109,5,1109 -> 1
1110,5,1110 -> 1
1111,5,1111 -> 1
1112,5,1112 -> 1
1113,5,1113 -> 1
1114,5,1114 -> 1
1115,5,1115 -> 1
1116,5,1116 -> 1
1117,5,1117 -> 1
1118,5,1118 -> 1
1119,5,1119 -> 1
1120,5,1120 -> 1
1121,5,1121 -> 1
1122,5,1122 -> 1
1123,5,1123 -> 1
1124,5,1124 -> 1
1125,5,1125 -> 1
1126,5,1126 -> 1
1127,5,1127 -> 1
1128,5,1128 -> 1
1129,5,1129 -> 1
1130,5,1130 -> 1
1131,5,1131 -> 1
1132,5,1132 -> 1
1133,5,1133 -> 1
1134,5,1134 -> 1
1135,5,1135 -> 1
1136,5,1136 -> 1
1137,5,1137 -> 1
1138,5,1138 -> 1
1139,5,1139 -> 1
1140,5,1140 -> 1
1141,5,1141 -> 1
1142,5,1142 -> 1
1016,6,1016 -> 1
1017,6,1017 -> 1
1018,6,1018 -> 1
1019,6,1019 -> 1
1020,6,1020 -> 1
1021,6,1021 -> 1
1022,6,1022 -> 1
1023,6,1023 -> 1
1024,6,1024 -> 1
1025,6,1025 -> 1
1026,6,1026 -> 1
1027,6,1027 -> 1
1028,6,1028 -> 1
1029,6,1029 -> 1
1030,6,1030 -> 1
1031,6,1031 -> 1
1032,6,1032 -> 1
1033,6,1033 -> 1
1034,6,1034 -> 1
1035,6,1035 -> 1
1036,6,1036 -> 1
1037,6,1037 -> 1
1038,6,1038 -> 1
1039,6,1039 -> 1
1040,6,1040 -> 1
1041,6,1041 -> 1
1042,6,1042 -> 1
1043,6,1043 -> 1
1044,6,1044 -> 1
1045,6,1045 -> 1
1046,6,1046 -> 1
1047,6,1047 -> 1
1048,6,1048 -> 1
1049,6,1049 -> 1
1050,6,1050 -> 1
1051,6,1051 -> 1
1052,6,1052 -> 1
1053,6,1053 -> 1
1054,6,1054 -> 1
1055,6,1055 -> 1
1056,6,1056 -> 1
1057,6,1057 -> 1
1058,6,1058 -> 1
1059,6,1059 -> 1
1060,6,1060 -> 1
1061,6,1061 -> 1
1062,6,1062 -> 1
1063,6,1063 -> 1
1064,6,1064 -> 1
1065,6,1065 -> 1
1066,6,1066 -> 1
1067,6,1067 -> 1
1068,6,1068 -> 1
1069,6,1069 -> 1
1070,6,1070 -> 1
1071,6,1071 -> 1
1072,6,1072 -> 1
1073,6,1073 -> 1
1074,6,1074 -> 1
1075,6,1075 -> 1
1076,6,1076 -> 1
1077,6,1077 -> 1
1078,6,1078 -> 1
1079,6,1079 -> 1
1080,6,1080 -> 1
1081,6,1081 -> 1
1082,6,1082 -> 1
1083,6,1083 -> 1
1084,6,1084 -> 1
1085,6,1085 -> 1
1086,6,1086 -> 1
1087,6,1087 -> 1
1088,6,1088 -> 1
1089,6,1089 -> 1
1090,6,1090 -> 1
1091,6,1091 -> 1
1092,6,1092 -> 1
1093,6,1093 -> 1
1094,6,1094 -> 1
1095,6,1095 -> 1
1096,6,1096 -> 1
1097,6,1097 -> 1
1098,6,1098 -> 1
1099,6,1099 -> 1
1100,6,1100 -> 1
1101,6,1101 -> 1
1102,6,1102 -> 1
1103,6,1103 -> 1
1104,6,1104 -> 1
1105,6,1105 -> 1
1106,6,1106 -> 1
1107,6,1107 -> 1
1108,6,1108 -> 1
1109,6,1109 -> 1
1110,6,1110 -> 1
1111,6,1111 -> 1
1112,6,1112 -> 1
1113,6,1113 -> 1
1114,6,1114 -> 1
1115,6,1115 -> 1
1116,6,1116 -> 1
1117,6,1117 -> 1
1118,6,1118 -> 1
1119,6,1119 -> 1
1120,6,1120 -> 1
1121,6,1121 -> 1
1122,6,1122 -> 1
1123,6,1123 -> 1
1124,6,1124 -> 1
1125,6,1125 -> 1
1126,6,1126 -> 1
1127,6,1127 -> 1
1128,6,1128 -> 1
1129,6,1129 -> 1
1130,6,1130 -> 1
1131,6,1131 -> 1
1132,6,1132 -> 1
1133,6,1133 -> 1
1134,6,1134 -> 1
1135,6,1135 -> 1
1136,6,1136 -> 1
1137,6,1137 -> 1
1138,6,1138 -> 1
1139,6,1139 -> 1
1140,6,1140 -> 1
1141,6,1141 -> 1
1142,6,1142 -> 1
1016,7,1016 -> 1
1017,7,1017 -> 1
1018,7,1018 -> 1
1019,7,1019 -> 1
1020,7,1020 -> 1
1021,7,1021 -> 1
1022,7,1022 -> 1
1023,7,1023 -> 1
1024,7,1024 -> 1
1025,7,1025 -> 1
1026,7,1026 -> 1
1027,7,1027 -> 1
1028,7,1028 -> 1
1029,7,1029 -> 1
1030,7,1030 -> 1
1031,7,1031 -> 1
1032,7,1032 -> 1
1033,7,1033 -> 1
1034,7,1034 -> 1
1035,7,1035 -> 1
1036,7,1036 -> 1
1037,7,1037 -> 1
1038,7,1038 -> 1
1039,7,1039 -> 1
1040,7,1040 -> 1
1041,7,1041 -> 1
1042,7,1042 -> 1
1043,7,1043 -> 1
1044,7,1044 -> 1
1045,7,1045 -> 1
1046,7,1046 -> 1
1047,7,1047 -> 1
1048,7,1048 -> 1
1049,7,1049 -> 1
1050,7,1050 -> 1
1051,7,1051 -> 1
1052,7,1052 -> 1
1053,7,1053 -> 1
1054,7,1054 -> 1
1055,7,1055 -> 1
1056,7,1056 -> 1
1057,7,1057 -> 1
1058,7,1058 -> 1
1059,7,1059 -> 1
1060,7,1060 -> 1
1061,7,1061 -> 1
1062,7,1062 -> 1
1063,7,1063 -> 1
1064,7,1064 -> 1
1065,7,1065 -> 1
1066,7,1066 -> 1
1067,7,1067 -> 1
1068,7,1068 -> 1
1069,7,1069 -> 1
1070,7,1070 -> 1
1071,7,1071 -> 1
1072,7,1072 -> 1
1073,7,1073 -> 1
1074,7,1074 -> 1
1075,7,1075 -> 1
1076,7,1076 -> 1
1077,7,1077 -> 1
1078,7,1078 -> 1
1079,7,1079 -> 1
1080,7,1080 -> 1
1081,7,1081 -> 1
1082,7,1082 -> 1
1083,7,1083 -> 1
1084,7,1084 -> 1
1085,7,1085 -> 1
1086,7,1086 -> 1
1087,7,1087 -> 1
1088,7,1088 -> 1
1089,7,1089 -> 1
1090,7,1090 -> 1
1091,7,1091 -> 1
1092,7,1092 -> 1
1093,7,1093 -> 1
1094,7,1094 -> 1
1095,7,1095 -> 1
1096,7,1096 -> 1
1097,7,1097 -> 1
1098,7,1098 -> 1
1099,7,1099 -> 1
1100,7,1100 -> 1
1101,7,1101 -> 1
1102,7,1102 -> 1
1103,7,1103 -> 1
1104,7,1104 -> 1
1105,7,1105 -> 1
1106,7,1106 -> 1
1107,7,1107 -> 1
1108,7,1108 -> 1
1109,7,1109 -> 1
1110,7,1110 -> 1
1111,7,1111 -> 1
1112,7,1112 -> 1
1113,7,1113 -> 1
1114,7,1114 -> 1
1115,7,1115 -> 1
1116,7,1116 -> 1
1117,7,1117 -> 1
1118,7,1118 -> 1
1119,7,1119 -> 1
1120,7,1120 -> 1
1121,7,1121 -> 1
1122,7,1122 -> 1
1123,7,1123 -> 1
1124,7,1124 -> 1
1125,7,1125 -> 1
1126,7,1126 -> 1
1127,7,1127 -> 1
1128,7,1128 -> 1
1129,7,1129 -> 1
1130,7,1130 -> 1
1131,7,1131 -> 1
1132,7,1132 -> 1
1133,7,1133 -> 1
1134,7,1134 -> 1
1135,7,1135 -> 1
1136,7,1136 -> 1
1137,7,1137 -> 1
1138,7,1138 -> 1
1139,7,1139 -> 1
1140,7,1140 -> 1
1141,7,1141 -> 1
1142,7,1142 -> 1
1016,8,1016 -> 1
1017,8,1017 -> 1
1018,8,1018 -> 1
1019,8,1019 -> 1
1020,8,1020 -> 1
1021,8,1021 -> 1
1022,8,1022 -> 1
1023,8,1023 -> 1
1024,8,1024 -> 1
1025,8,1025 -> 1
1026,8,1026 -> 1
1027,8,1027 -> 1
1028,8,1028 -> 1
1029,8,1029 -> 1
1030,8,1030 -> 1
1031,8,1031 -> 1
1032,8,1032 -> 1
1033,8,1033 -> 1
1034,8,1034 -> 1
1035,8,1035 -> 1
1036,8,1036 -> 1
1037,8,1037 -> 1
1038,8,1038 -> 1
1039,8,1039 -> 1
1040,8,1040 -> 1
1041,8,1041 -> 1
1042,8,1042 -> 1
1043,8,1043 -> 1
1044,8,1044 -> 1
1045,8,1045 -> 1
1046,8,1046 -> 1
1047,8,1047 -> 1
1048,8,1048 -> 1
1049,8,1049 -> 1
1050,8,1050 -> 1
1051,8,1051 -> 1
1052,8,1052 -> 1
1053,8,1053 -> 1
1054,8,1054 -> 1
1055,8,1055 -> 1
1056,8,1056 -> 1
1057,8,1057 -> 1
1058,8,1058 -> 1
1059,8,1059 -> 1
1060,8,1060 -> 1
1061,8,1061 -> 1
1062,8,1062 -> 1
1063,8,1063 -> 1
1064,8,1064 -> 1
1065,8,1065 -> 1
1066,8,1066 -> 1
1067,8,1067 -> 1
1068,8,1068 -> 1
1069,8,1069 -> 1
1070,8,1070 -> 1
1071,8,1071 -> 1
1072,8,1072 -> 1
1073,8,1073 -> 1
1074,8,1074 -> 1
1075,8,1075 -> 1
1076,8,1076 -> 1
1077,8,1077 -> 1
1078,8,1078 -> 1
1079,8,1079 -> 1
1080,8,1080 -> 1
1081,8,1081 -> 1
1082,8,1082 -> 1
1083,8,1083 -> 1
1084,8,1084 -> 1
1085,8,1085 -> 1
1086,8,1086 -> 1
1087,8,1087 -> 1
1088,8,1088 -> 1
1089,8,1089 -> 1
1090,8,1090 -> 1
1091,8,1091 -> 1
1092,8,1092 -> 1
1093,8,1093 -> 1
1094,8,1094 -> 1
1095,8,1095 -> 1
1096,8,1096 -> 1
1097,8,1097 -> 1
1098,8,1098 -> 1
1099,8,1099 -> 1
1100,8,1100 -> 1
1101,8,1101 -> 1
1102,8,1102 -> 1
1103,8,1103 -> 1
1104,8,1104 -> 1
1105,8,1105 -> 1
1106,8,1106 -> 1
1107,8,1107 -> 1
1108,8,1108 -> 1
1109,8,1109 -> 1
1110,8,1110 -> 1
1111,8,1111 -> 1
1112,8,1112 -> 1
1113,8,1113 -> 1
1114,8,1114 -> 1
1115,8,1115 -> 1
1116,8,1116 -> 1
1117,8,1117 -> 1
1118,8,1118 -> 1
1119,8,1119 -> 1
1120,8,1120 -> 1
1121,8,1121 -> 1
1122,8,1122 -> 1
1123,8,1123 -> 1
1124,8,1124 -> 1
1125,8,1125 -> 1
1126,8,1126 -> 1
1127,8,1127 -> 1
1128,8,1128 -> 1
1129,8,1129 -> 1
1130,8,1130 -> 1
1131,8,1131 -> 1
1132,8,1132 -> 1
1133,8,1133 -> 1
1134,8,1134 -> 1
1135,8,1135 -> 1
1136,8,1136 -> 1
1137,8,1137 -> 1
1138,8,1138 -> 1
1139,8,1139 -> 1
1140,8,1140 -> 1
1141,8,1141 -> 1
1142,8,1142 -> 1
1016,9,1016 -> 1
1017,9,1017 -> 1
1018,9,1018 -> 1
1019,9,1019 -> 1
1020,9,1020 -> 1
1021,9,1021 -> 1
1022,9,1022 -> 1
1023,9,1023 -> 1
1024,9,1024 -> 1
1025,9,1025 -> 1
1026,9,1026 -> 1
1027,9,1027 -> 1
1028,9,1028 -> 1
1029,9,1029 -> 1
1030,9,1030 -> 1
1031,9,1031 -> 1
1032,9,1032 -> 1
1033,9,1033 -> 1
1034,9,1034 -> 1
1035,9,1035 -> 1
1036,9,1036 -> 1
1037,9,1037 -> 1
1038,9,1038 -> 1
1039,9,1039 -> 1
1040,9,1040 -> 1
1041,9,1041 -> 1
1042,9,1042 -> 1
1043,9,1043 -> 1
1044,9,1044 -> 1
1045,9,1045 -> 1
1046,9,1046 -> 1
1047,9,1047 -> 1
1048,9,1048 -> 1
1049,9,1049 -> 1
1050,9,1050 -> 1
1051,9,1051 -> 1
1052,9,1052 -> 1
1053,9,1053 -> 1
1054,9,1054 -> 1
1055,9,1055 -> 1
1056,9,1056 -> 1
1057,9,1057 -> 1
1058,9,1058 -> 1
1059,9,1059 -> 1
1060,9,1060 -> 1
1061,9,1061 -> 1
1062,9,1062 -> 1
1063,9,1063 -> 1
1064,9,1064 -> 1
1065,9,1065 -> 1
1066,9,1066 -> 1
1067,9,1067 -> 1
1068,9,1068 -> 1
1069,9,1069 -> 1
1070,9,1070 -> 1
1071,9,1071 -> 1
1072,9,1072 -> 1
1073,9,1073 -> 1
1074,9,1074 -> 1
1075,9,1075 -> 1
1076,9,1076 -> 1
1077,9,1077 -> 1
1078,9,1078 -> 1
1079,9,1079 -> 1
1080,9,1080 -> 1
1081,9,1081 -> 1
1082,9,1082 -> 1
1083,9,1083 -> 1
1084,9,1084 -> 1
1085,9,1085 -> 1
1086,9,1086 -> 1
1087,9,1087 -> 1
1088,9,1088 -> 1
1089,9,1089 -> 1
1090,9,1090 -> 1
1091,9,1091 -> 1
1092,9,1092 -> 1
1093,9,1093 -> 1
1094,9,1094 -> 1
1095,9,1095 -> 1
1096,9,1096 -> 1
1097,9,1097 -> 1
1098,9,1098 -> 1
1099,9,1099 -> 1
1100,9,1100 -> 1
1101,9,1101 -> 1
1102,9,1102 -> 1
1103,9,1103 -> 1
1104,9,1104 -> 1
1105,9,1105 -> 1
1106,9,1106 -> 1
1107,9,1107 -> 1
1108,9,1108 -> 1
1109,9,1109 -> 1
1110,9,1110 -> 1
1111,9,1111 -> 1
1112,9,1112 -> 1
1113,9,1113 -> 1
1114,9,1114 -> 1
1115,9,1115 -> 1
1116,9,1116 -> 1
1117,9,1117 -> 1
1118,9,1118 -> 1
1119,9,1119 -> 1
1120,9,1120 -> 1
1121,9,1121 -> 1
1122,9,1122 -> 1
1123,9,1123 -> 1
1124,9,1124 -> 1
1125,9,1125 -> 1
1126,9,1126 -> 1
1127,9,1127 -> 1
1128,9,1128 -> 1
1129,9,1129 -> 1
1130,9,1130 -> 1
1131,9,1131 -> 1
1132,9,1132 -> 1
1133,9,1133 -> 1
1134,9,1134 -> 1
1135,9,1135 -> 1
1136,9,1136 -> 1
1137,9,1137 -> 1
1138,9,1138 -> 1
1139,9,1139 -> 1
1140,9,1140 -> 1
1141,9,1141 -> 1
1142,9,1142 -> 1
1016,10,1016 -> 1
1017,10,1017 -> 1
1018,10,1018 -> 1
1019,10,1019 -> 1
1020,10,1020 -> 1
1021,10,1021 -> 1
1022,10,1022 -> 1
1023,10,1023 -> 1
1024,10,1024 -> 1
1025,10,1025 -> 1
1026,10,1026 -> 1
1027,10,1027 -> 1
1028,10,1028 -> 1
1029,10,1029 -> 1
1030,10,1030 -> 1
1031,10,1031 -> 1
1032,10,1032 -> 1
1033,10,1033 -> 1
1034,10,1034 -> 1
1035,10,1035 -> 1
1036,10,1036 -> 1
1037,10,1037 -> 1
1038,10,1038 -> 1
1039,10,1039 -> 1
1040,10,1040 -> 1
1041,10,1041 -> 1
1042,10,1042 -> 1
1043,10,1043 -> 1
1044,10,1044 -> 1
1045,10,1045 -> 1
1046,10,1046 -> 1
1047,10,1047 -> 1
1048,10,1048 -> 1
1049,10,1049 -> 1
1050,10,1050 -> 1
1051,10,1051 -> 1
1052,10,1052 -> 1
1053,10,1053 -> 1
1054,10,1054 -> 1
1055,10,1055 -> 1
1056,10,1056 -> 1
1057,10,1057 -> 1
1058,10,1058 -> 1
1059,10,1059 -> 1
1060,10,1060 -> 1
1061,10,1061 -> 1
1062,10,1062 -> 1
1063,10,1063 -> 1
1064,10,1064 -> 1
1065,10,1065 -> 1
1066,10,1066 -> 1
1067,10,1067 -> 1
1068,10,1068 -> 1
1069,10,1069 -> 1
1070,10,1070 -> 1
1071,10,1071 -> 1
1072,10,1072 -> 1
1073,10,1073 -> 1
1074,10,1074 -> 1
1075,10,1075 -> 1
1076,10,1076 -> 1
1077,10,1077 -> 1
1078,10,1078 -> 1
1079,10,1079 -> 1
1080,10,1080 -> 1
1081,10,1081 -> 1
1082,10,1082 -> 1
1083,10,1083 -> 1
1084,10,1084 -> 1
1085,10,1085 -> 1
1086,10,1086 -> 1
1087,10,1087 -> 1
1088,10,1088 -> 1
1089,10,1089 -> 1
1090,10,1090 -> 1
1091,10,1091 -> 1
1092,10,1092 -> 1
1093,10,1093 -> 1
1094,10,1094 -> 1
1095,10,1095 -> 1
1096,10,1096 -> 1
1097,10,1097 -> 1
1098,10,1098 -> 1
1099,10,1099 -> 1
1100,10,1100 -> 1
1101,10,1101 -> 1
1102,10,1102 -> 1
1103,10,1103 -> 1
1104,10,1104 -> 1
1105,10,1105 -> 1
1106,10,1106 -> 1
1107,10,1107 -> 1
1108,10,1108 -> 1
1109,10,1109 -> 1
1110,10,1110 -> 1
1111,10,1111 -> 1
1112,10,1112 -> 1
1113,10,1113 -> 1
1114,10,1114 -> 1
1115,10,1115 -> 1
1116,10,1116 -> 1
1117,10,1117 -> 1
1118,10,1118 -> 1
1119,10,1119 -> 1
1120,10,1120 -> 1
1121,10,1121 -> 1
1122,10,1122 -> 1
1123,10,1123 -> 1
1124,10,1124 -> 1
1125,10,1125 -> 1
1126,10,1126 -> 1
1127,10,1127 -> 1
1128,10,1128 -> 1
1129,10,1129 -> 1
1130,10,1130 -> 1
1131,10,1131 -> 1
1132,10,1132 -> 1
1133,10,1133 -> 1
1134,10,1134 -> 1
1135,10,1135 -> 1
1136,10,1136 -> 1
1137,10,1137 -> 1
1138,10,1138 -> 1
1139,10,1139 -> 1
1140,10,1140 -> 1
1141,10,1141 -> 1
1142,10,1142 -> 1
1016,11,1016 -> 1
1017,11,1017 -> 1
1018,11,1018 -> 1
1019,11,1019 -> 1
1020,11,1020 -> 1
1021,11,1021 -> 1
1022,11,1022 -> 1
1023,11,1023 -> 1
1024,11,1024 -> 1
1025,11,1025 -> 1
1026,11,1026 -> 1
1027,11,1027 -> 1
1028,11,1028 -> 1
1029,11,1029 -> 1
1030,11,1030 -> 1
1031,11,1031 -> 1
1032,11,1032 -> 1
1033,11,1033 -> 1
1034,11,1034 -> 1
1035,11,1035 -> 1
1036,11,1036 -> 1
1037,11,1037 -> 1
1038,11,1038 -> 1
1039,11,1039 -> 1
1040,11,1040 -> 1
1041,11,1041 -> 1
1042,11,1042 -> 1
1043,11,1043 -> 1
1044,11,1044 -> 1
1045,11,1045 -> 1
1046,11,1046 -> 1
1047,11,1047 -> 1
1048,11,1048 -> 1
1049,11,1049 -> 1
1050,11,1050 -> 1
1051,11,1051 -> 1
1052,11,1052 -> 1
1053,11,1053 -> 1
1054,11,1054 -> 1
1055,11,1055 -> 1
1056,11,1056 -> 1
1057,11,1057 -> 1
1058,11,1058 -> 1
1059,11,1059 -> 1
1060,11,1060 -> 1
1061,11,1061 -> 1
1062,11,1062 -> 1
1063,11,1063 -> 1
1064,11,1064 -> 1
1065,11,1065 -> 1
1066,11,1066 -> 1
1067,11,1067 -> 1
1068,11,1068 -> 1
1069,11,1069 -> 1
1070,11,1070 -> 1
1071,11,1071 -> 1
1072,11,1072 -> 1
1073,11,1073 -> 1
1074,11,1074 -> 1
1075,11,1075 -> 1
1076,11,1076 -> 1
1077,11,1077 -> 1
1078,11,1078 -> 1
1079,11,1079 -> 1
1080,11,1080 -> 1
1081,11,1081 -> 1
1082,11,1082 -> 1
1083,11,1083 -> 1
1084,11,1084 -> 1
1085,11,1085 -> 1
1086,11,1086 -> 1
1087,11,1087 -> 1
1088,11,1088 -> 1
1089,11,1089 -> 1
1090,11,1090 -> 1
1091,11,1091 -> 1
1092,11,1092 -> 1
1093,11,1093 -> 1
1094,11,1094 -> 1
1095,11,1095 -> 1
1096,11,1096 -> 1
1097,11,1097 -> 1
1098,11,1098 -> 1
1099,11,1099 -> 1
1100,11,1100 -> 1
1101,11,1101 -> 1
1102,11,1102 -> 1
1103,11,1103 -> 1
1104,11,1104 -> 1
1105,11,1105 -> 1
1106,11,1106 -> 1
1107,11,1107 -> 1
1108,11,1108 -> 1
1109,11,1109 -> 1
1110,11,1110 -> 1
1111,11,1111 -> 1
1112,11,1112 -> 1
1113,11,1113 -> 1
1114,11,1114 -> 1
1115,11,1115 -> 1
1116,11,1116 -> 1
1117,11,1117 -> 1
1118,11,1118 -> 1
1119,11,1119 -> 1
1120,11,1120 -> 1
1121,11,1121 -> 1
1122,11,1122 -> 1
1123,11,1123 -> 1
1124,11,1124 -> 1
1125,11,1125 -> 1
1126,11,1126 -> 1
1127,11,1127 -> 1
1128,11,1128 -> 1
1129,11,1129 -> 1
1130,11,1130 -> 1
1131,11,1131 -> 1
1132,11,1132 -> 1
1133,11,1133 -> 1
1134,11,1134 -> 1
1135,11,1135 -> 1
1136,11,1136 -> 1
1137,11,1137 -> 1
1138,11,1138 -> 1
1139,11,1139 -> 1
1140,11,1140 -> 1
1141,11,1141 -> 1
1142,11,1142 -> 1
1143,_,1143 -> 1

# Observation function (a,s,o -> p)
0,0,2 -> 1
0,1,2 -> 1
0,2,2 -> 1
0,3,2 -> 1
0,4,2 -> 1
0,5,2 -> 1
0,6,2 -> 1
0,7,2 -> 1
0,8,2 -> 1
0,9,2 -> 1
0,10,2 -> 1
0,11,2 -> 1
0,12,2 -> 1
0,13,2 -> 1
0,14,2 -> 1
0,15,2 -> 1
0,16,2 -> 1
0,17,2 -> 1
0,18,2 -> 1
0,19,2 -> 1
0,20,2 -> 1
0,21,2 -> 1
0,22,2 -> 1
0,23,2 -> 1
0,24,2 -> 1
0,25,2 -> 1
0,26,2 -> 1
0,27,2 -> 1
0,28,2 -> 1
0,29,2 -> 1
0,30,2 -> 1
0,31,2 -> 1
0,32,2 -> 1
0,33,2 -> 1
0,34,2 -> 1
0,35,2 -> 1
0,36,2 -> 1
0,37,2 -> 1
0,38,2 -> 1
0,39,2 -> 1
0,40,2 -> 1
0,41,2 -> 1
0,42,2 -> 1
0,43,2 -> 1
0,44,2 -> 1
0,45,2 -> 1
0,46,2 -> 1
0,47,2 -> 1
0,48,2 -> 1
0,49,2 -> 1
0,50,2 -> 1
0,51,2 -> 1
0,52,2 -> 1
0,53,2 -> 1
0,54,2 -> 1
0,55,2 -> 1
0,56,2 -> 1
0,57,2 -> 1
0,58,2 -> 1
0,59,2 -> 1
0,60,2 -> 1
0,61,2 -> 1
0,62,2 -> 1
0,63,2 -> 1
0,64,2 -> 1
0,65,2 -> 1
0,66,2 -> 1
0,67,2 -> 1
0,68,2 -> 1
0,69,2 -> 1
0,70,2 -> 1
0,71,2 -> 1
0,72,2 -> 1
0,73,2 -> 1
0,74,2 -> 1
0,75,2 -> 1
0,76,2 -> 1
0,77,2 -> 1
0,78,2 -> 1
0,79,2 -> 1
0,80,2 -> 1
0,81,2 -> 1
0,82,2 -> 1
0,83,2 -> 1
0,84,2 -> 1
0,85,2 -> 1
0,86,2 -> 1
0,87,2 -> 1
0,88,2 -> 1
0,89,2 -> 1
0,90,2 -> 1
0,91,2 -> 1
0,92,2 -> 1
0,93,2 -> 1
0,94,2 -> 1
0,95,2 -> 1
0,96,2 -> 1
0,97,2 -> 1
0,98,2 -> 1
0,99,2 -> 1
0,100,2 -> 1
0,101,2 -> 1
0,102,2 -> 1
0,103,2 -> 1
0,104,2 -> 1
0,105,2 -> 1
0,106,2 -> 1
0,107,2 -> 1
0,108,2 -> 1
0,109,2 -> 1
0,110,2 -> 1
0,111,2 -> 1
0,112,2 -> 1
0,113,2 -> 1
0,114,2 -> 1
0,115,2 -> 1
0,116,2 -> 1
0,117,2 -> 1
0,118,2 -> 1
0,119,2 -> 1
0,120,2 -> 1
0,121,2 -> 1
0,122,2 -> 1
0,123,2 -> 1
0,124,2 -> 1
0,125,2 -> 1
0,126,2 -> 1
0,127,2 -> 1
0,128,2 -> 1
0,129,2 -> 1
0,130,2 -> 1
0,131,2 -> 1
0,132,2 -> 1
0,133,2 -> 1
0,134,2 -> 1
0,135,2 -> 1
0,136,2 -> 1
0,137,2 -> 1
0,138,2 -> 1
0,139,2 -> 1
0,140,2 -> 1
0,141,2 -> 1
0,142,2 -> 1
0,143,2 -> 1
0,144,2 -> 1
0,145,2 -> 1
0,146,2 -> 1
0,147,2 -> 1
0,148,2 -> 1
0,149,2 -> 1
0,150,2 -> 1
0,151,2 -> 1
0,152,2 -> 1
0,153,2 -> 1
0,154,2 -> 1
0,155,2 -> 1
0,156,2 -> 1
0,157,2 -> 1
0,158,2 -> 1
0,159,2 -> 1
0,160,2 -> 1
0,161,2 -> 1
0,162,2 -> 1
0,163,2 -> 1
0,164,2 -> 1
0,165,2 -> 1
0,166,2 -> 1
0,167,2 -> 1
0,168,2 -> 1
0,169,2 -> 1
0,170,2 -> 1
0,171,2 -> 1
0,172,2 -> 1
0,173,2 -> 1
0,174,2 -> 1
0,175,2 -> 1
0,176,2 -> 1
0,177,2 -> 1
0,178,2 -> 1
0,179,2 -> 1
0,180,2 -> 1
0,181,2 -> 1
0,182,2 -> 1
0,183,2 -> 1
0,184,2 -> 1
0,185,2 -> 1
0,186,2 -> 1
0,187,2 -> 1
0,188,2 -> 1
0,189,2 -> 1
0,190,2 -> 1
0,191,2 -> 1
0,192,2 -> 1
0,193,2 -> 1
0,194,2 -> 1
0,195,2 -> 1
0,196,2 -> 1
0,197,2 -> 1
0,198,2 -> 1
0,199,2 -> 1
0,200,2 -> 1
0,201,2 -> 1
0,202,2 -> 1
0,203,2 -> 1
0,204,2 -> 1
0,205,2 -> 1
0,206,2 -> 1
0,207,2 -> 1
0,208,2 -> 1
0,209,2 -> 1
0,210,2 -> 1
0,211,2 -> 1
0,212,2 -> 1
0,213,2 -> 1
0,214,2 -> 1
0,215,2 -> 1
0,216,2 -> 1
0,217,2 -> 1
0,218,2 -> 1
0,219,2 -> 1
0,220,2 -> 1
0,221,2 -> 1
0,222,2 -> 1
0,223,2 -> 1
0,224,2 -> 1
0,225,2 -> 1
0,226,2 -> 1
0,227,2 -> 1
0,228,2 -> 1
0,229,2 -> 1
0,230,2 -> 1
0,231,2 -> 1
0,232,2 -> 1
0,233,2 -> 1
0,234,2 -> 1
0,235,2 -> 1
0,236,2 -> 1
0,237,2 -> 1
0,238,2 -> 1
0,239,2 -> 1
0,240,2 -> 1
0,241,2 -> 1
0,242,2 -> 1
0,243,2 -> 1
0,244,2 -> 1
0,245,2 -> 1
0,246,2 -> 1
0,247,2 -> 1
0,248,2 -> 1
0,249,2 -> 1
0,250,2 -> 1
0,251,2 -> 1
0,252,2 -> 1
0,253,2 -> 1
0,254,2 -> 1
0,255,2 -> 1
0,256,2 -> 1
0,257,2 -> 1
0,258,2 -> 1
0,259,2 -> 1
0,260,2 -> 1
0,261,2 -> 1
0,262,2 -> 1
0,263,2 -> 1
0,264,2 -> 1
0,265,2 -> 1
0,266,2 -> 1
0,267,2 -> 1
0,268,2 -> 1
0,269,2 -> 1
0,270,2 -> 1
0,271,2 -> 1
0,272,2 -> 1
0,273,2 -> 1
0,274,2 -> 1
0,275,2 -> 1
0,276,2 -> 1
0,277,2 -> 1
0,278,2 -> 1
0,279,2 -> 1
0,280,2 -> 1
0,281,2 -> 1
0,282,2 -> 1
0,283,2 -> 1
0,284,2 -> 1
0,285,2 -> 1
0,286,2 -> 1
0,287,2 -> 1
0,288,2 -> 1
0,289,2 -> 1
0,290,2 -> 1
0,291,2 -> 1
0,292,2 -> 1
0,293,2 -> 1
0,294,2 -> 1
0,295,2 -> 1
0,296,2 -> 1
0,297,2 -> 1
0,298,2 -> 1
0,299,2 -> 1
0,300,2 -> 1
0,301,2 -> 1
0,302,2 -> 1
0,303,2 -> 1
0,304,2 -> 1
0,305,2 -> 1
0,306,2 -> 1
0,307,2 -> 1
0,308,2 -> 1
0,309,2 -> 1
0,310,2 -> 1
0,311,2 -> 1
0,312,2 -> 1
0,313,2 -> 1
0,314,2 -> 1
0,315,2 -> 1
0,316,2 -> 1
0,317,2 -> 1
0,318,2 -> 1
0,319,2 -> 1
0,320,2 -> 1
0,321,2 -> 1
0,322,2 -> 1
0,323,2 -> 1
0,324,2 -> 1
0,325,2 -> 1
0,326,2 -> 1
0,327,2 -> 1
0,328,2 -> 1
0,329,2 -> 1
0,330,2 -> 1
0,331,2 -> 1
0,332,2 -> 1
0,333,2 -> 1
0,334,2 -> 1
0,335,2 -> 1
0,336,2 -> 1
0,337,2 -> 1
0,338,2 -> 1
0,339,2 -> 1
0,340,2 -> 1
0,341,2 -> 1
0,342,2 -> 1
0,343,2 -> 1
0,344,2 -> 1
0,345,2 -> 1
0,346,2 -> 1
0,347,2 -> 1
0,348,2 -> 1
0,349,2 -> 1
0,350,2 -> 1
0,351,2 -> 1
0,352,2 -> 1
0,353,2 -> 1
0,354,2 -> 1
0,355,2 -> 1
0,356,2 -> 1
0,357,2 -> 1
0,358,2 -> 1
0,359,2 -> 1
0,360,2 -> 1
0,361,2 -> 1
0,362,2 -> 1
0,363,2 -> 1
0,364,2 -> 1
0,365,2 -> 1
0,366,2 -> 1
0,367,2 -> 1
0,368,2 -> 1
0,369,2 -> 1
0,370,2 -> 1
0,371,2 -> 1
0,372,2 -> 1
0,373,2 -> 1
0,374,2 -> 1
0,375,2 -> 1
0,376,2 -> 1
0,377,2 -> 1
0,378,2 -> 1
0,379,2 -> 1
0,380,2 -> 1
0,381,2 -> 1
0,382,2 -> 1
0,383,2 -> 1
0,384,2 -> 1
0,385,2 -> 1
0,386,2 -> 1
0,387,2 -> 1
0,388,2 -> 1
0,389,2 -> 1
0,390,2 -> 1
0,391,2 -> 1
0,392,2 -> 1
0,393,2 -> 1
0,394,2 -> 1
0,395,2 -> 1
0,396,2 -> 1
0,397,2 -> 1
0,398,2 -> 1
0,399,2 -> 1
0,400,2 -> 1
0,401,2 -> 1
0,402,2 -> 1
0,403,2 -> 1
0,404,2 -> 1
0,405,2 -> 1
0,406,2 -> 1
0,407,2 -> 1
0,408,2 -> 1
0,409,2 -> 1
0,410,2 -> 1
0,411,2 -> 1
0,412,2 -> 1
0,413,2 -> 1
0,414,2 -> 1
0,415,2 -> 1
0,416,2 -> 1
0,417,2 -> 1
0,418,2 -> 1
0,419,2 -> 1
0,420,2 -> 1
0,421,2 -> 1
0,422,2 -> 1
0,423,2 -> 1
0,424,2 -> 1
0,425,2 -> 1
0,426,2 -> 1
0,427,2 -> 1
0,428,2 -> 1
0,429,2 -> 1
0,430,2 -> 1
0,431,2 -> 1
0,432,2 -> 1
0,433,2 -> 1
0,434,2 -> 1
0,435,2 -> 1
0,436,2 -> 1
0,437,2 -> 1
0,438,2 -> 1
0,439,2 -> 1
0,440,2 -> 1
0,441,2 -> 1
0,442,2 -> 1
0,443,2 -> 1
0,444,2 -> 1
0,445,2 -> 1
0,446,2 -> 1
0,447,2 -> 1
0,448,2 -> 1
0,449,2 -> 1
0,450,2 -> 1
0,451,2 -> 1
0,452,2 -> 1
0,453,2 -> 1
0,454,2 -> 1
0,455,2 -> 1
0,456,2 -> 1
0,457,2 -> 1
0,458,2 -> 1
0,459,2 -> 1
0,460,2 -> 1
0,461,2 -> 1
0,462,2 -> 1
0,463,2 -> 1
0,464,2 -> 1
0,465,2 -> 1
0,466,2 -> 1
0,467,2 -> 1
0,468,2 -> 1
0,469,2 -> 1
0,470,2 -> 1
0,471,2 -> 1
0,472,2 -> 1
0,473,2 -> 1
0,474,2 -> 1
0,475,2 -> 1
0,476,2 -> 1
0,477,2 -> 1
0,478,2 -> 1
0,479,2 -> 1
0,480,2 -> 1
0,481,2 -> 1
0,482,2 -> 1
0,483,2 -> 1
0,484,2 -> 1
0,485,2 -> 1
0,486,2 -> 1
0,487,2 -> 1
0,488,2 -> 1
0,489,2 -> 1
0,490,2 -> 1
0,491,2 -> 1
0,492,2 -> 1
0,493,2 -> 1
0,494,2 -> 1
0,495,2 -> 1
0,496,2 -> 1
0,497,2 -> 1
0,498,2 -> 1
0,499,2 -> 1
0,500,2 -> 1
0,501,2 -> 1
0,502,2 -> 1
0,503,2 -> 1
0,504,2 -> 1
0,505,2 -> 1
0,506,2 -> 1
0,507,2 -> 1
0,508,2 -> 1
0,509,2 -> 1
0,510,2 -> 1
0,511,2 -> 1
0,512,2 -> 1
0,513,2 -> 1
0,514,2 -> 1
0,515,2 -> 1
0,516,2 -> 1
0,517,2 -> 1
0,518,2 -> 1
0,519,2 -> 1
0,520,2 -> 1
0,521,2 -> 1
0,522,2 -> 1
0,523,2 -> 1
0,524,2 -> 1
0,525,2 -> 1
0,526,2 -> 1
0,527,2 -> 1
0,528,2 -> 1
0,529,2 -> 1
0,530,2 -> 1
0,531,2 -> 1
0,532,2 -> 1
0,533,2 -> 1
0,534,2 -> 1
0,535,2 -> 1
0,536,2 -> 1
0,537,2 -> 1
0,538,2 -> 1
0,539,2 -> 1
0,540,2 -> 1
0,541,2 -> 1
0,542,2 -> 1
0,543,2 -> 1
0,544,2 -> 1
0,545,2 -> 1
0,546,2 -> 1
0,547,2 -> 1
0,548,2 -> 1
0,549,2 -> 1
0,550,2 -> 1
0,551,2 -> 1
0,552,2 -> 1
0,553,2 -> 1
0,554,2 -> 1
0,555,2 -> 1
0,556,2 -> 1
0,557,2 -> 1
0,558,2 -> 1
0,559,2 -> 1
0,560,2 -> 1
0,561,2 -> 1
0,562,2 -> 1
0,563,2 -> 1
0,564,2 -> 1
0,565,2 -> 1
0,566,2 -> 1
0,567,2 -> 1
0,568,2 -> 1
0,569,2 -> 1
0,570,2 -> 1
0,571,2 -> 1
0,572,2 -> 1
0,573,2 -> 1
0,574,2 -> 1
0,575,2 -> 1
0,576,2 -> 1
0,577,2 -> 1
0,578,2 -> 1
0,579,2 -> 1
0,580,2 -> 1
0,581,2 -> 1
0,582,2 -> 1
0,583,2 -> 1
0,584,2 -> 1
0,585,2 -> 1
0,586,2 -> 1
0,587,2 -> 1
0,588,2 -> 1
0,589,2 -> 1
0,590,2 -> 1
0,591,2 -> 1
0,592,2 -> 1
0,593,2 -> 1
0,594,2 -> 1
0,595,2 -> 1
0,596,2 -> 1
0,597,2 -> 1
0,598,2 -> 1
0,599,2 -> 1
0,600,2 -> 1
0,601,2 -> 1
0,602,2 -> 1
0,603,2 -> 1
0,604,2 -> 1
0,605,2 -> 1
0,606,2 -> 1
0,607,2 -> 1
0,608,2 -> 1
0,609,2 -> 1
0,610,2 -> 1
0,611,2 -> 1
0,612,2 -> 1
0,613,2 -> 1
0,614,2 -> 1
0,615,2 -> 1
0,616,2 -> 1
0,617,2 -> 1
0,618,2 -> 1
0,619,2 -> 1
0,620,2 -> 1
0,621,2 -> 1
0,622,2 -> 1
0,623,2 -> 1
0,624,2 -> 1
0,625,2 -> 1
0,626,2 -> 1
0,627,2 -> 1
0,628,2 -> 1
0,629,2 -> 1
0,630,2 -> 1
0,631,2 -> 1
0,632,2 -> 1
0,633,2 -> 1
0,634,2 -> 1
0,635,2 -> 1
0,636,2 -> 1
0,637,2 -> 1
0,638,2 -> 1
0,639,2 -> 1
0,640,2 -> 1
0,641,2 -> 1
0,642,2 -> 1
0,643,2 -> 1
0,644,2 -> 1
0,645,2 -> 1
0,646,2 -> 1
0,647,2 -> 1
0,648,2 -> 1
0,649,2 -> 1
0,650,2 -> 1
0,651,2 -> 1
0,652,2 -> 1
0,653,2 -> 1
0,654,2 -> 1
0,655,2 -> 1
0,656,2 -> 1
0,657,2 -> 1
0,658,2 -> 1
0,659,2 -> 1
0,660,2 -> 1
0,661,2 -> 1
0,662,2 -> 1
0,663,2 -> 1
0,664,2 -> 1
0,665,2 -> 1
0,666,2 -> 1
0,667,2 -> 1
0,668,2 -> 1
0,669,2 -> 1
0,670,2 -> 1
0,671,2 -> 1
0,672,2 -> 1
0,673,2 -> 1
0,674,2 -> 1
0,675,2 -> 1
0,676,2 -> 1
0,677,2 -> 1
0,678,2 -> 1
0,679,2 -> 1
0,680,2 -> 1
0,681,2 -> 1
0,682,2 -> 1
0,683,2 -> 1
0,684,2 -> 1
0,685,2 -> 1
0,686,2 -> 1
0,687,2 -> 1
0,688,2 -> 1
0,689,2 -> 1
0,690,2 -> 1
0,691,2 -> 1
0,692,2 -> 1
0,693,2 -> 1
0,694,2 -> 1
0,695,2 -> 1
0,696,2 -> 1
0,697,2 -> 1
0,698,2 -> 1
0,699,2 -> 1
0,700,2 -> 1
0,701,2 -> 1
0,702,2 -> 1
0,703,2 -> 1
0,704,2 -> 1
0,705,2 -> 1
0,706,2 -> 1
0,707,2 -> 1
0,708,2 -> 1
0,709,2 -> 1
0,710,2 -> 1
0,711,2 -> 1
0,712,2 -> 1
0,713,2 -> 1
0,714,2 -> 1
0,715,2 -> 1
0,716,2 -> 1
0,717,2 -> 1
0,718,2 -> 1
0,719,2 -> 1
0,720,2 -> 1
0,721,2 -> 1
0,722,2 -> 1
0,723,2 -> 1
0,724,2 -> 1
0,725,2 -> 1
0,726,2 -> 1
0,727,2 -> 1
0,728,2 -> 1
0,729,2 -> 1
0,730,2 -> 1
0,731,2 -> 1
0,732,2 -> 1
0,733,2 -> 1
0,734,2 -> 1
0,735,2 -> 1
0,736,2 -> 1
0,737,2 -> 1
0,738,2 -> 1
0,739,2 -> 1
0,740,2 -> 1
0,741,2 -> 1
0,742,2 -> 1
0,743,2 -> 1
0,744,2 -> 1
0,745,2 -> 1
0,746,2 -> 1
0,747,2 -> 1
0,748,2 -> 1
0,749,2 -> 1
0,750,2 -> 1
0,751,2 -> 1
0,752,2 -> 1
0,753,2 -> 1
0,754,2 -> 1
0,755,2 -> 1
0,756,2 -> 1
0,757,2 -> 1
0,758,2 -> 1
0,759,2 -> 1
0,760,2 -> 1
0,761,2 -> 1
0,762,2 -> 1
0,763,2 -> 1
0,764,2 -> 1
0,765,2 -> 1
0,766,2 -> 1
0,767,2 -> 1
0,768,2 -> 1
0,769,2 -> 1
0,770,2 -> 1
0,771,2 -> 1
0,772,2 -> 1
0,773,2 -> 1
0,774,2 -> 1
0,775,2 -> 1
0,776,2 -> 1
0,777,2 -> 1
0,778,2 -> 1
0,779,2 -> 1
0,780,2 -> 1
0,781,2 -> 1
0,782,2 -> 1
0,783,2 -> 1
0,784,2 -> 1
0,785,2 -> 1
0,786,2 -> 1
0,787,2 -> 1
0,788,2 -> 1
0,789,2 -> 1
0,790,2 -> 1
0,791,2 -> 1
0,792,2 -> 1
0,793,2 -> 1
0,794,2 -> 1
0,795,2 -> 1
0,796,2 -> 1
0,797,2 -> 1
0,798,2 -> 1
0,799,2 -> 1
0,800,2 -> 1
0,801,2 -> 1
0,802,2 -> 1
0,803,2 -> 1
0,804,2 -> 1
0,805,2 -> 1
0,806,2 -> 1
0,807,2 -> 1
0,808,2 -> 1
0,809,2 -> 1
0,810,2 -> 1
0,811,2 -> 1
0,812,2 -> 1
0,813,2 -> 1
0,814,2 -> 1
0,815,2 -> 1
0,816,2 -> 1
0,817,2 -> 1
0,818,2 -> 1
0,819,2 -> 1
0,820,2 -> 1
0,821,2 -> 1
0,822,2 -> 1
0,823,2 -> 1
0,824,2 -> 1
0,825,2 -> 1
0,826,2 -> 1
0,827,2 -> 1
0,828,2 -> 1
0,829,2 -> 1
0,830,2 -> 1
0,831,2 -> 1
0,832,2 -> 1
0,833,2 -> 1
0,834,2 -> 1
0,835,2 -> 1
0,836,2 -> 1
0,837,2 -> 1
0,838,2 -> 1
0,839,2 -> 1
0,840,2 -> 1
0,841,2 -> 1
0,842,2 -> 1
0,843,2 -> 1
0,844,2 -> 1
0,845,2 -> 1
0,846,2 -> 1
0,847,2 -> 1
0,848,2 -> 1
0,849,2 -> 1
0,850,2 -> 1
0,851,2 -> 1
0,852,2 -> 1
0,853,2 -> 1
0,854,2 -> 1
0,855,2 -> 1
0,856,2 -> 1
0,857,2 -> 1
0,858,2 -> 1
0,859,2 -> 1
0,860,2 -> 1
0,861,2 -> 1
0,862,2 -> 1
0,863,2 -> 1
0,864,2 -> 1
0,865,2 -> 1
0,866,2 -> 1
0,867,2 -> 1
0,868,2 -> 1
0,869,2 -> 1
0,870,2 -> 1
0,871,2 -> 1
0,872,2 -> 1
0,873,2 -> 1
0,874,2 -> 1
0,875,2 -> 1
0,876,2 -> 1
0,877,2 -> 1
0,878,2 -> 1
0,879,2 -> 1
0,880,2 -> 1
0,881,2 -> 1
0,882,2 -> 1
0,883,2 -> 1
0,884,2 -> 1
0,885,2 -> 1
0,886,2 -> 1
0,887,2 -> 1
0,888,2 -> 1
0,889,2 -> 1
0,890,2 -> 1
0,891,2 -> 1
0,892,2 -> 1
0,893,2 -> 1
0,894,2 -> 1
0,895,2 -> 1
0,896,2 -> 1
0,897,2 -> 1
0,898,2 -> 1
0,899,2 -> 1
0,900,2 -> 1
0,901,2 -> 1
0,902,2 -> 1
0,903,2 -> 1
0,904,2 -> 1
0,905,2 -> 1
0,906,2 -> 1
0,907,2 -> 1
0,908,2 -> 1
0,909,2 -> 1
0,910,2 -> 1
0,911,2 -> 1
0,912,2 -> 1
0,913,2 -> 1
0,914,2 -> 1
0,915,2 -> 1
0,916,2 -> 1
0,917,2 -> 1
0,918,2 -> 1
0,919,2 -> 1
0,920,2 -> 1
0,921,2 -> 1
0,922,2 -> 1
0,923,2 -> 1
0,924,2 -> 1
0,925,2 -> 1
0,926,2 -> 1
0,927,2 -> 1
0,928,2 -> 1
0,929,2 -> 1
0,930,2 -> 1
0,931,2 -> 1
0,932,2 -> 1
0,933,2 -> 1
0,934,2 -> 1
0,935,2 -> 1
0,936,2 -> 1
0,937,2 -> 1
0,938,2 -> 1
0,939,2 -> 1
0,940,2 -> 1
0,941,2 -> 1
0,942,2 -> 1
0,943,2 -> 1
0,944,2 -> 1
0,945,2 -> 1
0,946,2 -> 1
0,947,2 -> 1
0,948,2 -> 1
0,949,2 -> 1
0,950,2 -> 1
0,951,2 -> 1
0,952,2 -> 1
0,953,2 -> 1
0,954,2 -> 1
0,955,2 -> 1
0,956,2 -> 1
0,957,2 -> 1
0,958,2 -> 1
0,959,2 -> 1
0,960,2 -> 1
0,961,2 -> 1
0,962,2 -> 1
0,963,2 -> 1
0,964,2 -> 1
0,965,2 -> 1
0,966,2 -> 1
0,967,2 -> 1
0,968,2 -> 1
0,969,2 -> 1
0,970,2 -> 1
0,971,2 -> 1
0,972,2 -> 1
0,973,2 -> 1
0,974,2 -> 1
0,975,2 -> 1
0,976,2 -> 1
0,977,2 -> 1
0,978,2 -> 1
0,979,2 -> 1
0,980,2 -> 1
0,981,2 -> 1
0,982,2 -> 1
0,983,2 -> 1
0,984,2 -> 1
0,985,2 -> 1
0,986,2 -> 1
0,987,2 -> 1
0,988,2 -> 1
0,989,2 -> 1
0,990,2 -> 1
0,991,2 -> 1
0,992,2 -> 1
0,993,2 -> 1
0,994,2 -> 1
0,995,2 -> 1
0,996,2 -> 1
0,997,2 -> 1
0,998,2 -> 1
0,999,2 -> 1
0,1000,2 -> 1
0,1001,2 -> 1
0,1002,2 -> 1
0,1003,2 -> 1
0,1004,2 -> 1
0,1005,2 -> 1
0,1006,2 -> 1
0,1007,2 -> 1
0,1008,2 -> 1
0,1009,2 -> 1
0,1010,2 -> 1
0,1011,2 -> 1
0,1012,2 -> 1
0,1013,2 -> 1
0,1014,2 -> 1
0,1015,2 -> 1
0,1016,2 -> 1
0,1017,2 -> 1
0,1018,2 -> 1
0,1019,2 -> 1
0,1020,2 -> 1
0,1021,2 -> 1
0,1022,2 -> 1
0,1023,2 -> 1
0,1024,2 -> 1
0,1025,2 -> 1
0,1026,2 -> 1
0,1027,2 -> 1
0,1028,2 -> 1
0,1029,2 -> 1
0,1030,2 -> 1
0,1031,2 -> 1
0,1032,2 -> 1
0,1033,2 -> 1
0,1034,2 -> 1
0,1035,2 -> 1
0,1036,2 -> 1
0,1037,2 -> 1
0,1038,2 -> 1
0,1039,2 -> 1
0,1040,2 -> 1
0,1041,2 -> 1
0,1042,2 -> 1
0,1043,2 -> 1
0,1044,2 -> 1
0,1045,2 -> 1
0,1046,2 -> 1
0,1047,2 -> 1
0,1048,2 -> 1
0,1049,2 -> 1
0,1050,2 -> 1
0,1051,2 -> 1
0,1052,2 -> 1
0,1053,2 -> 1
0,1054,2 -> 1
0,1055,2 -> 1
0,1056,2 -> 1
0,1057,2 -> 1
0,1058,2 -> 1
0,1059,2 -> 1
0,1060,2 -> 1
0,1061,2 -> 1
0,1062,2 -> 1
0,1063,2 -> 1
0,1064,2 -> 1
0,1065,2 -> 1
0,1066,2 -> 1
0,1067,2 -> 1
0,1068,2 -> 1
0,1069,2 -> 1
0,1070,2 -> 1
0,1071,2 -> 1
0,1072,2 -> 1
0,1073,2 -> 1
0,1074,2 -> 1
0,1075,2 -> 1
0,1076,2 -> 1
0,1077,2 -> 1
0,1078,2 -> 1
0,1079,2 -> 1
0,1080,2 -> 1
0,1081,2 -> 1
0,1082,2 -> 1
0,1083,2 -> 1
0,1084,2 -> 1
0,1085,2 -> 1
0,1086,2 -> 1
0,1087,2 -> 1
0,1088,2 -> 1
0,1089,2 -> 1
0,1090,2 -> 1
0,1091,2 -> 1
0,1092,2 -> 1
0,1093,2 -> 1
0,1094,2 -> 1
0,1095,2 -> 1
0,1096,2 -> 1
0,1097,2 -> 1
0,1098,2 -> 1
0,1099,2 -> 1
0,1100,2 -> 1
0,1101,2 -> 1
0,1102,2 -> 1
0,1103,2 -> 1
0,1104,2 -> 1
0,1105,2 -> 1
0,1106,2 -> 1
0,1107,2 -> 1
0,1108,2 -> 1
0,1109,2 -> 1
0,1110,2 -> 1
0,1111,2 -> 1
0,1112,2 -> 1
0,1113,2 -> 1
0,1114,2 -> 1
0,1115,2 -> 1
0,1116,2 -> 1
0,1117,2 -> 1
0,1118,2 -> 1
0,1119,2 -> 1
0,1120,2 -> 1
0,1121,2 -> 1
0,1122,2 -> 1
0,1123,2 -> 1
0,1124,2 -> 1
0,1125,2 -> 1
0,1126,2 -> 1
0,1127,2 -> 1
0,1128,2 -> 1
0,1129,2 -> 1
0,1130,2 -> 1
0,1131,2 -> 1
0,1132,2 -> 1
0,1133,2 -> 1
0,1134,2 -> 1
0,1135,2 -> 1
0,1136,2 -> 1
0,1137,2 -> 1
0,1138,2 -> 1
0,1139,2 -> 1
0,1140,2 -> 1
0,1141,2 -> 1
0,1142,2 -> 1
1,0,2 -> 1
1,1,2 -> 1
1,2,2 -> 1
1,3,2 -> 1
1,4,2 -> 1
1,5,2 -> 1
1,6,2 -> 1
1,7,2 -> 1
1,8,2 -> 1
1,9,2 -> 1
1,10,2 -> 1
1,11,2 -> 1
1,12,2 -> 1
1,13,2 -> 1
1,14,2 -> 1
1,15,2 -> 1
1,16,2 -> 1
1,17,2 -> 1
1,18,2 -> 1
1,19,2 -> 1
1,20,2 -> 1
1,21,2 -> 1
1,22,2 -> 1
1,23,2 -> 1
1,24,2 -> 1
1,25,2 -> 1
1,26,2 -> 1
1,27,2 -> 1
1,28,2 -> 1
1,29,2 -> 1
1,30,2 -> 1
1,31,2 -> 1
1,32,2 -> 1
1,33,2 -> 1
1,34,2 -> 1
1,35,2 -> 1
1,36,2 -> 1
1,37,2 -> 1
1,38,2 -> 1
1,39,2 -> 1
1,40,2 -> 1
1,41,2 -> 1
1,42,2 -> 1
1,43,2 -> 1
1,44,2 -> 1
1,45,2 -> 1
1,46,2 -> 1
1,47,2 -> 1
1,48,2 -> 1
1,49,2 -> 1
1,50,2 -> 1
1,51,2 -> 1
1,52,2 -> 1
1,53,2 -> 1
1,54,2 -> 1
1,55,2 -> 1
1,56,2 -> 1
1,57,2 -> 1
1,58,2 -> 1
1,59,2 -> 1
1,60,2 -> 1
1,61,2 -> 1
1,62,2 -> 1
1,63,2 -> 1
1,64,2 -> 1
1,65,2 -> 1
1,66,2 -> 1
1,67,2 -> 1
1,68,2 -> 1
1,69,2 -> 1
1,70,2 -> 1
1,71,2 -> 1
1,72,2 -> 1
1,73,2 -> 1
1,74,2 -> 1
1,75,2 -> 1
1,76,2 -> 1
1,77,2 -> 1
1,78,2 -> 1
1,79,2 -> 1
1,80,2 -> 1
1,81,2 -> 1
1,82,2 -> 1
1,83,2 -> 1
1,84,2 -> 1
1,85,2 -> 1
1,86,2 -> 1
1,87,2 -> 1
1,88,2 -> 1
1,89,2 -> 1
1,90,2 -> 1
1,91,2 -> 1
1,92,2 -> 1
1,93,2 -> 1
1,94,2 -> 1
1,95,2 -> 1
1,96,2 -> 1
1,97,2 -> 1
1,98,2 -> 1
1,99,2 -> 1
1,100,2 -> 1
1,101,2 -> 1
1,102,2 -> 1
1,103,2 -> 1
1,104,2 -> 1
1,105,2 -> 1
1,106,2 -> 1
1,107,2 -> 1
1,108,2 -> 1
1,109,2 -> 1
1,110,2 -> 1
1,111,2 -> 1
1,112,2 -> 1
1,113,2 -> 1
1,114,2 -> 1
1,115,2 -> 1
1,116,2 -> 1
1,117,2 -> 1
1,118,2 -> 1
1,119,2 -> 1
1,120,2 -> 1
1,121,2 -> 1
1,122,2 -> 1
1,123,2 -> 1
1,124,2 -> 1
1,125,2 -> 1
1,126,2 -> 1
1,127,2 -> 1
1,128,2 -> 1
1,129,2 -> 1
1,130,2 -> 1
1,131,2 -> 1
1,132,2 -> 1
1,133,2 -> 1
1,134,2 -> 1
1,135,2 -> 1
1,136,2 -> 1
1,137,2 -> 1
1,138,2 -> 1
1,139,2 -> 1
1,140,2 -> 1
1,141,2 -> 1
1,142,2 -> 1
1,143,2 -> 1
1,144,2 -> 1
1,145,2 -> 1
1,146,2 -> 1
1,147,2 -> 1
1,148,2 -> 1
1,149,2 -> 1
1,150,2 -> 1
1,151,2 -> 1
1,152,2 -> 1
1,153,2 -> 1
1,154,2 -> 1
1,155,2 -> 1
1,156,2 -> 1
1,157,2 -> 1
1,158,2 -> 1
1,159,2 -> 1
1,160,2 -> 1
1,161,2 -> 1
1,162,2 -> 1
1,163,2 -> 1
1,164,2 -> 1
1,165,2 -> 1
1,166,2 -> 1
1,167,2 -> 1
1,168,2 -> 1
1,169,2 -> 1
1,170,2 -> 1
1,171,2 -> 1
1,172,2 -> 1
1,173,2 -> 1
1,174,2 -> 1
1,175,2 -> 1
1,176,2 -> 1
1,177,2 -> 1
1,178,2 -> 1
1,179,2 -> 1
1,180,2 -> 1
1,181,2 -> 1
1,182,2 -> 1
1,183,2 -> 1
1,184,2 -> 1
1,185,2 -> 1
1,186,2 -> 1
1,187,2 -> 1
1,188,2 -> 1
1,189,2 -> 1
1,190,2 -> 1
1,191,2 -> 1
1,192,2 -> 1
1,193,2 -> 1
1,194,2 -> 1
1,195,2 -> 1
1,196,2 -> 1
1,197,2 -> 1
1,198,2 -> 1
1,199,2 -> 1
1,200,2 -> 1
1,201,2 -> 1
1,202,2 -> 1
1,203,2 -> 1
1,204,2 -> 1
1,205,2 -> 1
1,206,2 -> 1
1,207,2 -> 1
1,208,2 -> 1
1,209,2 -> 1
1,210,2 -> 1
1,211,2 -> 1
1,212,2 -> 1
1,213,2 -> 1
1,214,2 -> 1
1,215,2 -> 1
1,216,2 -> 1
1,217,2 -> 1
1,218,2 -> 1
1,219,2 -> 1
1,220,2 -> 1
1,221,2 -> 1
1,222,2 -> 1
1,223,2 -> 1
1,224,2 -> 1
1,225,2 -> 1
1,226,2 -> 1
1,227,2 -> 1
1,228,2 -> 1
1,229,2 -> 1
1,230,2 -> 1
1,231,2 -> 1
1,232,2 -> 1
1,233,2 -> 1
1,234,2 -> 1
1,235,2 -> 1
1,236,2 -> 1
1,237,2 -> 1
1,238,2 -> 1
1,239,2 -> 1
1,240,2 -> 1
1,241,2 -> 1
1,242,2 -> 1
1,243,2 -> 1
1,244,2 -> 1
1,245,2 -> 1
1,246,2 -> 1
1,247,2 -> 1
1,248,2 -> 1
1,249,2 -> 1
1,250,2 -> 1
1,251,2 -> 1
1,252,2 -> 1
1,253,2 -> 1
1,254,2 -> 1
1,255,2 -> 1
1,256,2 -> 1
1,257,2 -> 1
1,258,2 -> 1
1,259,2 -> 1
1,260,2 -> 1
1,261,2 -> 1
1,262,2 -> 1
1,263,2 -> 1
1,264,2 -> 1
1,265,2 -> 1
1,266,2 -> 1
1,267,2 -> 1
1,268,2 -> 1
1,269,2 -> 1
1,270,2 -> 1
1,271,2 -> 1
1,272,2 -> 1
1,273,2 -> 1
1,274,2 -> 1
1,275,2 -> 1
1,276,2 -> 1
1,277,2 -> 1
1,278,2 -> 1
1,279,2 -> 1
1,280,2 -> 1
1,281,2 -> 1
1,282,2 -> 1
1,283,2 -> 1
1,284,2 -> 1
1,285,2 -> 1
1,286,2 -> 1
1,287,2 -> 1
1,288,2 -> 1
1,289,2 -> 1
1,290,2 -> 1
1,291,2 -> 1
1,292,2 -> 1
1,293,2 -> 1
1,294,2 -> 1
1,295,2 -> 1
1,296,2 -> 1
1,297,2 -> 1
1,298,2 -> 1
1,299,2 -> 1
1,300,2 -> 1
1,301,2 -> 1
1,302,2 -> 1
1,303,2 -> 1
1,304,2 -> 1
1,305,2 -> 1
1,306,2 -> 1
1,307,2 -> 1
1,308,2 -> 1
1,309,2 -> 1
1,310,2 -> 1
1,311,2 -> 1
1,312,2 -> 1
1,313,2 -> 1
1,314,2 -> 1
1,315,2 -> 1
1,316,2 -> 1
1,317,2 -> 1
1,318,2 -> 1
1,319,2 -> 1
1,320,2 -> 1
1,321,2 -> 1
1,322,2 -> 1
1,323,2 -> 1
1,324,2 -> 1
1,325,2 -> 1
1,326,2 -> 1
1,327,2 -> 1
1,328,2 -> 1
1,329,2 -> 1
1,330,2 -> 1
1,331,2 -> 1
1,332,2 -> 1
1,333,2 -> 1
1,334,2 -> 1
1,335,2 -> 1
1,336,2 -> 1
1,337,2 -> 1
1,338,2 -> 1
1,339,2 -> 1
1,340,2 -> 1
1,341,2 -> 1
1,342,2 -> 1
1,343,2 -> 1
1,344,2 -> 1
1,345,2 -> 1
1,346,2 -> 1
1,347,2 -> 1
1,348,2 -> 1
1,349,2 -> 1
1,350,2 -> 1
1,351,2 -> 1
1,352,2 -> 1
1,353,2 -> 1
1,354,2 -> 1
1,355,2 -> 1
1,356,2 -> 1
1,357,2 -> 1
1,358,2 -> 1
1,359,2 -> 1
1,360,2 -> 1
1,361,2 -> 1
1,362,2 -> 1
1,363,2 -> 1
1,364,2 -> 1
1,365,2 -> 1
1,366,2 -> 1
1,367,2 -> 1
1,368,2 -> 1
1,369,2 -> 1
1,370,2 -> 1
1,371,2 -> 1
1,372,2 -> 1
1,373,2 -> 1
1,374,2 -> 1
1,375,2 -> 1
1,376,2 -> 1
1,377,2 -> 1
1,378,2 -> 1
1,379,2 -> 1
1,380,2 -> 1
1,381,2 -> 1
1,382,2 -> 1
1,383,2 -> 1
1,384,2 -> 1
1,385,2 -> 1
1,386,2 -> 1
1,387,2 -> 1
1,388,2 -> 1
1,389,2 -> 1
1,390,2 -> 1
1,391,2 -> 1
1,392,2 -> 1
1,393,2 -> 1
1,394,2 -> 1
1,395,2 -> 1
1,396,2 -> 1
1,397,2 -> 1
1,398,2 -> 1
1,399,2 -> 1
1,400,2 -> 1
1,401,2 -> 1
1,402,2 -> 1
1,403,2 -> 1
1,404,2 -> 1
1,405,2 -> 1
1,406,2 -> 1
1,407,2 -> 1
1,408,2 -> 1
1,409,2 -> 1
1,410,2 -> 1
1,411,2 -> 1
1,412,2 -> 1
1,413,2 -> 1
1,414,2 -> 1
1,415,2 -> 1
1,416,2 -> 1
1,417,2 -> 1
1,418,2 -> 1
1,419,2 -> 1
1,420,2 -> 1
1,421,2 -> 1
1,422,2 -> 1
1,423,2 -> 1
1,424,2 -> 1
1,425,2 -> 1
1,426,2 -> 1
1,427,2 -> 1
1,428,2 -> 1
1,429,2 -> 1
1,430,2 -> 1
1,431,2 -> 1
1,432,2 -> 1
1,433,2 -> 1
1,434,2 -> 1
1,435,2 -> 1
1,436,2 -> 1
1,437,2 -> 1
1,438,2 -> 1
1,439,2 -> 1
1,440,2 -> 1
1,441,2 -> 1
1,442,2 -> 1
1,443,2 -> 1
1,444,2 -> 1
1,445,2 -> 1
1,446,2 -> 1
1,447,2 -> 1
1,448,2 -> 1
1,449,2 -> 1
1,450,2 -> 1
1,451,2 -> 1
1,452,2 -> 1
1,453,2 -> 1
1,454,2 -> 1
1,455,2 -> 1
1,456,2 -> 1
1,457,2 -> 1
1,458,2 -> 1
1,459,2 -> 1
1,460,2 -> 1
1,461,2 -> 1
1,462,2 -> 1
1,463,2 -> 1
1,464,2 -> 1
1,465,2 -> 1
1,466,2 -> 1
1,467,2 -> 1
1,468,2 -> 1
1,469,2 -> 1
1,470,2 -> 1
1,471,2 -> 1
1,472,2 -> 1
1,473,2 -> 1
1,474,2 -> 1
1,475,2 -> 1
1,476,2 -> 1
1,477,2 -> 1
1,478,2 -> 1
1,479,2 -> 1
1,480,2 -> 1
1,481,2 -> 1
1,482,2 -> 1
1,483,2 -> 1
1,484,2 -> 1
1,485,2 -> 1
1,486,2 -> 1
1,487,2 -> 1
1,488,2 -> 1
1,489,2 -> 1
1,490,2 -> 1
1,491,2 -> 1
1,492,2 -> 1
1,493,2 -> 1
1,494,2 -> 1
1,495,2 -> 1
1,496,2 -> 1
1,497,2 -> 1
1,498,2 -> 1
1,499,2 -> 1
1,500,2 -> 1
1,501,2 -> 1
1,502,2 -> 1
1,503,2 -> 1
1,504,2 -> 1
1,505,2 -> 1
1,506,2 -> 1
1,507,2 -> 1
1,508,2 -> 1
1,509,2 -> 1
1,510,2 -> 1
1,511,2 -> 1
1,512,2 -> 1
1,513,2 -> 1
1,514,2 -> 1
1,515,2 -> 1
1,516,2 -> 1
1,517,2 -> 1
1,518,2 -> 1
1,519,2 -> 1
1,520,2 -> 1
1,521,2 -> 1
1,522,2 -> 1
1,523,2 -> 1
1,524,2 -> 1
1,525,2 -> 1
1,526,2 -> 1
1,527,2 -> 1
1,528,2 -> 1
1,529,2 -> 1
1,530,2 -> 1
1,531,2 -> 1
1,532,2 -> 1
1,533,2 -> 1
1,534,2 -> 1
1,535,2 -> 1
1,536,2 -> 1
1,537,2 -> 1
1,538,2 -> 1
1,539,2 -> 1
1,540,2 -> 1
1,541,2 -> 1
1,542,2 -> 1
1,543,2 -> 1
1,544,2 -> 1
1,545,2 -> 1
1,546,2 -> 1
1,547,2 -> 1
1,548,2 -> 1
1,549,2 -> 1
1,550,2 -> 1
1,551,2 -> 1
1,552,2 -> 1
1,553,2 -> 1
1,554,2 -> 1
1,555,2 -> 1
1,556,2 -> 1
1,557,2 -> 1
1,558,2 -> 1
1,559,2 -> 1
1,560,2 -> 1
1,561,2 -> 1
1,562,2 -> 1
1,563,2 -> 1
1,564,2 -> 1
1,565,2 -> 1
1,566,2 -> 1
1,567,2 -> 1
1,568,2 -> 1
1,569,2 -> 1
1,570,2 -> 1
1,571,2 -> 1
1,572,2 -> 1
1,573,2 -> 1
1,574,2 -> 1
1,575,2 -> 1
1,576,2 -> 1
1,577,2 -> 1
1,578,2 -> 1
1,579,2 -> 1
1,580,2 -> 1
1,581,2 -> 1
1,582,2 -> 1
1,583,2 -> 1
1,584,2 -> 1
1,585,2 -> 1
1,586,2 -> 1
1,587,2 -> 1
1,588,2 -> 1
1,589,2 -> 1
1,590,2 -> 1
1,591,2 -> 1
1,592,2 -> 1
1,593,2 -> 1
1,594,2 -> 1
1,595,2 -> 1
1,596,2 -> 1
1,597,2 -> 1
1,598,2 -> 1
1,599,2 -> 1
1,600,2 -> 1
1,601,2 -> 1
1,602,2 -> 1
1,603,2 -> 1
1,604,2 -> 1
1,605,2 -> 1
1,606,2 -> 1
1,607,2 -> 1
1,608,2 -> 1
1,609,2 -> 1
1,610,2 -> 1
1,611,2 -> 1
1,612,2 -> 1
1,613,2 -> 1
1,614,2 -> 1
1,615,2 -> 1
1,616,2 -> 1
1,617,2 -> 1
1,618,2 -> 1
1,619,2 -> 1
1,620,2 -> 1
1,621,2 -> 1
1,622,2 -> 1
1,623,2 -> 1
1,624,2 -> 1
1,625,2 -> 1
1,626,2 -> 1
1,627,2 -> 1
1,628,2 -> 1
1,629,2 -> 1
1,630,2 -> 1
1,631,2 -> 1
1,632,2 -> 1
1,633,2 -> 1
1,634,2 -> 1
1,635,2 -> 1
1,636,2 -> 1
1,637,2 -> 1
1,638,2 -> 1
1,639,2 -> 1
1,640,2 -> 1
1,641,2 -> 1
1,642,2 -> 1
1,643,2 -> 1
1,644,2 -> 1
1,645,2 -> 1
1,646,2 -> 1
1,647,2 -> 1
1,648,2 -> 1
1,649,2 -> 1
1,650,2 -> 1
1,651,2 -> 1
1,652,2 -> 1
1,653,2 -> 1
1,654,2 -> 1
1,655,2 -> 1
1,656,2 -> 1
1,657,2 -> 1
1,658,2 -> 1
1,659,2 -> 1
1,660,2 -> 1
1,661,2 -> 1
1,662,2 -> 1
1,663,2 -> 1
1,664,2 -> 1
1,665,2 -> 1
1,666,2 -> 1
1,667,2 -> 1
1,668,2 -> 1
1,669,2 -> 1
1,670,2 -> 1
1,671,2 -> 1
1,672,2 -> 1
1,673,2 -> 1
1,674,2 -> 1
1,675,2 -> 1
1,676,2 -> 1
1,677,2 -> 1
1,678,2 -> 1
1,679,2 -> 1
1,680,2 -> 1
1,681,2 -> 1
1,682,2 -> 1
1,683,2 -> 1
1,684,2 -> 1
1,685,2 -> 1
1,686,2 -> 1
1,687,2 -> 1
1,688,2 -> 1
1,689,2 -> 1
1,690,2 -> 1
1,691,2 -> 1
1,692,2 -> 1
1,693,2 -> 1
1,694,2 -> 1
1,695,2 -> 1
1,696,2 -> 1
1,697,2 -> 1
1,698,2 -> 1
1,699,2 -> 1
1,700,2 -> 1
1,701,2 -> 1
1,702,2 -> 1
1,703,2 -> 1
1,704,2 -> 1
1,705,2 -> 1
1,706,2 -> 1
1,707,2 -> 1
1,708,2 -> 1
1,709,2 -> 1
1,710,2 -> 1
1,711,2 -> 1
1,712,2 -> 1
1,713,2 -> 1
1,714,2 -> 1
1,715,2 -> 1
1,716,2 -> 1
1,717,2 -> 1
1,718,2 -> 1
1,719,2 -> 1
1,720,2 -> 1
1,721,2 -> 1
1,722,2 -> 1
1,723,2 -> 1
1,724,2 -> 1
1,725,2 -> 1
1,726,2 -> 1
1,727,2 -> 1
1,728,2 -> 1
1,729,2 -> 1
1,730,2 -> 1
1,731,2 -> 1
1,732,2 -> 1
1,733,2 -> 1
1,734,2 -> 1
1,735,2 -> 1
1,736,2 -> 1
1,737,2 -> 1
1,738,2 -> 1
1,739,2 -> 1
1,740,2 -> 1
1,741,2 -> 1
1,742,2 -> 1
1,743,2 -> 1
1,744,2 -> 1
1,745,2 -> 1
1,746,2 -> 1
1,747,2 -> 1
1,748,2 -> 1
1,749,2 -> 1
1,750,2 -> 1
1,751,2 -> 1
1,752,2 -> 1
1,753,2 -> 1
1,754,2 -> 1
1,755,2 -> 1
1,756,2 -> 1
1,757,2 -> 1
1,758,2 -> 1
1,759,2 -> 1
1,760,2 -> 1
1,761,2 -> 1
1,762,2 -> 1
1,763,2 -> 1
1,764,2 -> 1
1,765,2 -> 1
1,766,2 -> 1
1,767,2 -> 1
1,768,2 -> 1
1,769,2 -> 1
1,770,2 -> 1
1,771,2 -> 1
1,772,2 -> 1
1,773,2 -> 1
1,774,2 -> 1
1,775,2 -> 1
1,776,2 -> 1
1,777,2 -> 1
1,778,2 -> 1
1,779,2 -> 1
1,780,2 -> 1
1,781,2 -> 1
1,782,2 -> 1
1,783,2 -> 1
1,784,2 -> 1
1,785,2 -> 1
1,786,2 -> 1
1,787,2 -> 1
1,788,2 -> 1
1,789,2 -> 1
1,790,2 -> 1
1,791,2 -> 1
1,792,2 -> 1
1,793,2 -> 1
1,794,2 -> 1
1,795,2 -> 1
1,796,2 -> 1
1,797,2 -> 1
1,798,2 -> 1
1,799,2 -> 1
1,800,2 -> 1
1,801,2 -> 1
1,802,2 -> 1
1,803,2 -> 1
1,804,2 -> 1
1,805,2 -> 1
1,806,2 -> 1
1,807,2 -> 1
1,808,2 -> 1
1,809,2 -> 1
1,810,2 -> 1
1,811,2 -> 1
1,812,2 -> 1
1,813,2 -> 1
1,814,2 -> 1
1,815,2 -> 1
1,816,2 -> 1
1,817,2 -> 1
1,818,2 -> 1
1,819,2 -> 1
1,820,2 -> 1
1,821,2 -> 1
1,822,2 -> 1
1,823,2 -> 1
1,824,2 -> 1
1,825,2 -> 1
1,826,2 -> 1
1,827,2 -> 1
1,828,2 -> 1
1,829,2 -> 1
1,830,2 -> 1
1,831,2 -> 1
1,832,2 -> 1
1,833,2 -> 1
1,834,2 -> 1
1,835,2 -> 1
1,836,2 -> 1
1,837,2 -> 1
1,838,2 -> 1
1,839,2 -> 1
1,840,2 -> 1
1,841,2 -> 1
1,842,2 -> 1
1,843,2 -> 1
1,844,2 -> 1
1,845,2 -> 1
1,846,2 -> 1
1,847,2 -> 1
1,848,2 -> 1
1,849,2 -> 1
1,850,2 -> 1
1,851,2 -> 1
1,852,2 -> 1
1,853,2 -> 1
1,854,2 -> 1
1,855,2 -> 1
1,856,2 -> 1
1,857,2 -> 1
1,858,2 -> 1
1,859,2 -> 1
1,860,2 -> 1
1,861,2 -> 1
1,862,2 -> 1
1,863,2 -> 1
1,864,2 -> 1
1,865,2 -> 1
1,866,2 -> 1
1,867,2 -> 1
1,868,2 -> 1
1,869,2 -> 1
1,870,2 -> 1
1,871,2 -> 1
1,872,2 -> 1
1,873,2 -> 1
1,874,2 -> 1
1,875,2 -> 1
1,876,2 -> 1
1,877,2 -> 1
1,878,2 -> 1
1,879,2 -> 1
1,880,2 -> 1
1,881,2 -> 1
1,882,2 -> 1
1,883,2 -> 1
1,884,2 -> 1
1,885,2 -> 1
1,886,2 -> 1
1,887,2 -> 1
1,888,2 -> 1
1,889,2 -> 1
1,890,2 -> 1
1,891,2 -> 1
1,892,2 -> 1
1,893,2 -> 1
1,894,2 -> 1
1,895,2 -> 1
1,896,2 -> 1
1,897,2 -> 1
1,898,2 -> 1
1,899,2 -> 1
1,900,2 -> 1
1,901,2 -> 1
1,902,2 -> 1
1,903,2 -> 1
1,904,2 -> 1
1,905,2 -> 1
1,906,2 -> 1
1,907,2 -> 1
1,908,2 -> 1
1,909,2 -> 1
1,910,2 -> 1
1,911,2 -> 1
1,912,2 -> 1
1,913,2 -> 1
1,914,2 -> 1
1,915,2 -> 1
1,916,2 -> 1
1,917,2 -> 1
1,918,2 -> 1
1,919,2 -> 1
1,920,2 -> 1
1,921,2 -> 1
1,922,2 -> 1
1,923,2 -> 1
1,924,2 -> 1
1,925,2 -> 1
1,926,2 -> 1
1,927,2 -> 1
1,928,2 -> 1
1,929,2 -> 1
1,930,2 -> 1
1,931,2 -> 1
1,932,2 -> 1
1,933,2 -> 1
1,934,2 -> 1
1,935,2 -> 1
1,936,2 -> 1
1,937,2 -> 1
1,938,2 -> 1
1,939,2 -> 1
1,940,2 -> 1
1,941,2 -> 1
1,942,2 -> 1
1,943,2 -> 1
1,944,2 -> 1
1,945,2 -> 1
1,946,2 -> 1
1,947,2 -> 1
1,948,2 -> 1
1,949,2 -> 1
1,950,2 -> 1
1,951,2 -> 1
1,952,2 -> 1
1,953,2 -> 1
1,954,2 -> 1
1,955,2 -> 1
1,956,2 -> 1
1,957,2 -> 1
1,958,2 -> 1
1,959,2 -> 1
1,960,2 -> 1
1,961,2 -> 1
1,962,2 -> 1
1,963,2 -> 1
1,964,2 -> 1
1,965,2 -> 1
1,966,2 -> 1
1,967,2 -> 1
1,968,2 -> 1
1,969,2 -> 1
1,970,2 -> 1
1,971,2 -> 1
1,972,2 -> 1
1,973,2 -> 1
1,974,2 -> 1
1,975,2 -> 1
1,976,2 -> 1
1,977,2 -> 1
1,978,2 -> 1
1,979,2 -> 1
1,980,2 -> 1
1,981,2 -> 1
1,982,2 -> 1
1,983,2 -> 1
1,984,2 -> 1
1,985,2 -> 1
1,986,2 -> 1
1,987,2 -> 1
1,988,2 -> 1
1,989,2 -> 1
1,990,2 -> 1
1,991,2 -> 1
1,992,2 -> 1
1,993,2 -> 1
1,994,2 -> 1
1,995,2 -> 1
1,996,2 -> 1
1,997,2 -> 1
1,998,2 -> 1
1,999,2 -> 1
1,1000,2 -> 1
1,1001,2 -> 1
1,1002,2 -> 1
1,1003,2 -> 1
1,1004,2 -> 1
1,1005,2 -> 1
1,1006,2 -> 1
1,1007,2 -> 1
1,1008,2 -> 1
1,1009,2 -> 1
1,1010,2 -> 1
1,1011,2 -> 1
1,1012,2 -> 1
1,1013,2 -> 1
1,1014,2 -> 1
1,1015,2 -> 1
1,1016,2 -> 1
1,1017,2 -> 1
1,1018,2 -> 1
1,1019,2 -> 1
1,1020,2 -> 1
1,1021,2 -> 1
1,1022,2 -> 1
1,1023,2 -> 1
1,1024,2 -> 1
1,1025,2 -> 1
1,1026,2 -> 1
1,1027,2 -> 1
1,1028,2 -> 1
1,1029,2 -> 1
1,1030,2 -> 1
1,1031,2 -> 1
1,1032,2 -> 1
1,1033,2 -> 1
1,1034,2 -> 1
1,1035,2 -> 1
1,1036,2 -> 1
1,1037,2 -> 1
1,1038,2 -> 1
1,1039,2 -> 1
1,1040,2 -> 1
1,1041,2 -> 1
1,1042,2 -> 1
1,1043,2 -> 1
1,1044,2 -> 1
1,1045,2 -> 1
1,1046,2 -> 1
1,1047,2 -> 1
1,1048,2 -> 1
1,1049,2 -> 1
1,1050,2 -> 1
1,1051,2 -> 1
1,1052,2 -> 1
1,1053,2 -> 1
1,1054,2 -> 1
1,1055,2 -> 1
1,1056,2 -> 1
1,1057,2 -> 1
1,1058,2 -> 1
1,1059,2 -> 1
1,1060,2 -> 1
1,1061,2 -> 1
1,1062,2 -> 1
1,1063,2 -> 1
1,1064,2 -> 1
1,1065,2 -> 1
1,1066,2 -> 1
1,1067,2 -> 1
1,1068,2 -> 1
1,1069,2 -> 1
1,1070,2 -> 1
1,1071,2 -> 1
1,1072,2 -> 1
1,1073,2 -> 1
1,1074,2 -> 1
1,1075,2 -> 1
1,1076,2 -> 1
1,1077,2 -> 1
1,1078,2 -> 1
1,1079,2 -> 1
1,1080,2 -> 1
1,1081,2 -> 1
1,1082,2 -> 1
1,1083,2 -> 1
1,1084,2 -> 1
1,1085,2 -> 1
1,1086,2 -> 1
1,1087,2 -> 1
1,1088,2 -> 1
1,1089,2 -> 1
1,1090,2 -> 1
1,1091,2 -> 1
1,1092,2 -> 1
1,1093,2 -> 1
1,1094,2 -> 1
1,1095,2 -> 1
1,1096,2 -> 1
1,1097,2 -> 1
1,1098,2 -> 1
1,1099,2 -> 1
1,1100,2 -> 1
1,1101,2 -> 1
1,1102,2 -> 1
1,1103,2 -> 1
1,1104,2 -> 1
1,1105,2 -> 1
1,1106,2 -> 1
1,1107,2 -> 1
1,1108,2 -> 1
1,1109,2 -> 1
1,1110,2 -> 1
1,1111,2 -> 1
1,1112,2 -> 1
1,1113,2 -> 1
1,1114,2 -> 1
1,1115,2 -> 1
1,1116,2 -> 1
1,1117,2 -> 1
1,1118,2 -> 1
1,1119,2 -> 1
1,1120,2 -> 1
1,1121,2 -> 1
1,1122,2 -> 1
1,1123,2 -> 1
1,1124,2 -> 1
1,1125,2 -> 1
1,1126,2 -> 1
1,1127,2 -> 1
1,1128,2 -> 1
1,1129,2 -> 1
1,1130,2 -> 1
1,1131,2 -> 1
1,1132,2 -> 1
1,1133,2 -> 1
1,1134,2 -> 1
1,1135,2 -> 1
1,1136,2 -> 1
1,1137,2 -> 1
1,1138,2 -> 1
1,1139,2 -> 1
1,1140,2 -> 1
1,1141,2 -> 1
1,1142,2 -> 1
2,0,2 -> 1
2,1,2 -> 1
2,2,2 -> 1
2,3,2 -> 1
2,4,2 -> 1
2,5,2 -> 1
2,6,2 -> 1
2,7,2 -> 1
2,8,2 -> 1
2,9,2 -> 1
2,10,2 -> 1
2,11,2 -> 1
2,12,2 -> 1
2,13,2 -> 1
2,14,2 -> 1
2,15,2 -> 1
2,16,2 -> 1
2,17,2 -> 1
2,18,2 -> 1
2,19,2 -> 1
2,20,2 -> 1
2,21,2 -> 1
2,22,2 -> 1
2,23,2 -> 1
2,24,2 -> 1
2,25,2 -> 1
2,26,2 -> 1
2,27,2 -> 1
2,28,2 -> 1
2,29,2 -> 1
2,30,2 -> 1
2,31,2 -> 1
2,32,2 -> 1
2,33,2 -> 1
2,34,2 -> 1
2,35,2 -> 1
2,36,2 -> 1
2,37,2 -> 1
2,38,2 -> 1
2,39,2 -> 1
2,40,2 -> 1
2,41,2 -> 1
2,42,2 -> 1
2,43,2 -> 1
2,44,2 -> 1
2,45,2 -> 1
2,46,2 -> 1
2,47,2 -> 1
2,48,2 -> 1
2,49,2 -> 1
2,50,2 -> 1
2,51,2 -> 1
2,52,2 -> 1
2,53,2 -> 1
2,54,2 -> 1
2,55,2 -> 1
2,56,2 -> 1
2,57,2 -> 1
2,58,2 -> 1
2,59,2 -> 1
2,60,2 -> 1
2,61,2 -> 1
2,62,2 -> 1
2,63,2 -> 1
2,64,2 -> 1
2,65,2 -> 1
2,66,2 -> 1
2,67,2 -> 1
2,68,2 -> 1
2,69,2 -> 1
2,70,2 -> 1
2,71,2 -> 1
2,72,2 -> 1
2,73,2 -> 1
2,74,2 -> 1
2,75,2 -> 1
2,76,2 -> 1
2,77,2 -> 1
2,78,2 -> 1
2,79,2 -> 1
2,80,2 -> 1
2,81,2 -> 1
2,82,2 -> 1
2,83,2 -> 1
2,84,2 -> 1
2,85,2 -> 1
2,86,2 -> 1
2,87,2 -> 1
2,88,2 -> 1
2,89,2 -> 1
2,90,2 -> 1
2,91,2 -> 1
2,92,2 -> 1
2,93,2 -> 1
2,94,2 -> 1
2,95,2 -> 1
2,96,2 -> 1
2,97,2 -> 1
2,98,2 -> 1
2,99,2 -> 1
2,100,2 -> 1
2,101,2 -> 1
2,102,2 -> 1
2,103,2 -> 1
2,104,2 -> 1
2,105,2 -> 1
2,106,2 -> 1
2,107,2 -> 1
2,108,2 -> 1
2,109,2 -> 1
2,110,2 -> 1
2,111,2 -> 1
2,112,2 -> 1
2,113,2 -> 1
2,114,2 -> 1
2,115,2 -> 1
2,116,2 -> 1
2,117,2 -> 1
2,118,2 -> 1
2,119,2 -> 1
2,120,2 -> 1
2,121,2 -> 1
2,122,2 -> 1
2,123,2 -> 1
2,124,2 -> 1
2,125,2 -> 1
2,126,2 -> 1
2,127,2 -> 1
2,128,2 -> 1
2,129,2 -> 1
2,130,2 -> 1
2,131,2 -> 1
2,132,2 -> 1
2,133,2 -> 1
2,134,2 -> 1
2,135,2 -> 1
2,136,2 -> 1
2,137,2 -> 1
2,138,2 -> 1
2,139,2 -> 1
2,140,2 -> 1
2,141,2 -> 1
2,142,2 -> 1
2,143,2 -> 1
2,144,2 -> 1
2,145,2 -> 1
2,146,2 -> 1
2,147,2 -> 1
2,148,2 -> 1
2,149,2 -> 1
2,150,2 -> 1
2,151,2 -> 1
2,152,2 -> 1
2,153,2 -> 1
2,154,2 -> 1
2,155,2 -> 1
2,156,2 -> 1
2,157,2 -> 1
2,158,2 -> 1
2,159,2 -> 1
2,160,2 -> 1
2,161,2 -> 1
2,162,2 -> 1
2,163,2 -> 1
2,164,2 -> 1
2,165,2 -> 1
2,166,2 -> 1
2,167,2 -> 1
2,168,2 -> 1
2,169,2 -> 1
2,170,2 -> 1
2,171,2 -> 1
2,172,2 -> 1
2,173,2 -> 1
2,174,2 -> 1
2,175,2 -> 1
2,176,2 -> 1
2,177,2 -> 1
2,178,2 -> 1
2,179,2 -> 1
2,180,2 -> 1
2,181,2 -> 1
2,182,2 -> 1
2,183,2 -> 1
2,184,2 -> 1
2,185,2 -> 1
2,186,2 -> 1
2,187,2 -> 1
2,188,2 -> 1
2,189,2 -> 1
2,190,2 -> 1
2,191,2 -> 1
2,192,2 -> 1
2,193,2 -> 1
2,194,2 -> 1
2,195,2 -> 1
2,196,2 -> 1
2,197,2 -> 1
2,198,2 -> 1
2,199,2 -> 1
2,200,2 -> 1
2,201,2 -> 1
2,202,2 -> 1
2,203,2 -> 1
2,204,2 -> 1
2,205,2 -> 1
2,206,2 -> 1
2,207,2 -> 1
2,208,2 -> 1
2,209,2 -> 1
2,210,2 -> 1
2,211,2 -> 1
2,212,2 -> 1
2,213,2 -> 1
2,214,2 -> 1
2,215,2 -> 1
2,216,2 -> 1
2,217,2 -> 1
2,218,2 -> 1
2,219,2 -> 1
2,220,2 -> 1
2,221,2 -> 1
2,222,2 -> 1
2,223,2 -> 1
2,224,2 -> 1
2,225,2 -> 1
2,226,2 -> 1
2,227,2 -> 1
2,228,2 -> 1
2,229,2 -> 1
2,230,2 -> 1
2,231,2 -> 1
2,232,2 -> 1
2,233,2 -> 1
2,234,2 -> 1
2,235,2 -> 1
2,236,2 -> 1
2,237,2 -> 1
2,238,2 -> 1
2,239,2 -> 1
2,240,2 -> 1
2,241,2 -> 1
2,242,2 -> 1
2,243,2 -> 1
2,244,2 -> 1
2,245,2 -> 1
2,246,2 -> 1
2,247,2 -> 1
2,248,2 -> 1
2,249,2 -> 1
2,250,2 -> 1
2,251,2 -> 1
2,252,2 -> 1
2,253,2 -> 1
2,254,2 -> 1
2,255,2 -> 1
2,256,2 -> 1
2,257,2 -> 1
2,258,2 -> 1
2,259,2 -> 1
2,260,2 -> 1
2,261,2 -> 1
2,262,2 -> 1
2,263,2 -> 1
2,264,2 -> 1
2,265,2 -> 1
2,266,2 -> 1
2,267,2 -> 1
2,268,2 -> 1
2,269,2 -> 1
2,270,2 -> 1
2,271,2 -> 1
2,272,2 -> 1
2,273,2 -> 1
2,274,2 -> 1
2,275,2 -> 1
2,276,2 -> 1
2,277,2 -> 1
2,278,2 -> 1
2,279,2 -> 1
2,280,2 -> 1
2,281,2 -> 1
2,282,2 -> 1
2,283,2 -> 1
2,284,2 -> 1
2,285,2 -> 1
2,286,2 -> 1
2,287,2 -> 1
2,288,2 -> 1
2,289,2 -> 1
2,290,2 -> 1
2,291,2 -> 1
2,292,2 -> 1
2,293,2 -> 1
2,294,2 -> 1
2,295,2 -> 1
2,296,2 -> 1
2,297,2 -> 1
2,298,2 -> 1
2,299,2 -> 1
2,300,2 -> 1
2,301,2 -> 1
2,302,2 -> 1
2,303,2 -> 1
2,304,2 -> 1
2,305,2 -> 1
2,306,2 -> 1
2,307,2 -> 1
2,308,2 -> 1
2,309,2 -> 1
2,310,2 -> 1
2,311,2 -> 1
2,312,2 -> 1
2,313,2 -> 1
2,314,2 -> 1
2,315,2 -> 1
2,316,2 -> 1
2,317,2 -> 1
2,318,2 -> 1
2,319,2 -> 1
2,320,2 -> 1
2,321,2 -> 1
2,322,2 -> 1
2,323,2 -> 1
2,324,2 -> 1
2,325,2 -> 1
2,326,2 -> 1
2,327,2 -> 1
2,328,2 -> 1
2,329,2 -> 1
2,330,2 -> 1
2,331,2 -> 1
2,332,2 -> 1
2,333,2 -> 1
2,334,2 -> 1
2,335,2 -> 1
2,336,2 -> 1
2,337,2 -> 1
2,338,2 -> 1
2,339,2 -> 1
2,340,2 -> 1
2,341,2 -> 1
2,342,2 -> 1
2,343,2 -> 1
2,344,2 -> 1
2,345,2 -> 1
2,346,2 -> 1
2,347,2 -> 1
2,348,2 -> 1
2,349,2 -> 1
2,350,2 -> 1
2,351,2 -> 1
2,352,2 -> 1
2,353,2 -> 1
2,354,2 -> 1
2,355,2 -> 1
2,356,2 -> 1
2,357,2 -> 1
2,358,2 -> 1
2,359,2 -> 1
2,360,2 -> 1
2,361,2 -> 1
2,362,2 -> 1
2,363,2 -> 1
2,364,2 -> 1
2,365,2 -> 1
2,366,2 -> 1
2,367,2 -> 1
2,368,2 -> 1
2,369,2 -> 1
2,370,2 -> 1
2,371,2 -> 1
2,372,2 -> 1
2,373,2 -> 1
2,374,2 -> 1
2,375,2 -> 1
2,376,2 -> 1
2,377,2 -> 1
2,378,2 -> 1
2,379,2 -> 1
2,380,2 -> 1
2,381,2 -> 1
2,382,2 -> 1
2,383,2 -> 1
2,384,2 -> 1
2,385,2 -> 1
2,386,2 -> 1
2,387,2 -> 1
2,388,2 -> 1
2,389,2 -> 1
2,390,2 -> 1
2,391,2 -> 1
2,392,2 -> 1
2,393,2 -> 1
2,394,2 -> 1
2,395,2 -> 1
2,396,2 -> 1
2,397,2 -> 1
2,398,2 -> 1
2,399,2 -> 1
2,400,2 -> 1
2,401,2 -> 1
2,402,2 -> 1
2,403,2 -> 1
2,404,2 -> 1
2,405,2 -> 1
2,406,2 -> 1
2,407,2 -> 1
2,408,2 -> 1
2,409,2 -> 1
2,410,2 -> 1
2,411,2 -> 1
2,412,2 -> 1
2,413,2 -> 1
2,414,2 -> 1
2,415,2 -> 1
2,416,2 -> 1
2,417,2 -> 1
2,418,2 -> 1
2,419,2 -> 1
2,420,2 -> 1
2,421,2 -> 1
2,422,2 -> 1
2,423,2 -> 1
2,424,2 -> 1
2,425,2 -> 1
2,426,2 -> 1
2,427,2 -> 1
2,428,2 -> 1
2,429,2 -> 1
2,430,2 -> 1
2,431,2 -> 1
2,432,2 -> 1
2,433,2 -> 1
2,434,2 -> 1
2,435,2 -> 1
2,436,2 -> 1
2,437,2 -> 1
2,438,2 -> 1
2,439,2 -> 1
2,440,2 -> 1
2,441,2 -> 1
2,442,2 -> 1
2,443,2 -> 1
2,444,2 -> 1
2,445,2 -> 1
2,446,2 -> 1
2,447,2 -> 1
2,448,2 -> 1
2,449,2 -> 1
2,450,2 -> 1
2,451,2 -> 1
2,452,2 -> 1
2,453,2 -> 1
2,454,2 -> 1
2,455,2 -> 1
2,456,2 -> 1
2,457,2 -> 1
2,458,2 -> 1
2,459,2 -> 1
2,460,2 -> 1
2,461,2 -> 1
2,462,2 -> 1
2,463,2 -> 1
2,464,2 -> 1
2,465,2 -> 1
2,466,2 -> 1
2,467,2 -> 1
2,468,2 -> 1
2,469,2 -> 1
2,470,2 -> 1
2,471,2 -> 1
2,472,2 -> 1
2,473,2 -> 1
2,474,2 -> 1
2,475,2 -> 1
2,476,2 -> 1
2,477,2 -> 1
2,478,2 -> 1
2,479,2 -> 1
2,480,2 -> 1
2,481,2 -> 1
2,482,2 -> 1
2,483,2 -> 1
2,484,2 -> 1
2,485,2 -> 1
2,486,2 -> 1
2,487,2 -> 1
2,488,2 -> 1
2,489,2 -> 1
2,490,2 -> 1
2,491,2 -> 1
2,492,2 -> 1
2,493,2 -> 1
2,494,2 -> 1
2,495,2 -> 1
2,496,2 -> 1
2,497,2 -> 1
2,498,2 -> 1
2,499,2 -> 1
2,500,2 -> 1
2,501,2 -> 1
2,502,2 -> 1
2,503,2 -> 1
2,504,2 -> 1
2,505,2 -> 1
2,506,2 -> 1
2,507,2 -> 1
2,508,2 -> 1
2,509,2 -> 1
2,510,2 -> 1
2,511,2 -> 1
2,512,2 -> 1
2,513,2 -> 1
2,514,2 -> 1
2,515,2 -> 1
2,516,2 -> 1
2,517,2 -> 1
2,518,2 -> 1
2,519,2 -> 1
2,520,2 -> 1
2,521,2 -> 1
2,522,2 -> 1
2,523,2 -> 1
2,524,2 -> 1
2,525,2 -> 1
2,526,2 -> 1
2,527,2 -> 1
2,528,2 -> 1
2,529,2 -> 1
2,530,2 -> 1
2,531,2 -> 1
2,532,2 -> 1
2,533,2 -> 1
2,534,2 -> 1
2,535,2 -> 1
2,536,2 -> 1
2,537,2 -> 1
2,538,2 -> 1
2,539,2 -> 1
2,540,2 -> 1
2,541,2 -> 1
2,542,2 -> 1
2,543,2 -> 1
2,544,2 -> 1
2,545,2 -> 1
2,546,2 -> 1
2,547,2 -> 1
2,548,2 -> 1
2,549,2 -> 1
2,550,2 -> 1
2,551,2 -> 1
2,552,2 -> 1
2,553,2 -> 1
2,554,2 -> 1
2,555,2 -> 1
2,556,2 -> 1
2,557,2 -> 1
2,558,2 -> 1
2,559,2 -> 1
2,560,2 -> 1
2,561,2 -> 1
2,562,2 -> 1
2,563,2 -> 1
2,564,2 -> 1
2,565,2 -> 1
2,566,2 -> 1
2,567,2 -> 1
2,568,2 -> 1
2,569,2 -> 1
2,570,2 -> 1
2,571,2 -> 1
2,572,2 -> 1
2,573,2 -> 1
2,574,2 -> 1
2,575,2 -> 1
2,576,2 -> 1
2,577,2 -> 1
2,578,2 -> 1
2,579,2 -> 1
2,580,2 -> 1
2,581,2 -> 1
2,582,2 -> 1
2,583,2 -> 1
2,584,2 -> 1
2,585,2 -> 1
2,586,2 -> 1
2,587,2 -> 1
2,588,2 -> 1
2,589,2 -> 1
2,590,2 -> 1
2,591,2 -> 1
2,592,2 -> 1
2,593,2 -> 1
2,594,2 -> 1
2,595,2 -> 1
2,596,2 -> 1
2,597,2 -> 1
2,598,2 -> 1
2,599,2 -> 1
2,600,2 -> 1
2,601,2 -> 1
2,602,2 -> 1
2,603,2 -> 1
2,604,2 -> 1
2,605,2 -> 1
2,606,2 -> 1
2,607,2 -> 1
2,608,2 -> 1
2,609,2 -> 1
2,610,2 -> 1
2,611,2 -> 1
2,612,2 -> 1
2,613,2 -> 1
2,614,2 -> 1
2,615,2 -> 1
2,616,2 -> 1
2,617,2 -> 1
2,618,2 -> 1
2,619,2 -> 1
2,620,2 -> 1
2,621,2 -> 1
2,622,2 -> 1
2,623,2 -> 1
2,624,2 -> 1
2,625,2 -> 1
2,626,2 -> 1
2,627,2 -> 1
2,628,2 -> 1
2,629,2 -> 1
2,630,2 -> 1
2,631,2 -> 1
2,632,2 -> 1
2,633,2 -> 1
2,634,2 -> 1
2,635,2 -> 1
2,636,2 -> 1
2,637,2 -> 1
2,638,2 -> 1
2,639,2 -> 1
2,640,2 -> 1
2,641,2 -> 1
2,642,2 -> 1
2,643,2 -> 1
2,644,2 -> 1
2,645,2 -> 1
2,646,2 -> 1
2,647,2 -> 1
2,648,2 -> 1
2,649,2 -> 1
2,650,2 -> 1
2,651,2 -> 1
2,652,2 -> 1
2,653,2 -> 1
2,654,2 -> 1
2,655,2 -> 1
2,656,2 -> 1
2,657,2 -> 1
2,658,2 -> 1
2,659,2 -> 1
2,660,2 -> 1
2,661,2 -> 1
2,662,2 -> 1
2,663,2 -> 1
2,664,2 -> 1
2,665,2 -> 1
2,666,2 -> 1
2,667,2 -> 1
2,668,2 -> 1
2,669,2 -> 1
2,670,2 -> 1
2,671,2 -> 1
2,672,2 -> 1
2,673,2 -> 1
2,674,2 -> 1
2,675,2 -> 1
2,676,2 -> 1
2,677,2 -> 1
2,678,2 -> 1
2,679,2 -> 1
2,680,2 -> 1
2,681,2 -> 1
2,682,2 -> 1
2,683,2 -> 1
2,684,2 -> 1
2,685,2 -> 1
2,686,2 -> 1
2,687,2 -> 1
2,688,2 -> 1
2,689,2 -> 1
2,690,2 -> 1
2,691,2 -> 1
2,692,2 -> 1
2,693,2 -> 1
2,694,2 -> 1
2,695,2 -> 1
2,696,2 -> 1
2,697,2 -> 1
2,698,2 -> 1
2,699,2 -> 1
2,700,2 -> 1
2,701,2 -> 1
2,702,2 -> 1
2,703,2 -> 1
2,704,2 -> 1
2,705,2 -> 1
2,706,2 -> 1
2,707,2 -> 1
2,708,2 -> 1
2,709,2 -> 1
2,710,2 -> 1
2,711,2 -> 1
2,712,2 -> 1
2,713,2 -> 1
2,714,2 -> 1
2,715,2 -> 1
2,716,2 -> 1
2,717,2 -> 1
2,718,2 -> 1
2,719,2 -> 1
2,720,2 -> 1
2,721,2 -> 1
2,722,2 -> 1
2,723,2 -> 1
2,724,2 -> 1
2,725,2 -> 1
2,726,2 -> 1
2,727,2 -> 1
2,728,2 -> 1
2,729,2 -> 1
2,730,2 -> 1
2,731,2 -> 1
2,732,2 -> 1
2,733,2 -> 1
2,734,2 -> 1
2,735,2 -> 1
2,736,2 -> 1
2,737,2 -> 1
2,738,2 -> 1
2,739,2 -> 1
2,740,2 -> 1
2,741,2 -> 1
2,742,2 -> 1
2,743,2 -> 1
2,744,2 -> 1
2,745,2 -> 1
2,746,2 -> 1
2,747,2 -> 1
2,748,2 -> 1
2,749,2 -> 1
2,750,2 -> 1
2,751,2 -> 1
2,752,2 -> 1
2,753,2 -> 1
2,754,2 -> 1
2,755,2 -> 1
2,756,2 -> 1
2,757,2 -> 1
2,758,2 -> 1
2,759,2 -> 1
2,760,2 -> 1
2,761,2 -> 1
2,762,2 -> 1
2,763,2 -> 1
2,764,2 -> 1
2,765,2 -> 1
2,766,2 -> 1
2,767,2 -> 1
2,768,2 -> 1
2,769,2 -> 1
2,770,2 -> 1
2,771,2 -> 1
2,772,2 -> 1
2,773,2 -> 1
2,774,2 -> 1
2,775,2 -> 1
2,776,2 -> 1
2,777,2 -> 1
2,778,2 -> 1
2,779,2 -> 1
2,780,2 -> 1
2,781,2 -> 1
2,782,2 -> 1
2,783,2 -> 1
2,784,2 -> 1
2,785,2 -> 1
2,786,2 -> 1
2,787,2 -> 1
2,788,2 -> 1
2,789,2 -> 1
2,790,2 -> 1
2,791,2 -> 1
2,792,2 -> 1
2,793,2 -> 1
2,794,2 -> 1
2,795,2 -> 1
2,796,2 -> 1
2,797,2 -> 1
2,798,2 -> 1
2,799,2 -> 1
2,800,2 -> 1
2,801,2 -> 1
2,802,2 -> 1
2,803,2 -> 1
2,804,2 -> 1
2,805,2 -> 1
2,806,2 -> 1
2,807,2 -> 1
2,808,2 -> 1
2,809,2 -> 1
2,810,2 -> 1
2,811,2 -> 1
2,812,2 -> 1
2,813,2 -> 1
2,814,2 -> 1
2,815,2 -> 1
2,816,2 -> 1
2,817,2 -> 1
2,818,2 -> 1
2,819,2 -> 1
2,820,2 -> 1
2,821,2 -> 1
2,822,2 -> 1
2,823,2 -> 1
2,824,2 -> 1
2,825,2 -> 1
2,826,2 -> 1
2,827,2 -> 1
2,828,2 -> 1
2,829,2 -> 1
2,830,2 -> 1
2,831,2 -> 1
2,832,2 -> 1
2,833,2 -> 1
2,834,2 -> 1
2,835,2 -> 1
2,836,2 -> 1
2,837,2 -> 1
2,838,2 -> 1
2,839,2 -> 1
2,840,2 -> 1
2,841,2 -> 1
2,842,2 -> 1
2,843,2 -> 1
2,844,2 -> 1
2,845,2 -> 1
2,846,2 -> 1
2,847,2 -> 1
2,848,2 -> 1
2,849,2 -> 1
2,850,2 -> 1
2,851,2 -> 1
2,852,2 -> 1
2,853,2 -> 1
2,854,2 -> 1
2,855,2 -> 1
2,856,2 -> 1
2,857,2 -> 1
2,858,2 -> 1
2,859,2 -> 1
2,860,2 -> 1
2,861,2 -> 1
2,862,2 -> 1
2,863,2 -> 1
2,864,2 -> 1
2,865,2 -> 1
2,866,2 -> 1
2,867,2 -> 1
2,868,2 -> 1
2,869,2 -> 1
2,870,2 -> 1
2,871,2 -> 1
2,872,2 -> 1
2,873,2 -> 1
2,874,2 -> 1
2,875,2 -> 1
2,876,2 -> 1
2,877,2 -> 1
2,878,2 -> 1
2,879,2 -> 1
2,880,2 -> 1
2,881,2 -> 1
2,882,2 -> 1
2,883,2 -> 1
2,884,2 -> 1
2,885,2 -> 1
2,886,2 -> 1
2,887,2 -> 1
2,888,2 -> 1
2,889,2 -> 1
2,890,2 -> 1
2,891,2 -> 1
2,892,2 -> 1
2,893,2 -> 1
2,894,2 -> 1
2,895,2 -> 1
2,896,2 -> 1
2,897,2 -> 1
2,898,2 -> 1
2,899,2 -> 1
2,900,2 -> 1
2,901,2 -> 1
2,902,2 -> 1
2,903,2 -> 1
2,904,2 -> 1
2,905,2 -> 1
2,906,2 -> 1
2,907,2 -> 1
2,908,2 -> 1
2,909,2 -> 1
2,910,2 -> 1
2,911,2 -> 1
2,912,2 -> 1
2,913,2 -> 1
2,914,2 -> 1
2,915,2 -> 1
2,916,2 -> 1
2,917,2 -> 1
2,918,2 -> 1
2,919,2 -> 1
2,920,2 -> 1
2,921,2 -> 1
2,922,2 -> 1
2,923,2 -> 1
2,924,2 -> 1
2,925,2 -> 1
2,926,2 -> 1
2,927,2 -> 1
2,928,2 -> 1
2,929,2 -> 1
2,930,2 -> 1
2,931,2 -> 1
2,932,2 -> 1
2,933,2 -> 1
2,934,2 -> 1
2,935,2 -> 1
2,936,2 -> 1
2,937,2 -> 1
2,938,2 -> 1
2,939,2 -> 1
2,940,2 -> 1
2,941,2 -> 1
2,942,2 -> 1
2,943,2 -> 1
2,944,2 -> 1
2,945,2 -> 1
2,946,2 -> 1
2,947,2 -> 1
2,948,2 -> 1
2,949,2 -> 1
2,950,2 -> 1
2,951,2 -> 1
2,952,2 -> 1
2,953,2 -> 1
2,954,2 -> 1
2,955,2 -> 1
2,956,2 -> 1
2,957,2 -> 1
2,958,2 -> 1
2,959,2 -> 1
2,960,2 -> 1
2,961,2 -> 1
2,962,2 -> 1
2,963,2 -> 1
2,964,2 -> 1
2,965,2 -> 1
2,966,2 -> 1
2,967,2 -> 1
2,968,2 -> 1
2,969,2 -> 1
2,970,2 -> 1
2,971,2 -> 1
2,972,2 -> 1
2,973,2 -> 1
2,974,2 -> 1
2,975,2 -> 1
2,976,2 -> 1
2,977,2 -> 1
2,978,2 -> 1
2,979,2 -> 1
2,980,2 -> 1
2,981,2 -> 1
2,982,2 -> 1
2,983,2 -> 1
2,984,2 -> 1
2,985,2 -> 1
2,986,2 -> 1
2,987,2 -> 1
2,988,2 -> 1
2,989,2 -> 1
2,990,2 -> 1
2,991,2 -> 1
2,992,2 -> 1
2,993,2 -> 1
2,994,2 -> 1
2,995,2 -> 1
2,996,2 -> 1
2,997,2 -> 1
2,998,2 -> 1
2,999,2 -> 1
2,1000,2 -> 1
2,1001,2 -> 1
2,1002,2 -> 1
2,1003,2 -> 1
2,1004,2 -> 1
2,1005,2 -> 1
2,1006,2 -> 1
2,1007,2 -> 1
2,1008,2 -> 1
2,1009,2 -> 1
2,1010,2 -> 1
2,1011,2 -> 1
2,1012,2 -> 1
2,1013,2 -> 1
2,1014,2 -> 1
2,1015,2 -> 1
2,1016,2 -> 1
2,1017,2 -> 1
2,1018,2 -> 1
2,1019,2 -> 1
2,1020,2 -> 1
2,1021,2 -> 1
2,1022,2 -> 1
2,1023,2 -> 1
2,1024,2 -> 1
2,1025,2 -> 1
2,1026,2 -> 1
2,1027,2 -> 1
2,1028,2 -> 1
2,1029,2 -> 1
2,1030,2 -> 1
2,1031,2 -> 1
2,1032,2 -> 1
2,1033,2 -> 1
2,1034,2 -> 1
2,1035,2 -> 1
2,1036,2 -> 1
2,1037,2 -> 1
2,1038,2 -> 1
2,1039,2 -> 1
2,1040,2 -> 1
2,1041,2 -> 1
2,1042,2 -> 1
2,1043,2 -> 1
2,1044,2 -> 1
2,1045,2 -> 1
2,1046,2 -> 1
2,1047,2 -> 1
2,1048,2 -> 1
2,1049,2 -> 1
2,1050,2 -> 1
2,1051,2 -> 1
2,1052,2 -> 1
2,1053,2 -> 1
2,1054,2 -> 1
2,1055,2 -> 1
2,1056,2 -> 1
2,1057,2 -> 1
2,1058,2 -> 1
2,1059,2 -> 1
2,1060,2 -> 1
2,1061,2 -> 1
2,1062,2 -> 1
2,1063,2 -> 1
2,1064,2 -> 1
2,1065,2 -> 1
2,1066,2 -> 1
2,1067,2 -> 1
2,1068,2 -> 1
2,1069,2 -> 1
2,1070,2 -> 1
2,1071,2 -> 1
2,1072,2 -> 1
2,1073,2 -> 1
2,1074,2 -> 1
2,1075,2 -> 1
2,1076,2 -> 1
2,1077,2 -> 1
2,1078,2 -> 1
2,1079,2 -> 1
2,1080,2 -> 1
2,1081,2 -> 1
2,1082,2 -> 1
2,1083,2 -> 1
2,1084,2 -> 1
2,1085,2 -> 1
2,1086,2 -> 1
2,1087,2 -> 1
2,1088,2 -> 1
2,1089,2 -> 1
2,1090,2 -> 1
2,1091,2 -> 1
2,1092,2 -> 1
2,1093,2 -> 1
2,1094,2 -> 1
2,1095,2 -> 1
2,1096,2 -> 1
2,1097,2 -> 1
2,1098,2 -> 1
2,1099,2 -> 1
2,1100,2 -> 1
2,1101,2 -> 1
2,1102,2 -> 1
2,1103,2 -> 1
2,1104,2 -> 1
2,1105,2 -> 1
2,1106,2 -> 1
2,1107,2 -> 1
2,1108,2 -> 1
2,1109,2 -> 1
2,1110,2 -> 1
2,1111,2 -> 1
2,1112,2 -> 1
2,1113,2 -> 1
2,1114,2 -> 1
2,1115,2 -> 1
2,1116,2 -> 1
2,1117,2 -> 1
2,1118,2 -> 1
2,1119,2 -> 1
2,1120,2 -> 1
2,1121,2 -> 1
2,1122,2 -> 1
2,1123,2 -> 1
2,1124,2 -> 1
2,1125,2 -> 1
2,1126,2 -> 1
2,1127,2 -> 1
2,1128,2 -> 1
2,1129,2 -> 1
2,1130,2 -> 1
2,1131,2 -> 1
2,1132,2 -> 1
2,1133,2 -> 1
2,1134,2 -> 1
2,1135,2 -> 1
2,1136,2 -> 1
2,1137,2 -> 1
2,1138,2 -> 1
2,1139,2 -> 1
2,1140,2 -> 1
2,1141,2 -> 1
2,1142,2 -> 1
3,0,2 -> 1
3,1,2 -> 1
3,2,2 -> 1
3,3,2 -> 1
3,4,2 -> 1
3,5,2 -> 1
3,6,2 -> 1
3,7,2 -> 1
3,8,2 -> 1
3,9,2 -> 1
3,10,2 -> 1
3,11,2 -> 1
3,12,2 -> 1
3,13,2 -> 1
3,14,2 -> 1
3,15,2 -> 1
3,16,2 -> 1
3,17,2 -> 1
3,18,2 -> 1
3,19,2 -> 1
3,20,2 -> 1
3,21,2 -> 1
3,22,2 -> 1
3,23,2 -> 1
3,24,2 -> 1
3,25,2 -> 1
3,26,2 -> 1
3,27,2 -> 1
3,28,2 -> 1
3,29,2 -> 1
3,30,2 -> 1
3,31,2 -> 1
3,32,2 -> 1
3,33,2 -> 1
3,34,2 -> 1
3,35,2 -> 1
3,36,2 -> 1
3,37,2 -> 1
3,38,2 -> 1
3,39,2 -> 1
3,40,2 -> 1
3,41,2 -> 1
3,42,2 -> 1
3,43,2 -> 1
3,44,2 -> 1
3,45,2 -> 1
3,46,2 -> 1
3,47,2 -> 1
3,48,2 -> 1
3,49,2 -> 1
3,50,2 -> 1
3,51,2 -> 1
3,52,2 -> 1
3,53,2 -> 1
3,54,2 -> 1
3,55,2 -> 1
3,56,2 -> 1
3,57,2 -> 1
3,58,2 -> 1
3,59,2 -> 1
3,60,2 -> 1
3,61,2 -> 1
3,62,2 -> 1
3,63,2 -> 1
3,64,2 -> 1
3,65,2 -> 1
3,66,2 -> 1
3,67,2 -> 1
3,68,2 -> 1
3,69,2 -> 1
3,70,2 -> 1
3,71,2 -> 1
3,72,2 -> 1
3,73,2 -> 1
3,74,2 -> 1
3,75,2 -> 1
3,76,2 -> 1
3,77,2 -> 1
3,78,2 -> 1
3,79,2 -> 1
3,80,2 -> 1
3,81,2 -> 1
3,82,2 -> 1
3,83,2 -> 1
3,84,2 -> 1
3,85,2 -> 1
3,86,2 -> 1
3,87,2 -> 1
3,88,2 -> 1
3,89,2 -> 1
3,90,2 -> 1
3,91,2 -> 1
3,92,2 -> 1
3,93,2 -> 1
3,94,2 -> 1
3,95,2 -> 1
3,96,2 -> 1
3,97,2 -> 1
3,98,2 -> 1
3,99,2 -> 1
3,100,2 -> 1
3,101,2 -> 1
3,102,2 -> 1
3,103,2 -> 1
3,104,2 -> 1
3,105,2 -> 1
3,106,2 -> 1
3,107,2 -> 1
3,108,2 -> 1
3,109,2 -> 1
3,110,2 -> 1
3,111,2 -> 1
3,112,2 -> 1
3,113,2 -> 1
3,114,2 -> 1
3,115,2 -> 1
3,116,2 -> 1
3,117,2 -> 1
3,118,2 -> 1
3,119,2 -> 1
3,120,2 -> 1
3,121,2 -> 1
3,122,2 -> 1
3,123,2 -> 1
3,124,2 -> 1
3,125,2 -> 1
3,126,2 -> 1
3,127,2 -> 1
3,128,2 -> 1
3,129,2 -> 1
3,130,2 -> 1
3,131,2 -> 1
3,132,2 -> 1
3,133,2 -> 1
3,134,2 -> 1
3,135,2 -> 1
3,136,2 -> 1
3,137,2 -> 1
3,138,2 -> 1
3,139,2 -> 1
3,140,2 -> 1
3,141,2 -> 1
3,142,2 -> 1
3,143,2 -> 1
3,144,2 -> 1
3,145,2 -> 1
3,146,2 -> 1
3,147,2 -> 1
3,148,2 -> 1
3,149,2 -> 1
3,150,2 -> 1
3,151,2 -> 1
3,152,2 -> 1
3,153,2 -> 1
3,154,2 -> 1
3,155,2 -> 1
3,156,2 -> 1
3,157,2 -> 1
3,158,2 -> 1
3,159,2 -> 1
3,160,2 -> 1
3,161,2 -> 1
3,162,2 -> 1
3,163,2 -> 1
3,164,2 -> 1
3,165,2 -> 1
3,166,2 -> 1
3,167,2 -> 1
3,168,2 -> 1
3,169,2 -> 1
3,170,2 -> 1
3,171,2 -> 1
3,172,2 -> 1
3,173,2 -> 1
3,174,2 -> 1
3,175,2 -> 1
3,176,2 -> 1
3,177,2 -> 1
3,178,2 -> 1
3,179,2 -> 1
3,180,2 -> 1
3,181,2 -> 1
3,182,2 -> 1
3,183,2 -> 1
3,184,2 -> 1
3,185,2 -> 1
3,186,2 -> 1
3,187,2 -> 1
3,188,2 -> 1
3,189,2 -> 1
3,190,2 -> 1
3,191,2 -> 1
3,192,2 -> 1
3,193,2 -> 1
3,194,2 -> 1
3,195,2 -> 1
3,196,2 -> 1
3,197,2 -> 1
3,198,2 -> 1
3,199,2 -> 1
3,200,2 -> 1
3,201,2 -> 1
3,202,2 -> 1
3,203,2 -> 1
3,204,2 -> 1
3,205,2 -> 1
3,206,2 -> 1
3,207,2 -> 1
3,208,2 -> 1
3,209,2 -> 1
3,210,2 -> 1
3,211,2 -> 1
3,212,2 -> 1
3,213,2 -> 1
3,214,2 -> 1
3,215,2 -> 1
3,216,2 -> 1
3,217,2 -> 1
3,218,2 -> 1
3,219,2 -> 1
3,220,2 -> 1
3,221,2 -> 1
3,222,2 -> 1
3,223,2 -> 1
3,224,2 -> 1
3,225,2 -> 1
3,226,2 -> 1
3,227,2 -> 1
3,228,2 -> 1
3,229,2 -> 1
3,230,2 -> 1
3,231,2 -> 1
3,232,2 -> 1
3,233,2 -> 1
3,234,2 -> 1
3,235,2 -> 1
3,236,2 -> 1
3,237,2 -> 1
3,238,2 -> 1
3,239,2 -> 1
3,240,2 -> 1
3,241,2 -> 1
3,242,2 -> 1
3,243,2 -> 1
3,244,2 -> 1
3,245,2 -> 1
3,246,2 -> 1
3,247,2 -> 1
3,248,2 -> 1
3,249,2 -> 1
3,250,2 -> 1
3,251,2 -> 1
3,252,2 -> 1
3,253,2 -> 1
3,254,2 -> 1
3,255,2 -> 1
3,256,2 -> 1
3,257,2 -> 1
3,258,2 -> 1
3,259,2 -> 1
3,260,2 -> 1
3,261,2 -> 1
3,262,2 -> 1
3,263,2 -> 1
3,264,2 -> 1
3,265,2 -> 1
3,266,2 -> 1
3,267,2 -> 1
3,268,2 -> 1
3,269,2 -> 1
3,270,2 -> 1
3,271,2 -> 1
3,272,2 -> 1
3,273,2 -> 1
3,274,2 -> 1
3,275,2 -> 1
3,276,2 -> 1
3,277,2 -> 1
3,278,2 -> 1
3,279,2 -> 1
3,280,2 -> 1
3,281,2 -> 1
3,282,2 -> 1
3,283,2 -> 1
3,284,2 -> 1
3,285,2 -> 1
3,286,2 -> 1
3,287,2 -> 1
3,288,2 -> 1
3,289,2 -> 1
3,290,2 -> 1
3,291,2 -> 1
3,292,2 -> 1
3,293,2 -> 1
3,294,2 -> 1
3,295,2 -> 1
3,296,2 -> 1
3,297,2 -> 1
3,298,2 -> 1
3,299,2 -> 1
3,300,2 -> 1
3,301,2 -> 1
3,302,2 -> 1
3,303,2 -> 1
3,304,2 -> 1
3,305,2 -> 1
3,306,2 -> 1
3,307,2 -> 1
3,308,2 -> 1
3,309,2 -> 1
3,310,2 -> 1
3,311,2 -> 1
3,312,2 -> 1
3,313,2 -> 1
3,314,2 -> 1
3,315,2 -> 1
3,316,2 -> 1
3,317,2 -> 1
3,318,2 -> 1
3,319,2 -> 1
3,320,2 -> 1
3,321,2 -> 1
3,322,2 -> 1
3,323,2 -> 1
3,324,2 -> 1
3,325,2 -> 1
3,326,2 -> 1
3,327,2 -> 1
3,328,2 -> 1
3,329,2 -> 1
3,330,2 -> 1
3,331,2 -> 1
3,332,2 -> 1
3,333,2 -> 1
3,334,2 -> 1
3,335,2 -> 1
3,336,2 -> 1
3,337,2 -> 1
3,338,2 -> 1
3,339,2 -> 1
3,340,2 -> 1
3,341,2 -> 1
3,342,2 -> 1
3,343,2 -> 1
3,344,2 -> 1
3,345,2 -> 1
3,346,2 -> 1
3,347,2 -> 1
3,348,2 -> 1
3,349,2 -> 1
3,350,2 -> 1
3,351,2 -> 1
3,352,2 -> 1
3,353,2 -> 1
3,354,2 -> 1
3,355,2 -> 1
3,356,2 -> 1
3,357,2 -> 1
3,358,2 -> 1
3,359,2 -> 1
3,360,2 -> 1
3,361,2 -> 1
3,362,2 -> 1
3,363,2 -> 1
3,364,2 -> 1
3,365,2 -> 1
3,366,2 -> 1
3,367,2 -> 1
3,368,2 -> 1
3,369,2 -> 1
3,370,2 -> 1
3,371,2 -> 1
3,372,2 -> 1
3,373,2 -> 1
3,374,2 -> 1
3,375,2 -> 1
3,376,2 -> 1
3,377,2 -> 1
3,378,2 -> 1
3,379,2 -> 1
3,380,2 -> 1
3,381,2 -> 1
3,382,2 -> 1
3,383,2 -> 1
3,384,2 -> 1
3,385,2 -> 1
3,386,2 -> 1
3,387,2 -> 1
3,388,2 -> 1
3,389,2 -> 1
3,390,2 -> 1
3,391,2 -> 1
3,392,2 -> 1
3,393,2 -> 1
3,394,2 -> 1
3,395,2 -> 1
3,396,2 -> 1
3,397,2 -> 1
3,398,2 -> 1
3,399,2 -> 1
3,400,2 -> 1
3,401,2 -> 1
3,402,2 -> 1
3,403,2 -> 1
3,404,2 -> 1
3,405,2 -> 1
3,406,2 -> 1
3,407,2 -> 1
3,408,2 -> 1
3,409,2 -> 1
3,410,2 -> 1
3,411,2 -> 1
3,412,2 -> 1
3,413,2 -> 1
3,414,2 -> 1
3,415,2 -> 1
3,416,2 -> 1
3,417,2 -> 1
3,418,2 -> 1
3,419,2 -> 1
3,420,2 -> 1
3,421,2 -> 1
3,422,2 -> 1
3,423,2 -> 1
3,424,2 -> 1
3,425,2 -> 1
3,426,2 -> 1
3,427,2 -> 1
3,428,2 -> 1
3,429,2 -> 1
3,430,2 -> 1
3,431,2 -> 1
3,432,2 -> 1
3,433,2 -> 1
3,434,2 -> 1
3,435,2 -> 1
3,436,2 -> 1
3,437,2 -> 1
3,438,2 -> 1
3,439,2 -> 1
3,440,2 -> 1
3,441,2 -> 1
3,442,2 -> 1
3,443,2 -> 1
3,444,2 -> 1
3,445,2 -> 1
3,446,2 -> 1
3,447,2 -> 1
3,448,2 -> 1
3,449,2 -> 1
3,450,2 -> 1
3,451,2 -> 1
3,452,2 -> 1
3,453,2 -> 1
3,454,2 -> 1
3,455,2 -> 1
3,456,2 -> 1
3,457,2 -> 1
3,458,2 -> 1
3,459,2 -> 1
3,460,2 -> 1
3,461,2 -> 1
3,462,2 -> 1
3,463,2 -> 1
3,464,2 -> 1
3,465,2 -> 1
3,466,2 -> 1
3,467,2 -> 1
3,468,2 -> 1
3,469,2 -> 1
3,470,2 -> 1
3,471,2 -> 1
3,472,2 -> 1
3,473,2 -> 1
3,474,2 -> 1
3,475,2 -> 1
3,476,2 -> 1
3,477,2 -> 1
3,478,2 -> 1
3,479,2 -> 1
3,480,2 -> 1
3,481,2 -> 1
3,482,2 -> 1
3,483,2 -> 1
3,484,2 -> 1
3,485,2 -> 1
3,486,2 -> 1
3,487,2 -> 1
3,488,2 -> 1
3,489,2 -> 1
3,490,2 -> 1
3,491,2 -> 1
3,492,2 -> 1
3,493,2 -> 1
3,494,2 -> 1
3,495,2 -> 1
3,496,2 -> 1
3,497,2 -> 1
3,498,2 -> 1
3,499,2 -> 1
3,500,2 -> 1
3,501,2 -> 1
3,502,2 -> 1
3,503,2 -> 1
3,504,2 -> 1
3,505,2 -> 1
3,506,2 -> 1
3,507,2 -> 1
3,508,2 -> 1
3,509,2 -> 1
3,510,2 -> 1
3,511,2 -> 1
3,512,2 -> 1
3,513,2 -> 1
3,514,2 -> 1
3,515,2 -> 1
3,516,2 -> 1
3,517,2 -> 1
3,518,2 -> 1
3,519,2 -> 1
3,520,2 -> 1
3,521,2 -> 1
3,522,2 -> 1
3,523,2 -> 1
3,524,2 -> 1
3,525,2 -> 1
3,526,2 -> 1
3,527,2 -> 1
3,528,2 -> 1
3,529,2 -> 1
3,530,2 -> 1
3,531,2 -> 1
3,532,2 -> 1
3,533,2 -> 1
3,534,2 -> 1
3,535,2 -> 1
3,536,2 -> 1
3,537,2 -> 1
3,538,2 -> 1
3,539,2 -> 1
3,540,2 -> 1
3,541,2 -> 1
3,542,2 -> 1
3,543,2 -> 1
3,544,2 -> 1
3,545,2 -> 1
3,546,2 -> 1
3,547,2 -> 1
3,548,2 -> 1
3,549,2 -> 1
3,550,2 -> 1
3,551,2 -> 1
3,552,2 -> 1
3,553,2 -> 1
3,554,2 -> 1
3,555,2 -> 1
3,556,2 -> 1
3,557,2 -> 1
3,558,2 -> 1
3,559,2 -> 1
3,560,2 -> 1
3,561,2 -> 1
3,562,2 -> 1
3,563,2 -> 1
3,564,2 -> 1
3,565,2 -> 1
3,566,2 -> 1
3,567,2 -> 1
3,568,2 -> 1
3,569,2 -> 1
3,570,2 -> 1
3,571,2 -> 1
3,572,2 -> 1
3,573,2 -> 1
3,574,2 -> 1
3,575,2 -> 1
3,576,2 -> 1
3,577,2 -> 1
3,578,2 -> 1
3,579,2 -> 1
3,580,2 -> 1
3,581,2 -> 1
3,582,2 -> 1
3,583,2 -> 1
3,584,2 -> 1
3,585,2 -> 1
3,586,2 -> 1
3,587,2 -> 1
3,588,2 -> 1
3,589,2 -> 1
3,590,2 -> 1
3,591,2 -> 1
3,592,2 -> 1
3,593,2 -> 1
3,594,2 -> 1
3,595,2 -> 1
3,596,2 -> 1
3,597,2 -> 1
3,598,2 -> 1
3,599,2 -> 1
3,600,2 -> 1
3,601,2 -> 1
3,602,2 -> 1
3,603,2 -> 1
3,604,2 -> 1
3,605,2 -> 1
3,606,2 -> 1
3,607,2 -> 1
3,608,2 -> 1
3,609,2 -> 1
3,610,2 -> 1
3,611,2 -> 1
3,612,2 -> 1
3,613,2 -> 1
3,614,2 -> 1
3,615,2 -> 1
3,616,2 -> 1
3,617,2 -> 1
3,618,2 -> 1
3,619,2 -> 1
3,620,2 -> 1
3,621,2 -> 1
3,622,2 -> 1
3,623,2 -> 1
3,624,2 -> 1
3,625,2 -> 1
3,626,2 -> 1
3,627,2 -> 1
3,628,2 -> 1
3,629,2 -> 1
3,630,2 -> 1
3,631,2 -> 1
3,632,2 -> 1
3,633,2 -> 1
3,634,2 -> 1
3,635,2 -> 1
3,636,2 -> 1
3,637,2 -> 1
3,638,2 -> 1
3,639,2 -> 1
3,640,2 -> 1
3,641,2 -> 1
3,642,2 -> 1
3,643,2 -> 1
3,644,2 -> 1
3,645,2 -> 1
3,646,2 -> 1
3,647,2 -> 1
3,648,2 -> 1
3,649,2 -> 1
3,650,2 -> 1
3,651,2 -> 1
3,652,2 -> 1
3,653,2 -> 1
3,654,2 -> 1
3,655,2 -> 1
3,656,2 -> 1
3,657,2 -> 1
3,658,2 -> 1
3,659,2 -> 1
3,660,2 -> 1
3,661,2 -> 1
3,662,2 -> 1
3,663,2 -> 1
3,664,2 -> 1
3,665,2 -> 1
3,666,2 -> 1
3,667,2 -> 1
3,668,2 -> 1
3,669,2 -> 1
3,670,2 -> 1
3,671,2 -> 1
3,672,2 -> 1
3,673,2 -> 1
3,674,2 -> 1
3,675,2 -> 1
3,676,2 -> 1
3,677,2 -> 1
3,678,2 -> 1
3,679,2 -> 1
3,680,2 -> 1
3,681,2 -> 1
3,682,2 -> 1
3,683,2 -> 1
3,684,2 -> 1
3,685,2 -> 1
3,686,2 -> 1
3,687,2 -> 1
3,688,2 -> 1
3,689,2 -> 1
3,690,2 -> 1
3,691,2 -> 1
3,692,2 -> 1
3,693,2 -> 1
3,694,2 -> 1
3,695,2 -> 1
3,696,2 -> 1
3,697,2 -> 1
3,698,2 -> 1
3,699,2 -> 1
3,700,2 -> 1
3,701,2 -> 1
3,702,2 -> 1
3,703,2 -> 1
3,704,2 -> 1
3,705,2 -> 1
3,706,2 -> 1
3,707,2 -> 1
3,708,2 -> 1
3,709,2 -> 1
3,710,2 -> 1
3,711,2 -> 1
3,712,2 -> 1
3,713,2 -> 1
3,714,2 -> 1
3,715,2 -> 1
3,716,2 -> 1
3,717,2 -> 1
3,718,2 -> 1
3,719,2 -> 1
3,720,2 -> 1
3,721,2 -> 1
3,722,2 -> 1
3,723,2 -> 1
3,724,2 -> 1
3,725,2 -> 1
3,726,2 -> 1
3,727,2 -> 1
3,728,2 -> 1
3,729,2 -> 1
3,730,2 -> 1
3,731,2 -> 1
3,732,2 -> 1
3,733,2 -> 1
3,734,2 -> 1
3,735,2 -> 1
3,736,2 -> 1
3,737,2 -> 1
3,738,2 -> 1
3,739,2 -> 1
3,740,2 -> 1
3,741,2 -> 1
3,742,2 -> 1
3,743,2 -> 1
3,744,2 -> 1
3,745,2 -> 1
3,746,2 -> 1
3,747,2 -> 1
3,748,2 -> 1
3,749,2 -> 1
3,750,2 -> 1
3,751,2 -> 1
3,752,2 -> 1
3,753,2 -> 1
3,754,2 -> 1
3,755,2 -> 1
3,756,2 -> 1
3,757,2 -> 1
3,758,2 -> 1
3,759,2 -> 1
3,760,2 -> 1
3,761,2 -> 1
3,762,2 -> 1
3,763,2 -> 1
3,764,2 -> 1
3,765,2 -> 1
3,766,2 -> 1
3,767,2 -> 1
3,768,2 -> 1
3,769,2 -> 1
3,770,2 -> 1
3,771,2 -> 1
3,772,2 -> 1
3,773,2 -> 1
3,774,2 -> 1
3,775,2 -> 1
3,776,2 -> 1
3,777,2 -> 1
3,778,2 -> 1
3,779,2 -> 1
3,780,2 -> 1
3,781,2 -> 1
3,782,2 -> 1
3,783,2 -> 1
3,784,2 -> 1
3,785,2 -> 1
3,786,2 -> 1
3,787,2 -> 1
3,788,2 -> 1
3,789,2 -> 1
3,790,2 -> 1
3,791,2 -> 1
3,792,2 -> 1
3,793,2 -> 1
3,794,2 -> 1
3,795,2 -> 1
3,796,2 -> 1
3,797,2 -> 1
3,798,2 -> 1
3,799,2 -> 1
3,800,2 -> 1
3,801,2 -> 1
3,802,2 -> 1
3,803,2 -> 1
3,804,2 -> 1
3,805,2 -> 1
3,806,2 -> 1
3,807,2 -> 1
3,808,2 -> 1
3,809,2 -> 1
3,810,2 -> 1
3,811,2 -> 1
3,812,2 -> 1
3,813,2 -> 1
3,814,2 -> 1
3,815,2 -> 1
3,816,2 -> 1
3,817,2 -> 1
3,818,2 -> 1
3,819,2 -> 1
3,820,2 -> 1
3,821,2 -> 1
3,822,2 -> 1
3,823,2 -> 1
3,824,2 -> 1
3,825,2 -> 1
3,826,2 -> 1
3,827,2 -> 1
3,828,2 -> 1
3,829,2 -> 1
3,830,2 -> 1
3,831,2 -> 1
3,832,2 -> 1
3,833,2 -> 1
3,834,2 -> 1
3,835,2 -> 1
3,836,2 -> 1
3,837,2 -> 1
3,838,2 -> 1
3,839,2 -> 1
3,840,2 -> 1
3,841,2 -> 1
3,842,2 -> 1
3,843,2 -> 1
3,844,2 -> 1
3,845,2 -> 1
3,846,2 -> 1
3,847,2 -> 1
3,848,2 -> 1
3,849,2 -> 1
3,850,2 -> 1
3,851,2 -> 1
3,852,2 -> 1
3,853,2 -> 1
3,854,2 -> 1
3,855,2 -> 1
3,856,2 -> 1
3,857,2 -> 1
3,858,2 -> 1
3,859,2 -> 1
3,860,2 -> 1
3,861,2 -> 1
3,862,2 -> 1
3,863,2 -> 1
3,864,2 -> 1
3,865,2 -> 1
3,866,2 -> 1
3,867,2 -> 1
3,868,2 -> 1
3,869,2 -> 1
3,870,2 -> 1
3,871,2 -> 1
3,872,2 -> 1
3,873,2 -> 1
3,874,2 -> 1
3,875,2 -> 1
3,876,2 -> 1
3,877,2 -> 1
3,878,2 -> 1
3,879,2 -> 1
3,880,2 -> 1
3,881,2 -> 1
3,882,2 -> 1
3,883,2 -> 1
3,884,2 -> 1
3,885,2 -> 1
3,886,2 -> 1
3,887,2 -> 1
3,888,2 -> 1
3,889,2 -> 1
3,890,2 -> 1
3,891,2 -> 1
3,892,2 -> 1
3,893,2 -> 1
3,894,2 -> 1
3,895,2 -> 1
3,896,2 -> 1
3,897,2 -> 1
3,898,2 -> 1
3,899,2 -> 1
3,900,2 -> 1
3,901,2 -> 1
3,902,2 -> 1
3,903,2 -> 1
3,904,2 -> 1
3,905,2 -> 1
3,906,2 -> 1
3,907,2 -> 1
3,908,2 -> 1
3,909,2 -> 1
3,910,2 -> 1
3,911,2 -> 1
3,912,2 -> 1
3,913,2 -> 1
3,914,2 -> 1
3,915,2 -> 1
3,916,2 -> 1
3,917,2 -> 1
3,918,2 -> 1
3,919,2 -> 1
3,920,2 -> 1
3,921,2 -> 1
3,922,2 -> 1
3,923,2 -> 1
3,924,2 -> 1
3,925,2 -> 1
3,926,2 -> 1
3,927,2 -> 1
3,928,2 -> 1
3,929,2 -> 1
3,930,2 -> 1
3,931,2 -> 1
3,932,2 -> 1
3,933,2 -> 1
3,934,2 -> 1
3,935,2 -> 1
3,936,2 -> 1
3,937,2 -> 1
3,938,2 -> 1
3,939,2 -> 1
3,940,2 -> 1
3,941,2 -> 1
3,942,2 -> 1
3,943,2 -> 1
3,944,2 -> 1
3,945,2 -> 1
3,946,2 -> 1
3,947,2 -> 1
3,948,2 -> 1
3,949,2 -> 1
3,950,2 -> 1
3,951,2 -> 1
3,952,2 -> 1
3,953,2 -> 1
3,954,2 -> 1
3,955,2 -> 1
3,956,2 -> 1
3,957,2 -> 1
3,958,2 -> 1
3,959,2 -> 1
3,960,2 -> 1
3,961,2 -> 1
3,962,2 -> 1
3,963,2 -> 1
3,964,2 -> 1
3,965,2 -> 1
3,966,2 -> 1
3,967,2 -> 1
3,968,2 -> 1
3,969,2 -> 1
3,970,2 -> 1
3,971,2 -> 1
3,972,2 -> 1
3,973,2 -> 1
3,974,2 -> 1
3,975,2 -> 1
3,976,2 -> 1
3,977,2 -> 1
3,978,2 -> 1
3,979,2 -> 1
3,980,2 -> 1
3,981,2 -> 1
3,982,2 -> 1
3,983,2 -> 1
3,984,2 -> 1
3,985,2 -> 1
3,986,2 -> 1
3,987,2 -> 1
3,988,2 -> 1
3,989,2 -> 1
3,990,2 -> 1
3,991,2 -> 1
3,992,2 -> 1
3,993,2 -> 1
3,994,2 -> 1
3,995,2 -> 1
3,996,2 -> 1
3,997,2 -> 1
3,998,2 -> 1
3,999,2 -> 1
3,1000,2 -> 1
3,1001,2 -> 1
3,1002,2 -> 1
3,1003,2 -> 1
3,1004,2 -> 1
3,1005,2 -> 1
3,1006,2 -> 1
3,1007,2 -> 1
3,1008,2 -> 1
3,1009,2 -> 1
3,1010,2 -> 1
3,1011,2 -> 1
3,1012,2 -> 1
3,1013,2 -> 1
3,1014,2 -> 1
3,1015,2 -> 1
3,1016,2 -> 1
3,1017,2 -> 1
3,1018,2 -> 1
3,1019,2 -> 1
3,1020,2 -> 1
3,1021,2 -> 1
3,1022,2 -> 1
3,1023,2 -> 1
3,1024,2 -> 1
3,1025,2 -> 1
3,1026,2 -> 1
3,1027,2 -> 1
3,1028,2 -> 1
3,1029,2 -> 1
3,1030,2 -> 1
3,1031,2 -> 1
3,1032,2 -> 1
3,1033,2 -> 1
3,1034,2 -> 1
3,1035,2 -> 1
3,1036,2 -> 1
3,1037,2 -> 1
3,1038,2 -> 1
3,1039,2 -> 1
3,1040,2 -> 1
3,1041,2 -> 1
3,1042,2 -> 1
3,1043,2 -> 1
3,1044,2 -> 1
3,1045,2 -> 1
3,1046,2 -> 1
3,1047,2 -> 1
3,1048,2 -> 1
3,1049,2 -> 1
3,1050,2 -> 1
3,1051,2 -> 1
3,1052,2 -> 1
3,1053,2 -> 1
3,1054,2 -> 1
3,1055,2 -> 1
3,1056,2 -> 1
3,1057,2 -> 1
3,1058,2 -> 1
3,1059,2 -> 1
3,1060,2 -> 1
3,1061,2 -> 1
3,1062,2 -> 1
3,1063,2 -> 1
3,1064,2 -> 1
3,1065,2 -> 1
3,1066,2 -> 1
3,1067,2 -> 1
3,1068,2 -> 1
3,1069,2 -> 1
3,1070,2 -> 1
3,1071,2 -> 1
3,1072,2 -> 1
3,1073,2 -> 1
3,1074,2 -> 1
3,1075,2 -> 1
3,1076,2 -> 1
3,1077,2 -> 1
3,1078,2 -> 1
3,1079,2 -> 1
3,1080,2 -> 1
3,1081,2 -> 1
3,1082,2 -> 1
3,1083,2 -> 1
3,1084,2 -> 1
3,1085,2 -> 1
3,1086,2 -> 1
3,1087,2 -> 1
3,1088,2 -> 1
3,1089,2 -> 1
3,1090,2 -> 1
3,1091,2 -> 1
3,1092,2 -> 1
3,1093,2 -> 1
3,1094,2 -> 1
3,1095,2 -> 1
3,1096,2 -> 1
3,1097,2 -> 1
3,1098,2 -> 1
3,1099,2 -> 1
3,1100,2 -> 1
3,1101,2 -> 1
3,1102,2 -> 1
3,1103,2 -> 1
3,1104,2 -> 1
3,1105,2 -> 1
3,1106,2 -> 1
3,1107,2 -> 1
3,1108,2 -> 1
3,1109,2 -> 1
3,1110,2 -> 1
3,1111,2 -> 1
3,1112,2 -> 1
3,1113,2 -> 1
3,1114,2 -> 1
3,1115,2 -> 1
3,1116,2 -> 1
3,1117,2 -> 1
3,1118,2 -> 1
3,1119,2 -> 1
3,1120,2 -> 1
3,1121,2 -> 1
3,1122,2 -> 1
3,1123,2 -> 1
3,1124,2 -> 1
3,1125,2 -> 1
3,1126,2 -> 1
3,1127,2 -> 1
3,1128,2 -> 1
3,1129,2 -> 1
3,1130,2 -> 1
3,1131,2 -> 1
3,1132,2 -> 1
3,1133,2 -> 1
3,1134,2 -> 1
3,1135,2 -> 1
3,1136,2 -> 1
3,1137,2 -> 1
3,1138,2 -> 1
3,1139,2 -> 1
3,1140,2 -> 1
3,1141,2 -> 1
3,1142,2 -> 1
4,0,2 -> 1
4,1,2 -> 1
4,2,2 -> 1
4,3,2 -> 1
4,4,2 -> 1
4,5,2 -> 1
4,6,2 -> 1
4,7,2 -> 1
4,8,2 -> 1
4,9,2 -> 1
4,10,2 -> 1
4,11,2 -> 1
4,12,2 -> 1
4,13,2 -> 1
4,14,2 -> 1
4,15,2 -> 1
4,16,2 -> 1
4,17,2 -> 1
4,18,2 -> 1
4,19,2 -> 1
4,20,2 -> 1
4,21,2 -> 1
4,22,2 -> 1
4,23,2 -> 1
4,24,2 -> 1
4,25,2 -> 1
4,26,2 -> 1
4,27,2 -> 1
4,28,2 -> 1
4,29,2 -> 1
4,30,2 -> 1
4,31,2 -> 1
4,32,2 -> 1
4,33,2 -> 1
4,34,2 -> 1
4,35,2 -> 1
4,36,2 -> 1
4,37,2 -> 1
4,38,2 -> 1
4,39,2 -> 1
4,40,2 -> 1
4,41,2 -> 1
4,42,2 -> 1
4,43,2 -> 1
4,44,2 -> 1
4,45,2 -> 1
4,46,2 -> 1
4,47,2 -> 1
4,48,2 -> 1
4,49,2 -> 1
4,50,2 -> 1
4,51,2 -> 1
4,52,2 -> 1
4,53,2 -> 1
4,54,2 -> 1
4,55,2 -> 1
4,56,2 -> 1
4,57,2 -> 1
4,58,2 -> 1
4,59,2 -> 1
4,60,2 -> 1
4,61,2 -> 1
4,62,2 -> 1
4,63,2 -> 1
4,64,2 -> 1
4,65,2 -> 1
4,66,2 -> 1
4,67,2 -> 1
4,68,2 -> 1
4,69,2 -> 1
4,70,2 -> 1
4,71,2 -> 1
4,72,2 -> 1
4,73,2 -> 1
4,74,2 -> 1
4,75,2 -> 1
4,76,2 -> 1
4,77,2 -> 1
4,78,2 -> 1
4,79,2 -> 1
4,80,2 -> 1
4,81,2 -> 1
4,82,2 -> 1
4,83,2 -> 1
4,84,2 -> 1
4,85,2 -> 1
4,86,2 -> 1
4,87,2 -> 1
4,88,2 -> 1
4,89,2 -> 1
4,90,2 -> 1
4,91,2 -> 1
4,92,2 -> 1
4,93,2 -> 1
4,94,2 -> 1
4,95,2 -> 1
4,96,2 -> 1
4,97,2 -> 1
4,98,2 -> 1
4,99,2 -> 1
4,100,2 -> 1
4,101,2 -> 1
4,102,2 -> 1
4,103,2 -> 1
4,104,2 -> 1
4,105,2 -> 1
4,106,2 -> 1
4,107,2 -> 1
4,108,2 -> 1
4,109,2 -> 1
4,110,2 -> 1
4,111,2 -> 1
4,112,2 -> 1
4,113,2 -> 1
4,114,2 -> 1
4,115,2 -> 1
4,116,2 -> 1
4,117,2 -> 1
4,118,2 -> 1
4,119,2 -> 1
4,120,2 -> 1
4,121,2 -> 1
4,122,2 -> 1
4,123,2 -> 1
4,124,2 -> 1
4,125,2 -> 1
4,126,2 -> 1
4,127,2 -> 1
4,128,2 -> 1
4,129,2 -> 1
4,130,2 -> 1
4,131,2 -> 1
4,132,2 -> 1
4,133,2 -> 1
4,134,2 -> 1
4,135,2 -> 1
4,136,2 -> 1
4,137,2 -> 1
4,138,2 -> 1
4,139,2 -> 1
4,140,2 -> 1
4,141,2 -> 1
4,142,2 -> 1
4,143,2 -> 1
4,144,2 -> 1
4,145,2 -> 1
4,146,2 -> 1
4,147,2 -> 1
4,148,2 -> 1
4,149,2 -> 1
4,150,2 -> 1
4,151,2 -> 1
4,152,2 -> 1
4,153,2 -> 1
4,154,2 -> 1
4,155,2 -> 1
4,156,2 -> 1
4,157,2 -> 1
4,158,2 -> 1
4,159,2 -> 1
4,160,2 -> 1
4,161,2 -> 1
4,162,2 -> 1
4,163,2 -> 1
4,164,2 -> 1
4,165,2 -> 1
4,166,2 -> 1
4,167,2 -> 1
4,168,2 -> 1
4,169,2 -> 1
4,170,2 -> 1
4,171,2 -> 1
4,172,2 -> 1
4,173,2 -> 1
4,174,2 -> 1
4,175,2 -> 1
4,176,2 -> 1
4,177,2 -> 1
4,178,2 -> 1
4,179,2 -> 1
4,180,2 -> 1
4,181,2 -> 1
4,182,2 -> 1
4,183,2 -> 1
4,184,2 -> 1
4,185,2 -> 1
4,186,2 -> 1
4,187,2 -> 1
4,188,2 -> 1
4,189,2 -> 1
4,190,2 -> 1
4,191,2 -> 1
4,192,2 -> 1
4,193,2 -> 1
4,194,2 -> 1
4,195,2 -> 1
4,196,2 -> 1
4,197,2 -> 1
4,198,2 -> 1
4,199,2 -> 1
4,200,2 -> 1
4,201,2 -> 1
4,202,2 -> 1
4,203,2 -> 1
4,204,2 -> 1
4,205,2 -> 1
4,206,2 -> 1
4,207,2 -> 1
4,208,2 -> 1
4,209,2 -> 1
4,210,2 -> 1
4,211,2 -> 1
4,212,2 -> 1
4,213,2 -> 1
4,214,2 -> 1
4,215,2 -> 1
4,216,2 -> 1
4,217,2 -> 1
4,218,2 -> 1
4,219,2 -> 1
4,220,2 -> 1
4,221,2 -> 1
4,222,2 -> 1
4,223,2 -> 1
4,224,2 -> 1
4,225,2 -> 1
4,226,2 -> 1
4,227,2 -> 1
4,228,2 -> 1
4,229,2 -> 1
4,230,2 -> 1
4,231,2 -> 1
4,232,2 -> 1
4,233,2 -> 1
4,234,2 -> 1
4,235,2 -> 1
4,236,2 -> 1
4,237,2 -> 1
4,238,2 -> 1
4,239,2 -> 1
4,240,2 -> 1
4,241,2 -> 1
4,242,2 -> 1
4,243,2 -> 1
4,244,2 -> 1
4,245,2 -> 1
4,246,2 -> 1
4,247,2 -> 1
4,248,2 -> 1
4,249,2 -> 1
4,250,2 -> 1
4,251,2 -> 1
4,252,2 -> 1
4,253,2 -> 1
4,254,2 -> 1
4,255,2 -> 1
4,256,2 -> 1
4,257,2 -> 1
4,258,2 -> 1
4,259,2 -> 1
4,260,2 -> 1
4,261,2 -> 1
4,262,2 -> 1
4,263,2 -> 1
4,264,2 -> 1
4,265,2 -> 1
4,266,2 -> 1
4,267,2 -> 1
4,268,2 -> 1
4,269,2 -> 1
4,270,2 -> 1
4,271,2 -> 1
4,272,2 -> 1
4,273,2 -> 1
4,274,2 -> 1
4,275,2 -> 1
4,276,2 -> 1
4,277,2 -> 1
4,278,2 -> 1
4,279,2 -> 1
4,280,2 -> 1
4,281,2 -> 1
4,282,2 -> 1
4,283,2 -> 1
4,284,2 -> 1
4,285,2 -> 1
4,286,2 -> 1
4,287,2 -> 1
4,288,2 -> 1
4,289,2 -> 1
4,290,2 -> 1
4,291,2 -> 1
4,292,2 -> 1
4,293,2 -> 1
4,294,2 -> 1
4,295,2 -> 1
4,296,2 -> 1
4,297,2 -> 1
4,298,2 -> 1
4,299,2 -> 1
4,300,2 -> 1
4,301,2 -> 1
4,302,2 -> 1
4,303,2 -> 1
4,304,2 -> 1
4,305,2 -> 1
4,306,2 -> 1
4,307,2 -> 1
4,308,2 -> 1
4,309,2 -> 1
4,310,2 -> 1
4,311,2 -> 1
4,312,2 -> 1
4,313,2 -> 1
4,314,2 -> 1
4,315,2 -> 1
4,316,2 -> 1
4,317,2 -> 1
4,318,2 -> 1
4,319,2 -> 1
4,320,2 -> 1
4,321,2 -> 1
4,322,2 -> 1
4,323,2 -> 1
4,324,2 -> 1
4,325,2 -> 1
4,326,2 -> 1
4,327,2 -> 1
4,328,2 -> 1
4,329,2 -> 1
4,330,2 -> 1
4,331,2 -> 1
4,332,2 -> 1
4,333,2 -> 1
4,334,2 -> 1
4,335,2 -> 1
4,336,2 -> 1
4,337,2 -> 1
4,338,2 -> 1
4,339,2 -> 1
4,340,2 -> 1
4,341,2 -> 1
4,342,2 -> 1
4,343,2 -> 1
4,344,2 -> 1
4,345,2 -> 1
4,346,2 -> 1
4,347,2 -> 1
4,348,2 -> 1
4,349,2 -> 1
4,350,2 -> 1
4,351,2 -> 1
4,352,2 -> 1
4,353,2 -> 1
4,354,2 -> 1
4,355,2 -> 1
4,356,2 -> 1
4,357,2 -> 1
4,358,2 -> 1
4,359,2 -> 1
4,360,2 -> 1
4,361,2 -> 1
4,362,2 -> 1
4,363,2 -> 1
4,364,2 -> 1
4,365,2 -> 1
4,366,2 -> 1
4,367,2 -> 1
4,368,2 -> 1
4,369,2 -> 1
4,370,2 -> 1
4,371,2 -> 1
4,372,2 -> 1
4,373,2 -> 1
4,374,2 -> 1
4,375,2 -> 1
4,376,2 -> 1
4,377,2 -> 1
4,378,2 -> 1
4,379,2 -> 1
4,380,2 -> 1
4,381,2 -> 1
4,382,2 -> 1
4,383,2 -> 1
4,384,2 -> 1
4,385,2 -> 1
4,386,2 -> 1
4,387,2 -> 1
4,388,2 -> 1
4,389,2 -> 1
4,390,2 -> 1
4,391,2 -> 1
4,392,2 -> 1
4,393,2 -> 1
4,394,2 -> 1
4,395,2 -> 1
4,396,2 -> 1
4,397,2 -> 1
4,398,2 -> 1
4,399,2 -> 1
4,400,2 -> 1
4,401,2 -> 1
4,402,2 -> 1
4,403,2 -> 1
4,404,2 -> 1
4,405,2 -> 1
4,406,2 -> 1
4,407,2 -> 1
4,408,2 -> 1
4,409,2 -> 1
4,410,2 -> 1
4,411,2 -> 1
4,412,2 -> 1
4,413,2 -> 1
4,414,2 -> 1
4,415,2 -> 1
4,416,2 -> 1
4,417,2 -> 1
4,418,2 -> 1
4,419,2 -> 1
4,420,2 -> 1
4,421,2 -> 1
4,422,2 -> 1
4,423,2 -> 1
4,424,2 -> 1
4,425,2 -> 1
4,426,2 -> 1
4,427,2 -> 1
4,428,2 -> 1
4,429,2 -> 1
4,430,2 -> 1
4,431,2 -> 1
4,432,2 -> 1
4,433,2 -> 1
4,434,2 -> 1
4,435,2 -> 1
4,436,2 -> 1
4,437,2 -> 1
4,438,2 -> 1
4,439,2 -> 1
4,440,2 -> 1
4,441,2 -> 1
4,442,2 -> 1
4,443,2 -> 1
4,444,2 -> 1
4,445,2 -> 1
4,446,2 -> 1
4,447,2 -> 1
4,448,2 -> 1
4,449,2 -> 1
4,450,2 -> 1
4,451,2 -> 1
4,452,2 -> 1
4,453,2 -> 1
4,454,2 -> 1
4,455,2 -> 1
4,456,2 -> 1
4,457,2 -> 1
4,458,2 -> 1
4,459,2 -> 1
4,460,2 -> 1
4,461,2 -> 1
4,462,2 -> 1
4,463,2 -> 1
4,464,2 -> 1
4,465,2 -> 1
4,466,2 -> 1
4,467,2 -> 1
4,468,2 -> 1
4,469,2 -> 1
4,470,2 -> 1
4,471,2 -> 1
4,472,2 -> 1
4,473,2 -> 1
4,474,2 -> 1
4,475,2 -> 1
4,476,2 -> 1
4,477,2 -> 1
4,478,2 -> 1
4,479,2 -> 1
4,480,2 -> 1
4,481,2 -> 1
4,482,2 -> 1
4,483,2 -> 1
4,484,2 -> 1
4,485,2 -> 1
4,486,2 -> 1
4,487,2 -> 1
4,488,2 -> 1
4,489,2 -> 1
4,490,2 -> 1
4,491,2 -> 1
4,492,2 -> 1
4,493,2 -> 1
4,494,2 -> 1
4,495,2 -> 1
4,496,2 -> 1
4,497,2 -> 1
4,498,2 -> 1
4,499,2 -> 1
4,500,2 -> 1
4,501,2 -> 1
4,502,2 -> 1
4,503,2 -> 1
4,504,2 -> 1
4,505,2 -> 1
4,506,2 -> 1
4,507,2 -> 1
4,508,2 -> 1
4,509,2 -> 1
4,510,2 -> 1
4,511,2 -> 1
4,512,2 -> 1
4,513,2 -> 1
4,514,2 -> 1
4,515,2 -> 1
4,516,2 -> 1
4,517,2 -> 1
4,518,2 -> 1
4,519,2 -> 1
4,520,2 -> 1
4,521,2 -> 1
4,522,2 -> 1
4,523,2 -> 1
4,524,2 -> 1
4,525,2 -> 1
4,526,2 -> 1
4,527,2 -> 1
4,528,2 -> 1
4,529,2 -> 1
4,530,2 -> 1
4,531,2 -> 1
4,532,2 -> 1
4,533,2 -> 1
4,534,2 -> 1
4,535,2 -> 1
4,536,2 -> 1
4,537,2 -> 1
4,538,2 -> 1
4,539,2 -> 1
4,540,2 -> 1
4,541,2 -> 1
4,542,2 -> 1
4,543,2 -> 1
4,544,2 -> 1
4,545,2 -> 1
4,546,2 -> 1
4,547,2 -> 1
4,548,2 -> 1
4,549,2 -> 1
4,550,2 -> 1
4,551,2 -> 1
4,552,2 -> 1
4,553,2 -> 1
4,554,2 -> 1
4,555,2 -> 1
4,556,2 -> 1
4,557,2 -> 1
4,558,2 -> 1
4,559,2 -> 1
4,560,2 -> 1
4,561,2 -> 1
4,562,2 -> 1
4,563,2 -> 1
4,564,2 -> 1
4,565,2 -> 1
4,566,2 -> 1
4,567,2 -> 1
4,568,2 -> 1
4,569,2 -> 1
4,570,2 -> 1
4,571,2 -> 1
4,572,2 -> 1
4,573,2 -> 1
4,574,2 -> 1
4,575,2 -> 1
4,576,2 -> 1
4,577,2 -> 1
4,578,2 -> 1
4,579,2 -> 1
4,580,2 -> 1
4,581,2 -> 1
4,582,2 -> 1
4,583,2 -> 1
4,584,2 -> 1
4,585,2 -> 1
4,586,2 -> 1
4,587,2 -> 1
4,588,2 -> 1
4,589,2 -> 1
4,590,2 -> 1
4,591,2 -> 1
4,592,2 -> 1
4,593,2 -> 1
4,594,2 -> 1
4,595,2 -> 1
4,596,2 -> 1
4,597,2 -> 1
4,598,2 -> 1
4,599,2 -> 1
4,600,2 -> 1
4,601,2 -> 1
4,602,2 -> 1
4,603,2 -> 1
4,604,2 -> 1
4,605,2 -> 1
4,606,2 -> 1
4,607,2 -> 1
4,608,2 -> 1
4,609,2 -> 1
4,610,2 -> 1
4,611,2 -> 1
4,612,2 -> 1
4,613,2 -> 1
4,614,2 -> 1
4,615,2 -> 1
4,616,2 -> 1
4,617,2 -> 1
4,618,2 -> 1
4,619,2 -> 1
4,620,2 -> 1
4,621,2 -> 1
4,622,2 -> 1
4,623,2 -> 1
4,624,2 -> 1
4,625,2 -> 1
4,626,2 -> 1
4,627,2 -> 1
4,628,2 -> 1
4,629,2 -> 1
4,630,2 -> 1
4,631,2 -> 1
4,632,2 -> 1
4,633,2 -> 1
4,634,2 -> 1
4,635,2 -> 1
4,636,2 -> 1
4,637,2 -> 1
4,638,2 -> 1
4,639,2 -> 1
4,640,2 -> 1
4,641,2 -> 1
4,642,2 -> 1
4,643,2 -> 1
4,644,2 -> 1
4,645,2 -> 1
4,646,2 -> 1
4,647,2 -> 1
4,648,2 -> 1
4,649,2 -> 1
4,650,2 -> 1
4,651,2 -> 1
4,652,2 -> 1
4,653,2 -> 1
4,654,2 -> 1
4,655,2 -> 1
4,656,2 -> 1
4,657,2 -> 1
4,658,2 -> 1
4,659,2 -> 1
4,660,2 -> 1
4,661,2 -> 1
4,662,2 -> 1
4,663,2 -> 1
4,664,2 -> 1
4,665,2 -> 1
4,666,2 -> 1
4,667,2 -> 1
4,668,2 -> 1
4,669,2 -> 1
4,670,2 -> 1
4,671,2 -> 1
4,672,2 -> 1
4,673,2 -> 1
4,674,2 -> 1
4,675,2 -> 1
4,676,2 -> 1
4,677,2 -> 1
4,678,2 -> 1
4,679,2 -> 1
4,680,2 -> 1
4,681,2 -> 1
4,682,2 -> 1
4,683,2 -> 1
4,684,2 -> 1
4,685,2 -> 1
4,686,2 -> 1
4,687,2 -> 1
4,688,2 -> 1
4,689,2 -> 1
4,690,2 -> 1
4,691,2 -> 1
4,692,2 -> 1
4,693,2 -> 1
4,694,2 -> 1
4,695,2 -> 1
4,696,2 -> 1
4,697,2 -> 1
4,698,2 -> 1
4,699,2 -> 1
4,700,2 -> 1
4,701,2 -> 1
4,702,2 -> 1
4,703,2 -> 1
4,704,2 -> 1
4,705,2 -> 1
4,706,2 -> 1
4,707,2 -> 1
4,708,2 -> 1
4,709,2 -> 1
4,710,2 -> 1
4,711,2 -> 1
4,712,2 -> 1
4,713,2 -> 1
4,714,2 -> 1
4,715,2 -> 1
4,716,2 -> 1
4,717,2 -> 1
4,718,2 -> 1
4,719,2 -> 1
4,720,2 -> 1
4,721,2 -> 1
4,722,2 -> 1
4,723,2 -> 1
4,724,2 -> 1
4,725,2 -> 1
4,726,2 -> 1
4,727,2 -> 1
4,728,2 -> 1
4,729,2 -> 1
4,730,2 -> 1
4,731,2 -> 1
4,732,2 -> 1
4,733,2 -> 1
4,734,2 -> 1
4,735,2 -> 1
4,736,2 -> 1
4,737,2 -> 1
4,738,2 -> 1
4,739,2 -> 1
4,740,2 -> 1
4,741,2 -> 1
4,742,2 -> 1
4,743,2 -> 1
4,744,2 -> 1
4,745,2 -> 1
4,746,2 -> 1
4,747,2 -> 1
4,748,2 -> 1
4,749,2 -> 1
4,750,2 -> 1
4,751,2 -> 1
4,752,2 -> 1
4,753,2 -> 1
4,754,2 -> 1
4,755,2 -> 1
4,756,2 -> 1
4,757,2 -> 1
4,758,2 -> 1
4,759,2 -> 1
4,760,2 -> 1
4,761,2 -> 1
4,762,2 -> 1
4,763,2 -> 1
4,764,2 -> 1
4,765,2 -> 1
4,766,2 -> 1
4,767,2 -> 1
4,768,2 -> 1
4,769,2 -> 1
4,770,2 -> 1
4,771,2 -> 1
4,772,2 -> 1
4,773,2 -> 1
4,774,2 -> 1
4,775,2 -> 1
4,776,2 -> 1
4,777,2 -> 1
4,778,2 -> 1
4,779,2 -> 1
4,780,2 -> 1
4,781,2 -> 1
4,782,2 -> 1
4,783,2 -> 1
4,784,2 -> 1
4,785,2 -> 1
4,786,2 -> 1
4,787,2 -> 1
4,788,2 -> 1
4,789,2 -> 1
4,790,2 -> 1
4,791,2 -> 1
4,792,2 -> 1
4,793,2 -> 1
4,794,2 -> 1
4,795,2 -> 1
4,796,2 -> 1
4,797,2 -> 1
4,798,2 -> 1
4,799,2 -> 1
4,800,2 -> 1
4,801,2 -> 1
4,802,2 -> 1
4,803,2 -> 1
4,804,2 -> 1
4,805,2 -> 1
4,806,2 -> 1
4,807,2 -> 1
4,808,2 -> 1
4,809,2 -> 1
4,810,2 -> 1
4,811,2 -> 1
4,812,2 -> 1
4,813,2 -> 1
4,814,2 -> 1
4,815,2 -> 1
4,816,2 -> 1
4,817,2 -> 1
4,818,2 -> 1
4,819,2 -> 1
4,820,2 -> 1
4,821,2 -> 1
4,822,2 -> 1
4,823,2 -> 1
4,824,2 -> 1
4,825,2 -> 1
4,826,2 -> 1
4,827,2 -> 1
4,828,2 -> 1
4,829,2 -> 1
4,830,2 -> 1
4,831,2 -> 1
4,832,2 -> 1
4,833,2 -> 1
4,834,2 -> 1
4,835,2 -> 1
4,836,2 -> 1
4,837,2 -> 1
4,838,2 -> 1
4,839,2 -> 1
4,840,2 -> 1
4,841,2 -> 1
4,842,2 -> 1
4,843,2 -> 1
4,844,2 -> 1
4,845,2 -> 1
4,846,2 -> 1
4,847,2 -> 1
4,848,2 -> 1
4,849,2 -> 1
4,850,2 -> 1
4,851,2 -> 1
4,852,2 -> 1
4,853,2 -> 1
4,854,2 -> 1
4,855,2 -> 1
4,856,2 -> 1
4,857,2 -> 1
4,858,2 -> 1
4,859,2 -> 1
4,860,2 -> 1
4,861,2 -> 1
4,862,2 -> 1
4,863,2 -> 1
4,864,2 -> 1
4,865,2 -> 1
4,866,2 -> 1
4,867,2 -> 1
4,868,2 -> 1
4,869,2 -> 1
4,870,2 -> 1
4,871,2 -> 1
4,872,2 -> 1
4,873,2 -> 1
4,874,2 -> 1
4,875,2 -> 1
4,876,2 -> 1
4,877,2 -> 1
4,878,2 -> 1
4,879,2 -> 1
4,880,2 -> 1
4,881,2 -> 1
4,882,2 -> 1
4,883,2 -> 1
4,884,2 -> 1
4,885,2 -> 1
4,886,2 -> 1
4,887,2 -> 1
4,888,2 -> 1
4,889,2 -> 1
4,890,2 -> 1
4,891,2 -> 1
4,892,2 -> 1
4,893,2 -> 1
4,894,2 -> 1
4,895,2 -> 1
4,896,2 -> 1
4,897,2 -> 1
4,898,2 -> 1
4,899,2 -> 1
4,900,2 -> 1
4,901,2 -> 1
4,902,2 -> 1
4,903,2 -> 1
4,904,2 -> 1
4,905,2 -> 1
4,906,2 -> 1
4,907,2 -> 1
4,908,2 -> 1
4,909,2 -> 1
4,910,2 -> 1
4,911,2 -> 1
4,912,2 -> 1
4,913,2 -> 1
4,914,2 -> 1
4,915,2 -> 1
4,916,2 -> 1
4,917,2 -> 1
4,918,2 -> 1
4,919,2 -> 1
4,920,2 -> 1
4,921,2 -> 1
4,922,2 -> 1
4,923,2 -> 1
4,924,2 -> 1
4,925,2 -> 1
4,926,2 -> 1
4,927,2 -> 1
4,928,2 -> 1
4,929,2 -> 1
4,930,2 -> 1
4,931,2 -> 1
4,932,2 -> 1
4,933,2 -> 1
4,934,2 -> 1
4,935,2 -> 1
4,936,2 -> 1
4,937,2 -> 1
4,938,2 -> 1
4,939,2 -> 1
4,940,2 -> 1
4,941,2 -> 1
4,942,2 -> 1
4,943,2 -> 1
4,944,2 -> 1
4,945,2 -> 1
4,946,2 -> 1
4,947,2 -> 1
4,948,2 -> 1
4,949,2 -> 1
4,950,2 -> 1
4,951,2 -> 1
4,952,2 -> 1
4,953,2 -> 1
4,954,2 -> 1
4,955,2 -> 1
4,956,2 -> 1
4,957,2 -> 1
4,958,2 -> 1
4,959,2 -> 1
4,960,2 -> 1
4,961,2 -> 1
4,962,2 -> 1
4,963,2 -> 1
4,964,2 -> 1
4,965,2 -> 1
4,966,2 -> 1
4,967,2 -> 1
4,968,2 -> 1
4,969,2 -> 1
4,970,2 -> 1
4,971,2 -> 1
4,972,2 -> 1
4,973,2 -> 1
4,974,2 -> 1
4,975,2 -> 1
4,976,2 -> 1
4,977,2 -> 1
4,978,2 -> 1
4,979,2 -> 1
4,980,2 -> 1
4,981,2 -> 1
4,982,2 -> 1
4,983,2 -> 1
4,984,2 -> 1
4,985,2 -> 1
4,986,2 -> 1
4,987,2 -> 1
4,988,2 -> 1
4,989,2 -> 1
4,990,2 -> 1
4,991,2 -> 1
4,992,2 -> 1
4,993,2 -> 1
4,994,2 -> 1
4,995,2 -> 1
4,996,2 -> 1
4,997,2 -> 1
4,998,2 -> 1
4,999,2 -> 1
4,1000,2 -> 1
4,1001,2 -> 1
4,1002,2 -> 1
4,1003,2 -> 1
4,1004,2 -> 1
4,1005,2 -> 1
4,1006,2 -> 1
4,1007,2 -> 1
4,1008,2 -> 1
4,1009,2 -> 1
4,1010,2 -> 1
4,1011,2 -> 1
4,1012,2 -> 1
4,1013,2 -> 1
4,1014,2 -> 1
4,1015,2 -> 1
4,1016,2 -> 1
4,1017,2 -> 1
4,1018,2 -> 1
4,1019,2 -> 1
4,1020,2 -> 1
4,1021,2 -> 1
4,1022,2 -> 1
4,1023,2 -> 1
4,1024,2 -> 1
4,1025,2 -> 1
4,1026,2 -> 1
4,1027,2 -> 1
4,1028,2 -> 1
4,1029,2 -> 1
4,1030,2 -> 1
4,1031,2 -> 1
4,1032,2 -> 1
4,1033,2 -> 1
4,1034,2 -> 1
4,1035,2 -> 1
4,1036,2 -> 1
4,1037,2 -> 1
4,1038,2 -> 1
4,1039,2 -> 1
4,1040,2 -> 1
4,1041,2 -> 1
4,1042,2 -> 1
4,1043,2 -> 1
4,1044,2 -> 1
4,1045,2 -> 1
4,1046,2 -> 1
4,1047,2 -> 1
4,1048,2 -> 1
4,1049,2 -> 1
4,1050,2 -> 1
4,1051,2 -> 1
4,1052,2 -> 1
4,1053,2 -> 1
4,1054,2 -> 1
4,1055,2 -> 1
4,1056,2 -> 1
4,1057,2 -> 1
4,1058,2 -> 1
4,1059,2 -> 1
4,1060,2 -> 1
4,1061,2 -> 1
4,1062,2 -> 1
4,1063,2 -> 1
4,1064,2 -> 1
4,1065,2 -> 1
4,1066,2 -> 1
4,1067,2 -> 1
4,1068,2 -> 1
4,1069,2 -> 1
4,1070,2 -> 1
4,1071,2 -> 1
4,1072,2 -> 1
4,1073,2 -> 1
4,1074,2 -> 1
4,1075,2 -> 1
4,1076,2 -> 1
4,1077,2 -> 1
4,1078,2 -> 1
4,1079,2 -> 1
4,1080,2 -> 1
4,1081,2 -> 1
4,1082,2 -> 1
4,1083,2 -> 1
4,1084,2 -> 1
4,1085,2 -> 1
4,1086,2 -> 1
4,1087,2 -> 1
4,1088,2 -> 1
4,1089,2 -> 1
4,1090,2 -> 1
4,1091,2 -> 1
4,1092,2 -> 1
4,1093,2 -> 1
4,1094,2 -> 1
4,1095,2 -> 1
4,1096,2 -> 1
4,1097,2 -> 1
4,1098,2 -> 1
4,1099,2 -> 1
4,1100,2 -> 1
4,1101,2 -> 1
4,1102,2 -> 1
4,1103,2 -> 1
4,1104,2 -> 1
4,1105,2 -> 1
4,1106,2 -> 1
4,1107,2 -> 1
4,1108,2 -> 1
4,1109,2 -> 1
4,1110,2 -> 1
4,1111,2 -> 1
4,1112,2 -> 1
4,1113,2 -> 1
4,1114,2 -> 1
4,1115,2 -> 1
4,1116,2 -> 1
4,1117,2 -> 1
4,1118,2 -> 1
4,1119,2 -> 1
4,1120,2 -> 1
4,1121,2 -> 1
4,1122,2 -> 1
4,1123,2 -> 1
4,1124,2 -> 1
4,1125,2 -> 1
4,1126,2 -> 1
4,1127,2 -> 1
4,1128,2 -> 1
4,1129,2 -> 1
4,1130,2 -> 1
4,1131,2 -> 1
4,1132,2 -> 1
4,1133,2 -> 1
4,1134,2 -> 1
4,1135,2 -> 1
4,1136,2 -> 1
4,1137,2 -> 1
4,1138,2 -> 1
4,1139,2 -> 1
4,1140,2 -> 1
4,1141,2 -> 1
4,1142,2 -> 1
5,0,0 -> 0.687607
5,0,1 -> 0.312393
5,1,1 -> 0.687607
5,1,0 -> 0.312393
5,2,0 -> 0.687607
5,2,1 -> 0.312393
5,3,0 -> 0.687607
5,3,1 -> 0.312393
5,4,0 -> 0.687607
5,4,1 -> 0.312393
5,5,0 -> 0.687607
5,5,1 -> 0.312393
5,6,0 -> 0.687607
5,6,1 -> 0.312393
5,7,0 -> 0.687607
5,7,1 -> 0.312393
5,8,1 -> 0.687607
5,8,0 -> 0.312393
5,9,1 -> 0.687607
5,9,0 -> 0.312393
5,10,1 -> 0.687607
5,10,0 -> 0.312393
5,11,1 -> 0.687607
5,11,0 -> 0.312393
5,12,1 -> 0.687607
5,12,0 -> 0.312393
5,13,1 -> 0.687607
5,13,0 -> 0.312393
5,14,0 -> 0.687607
5,14,1 -> 0.312393
5,15,0 -> 0.687607
5,15,1 -> 0.312393
5,16,0 -> 0.687607
5,16,1 -> 0.312393
5,17,0 -> 0.687607
5,17,1 -> 0.312393
5,18,0 -> 0.687607
5,18,1 -> 0.312393
5,19,0 -> 0.687607
5,19,1 -> 0.312393
5,20,0 -> 0.687607
5,20,1 -> 0.312393
5,21,0 -> 0.687607
5,21,1 -> 0.312393
5,22,0 -> 0.687607
5,22,1 -> 0.312393
5,23,0 -> 0.687607
5,23,1 -> 0.312393
5,24,0 -> 0.687607
5,24,1 -> 0.312393
5,25,0 -> 0.687607
5,25,1 -> 0.312393
5,26,0 -> 0.687607
5,26,1 -> 0.312393
5,27,0 -> 0.687607
5,27,1 -> 0.312393
5,28,0 -> 0.687607
5,28,1 -> 0.312393
5,29,1 -> 0.687607
5,29,0 -> 0.312393
5,30,1 -> 0.687607
5,30,0 -> 0.312393
5,31,1 -> 0.687607
5,31,0 -> 0.312393
5,32,1 -> 0.687607
5,32,0 -> 0.312393
5,33,1 -> 0.687607
5,33,0 -> 0.312393
5,34,1 -> 0.687607
5,34,0 -> 0.312393
5,35,1 -> 0.687607
5,35,0 -> 0.312393
5,36,1 -> 0.687607
5,36,0 -> 0.312393
5,37,1 -> 0.687607
5,37,0 -> 0.312393
5,38,1 -> 0.687607
5,38,0 -> 0.312393
5,39,1 -> 0.687607
5,39,0 -> 0.312393
5,40,1 -> 0.687607
5,40,0 -> 0.312393
5,41,1 -> 0.687607
5,41,0 -> 0.312393
5,42,1 -> 0.687607
5,42,0 -> 0.312393
5,43,1 -> 0.687607
5,43,0 -> 0.312393
5,44,0 -> 0.687607
5,44,1 -> 0.312393
5,45,0 -> 0.687607
5,45,1 -> 0.312393
5,46,0 -> 0.687607
5,46,1 -> 0.312393
5,47,0 -> 0.687607
5,47,1 -> 0.312393
5,48,0 -> 0.687607
5,48,1 -> 0.312393
5,49,0 -> 0.687607
5,49,1 -> 0.312393
5,50,0 -> 0.687607
5,50,1 -> 0.312393
5,51,0 -> 0.687607
5,51,1 -> 0.312393
5,52,0 -> 0.687607
5,52,1 -> 0.312393
5,53,0 -> 0.687607
5,53,1 -> 0.312393
5,54,0 -> 0.687607
5,54,1 -> 0.312393
5,55,0 -> 0.687607
5,55,1 -> 0.312393
5,56,0 -> 0.687607
5,56,1 -> 0.312393
5,57,0 -> 0.687607
5,57,1 -> 0.312393
5,58,0 -> 0.687607
5,58,1 -> 0.312393
5,59,0 -> 0.687607
5,59,1 -> 0.312393
5,60,0 -> 0.687607
5,60,1 -> 0.312393
5,61,0 -> 0.687607
5,61,1 -> 0.312393
5,62,0 -> 0.687607
5,62,1 -> 0.312393
5,63,0 -> 0.687607
5,63,1 -> 0.312393
5,64,1 -> 0.687607
5,64,0 -> 0.312393
5,65,1 -> 0.687607
5,65,0 -> 0.312393
5,66,1 -> 0.687607
5,66,0 -> 0.312393
5,67,1 -> 0.687607
5,67,0 -> 0.312393
5,68,1 -> 0.687607
5,68,0 -> 0.312393
5,69,1 -> 0.687607
5,69,0 -> 0.312393
5,70,1 -> 0.687607
5,70,0 -> 0.312393
5,71,1 -> 0.687607
5,71,0 -> 0.312393
5,72,1 -> 0.687607
5,72,0 -> 0.312393
5,73,1 -> 0.687607
5,73,0 -> 0.312393
5,74,1 -> 0.687607
5,74,0 -> 0.312393
5,75,1 -> 0.687607
5,75,0 -> 0.312393
5,76,1 -> 0.687607
5,76,0 -> 0.312393
5,77,1 -> 0.687607
5,77,0 -> 0.312393
5,78,1 -> 0.687607
5,78,0 -> 0.312393
5,79,1 -> 0.687607
5,79,0 -> 0.312393
5,80,1 -> 0.687607
5,80,0 -> 0.312393
5,81,1 -> 0.687607
5,81,0 -> 0.312393
5,82,1 -> 0.687607
5,82,0 -> 0.312393
5,83,1 -> 0.687607
5,83,0 -> 0.312393
5,84,0 -> 0.687607
5,84,1 -> 0.312393
5,85,0 -> 0.687607
5,85,1 -> 0.312393
5,86,0 -> 0.687607
5,86,1 -> 0.312393
5,87,0 -> 0.687607
5,87,1 -> 0.312393
5,88,0 -> 0.687607
5,88,1 -> 0.312393
5,89,0 -> 0.687607
5,89,1 -> 0.312393
5,90,0 -> 0.687607
5,90,1 -> 0.312393
5,91,0 -> 0.687607
5,91,1 -> 0.312393
5,92,0 -> 0.687607
5,92,1 -> 0.312393
5,93,0 -> 0.687607
5,93,1 -> 0.312393
5,94,0 -> 0.687607
5,94,1 -> 0.312393
5,95,0 -> 0.687607
5,95,1 -> 0.312393
5,96,0 -> 0.687607
5,96,1 -> 0.312393
5,97,0 -> 0.687607
5,97,1 -> 0.312393
5,98,0 -> 0.687607
5,98,1 -> 0.312393
5,99,1 -> 0.687607
5,99,0 -> 0.312393
5,100,1 -> 0.687607
5,100,0 -> 0.312393
5,101,1 -> 0.687607
5,101,0 -> 0.312393
5,102,1 -> 0.687607
5,102,0 -> 0.312393
5,103,1 -> 0.687607
5,103,0 -> 0.312393
5,104,1 -> 0.687607
5,104,0 -> 0.312393
5,105,1 -> 0.687607
5,105,0 -> 0.312393
5,106,1 -> 0.687607
5,106,0 -> 0.312393
5,107,1 -> 0.687607
5,107,0 -> 0.312393
5,108,1 -> 0.687607
5,108,0 -> 0.312393
5,109,1 -> 0.687607
5,109,0 -> 0.312393
5,110,1 -> 0.687607
5,110,0 -> 0.312393
5,111,1 -> 0.687607
5,111,0 -> 0.312393
5,112,1 -> 0.687607
5,112,0 -> 0.312393
5,113,1 -> 0.687607
5,113,0 -> 0.312393
5,114,0 -> 0.687607
5,114,1 -> 0.312393
5,115,0 -> 0.687607
5,115,1 -> 0.312393
5,116,0 -> 0.687607
5,116,1 -> 0.312393
5,117,0 -> 0.687607
5,117,1 -> 0.312393
5,118,0 -> 0.687607
5,118,1 -> 0.312393
5,119,0 -> 0.687607
5,119,1 -> 0.312393
5,120,1 -> 0.687607
5,120,0 -> 0.312393
5,121,1 -> 0.687607
5,121,0 -> 0.312393
5,122,1 -> 0.687607
5,122,0 -> 0.312393
5,123,1 -> 0.687607
5,123,0 -> 0.312393
5,124,1 -> 0.687607
5,124,0 -> 0.312393
5,125,1 -> 0.687607
5,125,0 -> 0.312393
5,126,0 -> 0.687607
5,126,1 -> 0.312393
5,127,0 -> 0.75
5,127,1 -> 0.25
5,128,1 -> 0.75
5,128,0 -> 0.25
5,129,0 -> 0.75
5,129,1 -> 0.25
5,130,0 -> 0.75
5,130,1 -> 0.25
5,131,0 -> 0.75
5,131,1 -> 0.25
5,132,0 -> 0.75
5,132,1 -> 0.25
5,133,0 -> 0.75
5,133,1 -> 0.25
5,134,0 -> 0.75
5,134,1 -> 0.25
5,135,1 -> 0.75
5,135,0 -> 0.25
5,136,1 -> 0.75
5,136,0 -> 0.25
5,137,1 -> 0.75
5,137,0 -> 0.25
5,138,1 -> 0.75
5,138,0 -> 0.25
5,139,1 -> 0.75
5,139,0 -> 0.25
5,140,1 -> 0.75
5,140,0 -> 0.25
5,141,0 -> 0.75
5,141,1 -> 0.25
5,142,0 -> 0.75
5,142,1 -> 0.25
5,143,0 -> 0.75
5,143,1 -> 0.25
5,144,0 -> 0.75
5,144,1 -> 0.25
5,145,0 -> 0.75
5,145,1 -> 0.25
5,146,0 -> 0.75
5,146,1 -> 0.25
5,147,0 -> 0.75
5,147,1 -> 0.25
5,148,0 -> 0.75
5,148,1 -> 0.25
5,149,0 -> 0.75
5,149,1 -> 0.25
5,150,0 -> 0.75
5,150,1 -> 0.25
5,151,0 -> 0.75
5,151,1 -> 0.25
5,152,0 -> 0.75
5,152,1 -> 0.25
5,153,0 -> 0.75
5,153,1 -> 0.25
5,154,0 -> 0.75
5,154,1 -> 0.25
5,155,0 -> 0.75
5,155,1 -> 0.25
5,156,1 -> 0.75
5,156,0 -> 0.25
5,157,1 -> 0.75
5,157,0 -> 0.25
5,158,1 -> 0.75
5,158,0 -> 0.25
5,159,1 -> 0.75
5,159,0 -> 0.25
5,160,1 -> 0.75
5,160,0 -> 0.25
5,161,1 -> 0.75
5,161,0 -> 0.25
5,162,1 -> 0.75
5,162,0 -> 0.25
5,163,1 -> 0.75
5,163,0 -> 0.25
5,164,1 -> 0.75
5,164,0 -> 0.25
5,165,1 -> 0.75
5,165,0 -> 0.25
5,166,1 -> 0.75
5,166,0 -> 0.25
5,167,1 -> 0.75
5,167,0 -> 0.25
5,168,1 -> 0.75
5,168,0 -> 0.25
5,169,1 -> 0.75
5,169,0 -> 0.25
5,170,1 -> 0.75
5,170,0 -> 0.25
5,171,0 -> 0.75
5,171,1 -> 0.25
5,172,0 -> 0.75
5,172,1 -> 0.25
5,173,0 -> 0.75
5,173,1 -> 0.25
5,174,0 -> 0.75
5,174,1 -> 0.25
5,175,0 -> 0.75
5,175,1 -> 0.25
5,176,0 -> 0.75
5,176,1 -> 0.25
5,177,0 -> 0.75
5,177,1 -> 0.25
5,178,0 -> 0.75
5,178,1 -> 0.25
5,179,0 -> 0.75
5,179,1 -> 0.25
5,180,0 -> 0.75
5,180,1 -> 0.25
5,181,0 -> 0.75
5,181,1 -> 0.25
5,182,0 -> 0.75
5,182,1 -> 0.25
5,183,0 -> 0.75
5,183,1 -> 0.25
5,184,0 -> 0.75
5,184,1 -> 0.25
5,185,0 -> 0.75
5,185,1 -> 0.25
5,186,0 -> 0.75
5,186,1 -> 0.25
5,187,0 -> 0.75
5,187,1 -> 0.25
5,188,0 -> 0.75
5,188,1 -> 0.25
5,189,0 -> 0.75
5,189,1 -> 0.25
5,190,0 -> 0.75
5,190,1 -> 0.25
5,191,1 -> 0.75
5,191,0 -> 0.25
5,192,1 -> 0.75
5,192,0 -> 0.25
5,193,1 -> 0.75
5,193,0 -> 0.25
5,194,1 -> 0.75
5,194,0 -> 0.25
5,195,1 -> 0.75
5,195,0 -> 0.25
5,196,1 -> 0.75
5,196,0 -> 0.25
5,197,1 -> 0.75
5,197,0 -> 0.25
5,198,1 -> 0.75
5,198,0 -> 0.25
5,199,1 -> 0.75
5,199,0 -> 0.25
5,200,1 -> 0.75
5,200,0 -> 0.25
5,201,1 -> 0.75
5,201,0 -> 0.25
5,202,1 -> 0.75
5,202,0 -> 0.25
5,203,1 -> 0.75
5,203,0 -> 0.25
5,204,1 -> 0.75
5,204,0 -> 0.25
5,205,1 -> 0.75
5,205,0 -> 0.25
5,206,1 -> 0.75
5,206,0 -> 0.25
5,207,1 -> 0.75
5,207,0 -> 0.25
5,208,1 -> 0.75
5,208,0 -> 0.25
5,209,1 -> 0.75
5,209,0 -> 0.25
5,210,1 -> 0.75
5,210,0 -> 0.25
5,211,0 -> 0.75
5,211,1 -> 0.25
5,212,0 -> 0.75
5,212,1 -> 0.25
5,213,0 -> 0.75
5,213,1 -> 0.25
5,214,0 -> 0.75
5,214,1 -> 0.25
5,215,0 -> 0.75
5,215,1 -> 0.25
5,216,0 -> 0.75
5,216,1 -> 0.25
5,217,0 -> 0.75
5,217,1 -> 0.25
5,218,0 -> 0.75
5,218,1 -> 0.25
5,219,0 -> 0.75
5,219,1 -> 0.25
5,220,0 -> 0.75
5,220,1 -> 0.25
5,221,0 -> 0.75
5,221,1 -> 0.25
5,222,0 -> 0.75
5,222,1 -> 0.25
5,223,0 -> 0.75
5,223,1 -> 0.25
5,224,0 -> 0.75
5,224,1 -> 0.25
5,225,0 -> 0.75
5,225,1 -> 0.25
5,226,1 -> 0.75
5,226,0 -> 0.25
5,227,1 -> 0.75
5,227,0 -> 0.25
5,228,1 -> 0.75
5,228,0 -> 0.25
5,229,1 -> 0.75
5,229,0 -> 0.25
5,230,1 -> 0.75
5,230,0 -> 0.25
5,231,1 -> 0.75
5,231,0 -> 0.25
5,232,1 -> 0.75
5,232,0 -> 0.25
5,233,1 -> 0.75
5,233,0 -> 0.25
5,234,1 -> 0.75
5,234,0 -> 0.25
5,235,1 -> 0.75
5,235,0 -> 0.25
5,236,1 -> 0.75
5,236,0 -> 0.25
5,237,1 -> 0.75
5,237,0 -> 0.25
5,238,1 -> 0.75
5,238,0 -> 0.25
5,239,1 -> 0.75
5,239,0 -> 0.25
5,240,1 -> 0.75
5,240,0 -> 0.25
5,241,0 -> 0.75
5,241,1 -> 0.25
5,242,0 -> 0.75
5,242,1 -> 0.25
5,243,0 -> 0.75
5,243,1 -> 0.25
5,244,0 -> 0.75
5,244,1 -> 0.25
5,245,0 -> 0.75
5,245,1 -> 0.25
5,246,0 -> 0.75
5,246,1 -> 0.25
5,247,1 -> 0.75
5,247,0 -> 0.25
5,248,1 -> 0.75
5,248,0 -> 0.25
5,249,1 -> 0.75
5,249,0 -> 0.25
5,250,1 -> 0.75
5,250,0 -> 0.25
5,251,1 -> 0.75
5,251,0 -> 0.25
5,252,1 -> 0.75
5,252,0 -> 0.25
5,253,0 -> 0.75
5,253,1 -> 0.25
5,254,0 -> 0.687607
5,254,1 -> 0.312393
5,255,1 -> 0.687607
5,255,0 -> 0.312393
5,256,0 -> 0.687607
5,256,1 -> 0.312393
5,257,0 -> 0.687607
5,257,1 -> 0.312393
5,258,0 -> 0.687607
5,258,1 -> 0.312393
5,259,0 -> 0.687607
5,259,1 -> 0.312393
5,260,0 -> 0.687607
5,260,1 -> 0.312393
5,261,0 -> 0.687607
5,261,1 -> 0.312393
5,262,1 -> 0.687607
5,262,0 -> 0.312393
5,263,1 -> 0.687607
5,263,0 -> 0.312393
5,264,1 -> 0.687607
5,264,0 -> 0.312393
5,265,1 -> 0.687607
5,265,0 -> 0.312393
5,266,1 -> 0.687607
5,266,0 -> 0.312393
5,267,1 -> 0.687607
5,267,0 -> 0.312393
5,268,0 -> 0.687607
5,268,1 -> 0.312393
5,269,0 -> 0.687607
5,269,1 -> 0.312393
5,270,0 -> 0.687607
5,270,1 -> 0.312393
5,271,0 -> 0.687607
5,271,1 -> 0.312393
5,272,0 -> 0.687607
5,272,1 -> 0.312393
5,273,0 -> 0.687607
5,273,1 -> 0.312393
5,274,0 -> 0.687607
5,274,1 -> 0.312393
5,275,0 -> 0.687607
5,275,1 -> 0.312393
5,276,0 -> 0.687607
5,276,1 -> 0.312393
5,277,0 -> 0.687607
5,277,1 -> 0.312393
5,278,0 -> 0.687607
5,278,1 -> 0.312393
5,279,0 -> 0.687607
5,279,1 -> 0.312393
5,280,0 -> 0.687607
5,280,1 -> 0.312393
5,281,0 -> 0.687607
5,281,1 -> 0.312393
5,282,0 -> 0.687607
5,282,1 -> 0.312393
5,283,1 -> 0.687607
5,283,0 -> 0.312393
5,284,1 -> 0.687607
5,284,0 -> 0.312393
5,285,1 -> 0.687607
5,285,0 -> 0.312393
5,286,1 -> 0.687607
5,286,0 -> 0.312393
5,287,1 -> 0.687607
5,287,0 -> 0.312393
5,288,1 -> 0.687607
5,288,0 -> 0.312393
5,289,1 -> 0.687607
5,289,0 -> 0.312393
5,290,1 -> 0.687607
5,290,0 -> 0.312393
5,291,1 -> 0.687607
5,291,0 -> 0.312393
5,292,1 -> 0.687607
5,292,0 -> 0.312393
5,293,1 -> 0.687607
5,293,0 -> 0.312393
5,294,1 -> 0.687607
5,294,0 -> 0.312393
5,295,1 -> 0.687607
5,295,0 -> 0.312393
5,296,1 -> 0.687607
5,296,0 -> 0.312393
5,297,1 -> 0.687607
5,297,0 -> 0.312393
5,298,0 -> 0.687607
5,298,1 -> 0.312393
5,299,0 -> 0.687607
5,299,1 -> 0.312393
5,300,0 -> 0.687607
5,300,1 -> 0.312393
5,301,0 -> 0.687607
5,301,1 -> 0.312393
5,302,0 -> 0.687607
5,302,1 -> 0.312393
5,303,0 -> 0.687607
5,303,1 -> 0.312393
5,304,0 -> 0.687607
5,304,1 -> 0.312393
5,305,0 -> 0.687607
5,305,1 -> 0.312393
5,306,0 -> 0.687607
5,306,1 -> 0.312393
5,307,0 -> 0.687607
5,307,1 -> 0.312393
5,308,0 -> 0.687607
5,308,1 -> 0.312393
5,309,0 -> 0.687607
5,309,1 -> 0.312393
5,310,0 -> 0.687607
5,310,1 -> 0.312393
5,311,0 -> 0.687607
5,311,1 -> 0.312393
5,312,0 -> 0.687607
5,312,1 -> 0.312393
5,313,0 -> 0.687607
5,313,1 -> 0.312393
5,314,0 -> 0.687607
5,314,1 -> 0.312393
5,315,0 -> 0.687607
5,315,1 -> 0.312393
5,316,0 -> 0.687607
5,316,1 -> 0.312393
5,317,0 -> 0.687607
5,317,1 -> 0.312393
5,318,1 -> 0.687607
5,318,0 -> 0.312393
5,319,1 -> 0.687607
5,319,0 -> 0.312393
5,320,1 -> 0.687607
5,320,0 -> 0.312393
5,321,1 -> 0.687607
5,321,0 -> 0.312393
5,322,1 -> 0.687607
5,322,0 -> 0.312393
5,323,1 -> 0.687607
5,323,0 -> 0.312393
5,324,1 -> 0.687607
5,324,0 -> 0.312393
5,325,1 -> 0.687607
5,325,0 -> 0.312393
5,326,1 -> 0.687607
5,326,0 -> 0.312393
5,327,1 -> 0.687607
5,327,0 -> 0.312393
5,328,1 -> 0.687607
5,328,0 -> 0.312393
5,329,1 -> 0.687607
5,329,0 -> 0.312393
5,330,1 -> 0.687607
5,330,0 -> 0.312393
5,331,1 -> 0.687607
5,331,0 -> 0.312393
5,332,1 -> 0.687607
5,332,0 -> 0.312393
5,333,1 -> 0.687607
5,333,0 -> 0.312393
5,334,1 -> 0.687607
5,334,0 -> 0.312393
5,335,1 -> 0.687607
5,335,0 -> 0.312393
5,336,1 -> 0.687607
5,336,0 -> 0.312393
5,337,1 -> 0.687607
5,337,0 -> 0.312393
5,338,0 -> 0.687607
5,338,1 -> 0.312393
5,339,0 -> 0.687607
5,339,1 -> 0.312393
5,340,0 -> 0.687607
5,340,1 -> 0.312393
5,341,0 -> 0.687607
5,341,1 -> 0.312393
5,342,0 -> 0.687607
5,342,1 -> 0.312393
5,343,0 -> 0.687607
5,343,1 -> 0.312393
5,344,0 -> 0.687607
5,344,1 -> 0.312393
5,345,0 -> 0.687607
5,345,1 -> 0.312393
5,346,0 -> 0.687607
5,346,1 -> 0.312393
5,347,0 -> 0.687607
5,347,1 -> 0.312393
5,348,0 -> 0.687607
5,348,1 -> 0.312393
5,349,0 -> 0.687607
5,349,1 -> 0.312393
5,350,0 -> 0.687607
5,350,1 -> 0.312393
5,351,0 -> 0.687607
5,351,1 -> 0.312393
5,352,0 -> 0.687607
5,352,1 -> 0.312393
5,353,1 -> 0.687607
5,353,0 -> 0.312393
5,354,1 -> 0.687607
5,354,0 -> 0.312393
5,355,1 -> 0.687607
5,355,0 -> 0.312393
5,356,1 -> 0.687607
5,356,0 -> 0.312393
5,357,1 -> 0.687607
5,357,0 -> 0.312393
5,358,1 -> 0.687607
5,358,0 -> 0.312393
5,359,1 -> 0.687607
5,359,0 -> 0.312393
5,360,1 -> 0.687607
5,360,0 -> 0.312393
5,361,1 -> 0.687607
5,361,0 -> 0.312393
5,362,1 -> 0.687607
5,362,0 -> 0.312393
5,363,1 -> 0.687607
5,363,0 -> 0.312393
5,364,1 -> 0.687607
5,364,0 -> 0.312393
5,365,1 -> 0.687607
5,365,0 -> 0.312393
5,366,1 -> 0.687607
5,366,0 -> 0.312393
5,367,1 -> 0.687607
5,367,0 -> 0.312393
5,368,0 -> 0.687607
5,368,1 -> 0.312393
5,369,0 -> 0.687607
5,369,1 -> 0.312393
5,370,0 -> 0.687607
5,370,1 -> 0.312393
5,371,0 -> 0.687607
5,371,1 -> 0.312393
5,372,0 -> 0.687607
5,372,1 -> 0.312393
5,373,0 -> 0.687607
5,373,1 -> 0.312393
5,374,1 -> 0.687607
5,374,0 -> 0.312393
5,375,1 -> 0.687607
5,375,0 -> 0.312393
5,376,1 -> 0.687607
5,376,0 -> 0.312393
5,377,1 -> 0.687607
5,377,0 -> 0.312393
5,378,1 -> 0.687607
5,378,0 -> 0.312393
5,379,1 -> 0.687607
5,379,0 -> 0.312393
5,380,0 -> 0.687607
5,380,1 -> 0.312393
5,381,0 -> 0.75
5,381,1 -> 0.25
5,382,1 -> 0.75
5,382,0 -> 0.25
5,383,0 -> 0.75
5,383,1 -> 0.25
5,384,0 -> 0.75
5,384,1 -> 0.25
5,385,0 -> 0.75
5,385,1 -> 0.25
5,386,0 -> 0.75
5,386,1 -> 0.25
5,387,0 -> 0.75
5,387,1 -> 0.25
5,388,0 -> 0.75
5,388,1 -> 0.25
5,389,1 -> 0.75
5,389,0 -> 0.25
5,390,1 -> 0.75
5,390,0 -> 0.25
5,391,1 -> 0.75
5,391,0 -> 0.25
5,392,1 -> 0.75
5,392,0 -> 0.25
5,393,1 -> 0.75
5,393,0 -> 0.25
5,394,1 -> 0.75
5,394,0 -> 0.25
5,395,0 -> 0.75
5,395,1 -> 0.25
5,396,0 -> 0.75
5,396,1 -> 0.25
5,397,0 -> 0.75
5,397,1 -> 0.25
5,398,0 -> 0.75
5,398,1 -> 0.25
5,399,0 -> 0.75
5,399,1 -> 0.25
5,400,0 -> 0.75
5,400,1 -> 0.25
5,401,0 -> 0.75
5,401,1 -> 0.25
5,402,0 -> 0.75
5,402,1 -> 0.25
5,403,0 -> 0.75
5,403,1 -> 0.25
5,404,0 -> 0.75
5,404,1 -> 0.25
5,405,0 -> 0.75
5,405,1 -> 0.25
5,406,0 -> 0.75
5,406,1 -> 0.25
5,407,0 -> 0.75
5,407,1 -> 0.25
5,408,0 -> 0.75
5,408,1 -> 0.25
5,409,0 -> 0.75
5,409,1 -> 0.25
5,410,1 -> 0.75
5,410,0 -> 0.25
5,411,1 -> 0.75
5,411,0 -> 0.25
5,412,1 -> 0.75
5,412,0 -> 0.25
5,413,1 -> 0.75
5,413,0 -> 0.25
5,414,1 -> 0.75
5,414,0 -> 0.25
5,415,1 -> 0.75
5,415,0 -> 0.25
5,416,1 -> 0.75
5,416,0 -> 0.25
5,417,1 -> 0.75
5,417,0 -> 0.25
5,418,1 -> 0.75
5,418,0 -> 0.25
5,419,1 -> 0.75
5,419,0 -> 0.25
5,420,1 -> 0.75
5,420,0 -> 0.25
5,421,1 -> 0.75
5,421,0 -> 0.25
5,422,1 -> 0.75
5,422,0 -> 0.25
5,423,1 -> 0.75
5,423,0 -> 0.25
5,424,1 -> 0.75
5,424,0 -> 0.25
5,425,0 -> 0.75
5,425,1 -> 0.25
5,426,0 -> 0.75
5,426,1 -> 0.25
5,427,0 -> 0.75
5,427,1 -> 0.25
5,428,0 -> 0.75
5,428,1 -> 0.25
5,429,0 -> 0.75
5,429,1 -> 0.25
5,430,0 -> 0.75
5,430,1 -> 0.25
5,431,0 -> 0.75
5,431,1 -> 0.25
5,432,0 -> 0.75
5,432,1 -> 0.25
5,433,0 -> 0.75
5,433,1 -> 0.25
5,434,0 -> 0.75
5,434,1 -> 0.25
5,435,0 -> 0.75
5,435,1 -> 0.25
5,436,0 -> 0.75
5,436,1 -> 0.25
5,437,0 -> 0.75
5,437,1 -> 0.25
5,438,0 -> 0.75
5,438,1 -> 0.25
5,439,0 -> 0.75
5,439,1 -> 0.25
5,440,0 -> 0.75
5,440,1 -> 0.25
5,441,0 -> 0.75
5,441,1 -> 0.25
5,442,0 -> 0.75
5,442,1 -> 0.25
5,443,0 -> 0.75
5,443,1 -> 0.25
5,444,0 -> 0.75
5,444,1 -> 0.25
5,445,1 -> 0.75
5,445,0 -> 0.25
5,446,1 -> 0.75
5,446,0 -> 0.25
5,447,1 -> 0.75
5,447,0 -> 0.25
5,448,1 -> 0.75
5,448,0 -> 0.25
5,449,1 -> 0.75
5,449,0 -> 0.25
5,450,1 -> 0.75
5,450,0 -> 0.25
5,451,1 -> 0.75
5,451,0 -> 0.25
5,452,1 -> 0.75
5,452,0 -> 0.25
5,453,1 -> 0.75
5,453,0 -> 0.25
5,454,1 -> 0.75
5,454,0 -> 0.25
5,455,1 -> 0.75
5,455,0 -> 0.25
5,456,1 -> 0.75
5,456,0 -> 0.25
5,457,1 -> 0.75
5,457,0 -> 0.25
5,458,1 -> 0.75
5,458,0 -> 0.25
5,459,1 -> 0.75
5,459,0 -> 0.25
5,460,1 -> 0.75
5,460,0 -> 0.25
5,461,1 -> 0.75
5,461,0 -> 0.25
5,462,1 -> 0.75
5,462,0 -> 0.25
5,463,1 -> 0.75
5,463,0 -> 0.25
5,464,1 -> 0.75
5,464,0 -> 0.25
5,465,0 -> 0.75
5,465,1 -> 0.25
5,466,0 -> 0.75
5,466,1 -> 0.25
5,467,0 -> 0.75
5,467,1 -> 0.25
5,468,0 -> 0.75
5,468,1 -> 0.25
5,469,0 -> 0.75
5,469,1 -> 0.25
5,470,0 -> 0.75
5,470,1 -> 0.25
5,471,0 -> 0.75
5,471,1 -> 0.25
5,472,0 -> 0.75
5,472,1 -> 0.25
5,473,0 -> 0.75
5,473,1 -> 0.25
5,474,0 -> 0.75
5,474,1 -> 0.25
5,475,0 -> 0.75
5,475,1 -> 0.25
5,476,0 -> 0.75
5,476,1 -> 0.25
5,477,0 -> 0.75
5,477,1 -> 0.25
5,478,0 -> 0.75
5,478,1 -> 0.25
5,479,0 -> 0.75
5,479,1 -> 0.25
5,480,1 -> 0.75
5,480,0 -> 0.25
5,481,1 -> 0.75
5,481,0 -> 0.25
5,482,1 -> 0.75
5,482,0 -> 0.25
5,483,1 -> 0.75
5,483,0 -> 0.25
5,484,1 -> 0.75
5,484,0 -> 0.25
5,485,1 -> 0.75
5,485,0 -> 0.25
5,486,1 -> 0.75
5,486,0 -> 0.25
5,487,1 -> 0.75
5,487,0 -> 0.25
5,488,1 -> 0.75
5,488,0 -> 0.25
5,489,1 -> 0.75
5,489,0 -> 0.25
5,490,1 -> 0.75
5,490,0 -> 0.25
5,491,1 -> 0.75
5,491,0 -> 0.25
5,492,1 -> 0.75
5,492,0 -> 0.25
5,493,1 -> 0.75
5,493,0 -> 0.25
5,494,1 -> 0.75
5,494,0 -> 0.25
5,495,0 -> 0.75
5,495,1 -> 0.25
5,496,0 -> 0.75
5,496,1 -> 0.25
5,497,0 -> 0.75
5,497,1 -> 0.25
5,498,0 -> 0.75
5,498,1 -> 0.25
5,499,0 -> 0.75
5,499,1 -> 0.25
5,500,0 -> 0.75
5,500,1 -> 0.25
5,501,1 -> 0.75
5,501,0 -> 0.25
5,502,1 -> 0.75
5,502,0 -> 0.25
5,503,1 -> 0.75
5,503,0 -> 0.25
5,504,1 -> 0.75
5,504,0 -> 0.25
5,505,1 -> 0.75
5,505,0 -> 0.25
5,506,1 -> 0.75
5,506,0 -> 0.25
5,507,0 -> 0.75
5,507,1 -> 0.25
5,508,0 -> 1.0
5,508,1 -> 0.0
5,509,1 -> 1.0
5,509,0 -> 0.0
5,510,0 -> 1.0
5,510,1 -> 0.0
5,511,0 -> 1.0
5,511,1 -> 0.0
5,512,0 -> 1.0
5,512,1 -> 0.0
5,513,0 -> 1.0
5,513,1 -> 0.0
5,514,0 -> 1.0
5,514,1 -> 0.0
5,515,0 -> 1.0
5,515,1 -> 0.0
5,516,1 -> 1.0
5,516,0 -> 0.0
5,517,1 -> 1.0
5,517,0 -> 0.0
5,518,1 -> 1.0
5,518,0 -> 0.0
5,519,1 -> 1.0
5,519,0 -> 0.0
5,520,1 -> 1.0
5,520,0 -> 0.0
5,521,1 -> 1.0
5,521,0 -> 0.0
5,522,0 -> 1.0
5,522,1 -> 0.0
5,523,0 -> 1.0
5,523,1 -> 0.0
5,524,0 -> 1.0
5,524,1 -> 0.0
5,525,0 -> 1.0
5,525,1 -> 0.0
5,526,0 -> 1.0
5,526,1 -> 0.0
5,527,0 -> 1.0
5,527,1 -> 0.0
5,528,0 -> 1.0
5,528,1 -> 0.0
5,529,0 -> 1.0
5,529,1 -> 0.0
5,530,0 -> 1.0
5,530,1 -> 0.0
5,531,0 -> 1.0
5,531,1 -> 0.0
5,532,0 -> 1.0
5,532,1 -> 0.0
5,533,0 -> 1.0
5,533,1 -> 0.0
5,534,0 -> 1.0
5,534,1 -> 0.0
5,535,0 -> 1.0
5,535,1 -> 0.0
5,536,0 -> 1.0
5,536,1 -> 0.0
5,537,1 -> 1.0
5,537,0 -> 0.0
5,538,1 -> 1.0
5,538,0 -> 0.0
5,539,1 -> 1.0
5,539,0 -> 0.0
5,540,1 -> 1.0
5,540,0 -> 0.0
5,541,1 -> 1.0
5,541,0 -> 0.0
5,542,1 -> 1.0
5,542,0 -> 0.0
5,543,1 -> 1.0
5,543,0 -> 0.0
5,544,1 -> 1.0
5,544,0 -> 0.0
5,545,1 -> 1.0
5,545,0 -> 0.0
5,546,1 -> 1.0
5,546,0 -> 0.0
5,547,1 -> 1.0
5,547,0 -> 0.0
5,548,1 -> 1.0
5,548,0 -> 0.0
5,549,1 -> 1.0
5,549,0 -> 0.0
5,550,1 -> 1.0
5,550,0 -> 0.0
5,551,1 -> 1.0
5,551,0 -> 0.0
5,552,0 -> 1.0
5,552,1 -> 0.0
5,553,0 -> 1.0
5,553,1 -> 0.0
5,554,0 -> 1.0
5,554,1 -> 0.0
5,555,0 -> 1.0
5,555,1 -> 0.0
5,556,0 -> 1.0
5,556,1 -> 0.0
5,557,0 -> 1.0
5,557,1 -> 0.0
5,558,0 -> 1.0
5,558,1 -> 0.0
5,559,0 -> 1.0
5,559,1 -> 0.0
5,560,0 -> 1.0
5,560,1 -> 0.0
5,561,0 -> 1.0
5,561,1 -> 0.0
5,562,0 -> 1.0
5,562,1 -> 0.0
5,563,0 -> 1.0
5,563,1 -> 0.0
5,564,0 -> 1.0
5,564,1 -> 0.0
5,565,0 -> 1.0
5,565,1 -> 0.0
5,566,0 -> 1.0
5,566,1 -> 0.0
5,567,0 -> 1.0
5,567,1 -> 0.0
5,568,0 -> 1.0
5,568,1 -> 0.0
5,569,0 -> 1.0
5,569,1 -> 0.0
5,570,0 -> 1.0
5,570,1 -> 0.0
5,571,0 -> 1.0
5,571,1 -> 0.0
5,572,1 -> 1.0
5,572,0 -> 0.0
5,573,1 -> 1.0
5,573,0 -> 0.0
5,574,1 -> 1.0
5,574,0 -> 0.0
5,575,1 -> 1.0
5,575,0 -> 0.0
5,576,1 -> 1.0
5,576,0 -> 0.0
5,577,1 -> 1.0
5,577,0 -> 0.0
5,578,1 -> 1.0
5,578,0 -> 0.0
5,579,1 -> 1.0
5,579,0 -> 0.0
5,580,1 -> 1.0
5,580,0 -> 0.0
5,581,1 -> 1.0
5,581,0 -> 0.0
5,582,1 -> 1.0
5,582,0 -> 0.0
5,583,1 -> 1.0
5,583,0 -> 0.0
5,584,1 -> 1.0
5,584,0 -> 0.0
5,585,1 -> 1.0
5,585,0 -> 0.0
5,586,1 -> 1.0
5,586,0 -> 0.0
5,587,1 -> 1.0
5,587,0 -> 0.0
5,588,1 -> 1.0
5,588,0 -> 0.0
5,589,1 -> 1.0
5,589,0 -> 0.0
5,590,1 -> 1.0
5,590,0 -> 0.0
5,591,1 -> 1.0
5,591,0 -> 0.0
5,592,0 -> 1.0
5,592,1 -> 0.0
5,593,0 -> 1.0
5,593,1 -> 0.0
5,594,0 -> 1.0
5,594,1 -> 0.0
5,595,0 -> 1.0
5,595,1 -> 0.0
5,596,0 -> 1.0
5,596,1 -> 0.0
5,597,0 -> 1.0
5,597,1 -> 0.0
5,598,0 -> 1.0
5,598,1 -> 0.0
5,599,0 -> 1.0
5,599,1 -> 0.0
5,600,0 -> 1.0
5,600,1 -> 0.0
5,601,0 -> 1.0
5,601,1 -> 0.0
5,602,0 -> 1.0
5,602,1 -> 0.0
5,603,0 -> 1.0
5,603,1 -> 0.0
5,604,0 -> 1.0
5,604,1 -> 0.0
5,605,0 -> 1.0
5,605,1 -> 0.0
5,606,0 -> 1.0
5,606,1 -> 0.0
5,607,1 -> 1.0
5,607,0 -> 0.0
5,608,1 -> 1.0
5,608,0 -> 0.0
5,609,1 -> 1.0
5,609,0 -> 0.0
5,610,1 -> 1.0
5,610,0 -> 0.0
5,611,1 -> 1.0
5,611,0 -> 0.0
5,612,1 -> 1.0
5,612,0 -> 0.0
5,613,1 -> 1.0
5,613,0 -> 0.0
5,614,1 -> 1.0
5,614,0 -> 0.0
5,615,1 -> 1.0
5,615,0 -> 0.0
5,616,1 -> 1.0
5,616,0 -> 0.0
5,617,1 -> 1.0
5,617,0 -> 0.0
5,618,1 -> 1.0
5,618,0 -> 0.0
5,619,1 -> 1.0
5,619,0 -> 0.0
5,620,1 -> 1.0
5,620,0 -> 0.0
5,621,1 -> 1.0
5,621,0 -> 0.0
5,622,0 -> 1.0
5,622,1 -> 0.0
5,623,0 -> 1.0
5,623,1 -> 0.0
5,624,0 -> 1.0
5,624,1 -> 0.0
5,625,0 -> 1.0
5,625,1 -> 0.0
5,626,0 -> 1.0
5,626,1 -> 0.0
5,627,0 -> 1.0
5,627,1 -> 0.0
5,628,1 -> 1.0
5,628,0 -> 0.0
5,629,1 -> 1.0
5,629,0 -> 0.0
5,630,1 -> 1.0
5,630,0 -> 0.0
5,631,1 -> 1.0
5,631,0 -> 0.0
5,632,1 -> 1.0
5,632,0 -> 0.0
5,633,1 -> 1.0
5,633,0 -> 0.0
5,634,0 -> 1.0
5,634,1 -> 0.0
5,635,0 -> 0.75
5,635,1 -> 0.25
5,636,1 -> 0.75
5,636,0 -> 0.25
5,637,0 -> 0.75
5,637,1 -> 0.25
5,638,0 -> 0.75
5,638,1 -> 0.25
5,639,0 -> 0.75
5,639,1 -> 0.25
5,640,0 -> 0.75
5,640,1 -> 0.25
5,641,0 -> 0.75
5,641,1 -> 0.25
5,642,0 -> 0.75
5,642,1 -> 0.25
5,643,1 -> 0.75
5,643,0 -> 0.25
5,644,1 -> 0.75
5,644,0 -> 0.25
5,645,1 -> 0.75
5,645,0 -> 0.25
5,646,1 -> 0.75
5,646,0 -> 0.25
5,647,1 -> 0.75
5,647,0 -> 0.25
5,648,1 -> 0.75
5,648,0 -> 0.25
5,649,0 -> 0.75
5,649,1 -> 0.25
5,650,0 -> 0.75
5,650,1 -> 0.25
5,651,0 -> 0.75
5,651,1 -> 0.25
5,652,0 -> 0.75
5,652,1 -> 0.25
5,653,0 -> 0.75
5,653,1 -> 0.25
5,654,0 -> 0.75
5,654,1 -> 0.25
5,655,0 -> 0.75
5,655,1 -> 0.25
5,656,0 -> 0.75
5,656,1 -> 0.25
5,657,0 -> 0.75
5,657,1 -> 0.25
5,658,0 -> 0.75
5,658,1 -> 0.25
5,659,0 -> 0.75
5,659,1 -> 0.25
5,660,0 -> 0.75
5,660,1 -> 0.25
5,661,0 -> 0.75
5,661,1 -> 0.25
5,662,0 -> 0.75
5,662,1 -> 0.25
5,663,0 -> 0.75
5,663,1 -> 0.25
5,664,1 -> 0.75
5,664,0 -> 0.25
5,665,1 -> 0.75
5,665,0 -> 0.25
5,666,1 -> 0.75
5,666,0 -> 0.25
5,667,1 -> 0.75
5,667,0 -> 0.25
5,668,1 -> 0.75
5,668,0 -> 0.25
5,669,1 -> 0.75
5,669,0 -> 0.25
5,670,1 -> 0.75
5,670,0 -> 0.25
5,671,1 -> 0.75
5,671,0 -> 0.25
5,672,1 -> 0.75
5,672,0 -> 0.25
5,673,1 -> 0.75
5,673,0 -> 0.25
5,674,1 -> 0.75
5,674,0 -> 0.25
5,675,1 -> 0.75
5,675,0 -> 0.25
5,676,1 -> 0.75
5,676,0 -> 0.25
5,677,1 -> 0.75
5,677,0 -> 0.25
5,678,1 -> 0.75
5,678,0 -> 0.25
5,679,0 -> 0.75
5,679,1 -> 0.25
5,680,0 -> 0.75
5,680,1 -> 0.25
5,681,0 -> 0.75
5,681,1 -> 0.25
5,682,0 -> 0.75
5,682,1 -> 0.25
5,683,0 -> 0.75
5,683,1 -> 0.25
5,684,0 -> 0.75
5,684,1 -> 0.25
5,685,0 -> 0.75
5,685,1 -> 0.25
5,686,0 -> 0.75
5,686,1 -> 0.25
5,687,0 -> 0.75
5,687,1 -> 0.25
5,688,0 -> 0.75
5,688,1 -> 0.25
5,689,0 -> 0.75
5,689,1 -> 0.25
5,690,0 -> 0.75
5,690,1 -> 0.25
5,691,0 -> 0.75
5,691,1 -> 0.25
5,692,0 -> 0.75
5,692,1 -> 0.25
5,693,0 -> 0.75
5,693,1 -> 0.25
5,694,0 -> 0.75
5,694,1 -> 0.25
5,695,0 -> 0.75
5,695,1 -> 0.25
5,696,0 -> 0.75
5,696,1 -> 0.25
5,697,0 -> 0.75
5,697,1 -> 0.25
5,698,0 -> 0.75
5,698,1 -> 0.25
5,699,1 -> 0.75
5,699,0 -> 0.25
5,700,1 -> 0.75
5,700,0 -> 0.25
5,701,1 -> 0.75
5,701,0 -> 0.25
5,702,1 -> 0.75
5,702,0 -> 0.25
5,703,1 -> 0.75
5,703,0 -> 0.25
5,704,1 -> 0.75
5,704,0 -> 0.25
5,705,1 -> 0.75
5,705,0 -> 0.25
5,706,1 -> 0.75
5,706,0 -> 0.25
5,707,1 -> 0.75
5,707,0 -> 0.25
5,708,1 -> 0.75
5,708,0 -> 0.25
5,709,1 -> 0.75
5,709,0 -> 0.25
5,710,1 -> 0.75
5,710,0 -> 0.25
5,711,1 -> 0.75
5,711,0 -> 0.25
5,712,1 -> 0.75
5,712,0 -> 0.25
5,713,1 -> 0.75
5,713,0 -> 0.25
5,714,1 -> 0.75
5,714,0 -> 0.25
5,715,1 -> 0.75
5,715,0 -> 0.25
5,716,1 -> 0.75
5,716,0 -> 0.25
5,717,1 -> 0.75
5,717,0 -> 0.25
5,718,1 -> 0.75
5,718,0 -> 0.25
5,719,0 -> 0.75
5,719,1 -> 0.25
5,720,0 -> 0.75
5,720,1 -> 0.25
5,721,0 -> 0.75
5,721,1 -> 0.25
5,722,0 -> 0.75
5,722,1 -> 0.25
5,723,0 -> 0.75
5,723,1 -> 0.25
5,724,0 -> 0.75
5,724,1 -> 0.25
5,725,0 -> 0.75
5,725,1 -> 0.25
5,726,0 -> 0.75
5,726,1 -> 0.25
5,727,0 -> 0.75
5,727,1 -> 0.25
5,728,0 -> 0.75
5,728,1 -> 0.25
5,729,0 -> 0.75
5,729,1 -> 0.25
5,730,0 -> 0.75
5,730,1 -> 0.25
5,731,0 -> 0.75
5,731,1 -> 0.25
5,732,0 -> 0.75
5,732,1 -> 0.25
5,733,0 -> 0.75
5,733,1 -> 0.25
5,734,1 -> 0.75
5,734,0 -> 0.25
5,735,1 -> 0.75
5,735,0 -> 0.25
5,736,1 -> 0.75
5,736,0 -> 0.25
5,737,1 -> 0.75
5,737,0 -> 0.25
5,738,1 -> 0.75
5,738,0 -> 0.25
5,739,1 -> 0.75
5,739,0 -> 0.25
5,740,1 -> 0.75
5,740,0 -> 0.25
5,741,1 -> 0.75
5,741,0 -> 0.25
5,742,1 -> 0.75
5,742,0 -> 0.25
5,743,1 -> 0.75
5,743,0 -> 0.25
5,744,1 -> 0.75
5,744,0 -> 0.25
5,745,1 -> 0.75
5,745,0 -> 0.25
5,746,1 -> 0.75
5,746,0 -> 0.25
5,747,1 -> 0.75
5,747,0 -> 0.25
5,748,1 -> 0.75
5,748,0 -> 0.25
5,749,0 -> 0.75
5,749,1 -> 0.25
5,750,0 -> 0.75
5,750,1 -> 0.25
5,751,0 -> 0.75
5,751,1 -> 0.25
5,752,0 -> 0.75
5,752,1 -> 0.25
5,753,0 -> 0.75
5,753,1 -> 0.25
5,754,0 -> 0.75
5,754,1 -> 0.25
5,755,1 -> 0.75
5,755,0 -> 0.25
5,756,1 -> 0.75
5,756,0 -> 0.25
5,757,1 -> 0.75
5,757,0 -> 0.25
5,758,1 -> 0.75
5,758,0 -> 0.25
5,759,1 -> 0.75
5,759,0 -> 0.25
5,760,1 -> 0.75
5,760,0 -> 0.25
5,761,0 -> 0.75
5,761,1 -> 0.25
5,762,0 -> 0.687607
5,762,1 -> 0.312393
5,763,1 -> 0.687607
5,763,0 -> 0.312393
5,764,0 -> 0.687607
5,764,1 -> 0.312393
5,765,0 -> 0.687607
5,765,1 -> 0.312393
5,766,0 -> 0.687607
5,766,1 -> 0.312393
5,767,0 -> 0.687607
5,767,1 -> 0.312393
5,768,0 -> 0.687607
5,768,1 -> 0.312393
5,769,0 -> 0.687607
5,769,1 -> 0.312393
5,770,1 -> 0.687607
5,770,0 -> 0.312393
5,771,1 -> 0.687607
5,771,0 -> 0.312393
5,772,1 -> 0.687607
5,772,0 -> 0.312393
5,773,1 -> 0.687607
5,773,0 -> 0.312393
5,774,1 -> 0.687607
5,774,0 -> 0.312393
5,775,1 -> 0.687607
5,775,0 -> 0.312393
5,776,0 -> 0.687607
5,776,1 -> 0.312393
5,777,0 -> 0.687607
5,777,1 -> 0.312393
5,778,0 -> 0.687607
5,778,1 -> 0.312393
5,779,0 -> 0.687607
5,779,1 -> 0.312393
5,780,0 -> 0.687607
5,780,1 -> 0.312393
5,781,0 -> 0.687607
5,781,1 -> 0.312393
5,782,0 -> 0.687607
5,782,1 -> 0.312393
5,783,0 -> 0.687607
5,783,1 -> 0.312393
5,784,0 -> 0.687607
5,784,1 -> 0.312393
5,785,0 -> 0.687607
5,785,1 -> 0.312393
5,786,0 -> 0.687607
5,786,1 -> 0.312393
5,787,0 -> 0.687607
5,787,1 -> 0.312393
5,788,0 -> 0.687607
5,788,1 -> 0.312393
5,789,0 -> 0.687607
5,789,1 -> 0.312393
5,790,0 -> 0.687607
5,790,1 -> 0.312393
5,791,1 -> 0.687607
5,791,0 -> 0.312393
5,792,1 -> 0.687607
5,792,0 -> 0.312393
5,793,1 -> 0.687607
5,793,0 -> 0.312393
5,794,1 -> 0.687607
5,794,0 -> 0.312393
5,795,1 -> 0.687607
5,795,0 -> 0.312393
5,796,1 -> 0.687607
5,796,0 -> 0.312393
5,797,1 -> 0.687607
5,797,0 -> 0.312393
5,798,1 -> 0.687607
5,798,0 -> 0.312393
5,799,1 -> 0.687607
5,799,0 -> 0.312393
5,800,1 -> 0.687607
5,800,0 -> 0.312393
5,801,1 -> 0.687607
5,801,0 -> 0.312393
5,802,1 -> 0.687607
5,802,0 -> 0.312393
5,803,1 -> 0.687607
5,803,0 -> 0.312393
5,804,1 -> 0.687607
5,804,0 -> 0.312393
5,805,1 -> 0.687607
5,805,0 -> 0.312393
5,806,0 -> 0.687607
5,806,1 -> 0.312393
5,807,0 -> 0.687607
5,807,1 -> 0.312393
5,808,0 -> 0.687607
5,808,1 -> 0.312393
5,809,0 -> 0.687607
5,809,1 -> 0.312393
5,810,0 -> 0.687607
5,810,1 -> 0.312393
5,811,0 -> 0.687607
5,811,1 -> 0.312393
5,812,0 -> 0.687607
5,812,1 -> 0.312393
5,813,0 -> 0.687607
5,813,1 -> 0.312393
5,814,0 -> 0.687607
5,814,1 -> 0.312393
5,815,0 -> 0.687607
5,815,1 -> 0.312393
5,816,0 -> 0.687607
5,816,1 -> 0.312393
5,817,0 -> 0.687607
5,817,1 -> 0.312393
5,818,0 -> 0.687607
5,818,1 -> 0.312393
5,819,0 -> 0.687607
5,819,1 -> 0.312393
5,820,0 -> 0.687607
5,820,1 -> 0.312393
5,821,0 -> 0.687607
5,821,1 -> 0.312393
5,822,0 -> 0.687607
5,822,1 -> 0.312393
5,823,0 -> 0.687607
5,823,1 -> 0.312393
5,824,0 -> 0.687607
5,824,1 -> 0.312393
5,825,0 -> 0.687607
5,825,1 -> 0.312393
5,826,1 -> 0.687607
5,826,0 -> 0.312393
5,827,1 -> 0.687607
5,827,0 -> 0.312393
5,828,1 -> 0.687607
5,828,0 -> 0.312393
5,829,1 -> 0.687607
5,829,0 -> 0.312393
5,830,1 -> 0.687607
5,830,0 -> 0.312393
5,831,1 -> 0.687607
5,831,0 -> 0.312393
5,832,1 -> 0.687607
5,832,0 -> 0.312393
5,833,1 -> 0.687607
5,833,0 -> 0.312393
5,834,1 -> 0.687607
5,834,0 -> 0.312393
5,835,1 -> 0.687607
5,835,0 -> 0.312393
5,836,1 -> 0.687607
5,836,0 -> 0.312393
5,837,1 -> 0.687607
5,837,0 -> 0.312393
5,838,1 -> 0.687607
5,838,0 -> 0.312393
5,839,1 -> 0.687607
5,839,0 -> 0.312393
5,840,1 -> 0.687607
5,840,0 -> 0.312393
5,841,1 -> 0.687607
5,841,0 -> 0.312393
5,842,1 -> 0.687607
5,842,0 -> 0.312393
5,843,1 -> 0.687607
5,843,0 -> 0.312393
5,844,1 -> 0.687607
5,844,0 -> 0.312393
5,845,1 -> 0.687607
5,845,0 -> 0.312393
5,846,0 -> 0.687607
5,846,1 -> 0.312393
5,847,0 -> 0.687607
5,847,1 -> 0.312393
5,848,0 -> 0.687607
5,848,1 -> 0.312393
5,849,0 -> 0.687607
5,849,1 -> 0.312393
5,850,0 -> 0.687607
5,850,1 -> 0.312393
5,851,0 -> 0.687607
5,851,1 -> 0.312393
5,852,0 -> 0.687607
5,852,1 -> 0.312393
5,853,0 -> 0.687607
5,853,1 -> 0.312393
5,854,0 -> 0.687607
5,854,1 -> 0.312393
5,855,0 -> 0.687607
5,855,1 -> 0.312393
5,856,0 -> 0.687607
5,856,1 -> 0.312393
5,857,0 -> 0.687607
5,857,1 -> 0.312393
5,858,0 -> 0.687607
5,858,1 -> 0.312393
5,859,0 -> 0.687607
5,859,1 -> 0.312393
5,860,0 -> 0.687607
5,860,1 -> 0.312393
5,861,1 -> 0.687607
5,861,0 -> 0.312393
5,862,1 -> 0.687607
5,862,0 -> 0.312393
5,863,1 -> 0.687607
5,863,0 -> 0.312393
5,864,1 -> 0.687607
5,864,0 -> 0.312393
5,865,1 -> 0.687607
5,865,0 -> 0.312393
5,866,1 -> 0.687607
5,866,0 -> 0.312393
5,867,1 -> 0.687607
5,867,0 -> 0.312393
5,868,1 -> 0.687607
5,868,0 -> 0.312393
5,869,1 -> 0.687607
5,869,0 -> 0.312393
5,870,1 -> 0.687607
5,870,0 -> 0.312393
5,871,1 -> 0.687607
5,871,0 -> 0.312393
5,872,1 -> 0.687607
5,872,0 -> 0.312393
5,873,1 -> 0.687607
5,873,0 -> 0.312393
5,874,1 -> 0.687607
5,874,0 -> 0.312393
5,875,1 -> 0.687607
5,875,0 -> 0.312393
5,876,0 -> 0.687607
5,876,1 -> 0.312393
5,877,0 -> 0.687607
5,877,1 -> 0.312393
5,878,0 -> 0.687607
5,878,1 -> 0.312393
5,879,0 -> 0.687607
5,879,1 -> 0.312393
5,880,0 -> 0.687607
5,880,1 -> 0.312393
5,881,0 -> 0.687607
5,881,1 -> 0.312393
5,882,1 -> 0.687607
5,882,0 -> 0.312393
5,883,1 -> 0.687607
5,883,0 -> 0.312393
5,884,1 -> 0.687607
5,884,0 -> 0.312393
5,885,1 -> 0.687607
5,885,0 -> 0.312393
5,886,1 -> 0.687607
5,886,0 -> 0.312393
5,887,1 -> 0.687607
5,887,0 -> 0.312393
5,888,0 -> 0.687607
5,888,1 -> 0.312393
5,889,0 -> 0.75
5,889,1 -> 0.25
5,890,1 -> 0.75
5,890,0 -> 0.25
5,891,0 -> 0.75
5,891,1 -> 0.25
5,892,0 -> 0.75
5,892,1 -> 0.25
5,893,0 -> 0.75
5,893,1 -> 0.25
5,894,0 -> 0.75
5,894,1 -> 0.25
5,895,0 -> 0.75
5,895,1 -> 0.25
5,896,0 -> 0.75
5,896,1 -> 0.25
5,897,1 -> 0.75
5,897,0 -> 0.25
5,898,1 -> 0.75
5,898,0 -> 0.25
5,899,1 -> 0.75
5,899,0 -> 0.25
5,900,1 -> 0.75
5,900,0 -> 0.25
5,901,1 -> 0.75
5,901,0 -> 0.25
5,902,1 -> 0.75
5,902,0 -> 0.25
5,903,0 -> 0.75
5,903,1 -> 0.25
5,904,0 -> 0.75
5,904,1 -> 0.25
5,905,0 -> 0.75
5,905,1 -> 0.25
5,906,0 -> 0.75
5,906,1 -> 0.25
5,907,0 -> 0.75
5,907,1 -> 0.25
5,908,0 -> 0.75
5,908,1 -> 0.25
5,909,0 -> 0.75
5,909,1 -> 0.25
5,910,0 -> 0.75
5,910,1 -> 0.25
5,911,0 -> 0.75
5,911,1 -> 0.25
5,912,0 -> 0.75
5,912,1 -> 0.25
5,913,0 -> 0.75
5,913,1 -> 0.25
5,914,0 -> 0.75
5,914,1 -> 0.25
5,915,0 -> 0.75
5,915,1 -> 0.25
5,916,0 -> 0.75
5,916,1 -> 0.25
5,917,0 -> 0.75
5,917,1 -> 0.25
5,918,1 -> 0.75
5,918,0 -> 0.25
5,919,1 -> 0.75
5,919,0 -> 0.25
5,920,1 -> 0.75
5,920,0 -> 0.25
5,921,1 -> 0.75
5,921,0 -> 0.25
5,922,1 -> 0.75
5,922,0 -> 0.25
5,923,1 -> 0.75
5,923,0 -> 0.25
5,924,1 -> 0.75
5,924,0 -> 0.25
5,925,1 -> 0.75
5,925,0 -> 0.25
5,926,1 -> 0.75
5,926,0 -> 0.25
5,927,1 -> 0.75
5,927,0 -> 0.25
5,928,1 -> 0.75
5,928,0 -> 0.25
5,929,1 -> 0.75
5,929,0 -> 0.25
5,930,1 -> 0.75
5,930,0 -> 0.25
5,931,1 -> 0.75
5,931,0 -> 0.25
5,932,1 -> 0.75
5,932,0 -> 0.25
5,933,0 -> 0.75
5,933,1 -> 0.25
5,934,0 -> 0.75
5,934,1 -> 0.25
5,935,0 -> 0.75
5,935,1 -> 0.25
5,936,0 -> 0.75
5,936,1 -> 0.25
5,937,0 -> 0.75
5,937,1 -> 0.25
5,938,0 -> 0.75
5,938,1 -> 0.25
5,939,0 -> 0.75
5,939,1 -> 0.25
5,940,0 -> 0.75
5,940,1 -> 0.25
5,941,0 -> 0.75
5,941,1 -> 0.25
5,942,0 -> 0.75
5,942,1 -> 0.25
5,943,0 -> 0.75
5,943,1 -> 0.25
5,944,0 -> 0.75
5,944,1 -> 0.25
5,945,0 -> 0.75
5,945,1 -> 0.25
5,946,0 -> 0.75
5,946,1 -> 0.25
5,947,0 -> 0.75
5,947,1 -> 0.25
5,948,0 -> 0.75
5,948,1 -> 0.25
5,949,0 -> 0.75
5,949,1 -> 0.25
5,950,0 -> 0.75
5,950,1 -> 0.25
5,951,0 -> 0.75
5,951,1 -> 0.25
5,952,0 -> 0.75
5,952,1 -> 0.25
5,953,1 -> 0.75
5,953,0 -> 0.25
5,954,1 -> 0.75
5,954,0 -> 0.25
5,955,1 -> 0.75
5,955,0 -> 0.25
5,956,1 -> 0.75
5,956,0 -> 0.25
5,957,1 -> 0.75
5,957,0 -> 0.25
5,958,1 -> 0.75
5,958,0 -> 0.25
5,959,1 -> 0.75
5,959,0 -> 0.25
5,960,1 -> 0.75
5,960,0 -> 0.25
5,961,1 -> 0.75
5,961,0 -> 0.25
5,962,1 -> 0.75
5,962,0 -> 0.25
5,963,1 -> 0.75
5,963,0 -> 0.25
5,964,1 -> 0.75
5,964,0 -> 0.25
5,965,1 -> 0.75
5,965,0 -> 0.25
5,966,1 -> 0.75
5,966,0 -> 0.25
5,967,1 -> 0.75
5,967,0 -> 0.25
5,968,1 -> 0.75
5,968,0 -> 0.25
5,969,1 -> 0.75
5,969,0 -> 0.25
5,970,1 -> 0.75
5,970,0 -> 0.25
5,971,1 -> 0.75
5,971,0 -> 0.25
5,972,1 -> 0.75
5,972,0 -> 0.25
5,973,0 -> 0.75
5,973,1 -> 0.25
5,974,0 -> 0.75
5,974,1 -> 0.25
5,975,0 -> 0.75
5,975,1 -> 0.25
5,976,0 -> 0.75
5,976,1 -> 0.25
5,977,0 -> 0.75
5,977,1 -> 0.25
5,978,0 -> 0.75
5,978,1 -> 0.25
5,979,0 -> 0.75
5,979,1 -> 0.25
5,980,0 -> 0.75
5,980,1 -> 0.25
5,981,0 -> 0.75
5,981,1 -> 0.25
5,982,0 -> 0.75
5,982,1 -> 0.25
5,983,0 -> 0.75
5,983,1 -> 0.25
5,984,0 -> 0.75
5,984,1 -> 0.25
5,985,0 -> 0.75
5,985,1 -> 0.25
5,986,0 -> 0.75
5,986,1 -> 0.25
5,987,0 -> 0.75
5,987,1 -> 0.25
5,988,1 -> 0.75
5,988,0 -> 0.25
5,989,1 -> 0.75
5,989,0 -> 0.25
5,990,1 -> 0.75
5,990,0 -> 0.25
5,991,1 -> 0.75
5,991,0 -> 0.25
5,992,1 -> 0.75
5,992,0 -> 0.25
5,993,1 -> 0.75
5,993,0 -> 0.25
5,994,1 -> 0.75
5,994,0 -> 0.25
5,995,1 -> 0.75
5,995,0 -> 0.25
5,996,1 -> 0.75
5,996,0 -> 0.25
5,997,1 -> 0.75
5,997,0 -> 0.25
5,998,1 -> 0.75
5,998,0 -> 0.25
5,999,1 -> 0.75
5,999,0 -> 0.25
5,1000,1 -> 0.75
5,1000,0 -> 0.25
5,1001,1 -> 0.75
5,1001,0 -> 0.25
5,1002,1 -> 0.75
5,1002,0 -> 0.25
5,1003,0 -> 0.75
5,1003,1 -> 0.25
5,1004,0 -> 0.75
5,1004,1 -> 0.25
5,1005,0 -> 0.75
5,1005,1 -> 0.25
5,1006,0 -> 0.75
5,1006,1 -> 0.25
5,1007,0 -> 0.75
5,1007,1 -> 0.25
5,1008,0 -> 0.75
5,1008,1 -> 0.25
5,1009,1 -> 0.75
5,1009,0 -> 0.25
5,1010,1 -> 0.75
5,1010,0 -> 0.25
5,1011,1 -> 0.75
5,1011,0 -> 0.25
5,1012,1 -> 0.75
5,1012,0 -> 0.25
5,1013,1 -> 0.75
5,1013,0 -> 0.25
5,1014,1 -> 0.75
5,1014,0 -> 0.25
5,1015,0 -> 0.75
5,1015,1 -> 0.25
5,1016,0 -> 0.687607
5,1016,1 -> 0.312393
5,1017,1 -> 0.687607
5,1017,0 -> 0.312393
5,1018,0 -> 0.687607
5,1018,1 -> 0.312393
5,1019,0 -> 0.687607
5,1019,1 -> 0.312393
5,1020,0 -> 0.687607
5,1020,1 -> 0.312393
5,1021,0 -> 0.687607
5,1021,1 -> 0.312393
5,1022,0 -> 0.687607
5,1022,1 -> 0.312393
5,1023,0 -> 0.687607
5,1023,1 -> 0.312393
5,1024,1 -> 0.687607
5,1024,0 -> 0.312393
5,1025,1 -> 0.687607
5,1025,0 -> 0.312393
5,1026,1 -> 0.687607
5,1026,0 -> 0.312393
5,1027,1 -> 0.687607
5,1027,0 -> 0.312393
5,1028,1 -> 0.687607
5,1028,0 -> 0.312393
5,1029,1 -> 0.687607
5,1029,0 -> 0.312393
5,1030,0 -> 0.687607
5,1030,1 -> 0.312393
5,1031,0 -> 0.687607
5,1031,1 -> 0.312393
5,1032,0 -> 0.687607
5,1032,1 -> 0.312393
5,1033,0 -> 0.687607
5,1033,1 -> 0.312393
5,1034,0 -> 0.687607
5,1034,1 -> 0.312393
5,1035,0 -> 0.687607
5,1035,1 -> 0.312393
5,1036,0 -> 0.687607
5,1036,1 -> 0.312393
5,1037,0 -> 0.687607
5,1037,1 -> 0.312393
5,1038,0 -> 0.687607
5,1038,1 -> 0.312393
5,1039,0 -> 0.687607
5,1039,1 -> 0.312393
5,1040,0 -> 0.687607
5,1040,1 -> 0.312393
5,1041,0 -> 0.687607
5,1041,1 -> 0.312393
5,1042,0 -> 0.687607
5,1042,1 -> 0.312393
5,1043,0 -> 0.687607
5,1043,1 -> 0.312393
5,1044,0 -> 0.687607
5,1044,1 -> 0.312393
5,1045,1 -> 0.687607
5,1045,0 -> 0.312393
5,1046,1 -> 0.687607
5,1046,0 -> 0.312393
5,1047,1 -> 0.687607
5,1047,0 -> 0.312393
5,1048,1 -> 0.687607
5,1048,0 -> 0.312393
5,1049,1 -> 0.687607
5,1049,0 -> 0.312393
5,1050,1 -> 0.687607
5,1050,0 -> 0.312393
5,1051,1 -> 0.687607
5,1051,0 -> 0.312393
5,1052,1 -> 0.687607
5,1052,0 -> 0.312393
5,1053,1 -> 0.687607
5,1053,0 -> 0.312393
5,1054,1 -> 0.687607
5,1054,0 -> 0.312393
5,1055,1 -> 0.687607
5,1055,0 -> 0.312393
5,1056,1 -> 0.687607
5,1056,0 -> 0.312393
5,1057,1 -> 0.687607
5,1057,0 -> 0.312393
5,1058,1 -> 0.687607
5,1058,0 -> 0.312393
5,1059,1 -> 0.687607
5,1059,0 -> 0.312393
5,1060,0 -> 0.687607
5,1060,1 -> 0.312393
5,1061,0 -> 0.687607
5,1061,1 -> 0.312393
5,1062,0 -> 0.687607
5,1062,1 -> 0.312393
5,1063,0 -> 0.687607
5,1063,1 -> 0.312393
5,1064,0 -> 0.687607
5,1064,1 -> 0.312393
5,1065,0 -> 0.687607
5,1065,1 -> 0.312393
5,1066,0 -> 0.687607
5,1066,1 -> 0.312393
5,1067,0 -> 0.687607
5,1067,1 -> 0.312393
5,1068,0 -> 0.687607
5,1068,1 -> 0.312393
5,1069,0 -> 0.687607
5,1069,1 -> 0.312393
5,1070,0 -> 0.687607
5,1070,1 -> 0.312393
5,1071,0 -> 0.687607
5,1071,1 -> 0.312393
5,1072,0 -> 0.687607
5,1072,1 -> 0.312393
5,1073,0 -> 0.687607
5,1073,1 -> 0.312393
5,1074,0 -> 0.687607
5,1074,1 -> 0.312393
5,1075,0 -> 0.687607
5,1075,1 -> 0.312393
5,1076,0 -> 0.687607
5,1076,1 -> 0.312393
5,1077,0 -> 0.687607
5,1077,1 -> 0.312393
5,1078,0 -> 0.687607
5,1078,1 -> 0.312393
5,1079,0 -> 0.687607
5,1079,1 -> 0.312393
5,1080,1 -> 0.687607
5,1080,0 -> 0.312393
5,1081,1 -> 0.687607
5,1081,0 -> 0.312393
5,1082,1 -> 0.687607
5,1082,0 -> 0.312393
5,1083,1 -> 0.687607
5,1083,0 -> 0.312393
5,1084,1 -> 0.687607
5,1084,0 -> 0.312393
5,1085,1 -> 0.687607
5,1085,0 -> 0.312393
5,1086,1 -> 0.687607
5,1086,0 -> 0.312393
5,1087,1 -> 0.687607
5,1087,0 -> 0.312393
5,1088,1 -> 0.687607
5,1088,0 -> 0.312393
5,1089,1 -> 0.687607
5,1089,0 -> 0.312393
5,1090,1 -> 0.687607
5,1090,0 -> 0.312393
5,1091,1 -> 0.687607
5,1091,0 -> 0.312393
5,1092,1 -> 0.687607
5,1092,0 -> 0.312393
5,1093,1 -> 0.687607
5,1093,0 -> 0.312393
5,1094,1 -> 0.687607
5,1094,0 -> 0.312393
5,1095,1 -> 0.687607
5,1095,0 -> 0.312393
5,1096,1 -> 0.687607
5,1096,0 -> 0.312393
5,1097,1 -> 0.687607
5,1097,0 -> 0.312393
5,1098,1 -> 0.687607
5,1098,0 -> 0.312393
5,1099,1 -> 0.687607
5,1099,0 -> 0.312393
5,1100,0 -> 0.687607
5,1100,1 -> 0.312393
5,1101,0 -> 0.687607
5,1101,1 -> 0.312393
5,1102,0 -> 0.687607
5,1102,1 -> 0.312393
5,1103,0 -> 0.687607
5,1103,1 -> 0.312393
5,1104,0 -> 0.687607
5,1104,1 -> 0.312393
5,1105,0 -> 0.687607
5,1105,1 -> 0.312393
5,1106,0 -> 0.687607
5,1106,1 -> 0.312393
5,1107,0 -> 0.687607
5,1107,1 -> 0.312393
5,1108,0 -> 0.687607
5,1108,1 -> 0.312393
5,1109,0 -> 0.687607
5,1109,1 -> 0.312393
5,1110,0 -> 0.687607
5,1110,1 -> 0.312393
5,1111,0 -> 0.687607
5,1111,1 -> 0.312393
5,1112,0 -> 0.687607
5,1112,1 -> 0.312393
5,1113,0 -> 0.687607
5,1113,1 -> 0.312393
5,1114,0 -> 0.687607
5,1114,1 -> 0.312393
5,1115,1 -> 0.687607
5,1115,0 -> 0.312393
5,1116,1 -> 0.687607
5,1116,0 -> 0.312393
5,1117,1 -> 0.687607
5,1117,0 -> 0.312393
5,1118,1 -> 0.687607
5,1118,0 -> 0.312393
5,1119,1 -> 0.687607
5,1119,0 -> 0.312393
5,1120,1 -> 0.687607
5,1120,0 -> 0.312393
5,1121,1 -> 0.687607
5,1121,0 -> 0.312393
5,1122,1 -> 0.687607
5,1122,0 -> 0.312393
5,1123,1 -> 0.687607
5,1123,0 -> 0.312393
5,1124,1 -> 0.687607
5,1124,0 -> 0.312393
5,1125,1 -> 0.687607
5,1125,0 -> 0.312393
5,1126,1 -> 0.687607
5,1126,0 -> 0.312393
5,1127,1 -> 0.687607
5,1127,0 -> 0.312393
5,1128,1 -> 0.687607
5,1128,0 -> 0.312393
5,1129,1 -> 0.687607
5,1129,0 -> 0.312393
5,1130,0 -> 0.687607
5,1130,1 -> 0.312393
5,1131,0 -> 0.687607
5,1131,1 -> 0.312393
5,1132,0 -> 0.687607
5,1132,1 -> 0.312393
5,1133,0 -> 0.687607
5,1133,1 -> 0.312393
5,1134,0 -> 0.687607
5,1134,1 -> 0.312393
5,1135,0 -> 0.687607
5,1135,1 -> 0.312393
5,1136,1 -> 0.687607
5,1136,0 -> 0.312393
5,1137,1 -> 0.687607
5,1137,0 -> 0.312393
5,1138,1 -> 0.687607
5,1138,0 -> 0.312393
5,1139,1 -> 0.687607
5,1139,0 -> 0.312393
5,1140,1 -> 0.687607
5,1140,0 -> 0.312393
5,1141,1 -> 0.687607
5,1141,0 -> 0.312393
5,1142,0 -> 0.687607
5,1142,1 -> 0.312393
6,0,0 -> 0.570393
6,0,1 -> 0.429607
6,1,0 -> 0.570393
6,1,1 -> 0.429607
6,2,1 -> 0.570393
6,2,0 -> 0.429607
6,3,0 -> 0.570393
6,3,1 -> 0.429607
6,4,0 -> 0.570393
6,4,1 -> 0.429607
6,5,0 -> 0.570393
6,5,1 -> 0.429607
6,6,0 -> 0.570393
6,6,1 -> 0.429607
6,7,0 -> 0.570393
6,7,1 -> 0.429607
6,8,1 -> 0.570393
6,8,0 -> 0.429607
6,9,0 -> 0.570393
6,9,1 -> 0.429607
6,10,0 -> 0.570393
6,10,1 -> 0.429607
6,11,0 -> 0.570393
6,11,1 -> 0.429607
6,12,0 -> 0.570393
6,12,1 -> 0.429607
6,13,0 -> 0.570393
6,13,1 -> 0.429607
6,14,1 -> 0.570393
6,14,0 -> 0.429607
6,15,1 -> 0.570393
6,15,0 -> 0.429607
6,16,1 -> 0.570393
6,16,0 -> 0.429607
6,17,1 -> 0.570393
6,17,0 -> 0.429607
6,18,1 -> 0.570393
6,18,0 -> 0.429607
6,19,0 -> 0.570393
6,19,1 -> 0.429607
6,20,0 -> 0.570393
6,20,1 -> 0.429607
6,21,0 -> 0.570393
6,21,1 -> 0.429607
6,22,0 -> 0.570393
6,22,1 -> 0.429607
6,23,0 -> 0.570393
6,23,1 -> 0.429607
6,24,0 -> 0.570393
6,24,1 -> 0.429607
6,25,0 -> 0.570393
6,25,1 -> 0.429607
6,26,0 -> 0.570393
6,26,1 -> 0.429607
6,27,0 -> 0.570393
6,27,1 -> 0.429607
6,28,0 -> 0.570393
6,28,1 -> 0.429607
6,29,1 -> 0.570393
6,29,0 -> 0.429607
6,30,1 -> 0.570393
6,30,0 -> 0.429607
6,31,1 -> 0.570393
6,31,0 -> 0.429607
6,32,1 -> 0.570393
6,32,0 -> 0.429607
6,33,1 -> 0.570393
6,33,0 -> 0.429607
6,34,0 -> 0.570393
6,34,1 -> 0.429607
6,35,0 -> 0.570393
6,35,1 -> 0.429607
6,36,0 -> 0.570393
6,36,1 -> 0.429607
6,37,0 -> 0.570393
6,37,1 -> 0.429607
6,38,0 -> 0.570393
6,38,1 -> 0.429607
6,39,0 -> 0.570393
6,39,1 -> 0.429607
6,40,0 -> 0.570393
6,40,1 -> 0.429607
6,41,0 -> 0.570393
6,41,1 -> 0.429607
6,42,0 -> 0.570393
6,42,1 -> 0.429607
6,43,0 -> 0.570393
6,43,1 -> 0.429607
6,44,1 -> 0.570393
6,44,0 -> 0.429607
6,45,1 -> 0.570393
6,45,0 -> 0.429607
6,46,1 -> 0.570393
6,46,0 -> 0.429607
6,47,1 -> 0.570393
6,47,0 -> 0.429607
6,48,1 -> 0.570393
6,48,0 -> 0.429607
6,49,1 -> 0.570393
6,49,0 -> 0.429607
6,50,1 -> 0.570393
6,50,0 -> 0.429607
6,51,1 -> 0.570393
6,51,0 -> 0.429607
6,52,1 -> 0.570393
6,52,0 -> 0.429607
6,53,1 -> 0.570393
6,53,0 -> 0.429607
6,54,0 -> 0.570393
6,54,1 -> 0.429607
6,55,0 -> 0.570393
6,55,1 -> 0.429607
6,56,0 -> 0.570393
6,56,1 -> 0.429607
6,57,0 -> 0.570393
6,57,1 -> 0.429607
6,58,0 -> 0.570393
6,58,1 -> 0.429607
6,59,0 -> 0.570393
6,59,1 -> 0.429607
6,60,0 -> 0.570393
6,60,1 -> 0.429607
6,61,0 -> 0.570393
6,61,1 -> 0.429607
6,62,0 -> 0.570393
6,62,1 -> 0.429607
6,63,0 -> 0.570393
6,63,1 -> 0.429607
6,64,1 -> 0.570393
6,64,0 -> 0.429607
6,65,1 -> 0.570393
6,65,0 -> 0.429607
6,66,1 -> 0.570393
6,66,0 -> 0.429607
6,67,1 -> 0.570393
6,67,0 -> 0.429607
6,68,1 -> 0.570393
6,68,0 -> 0.429607
6,69,1 -> 0.570393
6,69,0 -> 0.429607
6,70,1 -> 0.570393
6,70,0 -> 0.429607
6,71,1 -> 0.570393
6,71,0 -> 0.429607
6,72,1 -> 0.570393
6,72,0 -> 0.429607
6,73,1 -> 0.570393
6,73,0 -> 0.429607
6,74,0 -> 0.570393
6,74,1 -> 0.429607
6,75,0 -> 0.570393
6,75,1 -> 0.429607
6,76,0 -> 0.570393
6,76,1 -> 0.429607
6,77,0 -> 0.570393
6,77,1 -> 0.429607
6,78,0 -> 0.570393
6,78,1 -> 0.429607
6,79,0 -> 0.570393
6,79,1 -> 0.429607
6,80,0 -> 0.570393
6,80,1 -> 0.429607
6,81,0 -> 0.570393
6,81,1 -> 0.429607
6,82,0 -> 0.570393
6,82,1 -> 0.429607
6,83,0 -> 0.570393
6,83,1 -> 0.429607
6,84,1 -> 0.570393
6,84,0 -> 0.429607
6,85,1 -> 0.570393
6,85,0 -> 0.429607
6,86,1 -> 0.570393
6,86,0 -> 0.429607
6,87,1 -> 0.570393
6,87,0 -> 0.429607
6,88,1 -> 0.570393
6,88,0 -> 0.429607
6,89,1 -> 0.570393
6,89,0 -> 0.429607
6,90,1 -> 0.570393
6,90,0 -> 0.429607
6,91,1 -> 0.570393
6,91,0 -> 0.429607
6,92,1 -> 0.570393
6,92,0 -> 0.429607
6,93,1 -> 0.570393
6,93,0 -> 0.429607
6,94,0 -> 0.570393
6,94,1 -> 0.429607
6,95,0 -> 0.570393
6,95,1 -> 0.429607
6,96,0 -> 0.570393
6,96,1 -> 0.429607
6,97,0 -> 0.570393
6,97,1 -> 0.429607
6,98,0 -> 0.570393
6,98,1 -> 0.429607
6,99,1 -> 0.570393
6,99,0 -> 0.429607
6,100,1 -> 0.570393
6,100,0 -> 0.429607
6,101,1 -> 0.570393
6,101,0 -> 0.429607
6,102,1 -> 0.570393
6,102,0 -> 0.429607
6,103,1 -> 0.570393
6,103,0 -> 0.429607
6,104,1 -> 0.570393
6,104,0 -> 0.429607
6,105,1 -> 0.570393
6,105,0 -> 0.429607
6,106,1 -> 0.570393
6,106,0 -> 0.429607
6,107,1 -> 0.570393
6,107,0 -> 0.429607
6,108,1 -> 0.570393
6,108,0 -> 0.429607
6,109,0 -> 0.570393
6,109,1 -> 0.429607
6,110,0 -> 0.570393
6,110,1 -> 0.429607
6,111,0 -> 0.570393
6,111,1 -> 0.429607
6,112,0 -> 0.570393
6,112,1 -> 0.429607
6,113,0 -> 0.570393
6,113,1 -> 0.429607
6,114,1 -> 0.570393
6,114,0 -> 0.429607
6,115,1 -> 0.570393
6,115,0 -> 0.429607
6,116,1 -> 0.570393
6,116,0 -> 0.429607
6,117,1 -> 0.570393
6,117,0 -> 0.429607
6,118,1 -> 0.570393
6,118,0 -> 0.429607
6,119,0 -> 0.570393
6,119,1 -> 0.429607
6,120,1 -> 0.570393
6,120,0 -> 0.429607
6,121,1 -> 0.570393
6,121,0 -> 0.429607
6,122,1 -> 0.570393
6,122,0 -> 0.429607
6,123,1 -> 0.570393
6,123,0 -> 0.429607
6,124,1 -> 0.570393
6,124,0 -> 0.429607
6,125,0 -> 0.570393
6,125,1 -> 0.429607
6,126,1 -> 0.570393
6,126,0 -> 0.429607
6,127,0 -> 0.606132
6,127,1 -> 0.393868
6,128,0 -> 0.606132
6,128,1 -> 0.393868
6,129,1 -> 0.606132
6,129,0 -> 0.393868
6,130,0 -> 0.606132
6,130,1 -> 0.393868
6,131,0 -> 0.606132
6,131,1 -> 0.393868
6,132,0 -> 0.606132
6,132,1 -> 0.393868
6,133,0 -> 0.606132
6,133,1 -> 0.393868
6,134,0 -> 0.606132
6,134,1 -> 0.393868
6,135,1 -> 0.606132
6,135,0 -> 0.393868
6,136,0 -> 0.606132
6,136,1 -> 0.393868
6,137,0 -> 0.606132
6,137,1 -> 0.393868
6,138,0 -> 0.606132
6,138,1 -> 0.393868
6,139,0 -> 0.606132
6,139,1 -> 0.393868
6,140,0 -> 0.606132
6,140,1 -> 0.393868
6,141,1 -> 0.606132
6,141,0 -> 0.393868
6,142,1 -> 0.606132
6,142,0 -> 0.393868
6,143,1 -> 0.606132
6,143,0 -> 0.393868
6,144,1 -> 0.606132
6,144,0 -> 0.393868
6,145,1 -> 0.606132
6,145,0 -> 0.393868
6,146,0 -> 0.606132
6,146,1 -> 0.393868
6,147,0 -> 0.606132
6,147,1 -> 0.393868
6,148,0 -> 0.606132
6,148,1 -> 0.393868
6,149,0 -> 0.606132
6,149,1 -> 0.393868
6,150,0 -> 0.606132
6,150,1 -> 0.393868
6,151,0 -> 0.606132
6,151,1 -> 0.393868
6,152,0 -> 0.606132
6,152,1 -> 0.393868
6,153,0 -> 0.606132
6,153,1 -> 0.393868
6,154,0 -> 0.606132
6,154,1 -> 0.393868
6,155,0 -> 0.606132
6,155,1 -> 0.393868
6,156,1 -> 0.606132
6,156,0 -> 0.393868
6,157,1 -> 0.606132
6,157,0 -> 0.393868
6,158,1 -> 0.606132
6,158,0 -> 0.393868
6,159,1 -> 0.606132
6,159,0 -> 0.393868
6,160,1 -> 0.606132
6,160,0 -> 0.393868
6,161,0 -> 0.606132
6,161,1 -> 0.393868
6,162,0 -> 0.606132
6,162,1 -> 0.393868
6,163,0 -> 0.606132
6,163,1 -> 0.393868
6,164,0 -> 0.606132
6,164,1 -> 0.393868
6,165,0 -> 0.606132
6,165,1 -> 0.393868
6,166,0 -> 0.606132
6,166,1 -> 0.393868
6,167,0 -> 0.606132
6,167,1 -> 0.393868
6,168,0 -> 0.606132
6,168,1 -> 0.393868
6,169,0 -> 0.606132
6,169,1 -> 0.393868
6,170,0 -> 0.606132
6,170,1 -> 0.393868
6,171,1 -> 0.606132
6,171,0 -> 0.393868
6,172,1 -> 0.606132
6,172,0 -> 0.393868
6,173,1 -> 0.606132
6,173,0 -> 0.393868
6,174,1 -> 0.606132
6,174,0 -> 0.393868
6,175,1 -> 0.606132
6,175,0 -> 0.393868
6,176,1 -> 0.606132
6,176,0 -> 0.393868
6,177,1 -> 0.606132
6,177,0 -> 0.393868
6,178,1 -> 0.606132
6,178,0 -> 0.393868
6,179,1 -> 0.606132
6,179,0 -> 0.393868
6,180,1 -> 0.606132
6,180,0 -> 0.393868
6,181,0 -> 0.606132
6,181,1 -> 0.393868
6,182,0 -> 0.606132
6,182,1 -> 0.393868
6,183,0 -> 0.606132
6,183,1 -> 0.393868
6,184,0 -> 0.606132
6,184,1 -> 0.393868
6,185,0 -> 0.606132
6,185,1 -> 0.393868
6,186,0 -> 0.606132
6,186,1 -> 0.393868
6,187,0 -> 0.606132
6,187,1 -> 0.393868
6,188,0 -> 0.606132
6,188,1 -> 0.393868
6,189,0 -> 0.606132
6,189,1 -> 0.393868
6,190,0 -> 0.606132
6,190,1 -> 0.393868
6,191,1 -> 0.606132
6,191,0 -> 0.393868
6,192,1 -> 0.606132
6,192,0 -> 0.393868
6,193,1 -> 0.606132
6,193,0 -> 0.393868
6,194,1 -> 0.606132
6,194,0 -> 0.393868
6,195,1 -> 0.606132
6,195,0 -> 0.393868
6,196,1 -> 0.606132
6,196,0 -> 0.393868
6,197,1 -> 0.606132
6,197,0 -> 0.393868
6,198,1 -> 0.606132
6,198,0 -> 0.393868
6,199,1 -> 0.606132
6,199,0 -> 0.393868
6,200,1 -> 0.606132
6,200,0 -> 0.393868
6,201,0 -> 0.606132
6,201,1 -> 0.393868
6,202,0 -> 0.606132
6,202,1 -> 0.393868
6,203,0 -> 0.606132
6,203,1 -> 0.393868
6,204,0 -> 0.606132
6,204,1 -> 0.393868
6,205,0 -> 0.606132
6,205,1 -> 0.393868
6,206,0 -> 0.606132
6,206,1 -> 0.393868
6,207,0 -> 0.606132
6,207,1 -> 0.393868
6,208,0 -> 0.606132
6,208,1 -> 0.393868
6,209,0 -> 0.606132
6,209,1 -> 0.393868
6,210,0 -> 0.606132
6,210,1 -> 0.393868
6,211,1 -> 0.606132
6,211,0 -> 0.393868
6,212,1 -> 0.606132
6,212,0 -> 0.393868
6,213,1 -> 0.606132
6,213,0 -> 0.393868
6,214,1 -> 0.606132
6,214,0 -> 0.393868
6,215,1 -> 0.606132
6,215,0 -> 0.393868
6,216,1 -> 0.606132
6,216,0 -> 0.393868
6,217,1 -> 0.606132
6,217,0 -> 0.393868
6,218,1 -> 0.606132
6,218,0 -> 0.393868
6,219,1 -> 0.606132
6,219,0 -> 0.393868
6,220,1 -> 0.606132
6,220,0 -> 0.393868
6,221,0 -> 0.606132
6,221,1 -> 0.393868
6,222,0 -> 0.606132
6,222,1 -> 0.393868
6,223,0 -> 0.606132
6,223,1 -> 0.393868
6,224,0 -> 0.606132
6,224,1 -> 0.393868
6,225,0 -> 0.606132
6,225,1 -> 0.393868
6,226,1 -> 0.606132
6,226,0 -> 0.393868
6,227,1 -> 0.606132
6,227,0 -> 0.393868
6,228,1 -> 0.606132
6,228,0 -> 0.393868
6,229,1 -> 0.606132
6,229,0 -> 0.393868
6,230,1 -> 0.606132
6,230,0 -> 0.393868
6,231,1 -> 0.606132
6,231,0 -> 0.393868
6,232,1 -> 0.606132
6,232,0 -> 0.393868
6,233,1 -> 0.606132
6,233,0 -> 0.393868
6,234,1 -> 0.606132
6,234,0 -> 0.393868
6,235,1 -> 0.606132
6,235,0 -> 0.393868
6,236,0 -> 0.606132
6,236,1 -> 0.393868
6,237,0 -> 0.606132
6,237,1 -> 0.393868
6,238,0 -> 0.606132
6,238,1 -> 0.393868
6,239,0 -> 0.606132
6,239,1 -> 0.393868
6,240,0 -> 0.606132
6,240,1 -> 0.393868
6,241,1 -> 0.606132
6,241,0 -> 0.393868
6,242,1 -> 0.606132
6,242,0 -> 0.393868
6,243,1 -> 0.606132
6,243,0 -> 0.393868
6,244,1 -> 0.606132
6,244,0 -> 0.393868
6,245,1 -> 0.606132
6,245,0 -> 0.393868
6,246,0 -> 0.606132
6,246,1 -> 0.393868
6,247,1 -> 0.606132
6,247,0 -> 0.393868
6,248,1 -> 0.606132
6,248,0 -> 0.393868
6,249,1 -> 0.606132
6,249,0 -> 0.393868
6,250,1 -> 0.606132
6,250,0 -> 0.393868
6,251,1 -> 0.606132
6,251,0 -> 0.393868
6,252,0 -> 0.606132
6,252,1 -> 0.393868
6,253,1 -> 0.606132
6,253,0 -> 0.393868
6,254,0 -> 0.625
6,254,1 -> 0.375
6,255,0 -> 0.625
6,255,1 -> 0.375
6,256,1 -> 0.625
6,256,0 -> 0.375
6,257,0 -> 0.625
6,257,1 -> 0.375
6,258,0 -> 0.625
6,258,1 -> 0.375
6,259,0 -> 0.625
6,259,1 -> 0.375
6,260,0 -> 0.625
6,260,1 -> 0.375
6,261,0 -> 0.625
6,261,1 -> 0.375
6,262,1 -> 0.625
6,262,0 -> 0.375
6,263,0 -> 0.625
6,263,1 -> 0.375
6,264,0 -> 0.625
6,264,1 -> 0.375
6,265,0 -> 0.625
6,265,1 -> 0.375
6,266,0 -> 0.625
6,266,1 -> 0.375
6,267,0 -> 0.625
6,267,1 -> 0.375
6,268,1 -> 0.625
6,268,0 -> 0.375
6,269,1 -> 0.625
6,269,0 -> 0.375
6,270,1 -> 0.625
6,270,0 -> 0.375
6,271,1 -> 0.625
6,271,0 -> 0.375
6,272,1 -> 0.625
6,272,0 -> 0.375
6,273,0 -> 0.625
6,273,1 -> 0.375
6,274,0 -> 0.625
6,274,1 -> 0.375
6,275,0 -> 0.625
6,275,1 -> 0.375
6,276,0 -> 0.625
6,276,1 -> 0.375
6,277,0 -> 0.625
6,277,1 -> 0.375
6,278,0 -> 0.625
6,278,1 -> 0.375
6,279,0 -> 0.625
6,279,1 -> 0.375
6,280,0 -> 0.625
6,280,1 -> 0.375
6,281,0 -> 0.625
6,281,1 -> 0.375
6,282,0 -> 0.625
6,282,1 -> 0.375
6,283,1 -> 0.625
6,283,0 -> 0.375
6,284,1 -> 0.625
6,284,0 -> 0.375
6,285,1 -> 0.625
6,285,0 -> 0.375
6,286,1 -> 0.625
6,286,0 -> 0.375
6,287,1 -> 0.625
6,287,0 -> 0.375
6,288,0 -> 0.625
6,288,1 -> 0.375
6,289,0 -> 0.625
6,289,1 -> 0.375
6,290,0 -> 0.625
6,290,1 -> 0.375
6,291,0 -> 0.625
6,291,1 -> 0.375
6,292,0 -> 0.625
6,292,1 -> 0.375
6,293,0 -> 0.625
6,293,1 -> 0.375
6,294,0 -> 0.625
6,294,1 -> 0.375
6,295,0 -> 0.625
6,295,1 -> 0.375
6,296,0 -> 0.625
6,296,1 -> 0.375
6,297,0 -> 0.625
6,297,1 -> 0.375
6,298,1 -> 0.625
6,298,0 -> 0.375
6,299,1 -> 0.625
6,299,0 -> 0.375
6,300,1 -> 0.625
6,300,0 -> 0.375
6,301,1 -> 0.625
6,301,0 -> 0.375
6,302,1 -> 0.625
6,302,0 -> 0.375
6,303,1 -> 0.625
6,303,0 -> 0.375
6,304,1 -> 0.625
6,304,0 -> 0.375
6,305,1 -> 0.625
6,305,0 -> 0.375
6,306,1 -> 0.625
6,306,0 -> 0.375
6,307,1 -> 0.625
6,307,0 -> 0.375
6,308,0 -> 0.625
6,308,1 -> 0.375
6,309,0 -> 0.625
6,309,1 -> 0.375
6,310,0 -> 0.625
6,310,1 -> 0.375
6,311,0 -> 0.625
6,311,1 -> 0.375
6,312,0 -> 0.625
6,312,1 -> 0.375
6,313,0 -> 0.625
6,313,1 -> 0.375
6,314,0 -> 0.625
6,314,1 -> 0.375
6,315,0 -> 0.625
6,315,1 -> 0.375
6,316,0 -> 0.625
6,316,1 -> 0.375
6,317,0 -> 0.625
6,317,1 -> 0.375
6,318,1 -> 0.625
6,318,0 -> 0.375
6,319,1 -> 0.625
6,319,0 -> 0.375
6,320,1 -> 0.625
6,320,0 -> 0.375
6,321,1 -> 0.625
6,321,0 -> 0.375
6,322,1 -> 0.625
6,322,0 -> 0.375
6,323,1 -> 0.625
6,323,0 -> 0.375
6,324,1 -> 0.625
6,324,0 -> 0.375
6,325,1 -> 0.625
6,325,0 -> 0.375
6,326,1 -> 0.625
6,326,0 -> 0.375
6,327,1 -> 0.625
6,327,0 -> 0.375
6,328,0 -> 0.625
6,328,1 -> 0.375
6,329,0 -> 0.625
6,329,1 -> 0.375
6,330,0 -> 0.625
6,330,1 -> 0.375
6,331,0 -> 0.625
6,331,1 -> 0.375
6,332,0 -> 0.625
6,332,1 -> 0.375
6,333,0 -> 0.625
6,333,1 -> 0.375
6,334,0 -> 0.625
6,334,1 -> 0.375
6,335,0 -> 0.625
6,335,1 -> 0.375
6,336,0 -> 0.625
6,336,1 -> 0.375
6,337,0 -> 0.625
6,337,1 -> 0.375
6,338,1 -> 0.625
6,338,0 -> 0.375
6,339,1 -> 0.625
6,339,0 -> 0.375
6,340,1 -> 0.625
6,340,0 -> 0.375
6,341,1 -> 0.625
6,341,0 -> 0.375
6,342,1 -> 0.625
6,342,0 -> 0.375
6,343,1 -> 0.625
6,343,0 -> 0.375
6,344,1 -> 0.625
6,344,0 -> 0.375
6,345,1 -> 0.625
6,345,0 -> 0.375
6,346,1 -> 0.625
6,346,0 -> 0.375
6,347,1 -> 0.625
6,347,0 -> 0.375
6,348,0 -> 0.625
6,348,1 -> 0.375
6,349,0 -> 0.625
6,349,1 -> 0.375
6,350,0 -> 0.625
6,350,1 -> 0.375
6,351,0 -> 0.625
6,351,1 -> 0.375
6,352,0 -> 0.625
6,352,1 -> 0.375
6,353,1 -> 0.625
6,353,0 -> 0.375
6,354,1 -> 0.625
6,354,0 -> 0.375
6,355,1 -> 0.625
6,355,0 -> 0.375
6,356,1 -> 0.625
6,356,0 -> 0.375
6,357,1 -> 0.625
6,357,0 -> 0.375
6,358,1 -> 0.625
6,358,0 -> 0.375
6,359,1 -> 0.625
6,359,0 -> 0.375
6,360,1 -> 0.625
6,360,0 -> 0.375
6,361,1 -> 0.625
6,361,0 -> 0.375
6,362,1 -> 0.625
6,362,0 -> 0.375
6,363,0 -> 0.625
6,363,1 -> 0.375
6,364,0 -> 0.625
6,364,1 -> 0.375
6,365,0 -> 0.625
6,365,1 -> 0.375
6,366,0 -> 0.625
6,366,1 -> 0.375
6,367,0 -> 0.625
6,367,1 -> 0.375
6,368,1 -> 0.625
6,368,0 -> 0.375
6,369,1 -> 0.625
6,369,0 -> 0.375
6,370,1 -> 0.625
6,370,0 -> 0.375
6,371,1 -> 0.625
6,371,0 -> 0.375
6,372,1 -> 0.625
6,372,0 -> 0.375
6,373,0 -> 0.625
6,373,1 -> 0.375
6,374,1 -> 0.625
6,374,0 -> 0.375
6,375,1 -> 0.625
6,375,0 -> 0.375
6,376,1 -> 0.625
6,376,0 -> 0.375
6,377,1 -> 0.625
6,377,0 -> 0.375
6,378,1 -> 0.625
6,378,0 -> 0.375
6,379,0 -> 0.625
6,379,1 -> 0.375
6,380,1 -> 0.625
6,380,0 -> 0.375
6,381,0 -> 0.606132
6,381,1 -> 0.393868
6,382,0 -> 0.606132
6,382,1 -> 0.393868
6,383,1 -> 0.606132
6,383,0 -> 0.393868
6,384,0 -> 0.606132
6,384,1 -> 0.393868
6,385,0 -> 0.606132
6,385,1 -> 0.393868
6,386,0 -> 0.606132
6,386,1 -> 0.393868
6,387,0 -> 0.606132
6,387,1 -> 0.393868
6,388,0 -> 0.606132
6,388,1 -> 0.393868
6,389,1 -> 0.606132
6,389,0 -> 0.393868
6,390,0 -> 0.606132
6,390,1 -> 0.393868
6,391,0 -> 0.606132
6,391,1 -> 0.393868
6,392,0 -> 0.606132
6,392,1 -> 0.393868
6,393,0 -> 0.606132
6,393,1 -> 0.393868
6,394,0 -> 0.606132
6,394,1 -> 0.393868
6,395,1 -> 0.606132
6,395,0 -> 0.393868
6,396,1 -> 0.606132
6,396,0 -> 0.393868
6,397,1 -> 0.606132
6,397,0 -> 0.393868
6,398,1 -> 0.606132
6,398,0 -> 0.393868
6,399,1 -> 0.606132
6,399,0 -> 0.393868
6,400,0 -> 0.606132
6,400,1 -> 0.393868
6,401,0 -> 0.606132
6,401,1 -> 0.393868
6,402,0 -> 0.606132
6,402,1 -> 0.393868
6,403,0 -> 0.606132
6,403,1 -> 0.393868
6,404,0 -> 0.606132
6,404,1 -> 0.393868
6,405,0 -> 0.606132
6,405,1 -> 0.393868
6,406,0 -> 0.606132
6,406,1 -> 0.393868
6,407,0 -> 0.606132
6,407,1 -> 0.393868
6,408,0 -> 0.606132
6,408,1 -> 0.393868
6,409,0 -> 0.606132
6,409,1 -> 0.393868
6,410,1 -> 0.606132
6,410,0 -> 0.393868
6,411,1 -> 0.606132
6,411,0 -> 0.393868
6,412,1 -> 0.606132
6,412,0 -> 0.393868
6,413,1 -> 0.606132
6,413,0 -> 0.393868
6,414,1 -> 0.606132
6,414,0 -> 0.393868
6,415,0 -> 0.606132
6,415,1 -> 0.393868
6,416,0 -> 0.606132
6,416,1 -> 0.393868
6,417,0 -> 0.606132
6,417,1 -> 0.393868
6,418,0 -> 0.606132
6,418,1 -> 0.393868
6,419,0 -> 0.606132
6,419,1 -> 0.393868
6,420,0 -> 0.606132
6,420,1 -> 0.393868
6,421,0 -> 0.606132
6,421,1 -> 0.393868
6,422,0 -> 0.606132
6,422,1 -> 0.393868
6,423,0 -> 0.606132
6,423,1 -> 0.393868
6,424,0 -> 0.606132
6,424,1 -> 0.393868
6,425,1 -> 0.606132
6,425,0 -> 0.393868
6,426,1 -> 0.606132
6,426,0 -> 0.393868
6,427,1 -> 0.606132
6,427,0 -> 0.393868
6,428,1 -> 0.606132
6,428,0 -> 0.393868
6,429,1 -> 0.606132
6,429,0 -> 0.393868
6,430,1 -> 0.606132
6,430,0 -> 0.393868
6,431,1 -> 0.606132
6,431,0 -> 0.393868
6,432,1 -> 0.606132
6,432,0 -> 0.393868
6,433,1 -> 0.606132
6,433,0 -> 0.393868
6,434,1 -> 0.606132
6,434,0 -> 0.393868
6,435,0 -> 0.606132
6,435,1 -> 0.393868
6,436,0 -> 0.606132
6,436,1 -> 0.393868
6,437,0 -> 0.606132
6,437,1 -> 0.393868
6,438,0 -> 0.606132
6,438,1 -> 0.393868
6,439,0 -> 0.606132
6,439,1 -> 0.393868
6,440,0 -> 0.606132
6,440,1 -> 0.393868
6,441,0 -> 0.606132
6,441,1 -> 0.393868
6,442,0 -> 0.606132
6,442,1 -> 0.393868
6,443,0 -> 0.606132
6,443,1 -> 0.393868
6,444,0 -> 0.606132
6,444,1 -> 0.393868
6,445,1 -> 0.606132
6,445,0 -> 0.393868
6,446,1 -> 0.606132
6,446,0 -> 0.393868
6,447,1 -> 0.606132
6,447,0 -> 0.393868
6,448,1 -> 0.606132
6,448,0 -> 0.393868
6,449,1 -> 0.606132
6,449,0 -> 0.393868
6,450,1 -> 0.606132
6,450,0 -> 0.393868
6,451,1 -> 0.606132
6,451,0 -> 0.393868
6,452,1 -> 0.606132
6,452,0 -> 0.393868
6,453,1 -> 0.606132
6,453,0 -> 0.393868
6,454,1 -> 0.606132
6,454,0 -> 0.393868
6,455,0 -> 0.606132
6,455,1 -> 0.393868
6,456,0 -> 0.606132
6,456,1 -> 0.393868
6,457,0 -> 0.606132
6,457,1 -> 0.393868
6,458,0 -> 0.606132
6,458,1 -> 0.393868
6,459,0 -> 0.606132
6,459,1 -> 0.393868
6,460,0 -> 0.606132
6,460,1 -> 0.393868
6,461,0 -> 0.606132
6,461,1 -> 0.393868
6,462,0 -> 0.606132
6,462,1 -> 0.393868
6,463,0 -> 0.606132
6,463,1 -> 0.393868
6,464,0 -> 0.606132
6,464,1 -> 0.393868
6,465,1 -> 0.606132
6,465,0 -> 0.393868
6,466,1 -> 0.606132
6,466,0 -> 0.393868
6,467,1 -> 0.606132
6,467,0 -> 0.393868
6,468,1 -> 0.606132
6,468,0 -> 0.393868
6,469,1 -> 0.606132
6,469,0 -> 0.393868
6,470,1 -> 0.606132
6,470,0 -> 0.393868
6,471,1 -> 0.606132
6,471,0 -> 0.393868
6,472,1 -> 0.606132
6,472,0 -> 0.393868
6,473,1 -> 0.606132
6,473,0 -> 0.393868
6,474,1 -> 0.606132
6,474,0 -> 0.393868
6,475,0 -> 0.606132
6,475,1 -> 0.393868
6,476,0 -> 0.606132
6,476,1 -> 0.393868
6,477,0 -> 0.606132
6,477,1 -> 0.393868
6,478,0 -> 0.606132
6,478,1 -> 0.393868
6,479,0 -> 0.606132
6,479,1 -> 0.393868
6,480,1 -> 0.606132
6,480,0 -> 0.393868
6,481,1 -> 0.606132
6,481,0 -> 0.393868
6,482,1 -> 0.606132
6,482,0 -> 0.393868
6,483,1 -> 0.606132
6,483,0 -> 0.393868
6,484,1 -> 0.606132
6,484,0 -> 0.393868
6,485,1 -> 0.606132
6,485,0 -> 0.393868
6,486,1 -> 0.606132
6,486,0 -> 0.393868
6,487,1 -> 0.606132
6,487,0 -> 0.393868
6,488,1 -> 0.606132
6,488,0 -> 0.393868
6,489,1 -> 0.606132
6,489,0 -> 0.393868
6,490,0 -> 0.606132
6,490,1 -> 0.393868
6,491,0 -> 0.606132
6,491,1 -> 0.393868
6,492,0 -> 0.606132
6,492,1 -> 0.393868
6,493,0 -> 0.606132
6,493,1 -> 0.393868
6,494,0 -> 0.606132
6,494,1 -> 0.393868
6,495,1 -> 0.606132
6,495,0 -> 0.393868
6,496,1 -> 0.606132
6,496,0 -> 0.393868
6,497,1 -> 0.606132
6,497,0 -> 0.393868
6,498,1 -> 0.606132
6,498,0 -> 0.393868
6,499,1 -> 0.606132
6,499,0 -> 0.393868
6,500,0 -> 0.606132
6,500,1 -> 0.393868
6,501,1 -> 0.606132
6,501,0 -> 0.393868
6,502,1 -> 0.606132
6,502,0 -> 0.393868
6,503,1 -> 0.606132
6,503,0 -> 0.393868
6,504,1 -> 0.606132
6,504,0 -> 0.393868
6,505,1 -> 0.606132
6,505,0 -> 0.393868
6,506,0 -> 0.606132
6,506,1 -> 0.393868
6,507,1 -> 0.606132
6,507,0 -> 0.393868
6,508,0 -> 0.687607
6,508,1 -> 0.312393
6,509,0 -> 0.687607
6,509,1 -> 0.312393
6,510,1 -> 0.687607
6,510,0 -> 0.312393
6,511,0 -> 0.687607
6,511,1 -> 0.312393
6,512,0 -> 0.687607
6,512,1 -> 0.312393
6,513,0 -> 0.687607
6,513,1 -> 0.312393
6,514,0 -> 0.687607
6,514,1 -> 0.312393
6,515,0 -> 0.687607
6,515,1 -> 0.312393
6,516,1 -> 0.687607
6,516,0 -> 0.312393
6,517,0 -> 0.687607
6,517,1 -> 0.312393
6,518,0 -> 0.687607
6,518,1 -> 0.312393
6,519,0 -> 0.687607
6,519,1 -> 0.312393
6,520,0 -> 0.687607
6,520,1 -> 0.312393
6,521,0 -> 0.687607
6,521,1 -> 0.312393
6,522,1 -> 0.687607
6,522,0 -> 0.312393
6,523,1 -> 0.687607
6,523,0 -> 0.312393
6,524,1 -> 0.687607
6,524,0 -> 0.312393
6,525,1 -> 0.687607
6,525,0 -> 0.312393
6,526,1 -> 0.687607
6,526,0 -> 0.312393
6,527,0 -> 0.687607
6,527,1 -> 0.312393
6,528,0 -> 0.687607
6,528,1 -> 0.312393
6,529,0 -> 0.687607
6,529,1 -> 0.312393
6,530,0 -> 0.687607
6,530,1 -> 0.312393
6,531,0 -> 0.687607
6,531,1 -> 0.312393
6,532,0 -> 0.687607
6,532,1 -> 0.312393
6,533,0 -> 0.687607
6,533,1 -> 0.312393
6,534,0 -> 0.687607
6,534,1 -> 0.312393
6,535,0 -> 0.687607
6,535,1 -> 0.312393
6,536,0 -> 0.687607
6,536,1 -> 0.312393
6,537,1 -> 0.687607
6,537,0 -> 0.312393
6,538,1 -> 0.687607
6,538,0 -> 0.312393
6,539,1 -> 0.687607
6,539,0 -> 0.312393
6,540,1 -> 0.687607
6,540,0 -> 0.312393
6,541,1 -> 0.687607
6,541,0 -> 0.312393
6,542,0 -> 0.687607
6,542,1 -> 0.312393
6,543,0 -> 0.687607
6,543,1 -> 0.312393
6,544,0 -> 0.687607
6,544,1 -> 0.312393
6,545,0 -> 0.687607
6,545,1 -> 0.312393
6,546,0 -> 0.687607
6,546,1 -> 0.312393
6,547,0 -> 0.687607
6,547,1 -> 0.312393
6,548,0 -> 0.687607
6,548,1 -> 0.312393
6,549,0 -> 0.687607
6,549,1 -> 0.312393
6,550,0 -> 0.687607
6,550,1 -> 0.312393
6,551,0 -> 0.687607
6,551,1 -> 0.312393
6,552,1 -> 0.687607
6,552,0 -> 0.312393
6,553,1 -> 0.687607
6,553,0 -> 0.312393
6,554,1 -> 0.687607
6,554,0 -> 0.312393
6,555,1 -> 0.687607
6,555,0 -> 0.312393
6,556,1 -> 0.687607
6,556,0 -> 0.312393
6,557,1 -> 0.687607
6,557,0 -> 0.312393
6,558,1 -> 0.687607
6,558,0 -> 0.312393
6,559,1 -> 0.687607
6,559,0 -> 0.312393
6,560,1 -> 0.687607
6,560,0 -> 0.312393
6,561,1 -> 0.687607
6,561,0 -> 0.312393
6,562,0 -> 0.687607
6,562,1 -> 0.312393
6,563,0 -> 0.687607
6,563,1 -> 0.312393
6,564,0 -> 0.687607
6,564,1 -> 0.312393
6,565,0 -> 0.687607
6,565,1 -> 0.312393
6,566,0 -> 0.687607
6,566,1 -> 0.312393
6,567,0 -> 0.687607
6,567,1 -> 0.312393
6,568,0 -> 0.687607
6,568,1 -> 0.312393
6,569,0 -> 0.687607
6,569,1 -> 0.312393
6,570,0 -> 0.687607
6,570,1 -> 0.312393
6,571,0 -> 0.687607
6,571,1 -> 0.312393
6,572,1 -> 0.687607
6,572,0 -> 0.312393
6,573,1 -> 0.687607
6,573,0 -> 0.312393
6,574,1 -> 0.687607
6,574,0 -> 0.312393
6,575,1 -> 0.687607
6,575,0 -> 0.312393
6,576,1 -> 0.687607
6,576,0 -> 0.312393
6,577,1 -> 0.687607
6,577,0 -> 0.312393
6,578,1 -> 0.687607
6,578,0 -> 0.312393
6,579,1 -> 0.687607
6,579,0 -> 0.312393
6,580,1 -> 0.687607
6,580,0 -> 0.312393
6,581,1 -> 0.687607
6,581,0 -> 0.312393
6,582,0 -> 0.687607
6,582,1 -> 0.312393
6,583,0 -> 0.687607
6,583,1 -> 0.312393
6,584,0 -> 0.687607
6,584,1 -> 0.312393
6,585,0 -> 0.687607
6,585,1 -> 0.312393
6,586,0 -> 0.687607
6,586,1 -> 0.312393
6,587,0 -> 0.687607
6,587,1 -> 0.312393
6,588,0 -> 0.687607
6,588,1 -> 0.312393
6,589,0 -> 0.687607
6,589,1 -> 0.312393
6,590,0 -> 0.687607
6,590,1 -> 0.312393
6,591,0 -> 0.687607
6,591,1 -> 0.312393
6,592,1 -> 0.687607
6,592,0 -> 0.312393
6,593,1 -> 0.687607
6,593,0 -> 0.312393
6,594,1 -> 0.687607
6,594,0 -> 0.312393
6,595,1 -> 0.687607
6,595,0 -> 0.312393
6,596,1 -> 0.687607
6,596,0 -> 0.312393
6,597,1 -> 0.687607
6,597,0 -> 0.312393
6,598,1 -> 0.687607
6,598,0 -> 0.312393
6,599,1 -> 0.687607
6,599,0 -> 0.312393
6,600,1 -> 0.687607
6,600,0 -> 0.312393
6,601,1 -> 0.687607
6,601,0 -> 0.312393
6,602,0 -> 0.687607
6,602,1 -> 0.312393
6,603,0 -> 0.687607
6,603,1 -> 0.312393
6,604,0 -> 0.687607
6,604,1 -> 0.312393
6,605,0 -> 0.687607
6,605,1 -> 0.312393
6,606,0 -> 0.687607
6,606,1 -> 0.312393
6,607,1 -> 0.687607
6,607,0 -> 0.312393
6,608,1 -> 0.687607
6,608,0 -> 0.312393
6,609,1 -> 0.687607
6,609,0 -> 0.312393
6,610,1 -> 0.687607
6,610,0 -> 0.312393
6,611,1 -> 0.687607
6,611,0 -> 0.312393
6,612,1 -> 0.687607
6,612,0 -> 0.312393
6,613,1 -> 0.687607
6,613,0 -> 0.312393
6,614,1 -> 0.687607
6,614,0 -> 0.312393
6,615,1 -> 0.687607
6,615,0 -> 0.312393
6,616,1 -> 0.687607
6,616,0 -> 0.312393
6,617,0 -> 0.687607
6,617,1 -> 0.312393
6,618,0 -> 0.687607
6,618,1 -> 0.312393
6,619,0 -> 0.687607
6,619,1 -> 0.312393
6,620,0 -> 0.687607
6,620,1 -> 0.312393
6,621,0 -> 0.687607
6,621,1 -> 0.312393
6,622,1 -> 0.687607
6,622,0 -> 0.312393
6,623,1 -> 0.687607
6,623,0 -> 0.312393
6,624,1 -> 0.687607
6,624,0 -> 0.312393
6,625,1 -> 0.687607
6,625,0 -> 0.312393
6,626,1 -> 0.687607
6,626,0 -> 0.312393
6,627,0 -> 0.687607
6,627,1 -> 0.312393
6,628,1 -> 0.687607
6,628,0 -> 0.312393
6,629,1 -> 0.687607
6,629,0 -> 0.312393
6,630,1 -> 0.687607
6,630,0 -> 0.312393
6,631,1 -> 0.687607
6,631,0 -> 0.312393
6,632,1 -> 0.687607
6,632,0 -> 0.312393
6,633,0 -> 0.687607
6,633,1 -> 0.312393
6,634,1 -> 0.687607
6,634,0 -> 0.312393
6,635,0 -> 0.75
6,635,1 -> 0.25
6,636,0 -> 0.75
6,636,1 -> 0.25
6,637,1 -> 0.75
6,637,0 -> 0.25
6,638,0 -> 0.75
6,638,1 -> 0.25
6,639,0 -> 0.75
6,639,1 -> 0.25
6,640,0 -> 0.75
6,640,1 -> 0.25
6,641,0 -> 0.75
6,641,1 -> 0.25
6,642,0 -> 0.75
6,642,1 -> 0.25
6,643,1 -> 0.75
6,643,0 -> 0.25
6,644,0 -> 0.75
6,644,1 -> 0.25
6,645,0 -> 0.75
6,645,1 -> 0.25
6,646,0 -> 0.75
6,646,1 -> 0.25
6,647,0 -> 0.75
6,647,1 -> 0.25
6,648,0 -> 0.75
6,648,1 -> 0.25
6,649,1 -> 0.75
6,649,0 -> 0.25
6,650,1 -> 0.75
6,650,0 -> 0.25
6,651,1 -> 0.75
6,651,0 -> 0.25
6,652,1 -> 0.75
6,652,0 -> 0.25
6,653,1 -> 0.75
6,653,0 -> 0.25
6,654,0 -> 0.75
6,654,1 -> 0.25
6,655,0 -> 0.75
6,655,1 -> 0.25
6,656,0 -> 0.75
6,656,1 -> 0.25
6,657,0 -> 0.75
6,657,1 -> 0.25
6,658,0 -> 0.75
6,658,1 -> 0.25
6,659,0 -> 0.75
6,659,1 -> 0.25
6,660,0 -> 0.75
6,660,1 -> 0.25
6,661,0 -> 0.75
6,661,1 -> 0.25
6,662,0 -> 0.75
6,662,1 -> 0.25
6,663,0 -> 0.75
6,663,1 -> 0.25
6,664,1 -> 0.75
6,664,0 -> 0.25
6,665,1 -> 0.75
6,665,0 -> 0.25
6,666,1 -> 0.75
6,666,0 -> 0.25
6,667,1 -> 0.75
6,667,0 -> 0.25
6,668,1 -> 0.75
6,668,0 -> 0.25
6,669,0 -> 0.75
6,669,1 -> 0.25
6,670,0 -> 0.75
6,670,1 -> 0.25
6,671,0 -> 0.75
6,671,1 -> 0.25
6,672,0 -> 0.75
6,672,1 -> 0.25
6,673,0 -> 0.75
6,673,1 -> 0.25
6,674,0 -> 0.75
6,674,1 -> 0.25
6,675,0 -> 0.75
6,675,1 -> 0.25
6,676,0 -> 0.75
6,676,1 -> 0.25
6,677,0 -> 0.75
6,677,1 -> 0.25
6,678,0 -> 0.75
6,678,1 -> 0.25
6,679,1 -> 0.75
6,679,0 -> 0.25
6,680,1 -> 0.75
6,680,0 -> 0.25
6,681,1 -> 0.75
6,681,0 -> 0.25
6,682,1 -> 0.75
6,682,0 -> 0.25
6,683,1 -> 0.75
6,683,0 -> 0.25
6,684,1 -> 0.75
6,684,0 -> 0.25
6,685,1 -> 0.75
6,685,0 -> 0.25
6,686,1 -> 0.75
6,686,0 -> 0.25
6,687,1 -> 0.75
6,687,0 -> 0.25
6,688,1 -> 0.75
6,688,0 -> 0.25
6,689,0 -> 0.75
6,689,1 -> 0.25
6,690,0 -> 0.75
6,690,1 -> 0.25
6,691,0 -> 0.75
6,691,1 -> 0.25
6,692,0 -> 0.75
6,692,1 -> 0.25
6,693,0 -> 0.75
6,693,1 -> 0.25
6,694,0 -> 0.75
6,694,1 -> 0.25
6,695,0 -> 0.75
6,695,1 -> 0.25
6,696,0 -> 0.75
6,696,1 -> 0.25
6,697,0 -> 0.75
6,697,1 -> 0.25
6,698,0 -> 0.75
6,698,1 -> 0.25
6,699,1 -> 0.75
6,699,0 -> 0.25
6,700,1 -> 0.75
6,700,0 -> 0.25
6,701,1 -> 0.75
6,701,0 -> 0.25
6,702,1 -> 0.75
6,702,0 -> 0.25
6,703,1 -> 0.75
6,703,0 -> 0.25
6,704,1 -> 0.75
6,704,0 -> 0.25
6,705,1 -> 0.75
6,705,0 -> 0.25
6,706,1 -> 0.75
6,706,0 -> 0.25
6,707,1 -> 0.75
6,707,0 -> 0.25
6,708,1 -> 0.75
6,708,0 -> 0.25
6,709,0 -> 0.75
6,709,1 -> 0.25
6,710,0 -> 0.75
6,710,1 -> 0.25
6,711,0 -> 0.75
6,711,1 -> 0.25
6,712,0 -> 0.75
6,712,1 -> 0.25
6,713,0 -> 0.75
6,713,1 -> 0.25
6,714,0 -> 0.75
6,714,1 -> 0.25
6,715,0 -> 0.75
6,715,1 -> 0.25
6,716,0 -> 0.75
6,716,1 -> 0.25
6,717,0 -> 0.75
6,717,1 -> 0.25
6,718,0 -> 0.75
6,718,1 -> 0.25
6,719,1 -> 0.75
6,719,0 -> 0.25
6,720,1 -> 0.75
6,720,0 -> 0.25
6,721,1 -> 0.75
6,721,0 -> 0.25
6,722,1 -> 0.75
6,722,0 -> 0.25
6,723,1 -> 0.75
6,723,0 -> 0.25
6,724,1 -> 0.75
6,724,0 -> 0.25
6,725,1 -> 0.75
6,725,0 -> 0.25
6,726,1 -> 0.75
6,726,0 -> 0.25
6,727,1 -> 0.75
6,727,0 -> 0.25
6,728,1 -> 0.75
6,728,0 -> 0.25
6,729,0 -> 0.75
6,729,1 -> 0.25
6,730,0 -> 0.75
6,730,1 -> 0.25
6,731,0 -> 0.75
6,731,1 -> 0.25
6,732,0 -> 0.75
6,732,1 -> 0.25
6,733,0 -> 0.75
6,733,1 -> 0.25
6,734,1 -> 0.75
6,734,0 -> 0.25
6,735,1 -> 0.75
6,735,0 -> 0.25
6,736,1 -> 0.75
6,736,0 -> 0.25
6,737,1 -> 0.75
6,737,0 -> 0.25
6,738,1 -> 0.75
6,738,0 -> 0.25
6,739,1 -> 0.75
6,739,0 -> 0.25
6,740,1 -> 0.75
6,740,0 -> 0.25
6,741,1 -> 0.75
6,741,0 -> 0.25
6,742,1 -> 0.75
6,742,0 -> 0.25
6,743,1 -> 0.75
6,743,0 -> 0.25
6,744,0 -> 0.75
6,744,1 -> 0.25
6,745,0 -> 0.75
6,745,1 -> 0.25
6,746,0 -> 0.75
6,746,1 -> 0.25
6,747,0 -> 0.75
6,747,1 -> 0.25
6,748,0 -> 0.75
6,748,1 -> 0.25
6,749,1 -> 0.75
6,749,0 -> 0.25
6,750,1 -> 0.75
6,750,0 -> 0.25
6,751,1 -> 0.75
6,751,0 -> 0.25
6,752,1 -> 0.75
6,752,0 -> 0.25
6,753,1 -> 0.75
6,753,0 -> 0.25
6,754,0 -> 0.75
6,754,1 -> 0.25
6,755,1 -> 0.75
6,755,0 -> 0.25
6,756,1 -> 0.75
6,756,0 -> 0.25
6,757,1 -> 0.75
6,757,0 -> 0.25
6,758,1 -> 0.75
6,758,0 -> 0.25
6,759,1 -> 0.75
6,759,0 -> 0.25
6,760,0 -> 0.75
6,760,1 -> 0.25
6,761,1 -> 0.75
6,761,0 -> 0.25
6,762,0 -> 0.625
6,762,1 -> 0.375
6,763,0 -> 0.625
6,763,1 -> 0.375
6,764,1 -> 0.625
6,764,0 -> 0.375
6,765,0 -> 0.625
6,765,1 -> 0.375
6,766,0 -> 0.625
6,766,1 -> 0.375
6,767,0 -> 0.625
6,767,1 -> 0.375
6,768,0 -> 0.625
6,768,1 -> 0.375
6,769,0 -> 0.625
6,769,1 -> 0.375
6,770,1 -> 0.625
6,770,0 -> 0.375
6,771,0 -> 0.625
6,771,1 -> 0.375
6,772,0 -> 0.625
6,772,1 -> 0.375
6,773,0 -> 0.625
6,773,1 -> 0.375
6,774,0 -> 0.625
6,774,1 -> 0.375
6,775,0 -> 0.625
6,775,1 -> 0.375
6,776,1 -> 0.625
6,776,0 -> 0.375
6,777,1 -> 0.625
6,777,0 -> 0.375
6,778,1 -> 0.625
6,778,0 -> 0.375
6,779,1 -> 0.625
6,779,0 -> 0.375
6,780,1 -> 0.625
6,780,0 -> 0.375
6,781,0 -> 0.625
6,781,1 -> 0.375
6,782,0 -> 0.625
6,782,1 -> 0.375
6,783,0 -> 0.625
6,783,1 -> 0.375
6,784,0 -> 0.625
6,784,1 -> 0.375
6,785,0 -> 0.625
6,785,1 -> 0.375
6,786,0 -> 0.625
6,786,1 -> 0.375
6,787,0 -> 0.625
6,787,1 -> 0.375
6,788,0 -> 0.625
6,788,1 -> 0.375
6,789,0 -> 0.625
6,789,1 -> 0.375
6,790,0 -> 0.625
6,790,1 -> 0.375
6,791,1 -> 0.625
6,791,0 -> 0.375
6,792,1 -> 0.625
6,792,0 -> 0.375
6,793,1 -> 0.625
6,793,0 -> 0.375
6,794,1 -> 0.625
6,794,0 -> 0.375
6,795,1 -> 0.625
6,795,0 -> 0.375
6,796,0 -> 0.625
6,796,1 -> 0.375
6,797,0 -> 0.625
6,797,1 -> 0.375
6,798,0 -> 0.625
6,798,1 -> 0.375
6,799,0 -> 0.625
6,799,1 -> 0.375
6,800,0 -> 0.625
6,800,1 -> 0.375
6,801,0 -> 0.625
6,801,1 -> 0.375
6,802,0 -> 0.625
6,802,1 -> 0.375
6,803,0 -> 0.625
6,803,1 -> 0.375
6,804,0 -> 0.625
6,804,1 -> 0.375
6,805,0 -> 0.625
6,805,1 -> 0.375
6,806,1 -> 0.625
6,806,0 -> 0.375
6,807,1 -> 0.625
6,807,0 -> 0.375
6,808,1 -> 0.625
6,808,0 -> 0.375
6,809,1 -> 0.625
6,809,0 -> 0.375
6,810,1 -> 0.625
6,810,0 -> 0.375
6,811,1 -> 0.625
6,811,0 -> 0.375
6,812,1 -> 0.625
6,812,0 -> 0.375
6,813,1 -> 0.625
6,813,0 -> 0.375
6,814,1 -> 0.625
6,814,0 -> 0.375
6,815,1 -> 0.625
6,815,0 -> 0.375
6,816,0 -> 0.625
6,816,1 -> 0.375
6,817,0 -> 0.625
6,817,1 -> 0.375
6,818,0 -> 0.625
6,818,1 -> 0.375
6,819,0 -> 0.625
6,819,1 -> 0.375
6,820,0 -> 0.625
6,820,1 -> 0.375
6,821,0 -> 0.625
6,821,1 -> 0.375
6,822,0 -> 0.625
6,822,1 -> 0.375
6,823,0 -> 0.625
6,823,1 -> 0.375
6,824,0 -> 0.625
6,824,1 -> 0.375
6,825,0 -> 0.625
6,825,1 -> 0.375
6,826,1 -> 0.625
6,826,0 -> 0.375
6,827,1 -> 0.625
6,827,0 -> 0.375
6,828,1 -> 0.625
6,828,0 -> 0.375
6,829,1 -> 0.625
6,829,0 -> 0.375
6,830,1 -> 0.625
6,830,0 -> 0.375
6,831,1 -> 0.625
6,831,0 -> 0.375
6,832,1 -> 0.625
6,832,0 -> 0.375
6,833,1 -> 0.625
6,833,0 -> 0.375
6,834,1 -> 0.625
6,834,0 -> 0.375
6,835,1 -> 0.625
6,835,0 -> 0.375
6,836,0 -> 0.625
6,836,1 -> 0.375
6,837,0 -> 0.625
6,837,1 -> 0.375
6,838,0 -> 0.625
6,838,1 -> 0.375
6,839,0 -> 0.625
6,839,1 -> 0.375
6,840,0 -> 0.625
6,840,1 -> 0.375
6,841,0 -> 0.625
6,841,1 -> 0.375
6,842,0 -> 0.625
6,842,1 -> 0.375
6,843,0 -> 0.625
6,843,1 -> 0.375
6,844,0 -> 0.625
6,844,1 -> 0.375
6,845,0 -> 0.625
6,845,1 -> 0.375
6,846,1 -> 0.625
6,846,0 -> 0.375
6,847,1 -> 0.625
6,847,0 -> 0.375
6,848,1 -> 0.625
6,848,0 -> 0.375
6,849,1 -> 0.625
6,849,0 -> 0.375
6,850,1 -> 0.625
6,850,0 -> 0.375
6,851,1 -> 0.625
6,851,0 -> 0.375
6,852,1 -> 0.625
6,852,0 -> 0.375
6,853,1 -> 0.625
6,853,0 -> 0.375
6,854,1 -> 0.625
6,854,0 -> 0.375
6,855,1 -> 0.625
6,855,0 -> 0.375
6,856,0 -> 0.625
6,856,1 -> 0.375
6,857,0 -> 0.625
6,857,1 -> 0.375
6,858,0 -> 0.625
6,858,1 -> 0.375
6,859,0 -> 0.625
6,859,1 -> 0.375
6,860,0 -> 0.625
6,860,1 -> 0.375
6,861,1 -> 0.625
6,861,0 -> 0.375
6,862,1 -> 0.625
6,862,0 -> 0.375
6,863,1 -> 0.625
6,863,0 -> 0.375
6,864,1 -> 0.625
6,864,0 -> 0.375
6,865,1 -> 0.625
6,865,0 -> 0.375
6,866,1 -> 0.625
6,866,0 -> 0.375
6,867,1 -> 0.625
6,867,0 -> 0.375
6,868,1 -> 0.625
6,868,0 -> 0.375
6,869,1 -> 0.625
6,869,0 -> 0.375
6,870,1 -> 0.625
6,870,0 -> 0.375
6,871,0 -> 0.625
6,871,1 -> 0.375
6,872,0 -> 0.625
6,872,1 -> 0.375
6,873,0 -> 0.625
6,873,1 -> 0.375
6,874,0 -> 0.625
6,874,1 -> 0.375
6,875,0 -> 0.625
6,875,1 -> 0.375
6,876,1 -> 0.625
6,876,0 -> 0.375
6,877,1 -> 0.625
6,877,0 -> 0.375
6,878,1 -> 0.625
6,878,0 -> 0.375
6,879,1 -> 0.625
6,879,0 -> 0.375
6,880,1 -> 0.625
6,880,0 -> 0.375
6,881,0 -> 0.625
6,881,1 -> 0.375
6,882,1 -> 0.625
6,882,0 -> 0.375
6,883,1 -> 0.625
6,883,0 -> 0.375
6,884,1 -> 0.625
6,884,0 -> 0.375
6,885,1 -> 0.625
6,885,0 -> 0.375
6,886,1 -> 0.625
6,886,0 -> 0.375
6,887,0 -> 0.625
6,887,1 -> 0.375
6,888,1 -> 0.625
6,888,0 -> 0.375
6,889,0 -> 0.75
6,889,1 -> 0.25
6,890,0 -> 0.75
6,890,1 -> 0.25
6,891,1 -> 0.75
6,891,0 -> 0.25
6,892,0 -> 0.75
6,892,1 -> 0.25
6,893,0 -> 0.75
6,893,1 -> 0.25
6,894,0 -> 0.75
6,894,1 -> 0.25
6,895,0 -> 0.75
6,895,1 -> 0.25
6,896,0 -> 0.75
6,896,1 -> 0.25
6,897,1 -> 0.75
6,897,0 -> 0.25
6,898,0 -> 0.75
6,898,1 -> 0.25
6,899,0 -> 0.75
6,899,1 -> 0.25
6,900,0 -> 0.75
6,900,1 -> 0.25
6,901,0 -> 0.75
6,901,1 -> 0.25
6,902,0 -> 0.75
6,902,1 -> 0.25
6,903,1 -> 0.75
6,903,0 -> 0.25
6,904,1 -> 0.75
6,904,0 -> 0.25
6,905,1 -> 0.75
6,905,0 -> 0.25
6,906,1 -> 0.75
6,906,0 -> 0.25
6,907,1 -> 0.75
6,907,0 -> 0.25
6,908,0 -> 0.75
6,908,1 -> 0.25
6,909,0 -> 0.75
6,909,1 -> 0.25
6,910,0 -> 0.75
6,910,1 -> 0.25
6,911,0 -> 0.75
6,911,1 -> 0.25
6,912,0 -> 0.75
6,912,1 -> 0.25
6,913,0 -> 0.75
6,913,1 -> 0.25
6,914,0 -> 0.75
6,914,1 -> 0.25
6,915,0 -> 0.75
6,915,1 -> 0.25
6,916,0 -> 0.75
6,916,1 -> 0.25
6,917,0 -> 0.75
6,917,1 -> 0.25
6,918,1 -> 0.75
6,918,0 -> 0.25
6,919,1 -> 0.75
6,919,0 -> 0.25
6,920,1 -> 0.75
6,920,0 -> 0.25
6,921,1 -> 0.75
6,921,0 -> 0.25
6,922,1 -> 0.75
6,922,0 -> 0.25
6,923,0 -> 0.75
6,923,1 -> 0.25
6,924,0 -> 0.75
6,924,1 -> 0.25
6,925,0 -> 0.75
6,925,1 -> 0.25
6,926,0 -> 0.75
6,926,1 -> 0.25
6,927,0 -> 0.75
6,927,1 -> 0.25
6,928,0 -> 0.75
6,928,1 -> 0.25
6,929,0 -> 0.75
6,929,1 -> 0.25
6,930,0 -> 0.75
6,930,1 -> 0.25
6,931,0 -> 0.75
6,931,1 -> 0.25
6,932,0 -> 0.75
6,932,1 -> 0.25
6,933,1 -> 0.75
6,933,0 -> 0.25
6,934,1 -> 0.75
6,934,0 -> 0.25
6,935,1 -> 0.75
6,935,0 -> 0.25
6,936,1 -> 0.75
6,936,0 -> 0.25
6,937,1 -> 0.75
6,937,0 -> 0.25
6,938,1 -> 0.75
6,938,0 -> 0.25
6,939,1 -> 0.75
6,939,0 -> 0.25
6,940,1 -> 0.75
6,940,0 -> 0.25
6,941,1 -> 0.75
6,941,0 -> 0.25
6,942,1 -> 0.75
6,942,0 -> 0.25
6,943,0 -> 0.75
6,943,1 -> 0.25
6,944,0 -> 0.75
6,944,1 -> 0.25
6,945,0 -> 0.75
6,945,1 -> 0.25
6,946,0 -> 0.75
6,946,1 -> 0.25
6,947,0 -> 0.75
6,947,1 -> 0.25
6,948,0 -> 0.75
6,948,1 -> 0.25
6,949,0 -> 0.75
6,949,1 -> 0.25
6,950,0 -> 0.75
6,950,1 -> 0.25
6,951,0 -> 0.75
6,951,1 -> 0.25
6,952,0 -> 0.75
6,952,1 -> 0.25
6,953,1 -> 0.75
6,953,0 -> 0.25
6,954,1 -> 0.75
6,954,0 -> 0.25
6,955,1 -> 0.75
6,955,0 -> 0.25
6,956,1 -> 0.75
6,956,0 -> 0.25
6,957,1 -> 0.75
6,957,0 -> 0.25
6,958,1 -> 0.75
6,958,0 -> 0.25
6,959,1 -> 0.75
6,959,0 -> 0.25
6,960,1 -> 0.75
6,960,0 -> 0.25
6,961,1 -> 0.75
6,961,0 -> 0.25
6,962,1 -> 0.75
6,962,0 -> 0.25
6,963,0 -> 0.75
6,963,1 -> 0.25
6,964,0 -> 0.75
6,964,1 -> 0.25
6,965,0 -> 0.75
6,965,1 -> 0.25
6,966,0 -> 0.75
6,966,1 -> 0.25
6,967,0 -> 0.75
6,967,1 -> 0.25
6,968,0 -> 0.75
6,968,1 -> 0.25
6,969,0 -> 0.75
6,969,1 -> 0.25
6,970,0 -> 0.75
6,970,1 -> 0.25
6,971,0 -> 0.75
6,971,1 -> 0.25
6,972,0 -> 0.75
6,972,1 -> 0.25
6,973,1 -> 0.75
6,973,0 -> 0.25
6,974,1 -> 0.75
6,974,0 -> 0.25
6,975,1 -> 0.75
6,975,0 -> 0.25
6,976,1 -> 0.75
6,976,0 -> 0.25
6,977,1 -> 0.75
6,977,0 -> 0.25
6,978,1 -> 0.75
6,978,0 -> 0.25
6,979,1 -> 0.75
6,979,0 -> 0.25
6,980,1 -> 0.75
6,980,0 -> 0.25
6,981,1 -> 0.75
6,981,0 -> 0.25
6,982,1 -> 0.75
6,982,0 -> 0.25
6,983,0 -> 0.75
6,983,1 -> 0.25
6,984,0 -> 0.75
6,984,1 -> 0.25
6,985,0 -> 0.75
6,985,1 -> 0.25
6,986,0 -> 0.75
6,986,1 -> 0.25
6,987,0 -> 0.75
6,987,1 -> 0.25
6,988,1 -> 0.75
6,988,0 -> 0.25
6,989,1 -> 0.75
6,989,0 -> 0.25
6,990,1 -> 0.75
6,990,0 -> 0.25
6,991,1 -> 0.75
6,991,0 -> 0.25
6,992,1 -> 0.75
6,992,0 -> 0.25
6,993,1 -> 0.75
6,993,0 -> 0.25
6,994,1 -> 0.75
6,994,0 -> 0.25
6,995,1 -> 0.75
6,995,0 -> 0.25
6,996,1 -> 0.75
6,996,0 -> 0.25
6,997,1 -> 0.75
6,997,0 -> 0.25
6,998,0 -> 0.75
6,998,1 -> 0.25
6,999,0 -> 0.75
6,999,1 -> 0.25
6,1000,0 -> 0.75
6,1000,1 -> 0.25
6,1001,0 -> 0.75
6,1001,1 -> 0.25
6,1002,0 -> 0.75
6,1002,1 -> 0.25
6,1003,1 -> 0.75
6,1003,0 -> 0.25
6,1004,1 -> 0.75
6,1004,0 -> 0.25
6,1005,1 -> 0.75
6,1005,0 -> 0.25
6,1006,1 -> 0.75
6,1006,0 -> 0.25
6,1007,1 -> 0.75
6,1007,0 -> 0.25
6,1008,0 -> 0.75
6,1008,1 -> 0.25
6,1009,1 -> 0.75
6,1009,0 -> 0.25
6,1010,1 -> 0.75
6,1010,0 -> 0.25
6,1011,1 -> 0.75
6,1011,0 -> 0.25
6,1012,1 -> 0.75
6,1012,0 -> 0.25
6,1013,1 -> 0.75
6,1013,0 -> 0.25
6,1014,0 -> 0.75
6,1014,1 -> 0.25
6,1015,1 -> 0.75
6,1015,0 -> 0.25
6,1016,0 -> 1.0
6,1016,1 -> 0.0
6,1017,0 -> 1.0
6,1017,1 -> 0.0
6,1018,1 -> 1.0
6,1018,0 -> 0.0
6,1019,0 -> 1.0
6,1019,1 -> 0.0
6,1020,0 -> 1.0
6,1020,1 -> 0.0
6,1021,0 -> 1.0
6,1021,1 -> 0.0
6,1022,0 -> 1.0
6,1022,1 -> 0.0
6,1023,0 -> 1.0
6,1023,1 -> 0.0
6,1024,1 -> 1.0
6,1024,0 -> 0.0
6,1025,0 -> 1.0
6,1025,1 -> 0.0
6,1026,0 -> 1.0
6,1026,1 -> 0.0
6,1027,0 -> 1.0
6,1027,1 -> 0.0
6,1028,0 -> 1.0
6,1028,1 -> 0.0
6,1029,0 -> 1.0
6,1029,1 -> 0.0
6,1030,1 -> 1.0
6,1030,0 -> 0.0
6,1031,1 -> 1.0
6,1031,0 -> 0.0
6,1032,1 -> 1.0
6,1032,0 -> 0.0
6,1033,1 -> 1.0
6,1033,0 -> 0.0
6,1034,1 -> 1.0
6,1034,0 -> 0.0
6,1035,0 -> 1.0
6,1035,1 -> 0.0
6,1036,0 -> 1.0
6,1036,1 -> 0.0
6,1037,0 -> 1.0
6,1037,1 -> 0.0
6,1038,0 -> 1.0
6,1038,1 -> 0.0
6,1039,0 -> 1.0
6,1039,1 -> 0.0
6,1040,0 -> 1.0
6,1040,1 -> 0.0
6,1041,0 -> 1.0
6,1041,1 -> 0.0
6,1042,0 -> 1.0
6,1042,1 -> 0.0
6,1043,0 -> 1.0
6,1043,1 -> 0.0
6,1044,0 -> 1.0
6,1044,1 -> 0.0
6,1045,1 -> 1.0
6,1045,0 -> 0.0
6,1046,1 -> 1.0
6,1046,0 -> 0.0
6,1047,1 -> 1.0
6,1047,0 -> 0.0
6,1048,1 -> 1.0
6,1048,0 -> 0.0
6,1049,1 -> 1.0
6,1049,0 -> 0.0
6,1050,0 -> 1.0
6,1050,1 -> 0.0
6,1051,0 -> 1.0
6,1051,1 -> 0.0
6,1052,0 -> 1.0
6,1052,1 -> 0.0
6,1053,0 -> 1.0
6,1053,1 -> 0.0
6,1054,0 -> 1.0
6,1054,1 -> 0.0
6,1055,0 -> 1.0
6,1055,1 -> 0.0
6,1056,0 -> 1.0
6,1056,1 -> 0.0
6,1057,0 -> 1.0
6,1057,1 -> 0.0
6,1058,0 -> 1.0
6,1058,1 -> 0.0
6,1059,0 -> 1.0
6,1059,1 -> 0.0
6,1060,1 -> 1.0
6,1060,0 -> 0.0
6,1061,1 -> 1.0
6,1061,0 -> 0.0
6,1062,1 -> 1.0
6,1062,0 -> 0.0
6,1063,1 -> 1.0
6,1063,0 -> 0.0
6,1064,1 -> 1.0
6,1064,0 -> 0.0
6,1065,1 -> 1.0
6,1065,0 -> 0.0
6,1066,1 -> 1.0
6,1066,0 -> 0.0
6,1067,1 -> 1.0
6,1067,0 -> 0.0
6,1068,1 -> 1.0
6,1068,0 -> 0.0
6,1069,1 -> 1.0
6,1069,0 -> 0.0
6,1070,0 -> 1.0
6,1070,1 -> 0.0
6,1071,0 -> 1.0
6,1071,1 -> 0.0
6,1072,0 -> 1.0
6,1072,1 -> 0.0
6,1073,0 -> 1.0
6,1073,1 -> 0.0
6,1074,0 -> 1.0
6,1074,1 -> 0.0
6,1075,0 -> 1.0
6,1075,1 -> 0.0
6,1076,0 -> 1.0
6,1076,1 -> 0.0
6,1077,0 -> 1.0
6,1077,1 -> 0.0
6,1078,0 -> 1.0
6,1078,1 -> 0.0
6,1079,0 -> 1.0
6,1079,1 -> 0.0
6,1080,1 -> 1.0
6,1080,0 -> 0.0
6,1081,1 -> 1.0
6,1081,0 -> 0.0
6,1082,1 -> 1.0
6,1082,0 -> 0.0
6,1083,1 -> 1.0
6,1083,0 -> 0.0
6,1084,1 -> 1.0
6,1084,0 -> 0.0
6,1085,1 -> 1.0
6,1085,0 -> 0.0
6,1086,1 -> 1.0
6,1086,0 -> 0.0
6,1087,1 -> 1.0
6,1087,0 -> 0.0
6,1088,1 -> 1.0
6,1088,0 -> 0.0
6,1089,1 -> 1.0
6,1089,0 -> 0.0
6,1090,0 -> 1.0
6,1090,1 -> 0.0
6,1091,0 -> 1.0
6,1091,1 -> 0.0
6,1092,0 -> 1.0
6,1092,1 -> 0.0
6,1093,0 -> 1.0
6,1093,1 -> 0.0
6,1094,0 -> 1.0
6,1094,1 -> 0.0
6,1095,0 -> 1.0
6,1095,1 -> 0.0
6,1096,0 -> 1.0
6,1096,1 -> 0.0
6,1097,0 -> 1.0
6,1097,1 -> 0.0
6,1098,0 -> 1.0
6,1098,1 -> 0.0
6,1099,0 -> 1.0
6,1099,1 -> 0.0
6,1100,1 -> 1.0
6,1100,0 -> 0.0
6,1101,1 -> 1.0
6,1101,0 -> 0.0
6,1102,1 -> 1.0
6,1102,0 -> 0.0
6,1103,1 -> 1.0
6,1103,0 -> 0.0
6,1104,1 -> 1.0
6,1104,0 -> 0.0
6,1105,1 -> 1.0
6,1105,0 -> 0.0
6,1106,1 -> 1.0
6,1106,0 -> 0.0
6,1107,1 -> 1.0
6,1107,0 -> 0.0
6,1108,1 -> 1.0
6,1108,0 -> 0.0
6,1109,1 -> 1.0
6,1109,0 -> 0.0
6,1110,0 -> 1.0
6,1110,1 -> 0.0
6,1111,0 -> 1.0
6,1111,1 -> 0.0
6,1112,0 -> 1.0
6,1112,1 -> 0.0
6,1113,0 -> 1.0
6,1113,1 -> 0.0
6,1114,0 -> 1.0
6,1114,1 -> 0.0
6,1115,1 -> 1.0
6,1115,0 -> 0.0
6,1116,1 -> 1.0
6,1116,0 -> 0.0
6,1117,1 -> 1.0
6,1117,0 -> 0.0
6,1118,1 -> 1.0
6,1118,0 -> 0.0
6,1119,1 -> 1.0
6,1119,0 -> 0.0
6,1120,1 -> 1.0
6,1120,0 -> 0.0
6,1121,1 -> 1.0
6,1121,0 -> 0.0
6,1122,1 -> 1.0
6,1122,0 -> 0.0
6,1123,1 -> 1.0
6,1123,0 -> 0.0
6,1124,1 -> 1.0
6,1124,0 -> 0.0
6,1125,0 -> 1.0
6,1125,1 -> 0.0
6,1126,0 -> 1.0
6,1126,1 -> 0.0
6,1127,0 -> 1.0
6,1127,1 -> 0.0
6,1128,0 -> 1.0
6,1128,1 -> 0.0
6,1129,0 -> 1.0
6,1129,1 -> 0.0
6,1130,1 -> 1.0
6,1130,0 -> 0.0
6,1131,1 -> 1.0
6,1131,0 -> 0.0
6,1132,1 -> 1.0
6,1132,0 -> 0.0
6,1133,1 -> 1.0
6,1133,0 -> 0.0
6,1134,1 -> 1.0
6,1134,0 -> 0.0
6,1135,0 -> 1.0
6,1135,1 -> 0.0
6,1136,1 -> 1.0
6,1136,0 -> 0.0
6,1137,1 -> 1.0
6,1137,0 -> 0.0
6,1138,1 -> 1.0
6,1138,0 -> 0.0
6,1139,1 -> 1.0
6,1139,0 -> 0.0
6,1140,1 -> 1.0
6,1140,0 -> 0.0
6,1141,0 -> 1.0
6,1141,1 -> 0.0
6,1142,1 -> 1.0
6,1142,0 -> 0.0
7,0,0 -> 0.625
7,0,1 -> 0.375
7,1,0 -> 0.625
7,1,1 -> 0.375
7,2,0 -> 0.625
7,2,1 -> 0.375
7,3,1 -> 0.625
7,3,0 -> 0.375
7,4,0 -> 0.625
7,4,1 -> 0.375
7,5,0 -> 0.625
7,5,1 -> 0.375
7,6,0 -> 0.625
7,6,1 -> 0.375
7,7,0 -> 0.625
7,7,1 -> 0.375
7,8,0 -> 0.625
7,8,1 -> 0.375
7,9,1 -> 0.625
7,9,0 -> 0.375
7,10,0 -> 0.625
7,10,1 -> 0.375
7,11,0 -> 0.625
7,11,1 -> 0.375
7,12,0 -> 0.625
7,12,1 -> 0.375
7,13,0 -> 0.625
7,13,1 -> 0.375
7,14,1 -> 0.625
7,14,0 -> 0.375
7,15,0 -> 0.625
7,15,1 -> 0.375
7,16,0 -> 0.625
7,16,1 -> 0.375
7,17,0 -> 0.625
7,17,1 -> 0.375
7,18,0 -> 0.625
7,18,1 -> 0.375
7,19,1 -> 0.625
7,19,0 -> 0.375
7,20,1 -> 0.625
7,20,0 -> 0.375
7,21,1 -> 0.625
7,21,0 -> 0.375
7,22,1 -> 0.625
7,22,0 -> 0.375
7,23,0 -> 0.625
7,23,1 -> 0.375
7,24,0 -> 0.625
7,24,1 -> 0.375
7,25,0 -> 0.625
7,25,1 -> 0.375
7,26,0 -> 0.625
7,26,1 -> 0.375
7,27,0 -> 0.625
7,27,1 -> 0.375
7,28,0 -> 0.625
7,28,1 -> 0.375
7,29,1 -> 0.625
7,29,0 -> 0.375
7,30,0 -> 0.625
7,30,1 -> 0.375
7,31,0 -> 0.625
7,31,1 -> 0.375
7,32,0 -> 0.625
7,32,1 -> 0.375
7,33,0 -> 0.625
7,33,1 -> 0.375
7,34,1 -> 0.625
7,34,0 -> 0.375
7,35,1 -> 0.625
7,35,0 -> 0.375
7,36,1 -> 0.625
7,36,0 -> 0.375
7,37,1 -> 0.625
7,37,0 -> 0.375
7,38,0 -> 0.625
7,38,1 -> 0.375
7,39,0 -> 0.625
7,39,1 -> 0.375
7,40,0 -> 0.625
7,40,1 -> 0.375
7,41,0 -> 0.625
7,41,1 -> 0.375
7,42,0 -> 0.625
7,42,1 -> 0.375
7,43,0 -> 0.625
7,43,1 -> 0.375
7,44,1 -> 0.625
7,44,0 -> 0.375
7,45,1 -> 0.625
7,45,0 -> 0.375
7,46,1 -> 0.625
7,46,0 -> 0.375
7,47,1 -> 0.625
7,47,0 -> 0.375
7,48,0 -> 0.625
7,48,1 -> 0.375
7,49,0 -> 0.625
7,49,1 -> 0.375
7,50,0 -> 0.625
7,50,1 -> 0.375
7,51,0 -> 0.625
7,51,1 -> 0.375
7,52,0 -> 0.625
7,52,1 -> 0.375
7,53,0 -> 0.625
7,53,1 -> 0.375
7,54,1 -> 0.625
7,54,0 -> 0.375
7,55,1 -> 0.625
7,55,0 -> 0.375
7,56,1 -> 0.625
7,56,0 -> 0.375
7,57,1 -> 0.625
7,57,0 -> 0.375
7,58,1 -> 0.625
7,58,0 -> 0.375
7,59,1 -> 0.625
7,59,0 -> 0.375
7,60,0 -> 0.625
7,60,1 -> 0.375
7,61,0 -> 0.625
7,61,1 -> 0.375
7,62,0 -> 0.625
7,62,1 -> 0.375
7,63,0 -> 0.625
7,63,1 -> 0.375
7,64,1 -> 0.625
7,64,0 -> 0.375
7,65,1 -> 0.625
7,65,0 -> 0.375
7,66,1 -> 0.625
7,66,0 -> 0.375
7,67,1 -> 0.625
7,67,0 -> 0.375
7,68,0 -> 0.625
7,68,1 -> 0.375
7,69,0 -> 0.625
7,69,1 -> 0.375
7,70,0 -> 0.625
7,70,1 -> 0.375
7,71,0 -> 0.625
7,71,1 -> 0.375
7,72,0 -> 0.625
7,72,1 -> 0.375
7,73,0 -> 0.625
7,73,1 -> 0.375
7,74,1 -> 0.625
7,74,0 -> 0.375
7,75,1 -> 0.625
7,75,0 -> 0.375
7,76,1 -> 0.625
7,76,0 -> 0.375
7,77,1 -> 0.625
7,77,0 -> 0.375
7,78,1 -> 0.625
7,78,0 -> 0.375
7,79,1 -> 0.625
7,79,0 -> 0.375
7,80,0 -> 0.625
7,80,1 -> 0.375
7,81,0 -> 0.625
7,81,1 -> 0.375
7,82,0 -> 0.625
7,82,1 -> 0.375
7,83,0 -> 0.625
7,83,1 -> 0.375
7,84,1 -> 0.625
7,84,0 -> 0.375
7,85,1 -> 0.625
7,85,0 -> 0.375
7,86,1 -> 0.625
7,86,0 -> 0.375
7,87,1 -> 0.625
7,87,0 -> 0.375
7,88,1 -> 0.625
7,88,0 -> 0.375
7,89,1 -> 0.625
7,89,0 -> 0.375
7,90,0 -> 0.625
7,90,1 -> 0.375
7,91,0 -> 0.625
7,91,1 -> 0.375
7,92,0 -> 0.625
7,92,1 -> 0.375
7,93,0 -> 0.625
7,93,1 -> 0.375
7,94,1 -> 0.625
7,94,0 -> 0.375
7,95,1 -> 0.625
7,95,0 -> 0.375
7,96,1 -> 0.625
7,96,0 -> 0.375
7,97,1 -> 0.625
7,97,0 -> 0.375
7,98,0 -> 0.625
7,98,1 -> 0.375
7,99,1 -> 0.625
7,99,0 -> 0.375
7,100,1 -> 0.625
7,100,0 -> 0.375
7,101,1 -> 0.625
7,101,0 -> 0.375
7,102,1 -> 0.625
7,102,0 -> 0.375
7,103,1 -> 0.625
7,103,0 -> 0.375
7,104,1 -> 0.625
7,104,0 -> 0.375
7,105,0 -> 0.625
7,105,1 -> 0.375
7,106,0 -> 0.625
7,106,1 -> 0.375
7,107,0 -> 0.625
7,107,1 -> 0.375
7,108,0 -> 0.625
7,108,1 -> 0.375
7,109,1 -> 0.625
7,109,0 -> 0.375
7,110,1 -> 0.625
7,110,0 -> 0.375
7,111,1 -> 0.625
7,111,0 -> 0.375
7,112,1 -> 0.625
7,112,0 -> 0.375
7,113,0 -> 0.625
7,113,1 -> 0.375
7,114,1 -> 0.625
7,114,0 -> 0.375
7,115,1 -> 0.625
7,115,0 -> 0.375
7,116,1 -> 0.625
7,116,0 -> 0.375
7,117,1 -> 0.625
7,117,0 -> 0.375
7,118,0 -> 0.625
7,118,1 -> 0.375
7,119,1 -> 0.625
7,119,0 -> 0.375
7,120,1 -> 0.625
7,120,0 -> 0.375
7,121,1 -> 0.625
7,121,0 -> 0.375
7,122,1 -> 0.625
7,122,0 -> 0.375
7,123,1 -> 0.625
7,123,0 -> 0.375
7,124,0 -> 0.625
7,124,1 -> 0.375
7,125,1 -> 0.625
7,125,0 -> 0.375
7,126,1 -> 0.625
7,126,0 -> 0.375
7,127,0 -> 0.75
7,127,1 -> 0.25
7,128,0 -> 0.75
7,128,1 -> 0.25
7,129,0 -> 0.75
7,129,1 -> 0.25
7,130,1 -> 0.75
7,130,0 -> 0.25
7,131,0 -> 0.75
7,131,1 -> 0.25
7,132,0 -> 0.75
7,132,1 -> 0.25
7,133,0 -> 0.75
7,133,1 -> 0.25
7,134,0 -> 0.75
7,134,1 -> 0.25
7,135,0 -> 0.75
7,135,1 -> 0.25
7,136,1 -> 0.75
7,136,0 -> 0.25
7,137,0 -> 0.75
7,137,1 -> 0.25
7,138,0 -> 0.75
7,138,1 -> 0.25
7,139,0 -> 0.75
7,139,1 -> 0.25
7,140,0 -> 0.75
7,140,1 -> 0.25
7,141,1 -> 0.75
7,141,0 -> 0.25
7,142,0 -> 0.75
7,142,1 -> 0.25
7,143,0 -> 0.75
7,143,1 -> 0.25
7,144,0 -> 0.75
7,144,1 -> 0.25
7,145,0 -> 0.75
7,145,1 -> 0.25
7,146,1 -> 0.75
7,146,0 -> 0.25
7,147,1 -> 0.75
7,147,0 -> 0.25
7,148,1 -> 0.75
7,148,0 -> 0.25
7,149,1 -> 0.75
7,149,0 -> 0.25
7,150,0 -> 0.75
7,150,1 -> 0.25
7,151,0 -> 0.75
7,151,1 -> 0.25
7,152,0 -> 0.75
7,152,1 -> 0.25
7,153,0 -> 0.75
7,153,1 -> 0.25
7,154,0 -> 0.75
7,154,1 -> 0.25
7,155,0 -> 0.75
7,155,1 -> 0.25
7,156,1 -> 0.75
7,156,0 -> 0.25
7,157,0 -> 0.75
7,157,1 -> 0.25
7,158,0 -> 0.75
7,158,1 -> 0.25
7,159,0 -> 0.75
7,159,1 -> 0.25
7,160,0 -> 0.75
7,160,1 -> 0.25
7,161,1 -> 0.75
7,161,0 -> 0.25
7,162,1 -> 0.75
7,162,0 -> 0.25
7,163,1 -> 0.75
7,163,0 -> 0.25
7,164,1 -> 0.75
7,164,0 -> 0.25
7,165,0 -> 0.75
7,165,1 -> 0.25
7,166,0 -> 0.75
7,166,1 -> 0.25
7,167,0 -> 0.75
7,167,1 -> 0.25
7,168,0 -> 0.75
7,168,1 -> 0.25
7,169,0 -> 0.75
7,169,1 -> 0.25
7,170,0 -> 0.75
7,170,1 -> 0.25
7,171,1 -> 0.75
7,171,0 -> 0.25
7,172,1 -> 0.75
7,172,0 -> 0.25
7,173,1 -> 0.75
7,173,0 -> 0.25
7,174,1 -> 0.75
7,174,0 -> 0.25
7,175,0 -> 0.75
7,175,1 -> 0.25
7,176,0 -> 0.75
7,176,1 -> 0.25
7,177,0 -> 0.75
7,177,1 -> 0.25
7,178,0 -> 0.75
7,178,1 -> 0.25
7,179,0 -> 0.75
7,179,1 -> 0.25
7,180,0 -> 0.75
7,180,1 -> 0.25
7,181,1 -> 0.75
7,181,0 -> 0.25
7,182,1 -> 0.75
7,182,0 -> 0.25
7,183,1 -> 0.75
7,183,0 -> 0.25
7,184,1 -> 0.75
7,184,0 -> 0.25
7,185,1 -> 0.75
7,185,0 -> 0.25
7,186,1 -> 0.75
7,186,0 -> 0.25
7,187,0 -> 0.75
7,187,1 -> 0.25
7,188,0 -> 0.75
7,188,1 -> 0.25
7,189,0 -> 0.75
7,189,1 -> 0.25
7,190,0 -> 0.75
7,190,1 -> 0.25
7,191,1 -> 0.75
7,191,0 -> 0.25
7,192,1 -> 0.75
7,192,0 -> 0.25
7,193,1 -> 0.75
7,193,0 -> 0.25
7,194,1 -> 0.75
7,194,0 -> 0.25
7,195,0 -> 0.75
7,195,1 -> 0.25
7,196,0 -> 0.75
7,196,1 -> 0.25
7,197,0 -> 0.75
7,197,1 -> 0.25
7,198,0 -> 0.75
7,198,1 -> 0.25
7,199,0 -> 0.75
7,199,1 -> 0.25
7,200,0 -> 0.75
7,200,1 -> 0.25
7,201,1 -> 0.75
7,201,0 -> 0.25
7,202,1 -> 0.75
7,202,0 -> 0.25
7,203,1 -> 0.75
7,203,0 -> 0.25
7,204,1 -> 0.75
7,204,0 -> 0.25
7,205,1 -> 0.75
7,205,0 -> 0.25
7,206,1 -> 0.75
7,206,0 -> 0.25
7,207,0 -> 0.75
7,207,1 -> 0.25
7,208,0 -> 0.75
7,208,1 -> 0.25
7,209,0 -> 0.75
7,209,1 -> 0.25
7,210,0 -> 0.75
7,210,1 -> 0.25
7,211,1 -> 0.75
7,211,0 -> 0.25
7,212,1 -> 0.75
7,212,0 -> 0.25
7,213,1 -> 0.75
7,213,0 -> 0.25
7,214,1 -> 0.75
7,214,0 -> 0.25
7,215,1 -> 0.75
7,215,0 -> 0.25
7,216,1 -> 0.75
7,216,0 -> 0.25
7,217,0 -> 0.75
7,217,1 -> 0.25
7,218,0 -> 0.75
7,218,1 -> 0.25
7,219,0 -> 0.75
7,219,1 -> 0.25
7,220,0 -> 0.75
7,220,1 -> 0.25
7,221,1 -> 0.75
7,221,0 -> 0.25
7,222,1 -> 0.75
7,222,0 -> 0.25
7,223,1 -> 0.75
7,223,0 -> 0.25
7,224,1 -> 0.75
7,224,0 -> 0.25
7,225,0 -> 0.75
7,225,1 -> 0.25
7,226,1 -> 0.75
7,226,0 -> 0.25
7,227,1 -> 0.75
7,227,0 -> 0.25
7,228,1 -> 0.75
7,228,0 -> 0.25
7,229,1 -> 0.75
7,229,0 -> 0.25
7,230,1 -> 0.75
7,230,0 -> 0.25
7,231,1 -> 0.75
7,231,0 -> 0.25
7,232,0 -> 0.75
7,232,1 -> 0.25
7,233,0 -> 0.75
7,233,1 -> 0.25
7,234,0 -> 0.75
7,234,1 -> 0.25
7,235,0 -> 0.75
7,235,1 -> 0.25
7,236,1 -> 0.75
7,236,0 -> 0.25
7,237,1 -> 0.75
7,237,0 -> 0.25
7,238,1 -> 0.75
7,238,0 -> 0.25
7,239,1 -> 0.75
7,239,0 -> 0.25
7,240,0 -> 0.75
7,240,1 -> 0.25
7,241,1 -> 0.75
7,241,0 -> 0.25
7,242,1 -> 0.75
7,242,0 -> 0.25
7,243,1 -> 0.75
7,243,0 -> 0.25
7,244,1 -> 0.75
7,244,0 -> 0.25
7,245,0 -> 0.75
7,245,1 -> 0.25
7,246,1 -> 0.75
7,246,0 -> 0.25
7,247,1 -> 0.75
7,247,0 -> 0.25
7,248,1 -> 0.75
7,248,0 -> 0.25
7,249,1 -> 0.75
7,249,0 -> 0.25
7,250,1 -> 0.75
7,250,0 -> 0.25
7,251,0 -> 0.75
7,251,1 -> 0.25
7,252,1 -> 0.75
7,252,0 -> 0.25
7,253,1 -> 0.75
7,253,0 -> 0.25
7,254,0 -> 1.0
7,254,1 -> 0.0
7,255,0 -> 1.0
7,255,1 -> 0.0
7,256,0 -> 1.0
7,256,1 -> 0.0
7,257,1 -> 1.0
7,257,0 -> 0.0
7,258,0 -> 1.0
7,258,1 -> 0.0
7,259,0 -> 1.0
7,259,1 -> 0.0
7,260,0 -> 1.0
7,260,1 -> 0.0
7,261,0 -> 1.0
7,261,1 -> 0.0
7,262,0 -> 1.0
7,262,1 -> 0.0
7,263,1 -> 1.0
7,263,0 -> 0.0
7,264,0 -> 1.0
7,264,1 -> 0.0
7,265,0 -> 1.0
7,265,1 -> 0.0
7,266,0 -> 1.0
7,266,1 -> 0.0
7,267,0 -> 1.0
7,267,1 -> 0.0
7,268,1 -> 1.0
7,268,0 -> 0.0
7,269,0 -> 1.0
7,269,1 -> 0.0
7,270,0 -> 1.0
7,270,1 -> 0.0
7,271,0 -> 1.0
7,271,1 -> 0.0
7,272,0 -> 1.0
7,272,1 -> 0.0
7,273,1 -> 1.0
7,273,0 -> 0.0
7,274,1 -> 1.0
7,274,0 -> 0.0
7,275,1 -> 1.0
7,275,0 -> 0.0
7,276,1 -> 1.0
7,276,0 -> 0.0
7,277,0 -> 1.0
7,277,1 -> 0.0
7,278,0 -> 1.0
7,278,1 -> 0.0
7,279,0 -> 1.0
7,279,1 -> 0.0
7,280,0 -> 1.0
7,280,1 -> 0.0
7,281,0 -> 1.0
7,281,1 -> 0.0
7,282,0 -> 1.0
7,282,1 -> 0.0
7,283,1 -> 1.0
7,283,0 -> 0.0
7,284,0 -> 1.0
7,284,1 -> 0.0
7,285,0 -> 1.0
7,285,1 -> 0.0
7,286,0 -> 1.0
7,286,1 -> 0.0
7,287,0 -> 1.0
7,287,1 -> 0.0
7,288,1 -> 1.0
7,288,0 -> 0.0
7,289,1 -> 1.0
7,289,0 -> 0.0
7,290,1 -> 1.0
7,290,0 -> 0.0
7,291,1 -> 1.0
7,291,0 -> 0.0
7,292,0 -> 1.0
7,292,1 -> 0.0
7,293,0 -> 1.0
7,293,1 -> 0.0
7,294,0 -> 1.0
7,294,1 -> 0.0
7,295,0 -> 1.0
7,295,1 -> 0.0
7,296,0 -> 1.0
7,296,1 -> 0.0
7,297,0 -> 1.0
7,297,1 -> 0.0
7,298,1 -> 1.0
7,298,0 -> 0.0
7,299,1 -> 1.0
7,299,0 -> 0.0
7,300,1 -> 1.0
7,300,0 -> 0.0
7,301,1 -> 1.0
7,301,0 -> 0.0
7,302,0 -> 1.0
7,302,1 -> 0.0
7,303,0 -> 1.0
7,303,1 -> 0.0
7,304,0 -> 1.0
7,304,1 -> 0.0
7,305,0 -> 1.0
7,305,1 -> 0.0
7,306,0 -> 1.0
7,306,1 -> 0.0
7,307,0 -> 1.0
7,307,1 -> 0.0
7,308,1 -> 1.0
7,308,0 -> 0.0
7,309,1 -> 1.0
7,309,0 -> 0.0
7,310,1 -> 1.0
7,310,0 -> 0.0
7,311,1 -> 1.0
7,311,0 -> 0.0
7,312,1 -> 1.0
7,312,0 -> 0.0
7,313,1 -> 1.0
7,313,0 -> 0.0
7,314,0 -> 1.0
7,314,1 -> 0.0
7,315,0 -> 1.0
7,315,1 -> 0.0
7,316,0 -> 1.0
7,316,1 -> 0.0
7,317,0 -> 1.0
7,317,1 -> 0.0
7,318,1 -> 1.0
7,318,0 -> 0.0
7,319,1 -> 1.0
7,319,0 -> 0.0
7,320,1 -> 1.0
7,320,0 -> 0.0
7,321,1 -> 1.0
7,321,0 -> 0.0
7,322,0 -> 1.0
7,322,1 -> 0.0
7,323,0 -> 1.0
7,323,1 -> 0.0
7,324,0 -> 1.0
7,324,1 -> 0.0
7,325,0 -> 1.0
7,325,1 -> 0.0
7,326,0 -> 1.0
7,326,1 -> 0.0
7,327,0 -> 1.0
7,327,1 -> 0.0
7,328,1 -> 1.0
7,328,0 -> 0.0
7,329,1 -> 1.0
7,329,0 -> 0.0
7,330,1 -> 1.0
7,330,0 -> 0.0
7,331,1 -> 1.0
7,331,0 -> 0.0
7,332,1 -> 1.0
7,332,0 -> 0.0
7,333,1 -> 1.0
7,333,0 -> 0.0
7,334,0 -> 1.0
7,334,1 -> 0.0
7,335,0 -> 1.0
7,335,1 -> 0.0
7,336,0 -> 1.0
7,336,1 -> 0.0
7,337,0 -> 1.0
7,337,1 -> 0.0
7,338,1 -> 1.0
7,338,0 -> 0.0
7,339,1 -> 1.0
7,339,0 -> 0.0
7,340,1 -> 1.0
7,340,0 -> 0.0
7,341,1 -> 1.0
7,341,0 -> 0.0
7,342,1 -> 1.0
7,342,0 -> 0.0
7,343,1 -> 1.0
7,343,0 -> 0.0
7,344,0 -> 1.0
7,344,1 -> 0.0
7,345,0 -> 1.0
7,345,1 -> 0.0
7,346,0 -> 1.0
7,346,1 -> 0.0
7,347,0 -> 1.0
7,347,1 -> 0.0
7,348,1 -> 1.0
7,348,0 -> 0.0
7,349,1 -> 1.0
7,349,0 -> 0.0
7,350,1 -> 1.0
7,350,0 -> 0.0
7,351,1 -> 1.0
7,351,0 -> 0.0
7,352,0 -> 1.0
7,352,1 -> 0.0
7,353,1 -> 1.0
7,353,0 -> 0.0
7,354,1 -> 1.0
7,354,0 -> 0.0
7,355,1 -> 1.0
7,355,0 -> 0.0
7,356,1 -> 1.0
7,356,0 -> 0.0
7,357,1 -> 1.0
7,357,0 -> 0.0
7,358,1 -> 1.0
7,358,0 -> 0.0
7,359,0 -> 1.0
7,359,1 -> 0.0
7,360,0 -> 1.0
7,360,1 -> 0.0
7,361,0 -> 1.0
7,361,1 -> 0.0
7,362,0 -> 1.0
7,362,1 -> 0.0
7,363,1 -> 1.0
7,363,0 -> 0.0
7,364,1 -> 1.0
7,364,0 -> 0.0
7,365,1 -> 1.0
7,365,0 -> 0.0
7,366,1 -> 1.0
7,366,0 -> 0.0
7,367,0 -> 1.0
7,367,1 -> 0.0
7,368,1 -> 1.0
7,368,0 -> 0.0
7,369,1 -> 1.0
7,369,0 -> 0.0
7,370,1 -> 1.0
7,370,0 -> 0.0
7,371,1 -> 1.0
7,371,0 -> 0.0
7,372,0 -> 1.0
7,372,1 -> 0.0
7,373,1 -> 1.0
7,373,0 -> 0.0
7,374,1 -> 1.0
7,374,0 -> 0.0
7,375,1 -> 1.0
7,375,0 -> 0.0
7,376,1 -> 1.0
7,376,0 -> 0.0
7,377,1 -> 1.0
7,377,0 -> 0.0
7,378,0 -> 1.0
7,378,1 -> 0.0
7,379,1 -> 1.0
7,379,0 -> 0.0
7,380,1 -> 1.0
7,380,0 -> 0.0
7,381,0 -> 0.606132
7,381,1 -> 0.393868
7,382,0 -> 0.606132
7,382,1 -> 0.393868
7,383,0 -> 0.606132
7,383,1 -> 0.393868
7,384,1 -> 0.606132
7,384,0 -> 0.393868
7,385,0 -> 0.606132
7,385,1 -> 0.393868
7,386,0 -> 0.606132
7,386,1 -> 0.393868
7,387,0 -> 0.606132
7,387,1 -> 0.393868
7,388,0 -> 0.606132
7,388,1 -> 0.393868
7,389,0 -> 0.606132
7,389,1 -> 0.393868
7,390,1 -> 0.606132
7,390,0 -> 0.393868
7,391,0 -> 0.606132
7,391,1 -> 0.393868
7,392,0 -> 0.606132
7,392,1 -> 0.393868
7,393,0 -> 0.606132
7,393,1 -> 0.393868
7,394,0 -> 0.606132
7,394,1 -> 0.393868
7,395,1 -> 0.606132
7,395,0 -> 0.393868
7,396,0 -> 0.606132
7,396,1 -> 0.393868
7,397,0 -> 0.606132
7,397,1 -> 0.393868
7,398,0 -> 0.606132
7,398,1 -> 0.393868
7,399,0 -> 0.606132
7,399,1 -> 0.393868
7,400,1 -> 0.606132
7,400,0 -> 0.393868
7,401,1 -> 0.606132
7,401,0 -> 0.393868
7,402,1 -> 0.606132
7,402,0 -> 0.393868
7,403,1 -> 0.606132
7,403,0 -> 0.393868
7,404,0 -> 0.606132
7,404,1 -> 0.393868
7,405,0 -> 0.606132
7,405,1 -> 0.393868
7,406,0 -> 0.606132
7,406,1 -> 0.393868
7,407,0 -> 0.606132
7,407,1 -> 0.393868
7,408,0 -> 0.606132
7,408,1 -> 0.393868
7,409,0 -> 0.606132
7,409,1 -> 0.393868
7,410,1 -> 0.606132
7,410,0 -> 0.393868
7,411,0 -> 0.606132
7,411,1 -> 0.393868
7,412,0 -> 0.606132
7,412,1 -> 0.393868
7,413,0 -> 0.606132
7,413,1 -> 0.393868
7,414,0 -> 0.606132
7,414,1 -> 0.393868
7,415,1 -> 0.606132
7,415,0 -> 0.393868
7,416,1 -> 0.606132
7,416,0 -> 0.393868
7,417,1 -> 0.606132
7,417,0 -> 0.393868
7,418,1 -> 0.606132
7,418,0 -> 0.393868
7,419,0 -> 0.606132
7,419,1 -> 0.393868
7,420,0 -> 0.606132
7,420,1 -> 0.393868
7,421,0 -> 0.606132
7,421,1 -> 0.393868
7,422,0 -> 0.606132
7,422,1 -> 0.393868
7,423,0 -> 0.606132
7,423,1 -> 0.393868
7,424,0 -> 0.606132
7,424,1 -> 0.393868
7,425,1 -> 0.606132
7,425,0 -> 0.393868
7,426,1 -> 0.606132
7,426,0 -> 0.393868
7,427,1 -> 0.606132
7,427,0 -> 0.393868
7,428,1 -> 0.606132
7,428,0 -> 0.393868
7,429,0 -> 0.606132
7,429,1 -> 0.393868
7,430,0 -> 0.606132
7,430,1 -> 0.393868
7,431,0 -> 0.606132
7,431,1 -> 0.393868
7,432,0 -> 0.606132
7,432,1 -> 0.393868
7,433,0 -> 0.606132
7,433,1 -> 0.393868
7,434,0 -> 0.606132
7,434,1 -> 0.393868
7,435,1 -> 0.606132
7,435,0 -> 0.393868
7,436,1 -> 0.606132
7,436,0 -> 0.393868
7,437,1 -> 0.606132
7,437,0 -> 0.393868
7,438,1 -> 0.606132
7,438,0 -> 0.393868
7,439,1 -> 0.606132
7,439,0 -> 0.393868
7,440,1 -> 0.606132
7,440,0 -> 0.393868
7,441,0 -> 0.606132
7,441,1 -> 0.393868
7,442,0 -> 0.606132
7,442,1 -> 0.393868
7,443,0 -> 0.606132
7,443,1 -> 0.393868
7,444,0 -> 0.606132
7,444,1 -> 0.393868
7,445,1 -> 0.606132
7,445,0 -> 0.393868
7,446,1 -> 0.606132
7,446,0 -> 0.393868
7,447,1 -> 0.606132
7,447,0 -> 0.393868
7,448,1 -> 0.606132
7,448,0 -> 0.393868
7,449,0 -> 0.606132
7,449,1 -> 0.393868
7,450,0 -> 0.606132
7,450,1 -> 0.393868
7,451,0 -> 0.606132
7,451,1 -> 0.393868
7,452,0 -> 0.606132
7,452,1 -> 0.393868
7,453,0 -> 0.606132
7,453,1 -> 0.393868
7,454,0 -> 0.606132
7,454,1 -> 0.393868
7,455,1 -> 0.606132
7,455,0 -> 0.393868
7,456,1 -> 0.606132
7,456,0 -> 0.393868
7,457,1 -> 0.606132
7,457,0 -> 0.393868
7,458,1 -> 0.606132
7,458,0 -> 0.393868
7,459,1 -> 0.606132
7,459,0 -> 0.393868
7,460,1 -> 0.606132
7,460,0 -> 0.393868
7,461,0 -> 0.606132
7,461,1 -> 0.393868
7,462,0 -> 0.606132
7,462,1 -> 0.393868
7,463,0 -> 0.606132
7,463,1 -> 0.393868
7,464,0 -> 0.606132
7,464,1 -> 0.393868
7,465,1 -> 0.606132
7,465,0 -> 0.393868
7,466,1 -> 0.606132
7,466,0 -> 0.393868
7,467,1 -> 0.606132
7,467,0 -> 0.393868
7,468,1 -> 0.606132
7,468,0 -> 0.393868
7,469,1 -> 0.606132
7,469,0 -> 0.393868
7,470,1 -> 0.606132
7,470,0 -> 0.393868
7,471,0 -> 0.606132
7,471,1 -> 0.393868
7,472,0 -> 0.606132
7,472,1 -> 0.393868
7,473,0 -> 0.606132
7,473,1 -> 0.393868
7,474,0 -> 0.606132
7,474,1 -> 0.393868
7,475,1 -> 0.606132
7,475,0 -> 0.393868
7,476,1 -> 0.606132
7,476,0 -> 0.393868
7,477,1 -> 0.606132
7,477,0 -> 0.393868
7,478,1 -> 0.606132
7,478,0 -> 0.393868
7,479,0 -> 0.606132
7,479,1 -> 0.393868
7,480,1 -> 0.606132
7,480,0 -> 0.393868
7,481,1 -> 0.606132
7,481,0 -> 0.393868
7,482,1 -> 0.606132
7,482,0 -> 0.393868
7,483,1 -> 0.606132
7,483,0 -> 0.393868
7,484,1 -> 0.606132
7,484,0 -> 0.393868
7,485,1 -> 0.606132
7,485,0 -> 0.393868
7,486,0 -> 0.606132
7,486,1 -> 0.393868
7,487,0 -> 0.606132
7,487,1 -> 0.393868
7,488,0 -> 0.606132
7,488,1 -> 0.393868
7,489,0 -> 0.606132
7,489,1 -> 0.393868
7,490,1 -> 0.606132
7,490,0 -> 0.393868
7,491,1 -> 0.606132
7,491,0 -> 0.393868
7,492,1 -> 0.606132
7,492,0 -> 0.393868
7,493,1 -> 0.606132
7,493,0 -> 0.393868
7,494,0 -> 0.606132
7,494,1 -> 0.393868
7,495,1 -> 0.606132
7,495,0 -> 0.393868
7,496,1 -> 0.606132
7,496,0 -> 0.393868
7,497,1 -> 0.606132
7,497,0 -> 0.393868
7,498,1 -> 0.606132
7,498,0 -> 0.393868
7,499,0 -> 0.606132
7,499,1 -> 0.393868
7,500,1 -> 0.606132
7,500,0 -> 0.393868
7,501,1 -> 0.606132
7,501,0 -> 0.393868
7,502,1 -> 0.606132
7,502,0 -> 0.393868
7,503,1 -> 0.606132
7,503,0 -> 0.393868
7,504,1 -> 0.606132
7,504,0 -> 0.393868
7,505,0 -> 0.606132
7,505,1 -> 0.393868
7,506,1 -> 0.606132
7,506,0 -> 0.393868
7,507,1 -> 0.606132
7,507,0 -> 0.393868
7,508,0 -> 0.687607
7,508,1 -> 0.312393
7,509,0 -> 0.687607
7,509,1 -> 0.312393
7,510,0 -> 0.687607
7,510,1 -> 0.312393
7,511,1 -> 0.687607
7,511,0 -> 0.312393
7,512,0 -> 0.687607
7,512,1 -> 0.312393
7,513,0 -> 0.687607
7,513,1 -> 0.312393
7,514,0 -> 0.687607
7,514,1 -> 0.312393
7,515,0 -> 0.687607
7,515,1 -> 0.312393
7,516,0 -> 0.687607
7,516,1 -> 0.312393
7,517,1 -> 0.687607
7,517,0 -> 0.312393
7,518,0 -> 0.687607
7,518,1 -> 0.312393
7,519,0 -> 0.687607
7,519,1 -> 0.312393
7,520,0 -> 0.687607
7,520,1 -> 0.312393
7,521,0 -> 0.687607
7,521,1 -> 0.312393
7,522,1 -> 0.687607
7,522,0 -> 0.312393
7,523,0 -> 0.687607
7,523,1 -> 0.312393
7,524,0 -> 0.687607
7,524,1 -> 0.312393
7,525,0 -> 0.687607
7,525,1 -> 0.312393
7,526,0 -> 0.687607
7,526,1 -> 0.312393
7,527,1 -> 0.687607
7,527,0 -> 0.312393
7,528,1 -> 0.687607
7,528,0 -> 0.312393
7,529,1 -> 0.687607
7,529,0 -> 0.312393
7,530,1 -> 0.687607
7,530,0 -> 0.312393
7,531,0 -> 0.687607
7,531,1 -> 0.312393
7,532,0 -> 0.687607
7,532,1 -> 0.312393
7,533,0 -> 0.687607
7,533,1 -> 0.312393
7,534,0 -> 0.687607
7,534,1 -> 0.312393
7,535,0 -> 0.687607
7,535,1 -> 0.312393
7,536,0 -> 0.687607
7,536,1 -> 0.312393
7,537,1 -> 0.687607
7,537,0 -> 0.312393
7,538,0 -> 0.687607
7,538,1 -> 0.312393
7,539,0 -> 0.687607
7,539,1 -> 0.312393
7,540,0 -> 0.687607
7,540,1 -> 0.312393
7,541,0 -> 0.687607
7,541,1 -> 0.312393
7,542,1 -> 0.687607
7,542,0 -> 0.312393
7,543,1 -> 0.687607
7,543,0 -> 0.312393
7,544,1 -> 0.687607
7,544,0 -> 0.312393
7,545,1 -> 0.687607
7,545,0 -> 0.312393
7,546,0 -> 0.687607
7,546,1 -> 0.312393
7,547,0 -> 0.687607
7,547,1 -> 0.312393
7,548,0 -> 0.687607
7,548,1 -> 0.312393
7,549,0 -> 0.687607
7,549,1 -> 0.312393
7,550,0 -> 0.687607
7,550,1 -> 0.312393
7,551,0 -> 0.687607
7,551,1 -> 0.312393
7,552,1 -> 0.687607
7,552,0 -> 0.312393
7,553,1 -> 0.687607
7,553,0 -> 0.312393
7,554,1 -> 0.687607
7,554,0 -> 0.312393
7,555,1 -> 0.687607
7,555,0 -> 0.312393
7,556,0 -> 0.687607
7,556,1 -> 0.312393
7,557,0 -> 0.687607
7,557,1 -> 0.312393
7,558,0 -> 0.687607
7,558,1 -> 0.312393
7,559,0 -> 0.687607
7,559,1 -> 0.312393
7,560,0 -> 0.687607
7,560,1 -> 0.312393
7,561,0 -> 0.687607
7,561,1 -> 0.312393
7,562,1 -> 0.687607
7,562,0 -> 0.312393
7,563,1 -> 0.687607
7,563,0 -> 0.312393
7,564,1 -> 0.687607
7,564,0 -> 0.312393
7,565,1 -> 0.687607
7,565,0 -> 0.312393
7,566,1 -> 0.687607
7,566,0 -> 0.312393
7,567,1 -> 0.687607
7,567,0 -> 0.312393
7,568,0 -> 0.687607
7,568,1 -> 0.312393
7,569,0 -> 0.687607
7,569,1 -> 0.312393
7,570,0 -> 0.687607
7,570,1 -> 0.312393
7,571,0 -> 0.687607
7,571,1 -> 0.312393
7,572,1 -> 0.687607
7,572,0 -> 0.312393
7,573,1 -> 0.687607
7,573,0 -> 0.312393
7,574,1 -> 0.687607
7,574,0 -> 0.312393
7,575,1 -> 0.687607
7,575,0 -> 0.312393
7,576,0 -> 0.687607
7,576,1 -> 0.312393
7,577,0 -> 0.687607
7,577,1 -> 0.312393
7,578,0 -> 0.687607
7,578,1 -> 0.312393
7,579,0 -> 0.687607
7,579,1 -> 0.312393
7,580,0 -> 0.687607
7,580,1 -> 0.312393
7,581,0 -> 0.687607
7,581,1 -> 0.312393
7,582,1 -> 0.687607
7,582,0 -> 0.312393
7,583,1 -> 0.687607
7,583,0 -> 0.312393
7,584,1 -> 0.687607
7,584,0 -> 0.312393
7,585,1 -> 0.687607
7,585,0 -> 0.312393
7,586,1 -> 0.687607
7,586,0 -> 0.312393
7,587,1 -> 0.687607
7,587,0 -> 0.312393
7,588,0 -> 0.687607
7,588,1 -> 0.312393
7,589,0 -> 0.687607
7,589,1 -> 0.312393
7,590,0 -> 0.687607
7,590,1 -> 0.312393
7,591,0 -> 0.687607
7,591,1 -> 0.312393
7,592,1 -> 0.687607
7,592,0 -> 0.312393
7,593,1 -> 0.687607
7,593,0 -> 0.312393
7,594,1 -> 0.687607
7,594,0 -> 0.312393
7,595,1 -> 0.687607
7,595,0 -> 0.312393
7,596,1 -> 0.687607
7,596,0 -> 0.312393
7,597,1 -> 0.687607
7,597,0 -> 0.312393
7,598,0 -> 0.687607
7,598,1 -> 0.312393
7,599,0 -> 0.687607
7,599,1 -> 0.312393
7,600,0 -> 0.687607
7,600,1 -> 0.312393
7,601,0 -> 0.687607
7,601,1 -> 0.312393
7,602,1 -> 0.687607
7,602,0 -> 0.312393
7,603,1 -> 0.687607
7,603,0 -> 0.312393
7,604,1 -> 0.687607
7,604,0 -> 0.312393
7,605,1 -> 0.687607
7,605,0 -> 0.312393
7,606,0 -> 0.687607
7,606,1 -> 0.312393
7,607,1 -> 0.687607
7,607,0 -> 0.312393
7,608,1 -> 0.687607
7,608,0 -> 0.312393
7,609,1 -> 0.687607
7,609,0 -> 0.312393
7,610,1 -> 0.687607
7,610,0 -> 0.312393
7,611,1 -> 0.687607
7,611,0 -> 0.312393
7,612,1 -> 0.687607
7,612,0 -> 0.312393
7,613,0 -> 0.687607
7,613,1 -> 0.312393
7,614,0 -> 0.687607
7,614,1 -> 0.312393
7,615,0 -> 0.687607
7,615,1 -> 0.312393
7,616,0 -> 0.687607
7,616,1 -> 0.312393
7,617,1 -> 0.687607
7,617,0 -> 0.312393
7,618,1 -> 0.687607
7,618,0 -> 0.312393
7,619,1 -> 0.687607
7,619,0 -> 0.312393
7,620,1 -> 0.687607
7,620,0 -> 0.312393
7,621,0 -> 0.687607
7,621,1 -> 0.312393
7,622,1 -> 0.687607
7,622,0 -> 0.312393
7,623,1 -> 0.687607
7,623,0 -> 0.312393
7,624,1 -> 0.687607
7,624,0 -> 0.312393
7,625,1 -> 0.687607
7,625,0 -> 0.312393
7,626,0 -> 0.687607
7,626,1 -> 0.312393
7,627,1 -> 0.687607
7,627,0 -> 0.312393
7,628,1 -> 0.687607
7,628,0 -> 0.312393
7,629,1 -> 0.687607
7,629,0 -> 0.312393
7,630,1 -> 0.687607
7,630,0 -> 0.312393
7,631,1 -> 0.687607
7,631,0 -> 0.312393
7,632,0 -> 0.687607
7,632,1 -> 0.312393
7,633,1 -> 0.687607
7,633,0 -> 0.312393
7,634,1 -> 0.687607
7,634,0 -> 0.312393
7,635,0 -> 0.75
7,635,1 -> 0.25
7,636,0 -> 0.75
7,636,1 -> 0.25
7,637,0 -> 0.75
7,637,1 -> 0.25
7,638,1 -> 0.75
7,638,0 -> 0.25
7,639,0 -> 0.75
7,639,1 -> 0.25
7,640,0 -> 0.75
7,640,1 -> 0.25
7,641,0 -> 0.75
7,641,1 -> 0.25
7,642,0 -> 0.75
7,642,1 -> 0.25
7,643,0 -> 0.75
7,643,1 -> 0.25
7,644,1 -> 0.75
7,644,0 -> 0.25
7,645,0 -> 0.75
7,645,1 -> 0.25
7,646,0 -> 0.75
7,646,1 -> 0.25
7,647,0 -> 0.75
7,647,1 -> 0.25
7,648,0 -> 0.75
7,648,1 -> 0.25
7,649,1 -> 0.75
7,649,0 -> 0.25
7,650,0 -> 0.75
7,650,1 -> 0.25
7,651,0 -> 0.75
7,651,1 -> 0.25
7,652,0 -> 0.75
7,652,1 -> 0.25
7,653,0 -> 0.75
7,653,1 -> 0.25
7,654,1 -> 0.75
7,654,0 -> 0.25
7,655,1 -> 0.75
7,655,0 -> 0.25
7,656,1 -> 0.75
7,656,0 -> 0.25
7,657,1 -> 0.75
7,657,0 -> 0.25
7,658,0 -> 0.75
7,658,1 -> 0.25
7,659,0 -> 0.75
7,659,1 -> 0.25
7,660,0 -> 0.75
7,660,1 -> 0.25
7,661,0 -> 0.75
7,661,1 -> 0.25
7,662,0 -> 0.75
7,662,1 -> 0.25
7,663,0 -> 0.75
7,663,1 -> 0.25
7,664,1 -> 0.75
7,664,0 -> 0.25
7,665,0 -> 0.75
7,665,1 -> 0.25
7,666,0 -> 0.75
7,666,1 -> 0.25
7,667,0 -> 0.75
7,667,1 -> 0.25
7,668,0 -> 0.75
7,668,1 -> 0.25
7,669,1 -> 0.75
7,669,0 -> 0.25
7,670,1 -> 0.75
7,670,0 -> 0.25
7,671,1 -> 0.75
7,671,0 -> 0.25
7,672,1 -> 0.75
7,672,0 -> 0.25
7,673,0 -> 0.75
7,673,1 -> 0.25
7,674,0 -> 0.75
7,674,1 -> 0.25
7,675,0 -> 0.75
7,675,1 -> 0.25
7,676,0 -> 0.75
7,676,1 -> 0.25
7,677,0 -> 0.75
7,677,1 -> 0.25
7,678,0 -> 0.75
7,678,1 -> 0.25
7,679,1 -> 0.75
7,679,0 -> 0.25
7,680,1 -> 0.75
7,680,0 -> 0.25
7,681,1 -> 0.75
7,681,0 -> 0.25
7,682,1 -> 0.75
7,682,0 -> 0.25
7,683,0 -> 0.75
7,683,1 -> 0.25
7,684,0 -> 0.75
7,684,1 -> 0.25
7,685,0 -> 0.75
7,685,1 -> 0.25
7,686,0 -> 0.75
7,686,1 -> 0.25
7,687,0 -> 0.75
7,687,1 -> 0.25
7,688,0 -> 0.75
7,688,1 -> 0.25
7,689,1 -> 0.75
7,689,0 -> 0.25
7,690,1 -> 0.75
7,690,0 -> 0.25
7,691,1 -> 0.75
7,691,0 -> 0.25
7,692,1 -> 0.75
7,692,0 -> 0.25
7,693,1 -> 0.75
7,693,0 -> 0.25
7,694,1 -> 0.75
7,694,0 -> 0.25
7,695,0 -> 0.75
7,695,1 -> 0.25
7,696,0 -> 0.75
7,696,1 -> 0.25
7,697,0 -> 0.75
7,697,1 -> 0.25
7,698,0 -> 0.75
7,698,1 -> 0.25
7,699,1 -> 0.75
7,699,0 -> 0.25
7,700,1 -> 0.75
7,700,0 -> 0.25
7,701,1 -> 0.75
7,701,0 -> 0.25
7,702,1 -> 0.75
7,702,0 -> 0.25
7,703,0 -> 0.75
7,703,1 -> 0.25
7,704,0 -> 0.75
7,704,1 -> 0.25
7,705,0 -> 0.75
7,705,1 -> 0.25
7,706,0 -> 0.75
7,706,1 -> 0.25
7,707,0 -> 0.75
7,707,1 -> 0.25
7,708,0 -> 0.75
7,708,1 -> 0.25
7,709,1 -> 0.75
7,709,0 -> 0.25
7,710,1 -> 0.75
7,710,0 -> 0.25
7,711,1 -> 0.75
7,711,0 -> 0.25
7,712,1 -> 0.75
7,712,0 -> 0.25
7,713,1 -> 0.75
7,713,0 -> 0.25
7,714,1 -> 0.75
7,714,0 -> 0.25
7,715,0 -> 0.75
7,715,1 -> 0.25
7,716,0 -> 0.75
7,716,1 -> 0.25
7,717,0 -> 0.75
7,717,1 -> 0.25
7,718,0 -> 0.75
7,718,1 -> 0.25
7,719,1 -> 0.75
7,719,0 -> 0.25
7,720,1 -> 0.75
7,720,0 -> 0.25
7,721,1 -> 0.75
7,721,0 -> 0.25
7,722,1 -> 0.75
7,722,0 -> 0.25
7,723,1 -> 0.75
7,723,0 -> 0.25
7,724,1 -> 0.75
7,724,0 -> 0.25
7,725,0 -> 0.75
7,725,1 -> 0.25
7,726,0 -> 0.75
7,726,1 -> 0.25
7,727,0 -> 0.75
7,727,1 -> 0.25
7,728,0 -> 0.75
7,728,1 -> 0.25
7,729,1 -> 0.75
7,729,0 -> 0.25
7,730,1 -> 0.75
7,730,0 -> 0.25
7,731,1 -> 0.75
7,731,0 -> 0.25
7,732,1 -> 0.75
7,732,0 -> 0.25
7,733,0 -> 0.75
7,733,1 -> 0.25
7,734,1 -> 0.75
7,734,0 -> 0.25
7,735,1 -> 0.75
7,735,0 -> 0.25
7,736,1 -> 0.75
7,736,0 -> 0.25
7,737,1 -> 0.75
7,737,0 -> 0.25
7,738,1 -> 0.75
7,738,0 -> 0.25
7,739,1 -> 0.75
7,739,0 -> 0.25
7,740,0 -> 0.75
7,740,1 -> 0.25
7,741,0 -> 0.75
7,741,1 -> 0.25
7,742,0 -> 0.75
7,742,1 -> 0.25
7,743,0 -> 0.75
7,743,1 -> 0.25
7,744,1 -> 0.75
7,744,0 -> 0.25
7,745,1 -> 0.75
7,745,0 -> 0.25
7,746,1 -> 0.75
7,746,0 -> 0.25
7,747,1 -> 0.75
7,747,0 -> 0.25
7,748,0 -> 0.75
7,748,1 -> 0.25
7,749,1 -> 0.75
7,749,0 -> 0.25
7,750,1 -> 0.75
7,750,0 -> 0.25
7,751,1 -> 0.75
7,751,0 -> 0.25
7,752,1 -> 0.75
7,752,0 -> 0.25
7,753,0 -> 0.75
7,753,1 -> 0.25
7,754,1 -> 0.75
7,754,0 -> 0.25
7,755,1 -> 0.75
7,755,0 -> 0.25
7,756,1 -> 0.75
7,756,0 -> 0.25
7,757,1 -> 0.75
7,757,0 -> 0.25
7,758,1 -> 0.75
7,758,0 -> 0.25
7,759,0 -> 0.75
7,759,1 -> 0.25
7,760,1 -> 0.75
7,760,0 -> 0.25
7,761,1 -> 0.75
7,761,0 -> 0.25
7,762,0 -> 0.570393
7,762,1 -> 0.429607
7,763,0 -> 0.570393
7,763,1 -> 0.429607
7,764,0 -> 0.570393
7,764,1 -> 0.429607
7,765,1 -> 0.570393
7,765,0 -> 0.429607
7,766,0 -> 0.570393
7,766,1 -> 0.429607
7,767,0 -> 0.570393
7,767,1 -> 0.429607
7,768,0 -> 0.570393
7,768,1 -> 0.429607
7,769,0 -> 0.570393
7,769,1 -> 0.429607
7,770,0 -> 0.570393
7,770,1 -> 0.429607
7,771,1 -> 0.570393
7,771,0 -> 0.429607
7,772,0 -> 0.570393
7,772,1 -> 0.429607
7,773,0 -> 0.570393
7,773,1 -> 0.429607
7,774,0 -> 0.570393
7,774,1 -> 0.429607
7,775,0 -> 0.570393
7,775,1 -> 0.429607
7,776,1 -> 0.570393
7,776,0 -> 0.429607
7,777,0 -> 0.570393
7,777,1 -> 0.429607
7,778,0 -> 0.570393
7,778,1 -> 0.429607
7,779,0 -> 0.570393
7,779,1 -> 0.429607
7,780,0 -> 0.570393
7,780,1 -> 0.429607
7,781,1 -> 0.570393
7,781,0 -> 0.429607
7,782,1 -> 0.570393
7,782,0 -> 0.429607
7,783,1 -> 0.570393
7,783,0 -> 0.429607
7,784,1 -> 0.570393
7,784,0 -> 0.429607
7,785,0 -> 0.570393
7,785,1 -> 0.429607
7,786,0 -> 0.570393
7,786,1 -> 0.429607
7,787,0 -> 0.570393
7,787,1 -> 0.429607
7,788,0 -> 0.570393
7,788,1 -> 0.429607
7,789,0 -> 0.570393
7,789,1 -> 0.429607
7,790,0 -> 0.570393
7,790,1 -> 0.429607
7,791,1 -> 0.570393
7,791,0 -> 0.429607
7,792,0 -> 0.570393
7,792,1 -> 0.429607
7,793,0 -> 0.570393
7,793,1 -> 0.429607
7,794,0 -> 0.570393
7,794,1 -> 0.429607
7,795,0 -> 0.570393
7,795,1 -> 0.429607
7,796,1 -> 0.570393
7,796,0 -> 0.429607
7,797,1 -> 0.570393
7,797,0 -> 0.429607
7,798,1 -> 0.570393
7,798,0 -> 0.429607
7,799,1 -> 0.570393
7,799,0 -> 0.429607
7,800,0 -> 0.570393
7,800,1 -> 0.429607
7,801,0 -> 0.570393
7,801,1 -> 0.429607
7,802,0 -> 0.570393
7,802,1 -> 0.429607
7,803,0 -> 0.570393
7,803,1 -> 0.429607
7,804,0 -> 0.570393
7,804,1 -> 0.429607
7,805,0 -> 0.570393
7,805,1 -> 0.429607
7,806,1 -> 0.570393
7,806,0 -> 0.429607
7,807,1 -> 0.570393
7,807,0 -> 0.429607
7,808,1 -> 0.570393
7,808,0 -> 0.429607
7,809,1 -> 0.570393
7,809,0 -> 0.429607
7,810,0 -> 0.570393
7,810,1 -> 0.429607
7,811,0 -> 0.570393
7,811,1 -> 0.429607
7,812,0 -> 0.570393
7,812,1 -> 0.429607
7,813,0 -> 0.570393
7,813,1 -> 0.429607
7,814,0 -> 0.570393
7,814,1 -> 0.429607
7,815,0 -> 0.570393
7,815,1 -> 0.429607
7,816,1 -> 0.570393
7,816,0 -> 0.429607
7,817,1 -> 0.570393
7,817,0 -> 0.429607
7,818,1 -> 0.570393
7,818,0 -> 0.429607
7,819,1 -> 0.570393
7,819,0 -> 0.429607
7,820,1 -> 0.570393
7,820,0 -> 0.429607
7,821,1 -> 0.570393
7,821,0 -> 0.429607
7,822,0 -> 0.570393
7,822,1 -> 0.429607
7,823,0 -> 0.570393
7,823,1 -> 0.429607
7,824,0 -> 0.570393
7,824,1 -> 0.429607
7,825,0 -> 0.570393
7,825,1 -> 0.429607
7,826,1 -> 0.570393
7,826,0 -> 0.429607
7,827,1 -> 0.570393
7,827,0 -> 0.429607
7,828,1 -> 0.570393
7,828,0 -> 0.429607
7,829,1 -> 0.570393
7,829,0 -> 0.429607
7,830,0 -> 0.570393
7,830,1 -> 0.429607
7,831,0 -> 0.570393
7,831,1 -> 0.429607
7,832,0 -> 0.570393
7,832,1 -> 0.429607
7,833,0 -> 0.570393
7,833,1 -> 0.429607
7,834,0 -> 0.570393
7,834,1 -> 0.429607
7,835,0 -> 0.570393
7,835,1 -> 0.429607
7,836,1 -> 0.570393
7,836,0 -> 0.429607
7,837,1 -> 0.570393
7,837,0 -> 0.429607
7,838,1 -> 0.570393
7,838,0 -> 0.429607
7,839,1 -> 0.570393
7,839,0 -> 0.429607
7,840,1 -> 0.570393
7,840,0 -> 0.429607
7,841,1 -> 0.570393
7,841,0 -> 0.429607
7,842,0 -> 0.570393
7,842,1 -> 0.429607
7,843,0 -> 0.570393
7,843,1 -> 0.429607
7,844,0 -> 0.570393
7,844,1 -> 0.429607
7,845,0 -> 0.570393
7,845,1 -> 0.429607
7,846,1 -> 0.570393
7,846,0 -> 0.429607
7,847,1 -> 0.570393
7,847,0 -> 0.429607
7,848,1 -> 0.570393
7,848,0 -> 0.429607
7,849,1 -> 0.570393
7,849,0 -> 0.429607
7,850,1 -> 0.570393
7,850,0 -> 0.429607
7,851,1 -> 0.570393
7,851,0 -> 0.429607
7,852,0 -> 0.570393
7,852,1 -> 0.429607
7,853,0 -> 0.570393
7,853,1 -> 0.429607
7,854,0 -> 0.570393
7,854,1 -> 0.429607
7,855,0 -> 0.570393
7,855,1 -> 0.429607
7,856,1 -> 0.570393
7,856,0 -> 0.429607
7,857,1 -> 0.570393
7,857,0 -> 0.429607
7,858,1 -> 0.570393
7,858,0 -> 0.429607
7,859,1 -> 0.570393
7,859,0 -> 0.429607
7,860,0 -> 0.570393
7,860,1 -> 0.429607
7,861,1 -> 0.570393
7,861,0 -> 0.429607
7,862,1 -> 0.570393
7,862,0 -> 0.429607
7,863,1 -> 0.570393
7,863,0 -> 0.429607
7,864,1 -> 0.570393
7,864,0 -> 0.429607
7,865,1 -> 0.570393
7,865,0 -> 0.429607
7,866,1 -> 0.570393
7,866,0 -> 0.429607
7,867,0 -> 0.570393
7,867,1 -> 0.429607
7,868,0 -> 0.570393
7,868,1 -> 0.429607
7,869,0 -> 0.570393
7,869,1 -> 0.429607
7,870,0 -> 0.570393
7,870,1 -> 0.429607
7,871,1 -> 0.570393
7,871,0 -> 0.429607
7,872,1 -> 0.570393
7,872,0 -> 0.429607
7,873,1 -> 0.570393
7,873,0 -> 0.429607
7,874,1 -> 0.570393
7,874,0 -> 0.429607
7,875,0 -> 0.570393
7,875,1 -> 0.429607
7,876,1 -> 0.570393
7,876,0 -> 0.429607
7,877,1 -> 0.570393
7,877,0 -> 0.429607
7,878,1 -> 0.570393
7,878,0 -> 0.429607
7,879,1 -> 0.570393
7,879,0 -> 0.429607
7,880,0 -> 0.570393
7,880,1 -> 0.429607
7,881,1 -> 0.570393
7,881,0 -> 0.429607
7,882,1 -> 0.570393
7,882,0 -> 0.429607
7,883,1 -> 0.570393
7,883,0 -> 0.429607
7,884,1 -> 0.570393
7,884,0 -> 0.429607
7,885,1 -> 0.570393
7,885,0 -> 0.429607
7,886,0 -> 0.570393
7,886,1 -> 0.429607
7,887,1 -> 0.570393
7,887,0 -> 0.429607
7,888,1 -> 0.570393
7,888,0 -> 0.429607
7,889,0 -> 0.606132
7,889,1 -> 0.393868
7,890,0 -> 0.606132
7,890,1 -> 0.393868
7,891,0 -> 0.606132
7,891,1 -> 0.393868
7,892,1 -> 0.606132
7,892,0 -> 0.393868
7,893,0 -> 0.606132
7,893,1 -> 0.393868
7,894,0 -> 0.606132
7,894,1 -> 0.393868
7,895,0 -> 0.606132
7,895,1 -> 0.393868
7,896,0 -> 0.606132
7,896,1 -> 0.393868
7,897,0 -> 0.606132
7,897,1 -> 0.393868
7,898,1 -> 0.606132
7,898,0 -> 0.393868
7,899,0 -> 0.606132
7,899,1 -> 0.393868
7,900,0 -> 0.606132
7,900,1 -> 0.393868
7,901,0 -> 0.606132
7,901,1 -> 0.393868
7,902,0 -> 0.606132
7,902,1 -> 0.393868
7,903,1 -> 0.606132
7,903,0 -> 0.393868
7,904,0 -> 0.606132
7,904,1 -> 0.393868
7,905,0 -> 0.606132
7,905,1 -> 0.393868
7,906,0 -> 0.606132
7,906,1 -> 0.393868
7,907,0 -> 0.606132
7,907,1 -> 0.393868
7,908,1 -> 0.606132
7,908,0 -> 0.393868
7,909,1 -> 0.606132
7,909,0 -> 0.393868
7,910,1 -> 0.606132
7,910,0 -> 0.393868
7,911,1 -> 0.606132
7,911,0 -> 0.393868
7,912,0 -> 0.606132
7,912,1 -> 0.393868
7,913,0 -> 0.606132
7,913,1 -> 0.393868
7,914,0 -> 0.606132
7,914,1 -> 0.393868
7,915,0 -> 0.606132
7,915,1 -> 0.393868
7,916,0 -> 0.606132
7,916,1 -> 0.393868
7,917,0 -> 0.606132
7,917,1 -> 0.393868
7,918,1 -> 0.606132
7,918,0 -> 0.393868
7,919,0 -> 0.606132
7,919,1 -> 0.393868
7,920,0 -> 0.606132
7,920,1 -> 0.393868
7,921,0 -> 0.606132
7,921,1 -> 0.393868
7,922,0 -> 0.606132
7,922,1 -> 0.393868
7,923,1 -> 0.606132
7,923,0 -> 0.393868
7,924,1 -> 0.606132
7,924,0 -> 0.393868
7,925,1 -> 0.606132
7,925,0 -> 0.393868
7,926,1 -> 0.606132
7,926,0 -> 0.393868
7,927,0 -> 0.606132
7,927,1 -> 0.393868
7,928,0 -> 0.606132
7,928,1 -> 0.393868
7,929,0 -> 0.606132
7,929,1 -> 0.393868
7,930,0 -> 0.606132
7,930,1 -> 0.393868
7,931,0 -> 0.606132
7,931,1 -> 0.393868
7,932,0 -> 0.606132
7,932,1 -> 0.393868
7,933,1 -> 0.606132
7,933,0 -> 0.393868
7,934,1 -> 0.606132
7,934,0 -> 0.393868
7,935,1 -> 0.606132
7,935,0 -> 0.393868
7,936,1 -> 0.606132
7,936,0 -> 0.393868
7,937,0 -> 0.606132
7,937,1 -> 0.393868
7,938,0 -> 0.606132
7,938,1 -> 0.393868
7,939,0 -> 0.606132
7,939,1 -> 0.393868
7,940,0 -> 0.606132
7,940,1 -> 0.393868
7,941,0 -> 0.606132
7,941,1 -> 0.393868
7,942,0 -> 0.606132
7,942,1 -> 0.393868
7,943,1 -> 0.606132
7,943,0 -> 0.393868
7,944,1 -> 0.606132
7,944,0 -> 0.393868
7,945,1 -> 0.606132
7,945,0 -> 0.393868
7,946,1 -> 0.606132
7,946,0 -> 0.393868
7,947,1 -> 0.606132
7,947,0 -> 0.393868
7,948,1 -> 0.606132
7,948,0 -> 0.393868
7,949,0 -> 0.606132
7,949,1 -> 0.393868
7,950,0 -> 0.606132
7,950,1 -> 0.393868
7,951,0 -> 0.606132
7,951,1 -> 0.393868
7,952,0 -> 0.606132
7,952,1 -> 0.393868
7,953,1 -> 0.606132
7,953,0 -> 0.393868
7,954,1 -> 0.606132
7,954,0 -> 0.393868
7,955,1 -> 0.606132
7,955,0 -> 0.393868
7,956,1 -> 0.606132
7,956,0 -> 0.393868
7,957,0 -> 0.606132
7,957,1 -> 0.393868
7,958,0 -> 0.606132
7,958,1 -> 0.393868
7,959,0 -> 0.606132
7,959,1 -> 0.393868
7,960,0 -> 0.606132
7,960,1 -> 0.393868
7,961,0 -> 0.606132
7,961,1 -> 0.393868
7,962,0 -> 0.606132
7,962,1 -> 0.393868
7,963,1 -> 0.606132
7,963,0 -> 0.393868
7,964,1 -> 0.606132
7,964,0 -> 0.393868
7,965,1 -> 0.606132
7,965,0 -> 0.393868
7,966,1 -> 0.606132
7,966,0 -> 0.393868
7,967,1 -> 0.606132
7,967,0 -> 0.393868
7,968,1 -> 0.606132
7,968,0 -> 0.393868
7,969,0 -> 0.606132
7,969,1 -> 0.393868
7,970,0 -> 0.606132
7,970,1 -> 0.393868
7,971,0 -> 0.606132
7,971,1 -> 0.393868
7,972,0 -> 0.606132
7,972,1 -> 0.393868
7,973,1 -> 0.606132
7,973,0 -> 0.393868
7,974,1 -> 0.606132
7,974,0 -> 0.393868
7,975,1 -> 0.606132
7,975,0 -> 0.393868
7,976,1 -> 0.606132
7,976,0 -> 0.393868
7,977,1 -> 0.606132
7,977,0 -> 0.393868
7,978,1 -> 0.606132
7,978,0 -> 0.393868
7,979,0 -> 0.606132
7,979,1 -> 0.393868
7,980,0 -> 0.606132
7,980,1 -> 0.393868
7,981,0 -> 0.606132
7,981,1 -> 0.393868
7,982,0 -> 0.606132
7,982,1 -> 0.393868
7,983,1 -> 0.606132
7,983,0 -> 0.393868
7,984,1 -> 0.606132
7,984,0 -> 0.393868
7,985,1 -> 0.606132
7,985,0 -> 0.393868
7,986,1 -> 0.606132
7,986,0 -> 0.393868
7,987,0 -> 0.606132
7,987,1 -> 0.393868
7,988,1 -> 0.606132
7,988,0 -> 0.393868
7,989,1 -> 0.606132
7,989,0 -> 0.393868
7,990,1 -> 0.606132
7,990,0 -> 0.393868
7,991,1 -> 0.606132
7,991,0 -> 0.393868
7,992,1 -> 0.606132
7,992,0 -> 0.393868
7,993,1 -> 0.606132
7,993,0 -> 0.393868
7,994,0 -> 0.606132
7,994,1 -> 0.393868
7,995,0 -> 0.606132
7,995,1 -> 0.393868
7,996,0 -> 0.606132
7,996,1 -> 0.393868
7,997,0 -> 0.606132
7,997,1 -> 0.393868
7,998,1 -> 0.606132
7,998,0 -> 0.393868
7,999,1 -> 0.606132
7,999,0 -> 0.393868
7,1000,1 -> 0.606132
7,1000,0 -> 0.393868
7,1001,1 -> 0.606132
7,1001,0 -> 0.393868
7,1002,0 -> 0.606132
7,1002,1 -> 0.393868
7,1003,1 -> 0.606132
7,1003,0 -> 0.393868
7,1004,1 -> 0.606132
7,1004,0 -> 0.393868
7,1005,1 -> 0.606132
7,1005,0 -> 0.393868
7,1006,1 -> 0.606132
7,1006,0 -> 0.393868
7,1007,0 -> 0.606132
7,1007,1 -> 0.393868
7,1008,1 -> 0.606132
7,1008,0 -> 0.393868
7,1009,1 -> 0.606132
7,1009,0 -> 0.393868
7,1010,1 -> 0.606132
7,1010,0 -> 0.393868
7,1011,1 -> 0.606132
7,1011,0 -> 0.393868
7,1012,1 -> 0.606132
7,1012,0 -> 0.393868
7,1013,0 -> 0.606132
7,1013,1 -> 0.393868
7,1014,1 -> 0.606132
7,1014,0 -> 0.393868
7,1015,1 -> 0.606132
7,1015,0 -> 0.393868
7,1016,0 -> 0.625
7,1016,1 -> 0.375
7,1017,0 -> 0.625
7,1017,1 -> 0.375
7,1018,0 -> 0.625
7,1018,1 -> 0.375
7,1019,1 -> 0.625
7,1019,0 -> 0.375
7,1020,0 -> 0.625
7,1020,1 -> 0.375
7,1021,0 -> 0.625
7,1021,1 -> 0.375
7,1022,0 -> 0.625
7,1022,1 -> 0.375
7,1023,0 -> 0.625
7,1023,1 -> 0.375
7,1024,0 -> 0.625
7,1024,1 -> 0.375
7,1025,1 -> 0.625
7,1025,0 -> 0.375
7,1026,0 -> 0.625
7,1026,1 -> 0.375
7,1027,0 -> 0.625
7,1027,1 -> 0.375
7,1028,0 -> 0.625
7,1028,1 -> 0.375
7,1029,0 -> 0.625
7,1029,1 -> 0.375
7,1030,1 -> 0.625
7,1030,0 -> 0.375
7,1031,0 -> 0.625
7,1031,1 -> 0.375
7,1032,0 -> 0.625
7,1032,1 -> 0.375
7,1033,0 -> 0.625
7,1033,1 -> 0.375
7,1034,0 -> 0.625
7,1034,1 -> 0.375
7,1035,1 -> 0.625
7,1035,0 -> 0.375
7,1036,1 -> 0.625
7,1036,0 -> 0.375
7,1037,1 -> 0.625
7,1037,0 -> 0.375
7,1038,1 -> 0.625
7,1038,0 -> 0.375
7,1039,0 -> 0.625
7,1039,1 -> 0.375
7,1040,0 -> 0.625
7,1040,1 -> 0.375
7,1041,0 -> 0.625
7,1041,1 -> 0.375
7,1042,0 -> 0.625
7,1042,1 -> 0.375
7,1043,0 -> 0.625
7,1043,1 -> 0.375
7,1044,0 -> 0.625
7,1044,1 -> 0.375
7,1045,1 -> 0.625
7,1045,0 -> 0.375
7,1046,0 -> 0.625
7,1046,1 -> 0.375
7,1047,0 -> 0.625
7,1047,1 -> 0.375
7,1048,0 -> 0.625
7,1048,1 -> 0.375
7,1049,0 -> 0.625
7,1049,1 -> 0.375
7,1050,1 -> 0.625
7,1050,0 -> 0.375
7,1051,1 -> 0.625
7,1051,0 -> 0.375
7,1052,1 -> 0.625
7,1052,0 -> 0.375
7,1053,1 -> 0.625
7,1053,0 -> 0.375
7,1054,0 -> 0.625
7,1054,1 -> 0.375
7,1055,0 -> 0.625
7,1055,1 -> 0.375
7,1056,0 -> 0.625
7,1056,1 -> 0.375
7,1057,0 -> 0.625
7,1057,1 -> 0.375
7,1058,0 -> 0.625
7,1058,1 -> 0.375
7,1059,0 -> 0.625
7,1059,1 -> 0.375
7,1060,1 -> 0.625
7,1060,0 -> 0.375
7,1061,1 -> 0.625
7,1061,0 -> 0.375
7,1062,1 -> 0.625
7,1062,0 -> 0.375
7,1063,1 -> 0.625
7,1063,0 -> 0.375
7,1064,0 -> 0.625
7,1064,1 -> 0.375
7,1065,0 -> 0.625
7,1065,1 -> 0.375
7,1066,0 -> 0.625
7,1066,1 -> 0.375
7,1067,0 -> 0.625
7,1067,1 -> 0.375
7,1068,0 -> 0.625
7,1068,1 -> 0.375
7,1069,0 -> 0.625
7,1069,1 -> 0.375
7,1070,1 -> 0.625
7,1070,0 -> 0.375
7,1071,1 -> 0.625
7,1071,0 -> 0.375
7,1072,1 -> 0.625
7,1072,0 -> 0.375
7,1073,1 -> 0.625
7,1073,0 -> 0.375
7,1074,1 -> 0.625
7,1074,0 -> 0.375
7,1075,1 -> 0.625
7,1075,0 -> 0.375
7,1076,0 -> 0.625
7,1076,1 -> 0.375
7,1077,0 -> 0.625
7,1077,1 -> 0.375
7,1078,0 -> 0.625
7,1078,1 -> 0.375
7,1079,0 -> 0.625
7,1079,1 -> 0.375
7,1080,1 -> 0.625
7,1080,0 -> 0.375
7,1081,1 -> 0.625
7,1081,0 -> 0.375
7,1082,1 -> 0.625
7,1082,0 -> 0.375
7,1083,1 -> 0.625
7,1083,0 -> 0.375
7,1084,0 -> 0.625
7,1084,1 -> 0.375
7,1085,0 -> 0.625
7,1085,1 -> 0.375
7,1086,0 -> 0.625
7,1086,1 -> 0.375
7,1087,0 -> 0.625
7,1087,1 -> 0.375
7,1088,0 -> 0.625
7,1088,1 -> 0.375
7,1089,0 -> 0.625
7,1089,1 -> 0.375
7,1090,1 -> 0.625
7,1090,0 -> 0.375
7,1091,1 -> 0.625
7,1091,0 -> 0.375
7,1092,1 -> 0.625
7,1092,0 -> 0.375
7,1093,1 -> 0.625
7,1093,0 -> 0.375
7,1094,1 -> 0.625
7,1094,0 -> 0.375
7,1095,1 -> 0.625
7,1095,0 -> 0.375
7,1096,0 -> 0.625
7,1096,1 -> 0.375
7,1097,0 -> 0.625
7,1097,1 -> 0.375
7,1098,0 -> 0.625
7,1098,1 -> 0.375
7,1099,0 -> 0.625
7,1099,1 -> 0.375
7,1100,1 -> 0.625
7,1100,0 -> 0.375
7,1101,1 -> 0.625
7,1101,0 -> 0.375
7,1102,1 -> 0.625
7,1102,0 -> 0.375
7,1103,1 -> 0.625
7,1103,0 -> 0.375
7,1104,1 -> 0.625
7,1104,0 -> 0.375
7,1105,1 -> 0.625
7,1105,0 -> 0.375
7,1106,0 -> 0.625
7,1106,1 -> 0.375
7,1107,0 -> 0.625
7,1107,1 -> 0.375
7,1108,0 -> 0.625
7,1108,1 -> 0.375
7,1109,0 -> 0.625
7,1109,1 -> 0.375
7,1110,1 -> 0.625
7,1110,0 -> 0.375
7,1111,1 -> 0.625
7,1111,0 -> 0.375
7,1112,1 -> 0.625
7,1112,0 -> 0.375
7,1113,1 -> 0.625
7,1113,0 -> 0.375
7,1114,0 -> 0.625
7,1114,1 -> 0.375
7,1115,1 -> 0.625
7,1115,0 -> 0.375
7,1116,1 -> 0.625
7,1116,0 -> 0.375
7,1117,1 -> 0.625
7,1117,0 -> 0.375
7,1118,1 -> 0.625
7,1118,0 -> 0.375
7,1119,1 -> 0.625
7,1119,0 -> 0.375
7,1120,1 -> 0.625
7,1120,0 -> 0.375
7,1121,0 -> 0.625
7,1121,1 -> 0.375
7,1122,0 -> 0.625
7,1122,1 -> 0.375
7,1123,0 -> 0.625
7,1123,1 -> 0.375
7,1124,0 -> 0.625
7,1124,1 -> 0.375
7,1125,1 -> 0.625
7,1125,0 -> 0.375
7,1126,1 -> 0.625
7,1126,0 -> 0.375
7,1127,1 -> 0.625
7,1127,0 -> 0.375
7,1128,1 -> 0.625
7,1128,0 -> 0.375
7,1129,0 -> 0.625
7,1129,1 -> 0.375
7,1130,1 -> 0.625
7,1130,0 -> 0.375
7,1131,1 -> 0.625
7,1131,0 -> 0.375
7,1132,1 -> 0.625
7,1132,0 -> 0.375
7,1133,1 -> 0.625
7,1133,0 -> 0.375
7,1134,0 -> 0.625
7,1134,1 -> 0.375
7,1135,1 -> 0.625
7,1135,0 -> 0.375
7,1136,1 -> 0.625
7,1136,0 -> 0.375
7,1137,1 -> 0.625
7,1137,0 -> 0.375
7,1138,1 -> 0.625
7,1138,0 -> 0.375
7,1139,1 -> 0.625
7,1139,0 -> 0.375
7,1140,0 -> 0.625
7,1140,1 -> 0.375
7,1141,1 -> 0.625
7,1141,0 -> 0.375
7,1142,1 -> 0.625
7,1142,0 -> 0.375
8,0,0 -> 0.75
8,0,1 -> 0.25
8,1,0 -> 0.75
8,1,1 -> 0.25
8,2,0 -> 0.75
8,2,1 -> 0.25
8,3,0 -> 0.75
8,3,1 -> 0.25
8,4,1 -> 0.75
8,4,0 -> 0.25
8,5,0 -> 0.75
8,5,1 -> 0.25
8,6,0 -> 0.75
8,6,1 -> 0.25
8,7,0 -> 0.75
8,7,1 -> 0.25
8,8,0 -> 0.75
8,8,1 -> 0.25
8,9,0 -> 0.75
8,9,1 -> 0.25
8,10,1 -> 0.75
8,10,0 -> 0.25
8,11,0 -> 0.75
8,11,1 -> 0.25
8,12,0 -> 0.75
8,12,1 -> 0.25
8,13,0 -> 0.75
8,13,1 -> 0.25
8,14,0 -> 0.75
8,14,1 -> 0.25
8,15,1 -> 0.75
8,15,0 -> 0.25
8,16,0 -> 0.75
8,16,1 -> 0.25
8,17,0 -> 0.75
8,17,1 -> 0.25
8,18,0 -> 0.75
8,18,1 -> 0.25
8,19,1 -> 0.75
8,19,0 -> 0.25
8,20,0 -> 0.75
8,20,1 -> 0.25
8,21,0 -> 0.75
8,21,1 -> 0.25
8,22,0 -> 0.75
8,22,1 -> 0.25
8,23,1 -> 0.75
8,23,0 -> 0.25
8,24,1 -> 0.75
8,24,0 -> 0.25
8,25,1 -> 0.75
8,25,0 -> 0.25
8,26,0 -> 0.75
8,26,1 -> 0.25
8,27,0 -> 0.75
8,27,1 -> 0.25
8,28,0 -> 0.75
8,28,1 -> 0.25
8,29,0 -> 0.75
8,29,1 -> 0.25
8,30,1 -> 0.75
8,30,0 -> 0.25
8,31,0 -> 0.75
8,31,1 -> 0.25
8,32,0 -> 0.75
8,32,1 -> 0.25
8,33,0 -> 0.75
8,33,1 -> 0.25
8,34,1 -> 0.75
8,34,0 -> 0.25
8,35,0 -> 0.75
8,35,1 -> 0.25
8,36,0 -> 0.75
8,36,1 -> 0.25
8,37,0 -> 0.75
8,37,1 -> 0.25
8,38,1 -> 0.75
8,38,0 -> 0.25
8,39,1 -> 0.75
8,39,0 -> 0.25
8,40,1 -> 0.75
8,40,0 -> 0.25
8,41,0 -> 0.75
8,41,1 -> 0.25
8,42,0 -> 0.75
8,42,1 -> 0.25
8,43,0 -> 0.75
8,43,1 -> 0.25
8,44,1 -> 0.75
8,44,0 -> 0.25
8,45,0 -> 0.75
8,45,1 -> 0.25
8,46,0 -> 0.75
8,46,1 -> 0.25
8,47,0 -> 0.75
8,47,1 -> 0.25
8,48,1 -> 0.75
8,48,0 -> 0.25
8,49,1 -> 0.75
8,49,0 -> 0.25
8,50,1 -> 0.75
8,50,0 -> 0.25
8,51,0 -> 0.75
8,51,1 -> 0.25
8,52,0 -> 0.75
8,52,1 -> 0.25
8,53,0 -> 0.75
8,53,1 -> 0.25
8,54,1 -> 0.75
8,54,0 -> 0.25
8,55,1 -> 0.75
8,55,0 -> 0.25
8,56,1 -> 0.75
8,56,0 -> 0.25
8,57,0 -> 0.75
8,57,1 -> 0.25
8,58,0 -> 0.75
8,58,1 -> 0.25
8,59,0 -> 0.75
8,59,1 -> 0.25
8,60,1 -> 0.75
8,60,0 -> 0.25
8,61,1 -> 0.75
8,61,0 -> 0.25
8,62,1 -> 0.75
8,62,0 -> 0.25
8,63,0 -> 0.75
8,63,1 -> 0.25
8,64,1 -> 0.75
8,64,0 -> 0.25
8,65,0 -> 0.75
8,65,1 -> 0.25
8,66,0 -> 0.75
8,66,1 -> 0.25
8,67,0 -> 0.75
8,67,1 -> 0.25
8,68,1 -> 0.75
8,68,0 -> 0.25
8,69,1 -> 0.75
8,69,0 -> 0.25
8,70,1 -> 0.75
8,70,0 -> 0.25
8,71,0 -> 0.75
8,71,1 -> 0.25
8,72,0 -> 0.75
8,72,1 -> 0.25
8,73,0 -> 0.75
8,73,1 -> 0.25
8,74,1 -> 0.75
8,74,0 -> 0.25
8,75,1 -> 0.75
8,75,0 -> 0.25
8,76,1 -> 0.75
8,76,0 -> 0.25
8,77,0 -> 0.75
8,77,1 -> 0.25
8,78,0 -> 0.75
8,78,1 -> 0.25
8,79,0 -> 0.75
8,79,1 -> 0.25
8,80,1 -> 0.75
8,80,0 -> 0.25
8,81,1 -> 0.75
8,81,0 -> 0.25
8,82,1 -> 0.75
8,82,0 -> 0.25
8,83,0 -> 0.75
8,83,1 -> 0.25
8,84,1 -> 0.75
8,84,0 -> 0.25
8,85,1 -> 0.75
8,85,0 -> 0.25
8,86,1 -> 0.75
8,86,0 -> 0.25
8,87,0 -> 0.75
8,87,1 -> 0.25
8,88,0 -> 0.75
8,88,1 -> 0.25
8,89,0 -> 0.75
8,89,1 -> 0.25
8,90,1 -> 0.75
8,90,0 -> 0.25
8,91,1 -> 0.75
8,91,0 -> 0.25
8,92,1 -> 0.75
8,92,0 -> 0.25
8,93,0 -> 0.75
8,93,1 -> 0.25
8,94,1 -> 0.75
8,94,0 -> 0.25
8,95,1 -> 0.75
8,95,0 -> 0.25
8,96,1 -> 0.75
8,96,0 -> 0.25
8,97,0 -> 0.75
8,97,1 -> 0.25
8,98,1 -> 0.75
8,98,0 -> 0.25
8,99,1 -> 0.75
8,99,0 -> 0.25
8,100,1 -> 0.75
8,100,0 -> 0.25
8,101,1 -> 0.75
8,101,0 -> 0.25
8,102,0 -> 0.75
8,102,1 -> 0.25
8,103,0 -> 0.75
8,103,1 -> 0.25
8,104,0 -> 0.75
8,104,1 -> 0.25
8,105,1 -> 0.75
8,105,0 -> 0.25
8,106,1 -> 0.75
8,106,0 -> 0.25
8,107,1 -> 0.75
8,107,0 -> 0.25
8,108,0 -> 0.75
8,108,1 -> 0.25
8,109,1 -> 0.75
8,109,0 -> 0.25
8,110,1 -> 0.75
8,110,0 -> 0.25
8,111,1 -> 0.75
8,111,0 -> 0.25
8,112,0 -> 0.75
8,112,1 -> 0.25
8,113,1 -> 0.75
8,113,0 -> 0.25
8,114,1 -> 0.75
8,114,0 -> 0.25
8,115,1 -> 0.75
8,115,0 -> 0.25
8,116,1 -> 0.75
8,116,0 -> 0.25
8,117,0 -> 0.75
8,117,1 -> 0.25
8,118,1 -> 0.75
8,118,0 -> 0.25
8,119,1 -> 0.75
8,119,0 -> 0.25
8,120,1 -> 0.75
8,120,0 -> 0.25
8,121,1 -> 0.75
8,121,0 -> 0.25
8,122,1 -> 0.75
8,122,0 -> 0.25
8,123,0 -> 0.75
8,123,1 -> 0.25
8,124,1 -> 0.75
8,124,0 -> 0.25
8,125,1 -> 0.75
8,125,0 -> 0.25
8,126,1 -> 0.75
8,126,0 -> 0.25
8,127,0 -> 0.687607
8,127,1 -> 0.312393
8,128,0 -> 0.687607
8,128,1 -> 0.312393
8,129,0 -> 0.687607
8,129,1 -> 0.312393
8,130,0 -> 0.687607
8,130,1 -> 0.312393
8,131,1 -> 0.687607
8,131,0 -> 0.312393
8,132,0 -> 0.687607
8,132,1 -> 0.312393
8,133,0 -> 0.687607
8,133,1 -> 0.312393
8,134,0 -> 0.687607
8,134,1 -> 0.312393
8,135,0 -> 0.687607
8,135,1 -> 0.312393
8,136,0 -> 0.687607
8,136,1 -> 0.312393
8,137,1 -> 0.687607
8,137,0 -> 0.312393
8,138,0 -> 0.687607
8,138,1 -> 0.312393
8,139,0 -> 0.687607
8,139,1 -> 0.312393
8,140,0 -> 0.687607
8,140,1 -> 0.312393
8,141,0 -> 0.687607
8,141,1 -> 0.312393
8,142,1 -> 0.687607
8,142,0 -> 0.312393
8,143,0 -> 0.687607
8,143,1 -> 0.312393
8,144,0 -> 0.687607
8,144,1 -> 0.312393
8,145,0 -> 0.687607
8,145,1 -> 0.312393
8,146,1 -> 0.687607
8,146,0 -> 0.312393
8,147,0 -> 0.687607
8,147,1 -> 0.312393
8,148,0 -> 0.687607
8,148,1 -> 0.312393
8,149,0 -> 0.687607
8,149,1 -> 0.312393
8,150,1 -> 0.687607
8,150,0 -> 0.312393
8,151,1 -> 0.687607
8,151,0 -> 0.312393
8,152,1 -> 0.687607
8,152,0 -> 0.312393
8,153,0 -> 0.687607
8,153,1 -> 0.312393
8,154,0 -> 0.687607
8,154,1 -> 0.312393
8,155,0 -> 0.687607
8,155,1 -> 0.312393
8,156,0 -> 0.687607
8,156,1 -> 0.312393
8,157,1 -> 0.687607
8,157,0 -> 0.312393
8,158,0 -> 0.687607
8,158,1 -> 0.312393
8,159,0 -> 0.687607
8,159,1 -> 0.312393
8,160,0 -> 0.687607
8,160,1 -> 0.312393
8,161,1 -> 0.687607
8,161,0 -> 0.312393
8,162,0 -> 0.687607
8,162,1 -> 0.312393
8,163,0 -> 0.687607
8,163,1 -> 0.312393
8,164,0 -> 0.687607
8,164,1 -> 0.312393
8,165,1 -> 0.687607
8,165,0 -> 0.312393
8,166,1 -> 0.687607
8,166,0 -> 0.312393
8,167,1 -> 0.687607
8,167,0 -> 0.312393
8,168,0 -> 0.687607
8,168,1 -> 0.312393
8,169,0 -> 0.687607
8,169,1 -> 0.312393
8,170,0 -> 0.687607
8,170,1 -> 0.312393
8,171,1 -> 0.687607
8,171,0 -> 0.312393
8,172,0 -> 0.687607
8,172,1 -> 0.312393
8,173,0 -> 0.687607
8,173,1 -> 0.312393
8,174,0 -> 0.687607
8,174,1 -> 0.312393
8,175,1 -> 0.687607
8,175,0 -> 0.312393
8,176,1 -> 0.687607
8,176,0 -> 0.312393
8,177,1 -> 0.687607
8,177,0 -> 0.312393
8,178,0 -> 0.687607
8,178,1 -> 0.312393
8,179,0 -> 0.687607
8,179,1 -> 0.312393
8,180,0 -> 0.687607
8,180,1 -> 0.312393
8,181,1 -> 0.687607
8,181,0 -> 0.312393
8,182,1 -> 0.687607
8,182,0 -> 0.312393
8,183,1 -> 0.687607
8,183,0 -> 0.312393
8,184,0 -> 0.687607
8,184,1 -> 0.312393
8,185,0 -> 0.687607
8,185,1 -> 0.312393
8,186,0 -> 0.687607
8,186,1 -> 0.312393
8,187,1 -> 0.687607
8,187,0 -> 0.312393
8,188,1 -> 0.687607
8,188,0 -> 0.312393
8,189,1 -> 0.687607
8,189,0 -> 0.312393
8,190,0 -> 0.687607
8,190,1 -> 0.312393
8,191,1 -> 0.687607
8,191,0 -> 0.312393
8,192,0 -> 0.687607
8,192,1 -> 0.312393
8,193,0 -> 0.687607
8,193,1 -> 0.312393
8,194,0 -> 0.687607
8,194,1 -> 0.312393
8,195,1 -> 0.687607
8,195,0 -> 0.312393
8,196,1 -> 0.687607
8,196,0 -> 0.312393
8,197,1 -> 0.687607
8,197,0 -> 0.312393
8,198,0 -> 0.687607
8,198,1 -> 0.312393
8,199,0 -> 0.687607
8,199,1 -> 0.312393
8,200,0 -> 0.687607
8,200,1 -> 0.312393
8,201,1 -> 0.687607
8,201,0 -> 0.312393
8,202,1 -> 0.687607
8,202,0 -> 0.312393
8,203,1 -> 0.687607
8,203,0 -> 0.312393
8,204,0 -> 0.687607
8,204,1 -> 0.312393
8,205,0 -> 0.687607
8,205,1 -> 0.312393
8,206,0 -> 0.687607
8,206,1 -> 0.312393
8,207,1 -> 0.687607
8,207,0 -> 0.312393
8,208,1 -> 0.687607
8,208,0 -> 0.312393
8,209,1 -> 0.687607
8,209,0 -> 0.312393
8,210,0 -> 0.687607
8,210,1 -> 0.312393
8,211,1 -> 0.687607
8,211,0 -> 0.312393
8,212,1 -> 0.687607
8,212,0 -> 0.312393
8,213,1 -> 0.687607
8,213,0 -> 0.312393
8,214,0 -> 0.687607
8,214,1 -> 0.312393
8,215,0 -> 0.687607
8,215,1 -> 0.312393
8,216,0 -> 0.687607
8,216,1 -> 0.312393
8,217,1 -> 0.687607
8,217,0 -> 0.312393
8,218,1 -> 0.687607
8,218,0 -> 0.312393
8,219,1 -> 0.687607
8,219,0 -> 0.312393
8,220,0 -> 0.687607
8,220,1 -> 0.312393
8,221,1 -> 0.687607
8,221,0 -> 0.312393
8,222,1 -> 0.687607
8,222,0 -> 0.312393
8,223,1 -> 0.687607
8,223,0 -> 0.312393
8,224,0 -> 0.687607
8,224,1 -> 0.312393
8,225,1 -> 0.687607
8,225,0 -> 0.312393
8,226,1 -> 0.687607
8,226,0 -> 0.312393
8,227,1 -> 0.687607
8,227,0 -> 0.312393
8,228,1 -> 0.687607
8,228,0 -> 0.312393
8,229,0 -> 0.687607
8,229,1 -> 0.312393
8,230,0 -> 0.687607
8,230,1 -> 0.312393
8,231,0 -> 0.687607
8,231,1 -> 0.312393
8,232,1 -> 0.687607
8,232,0 -> 0.312393
8,233,1 -> 0.687607
8,233,0 -> 0.312393
8,234,1 -> 0.687607
8,234,0 -> 0.312393
8,235,0 -> 0.687607
8,235,1 -> 0.312393
8,236,1 -> 0.687607
8,236,0 -> 0.312393
8,237,1 -> 0.687607
8,237,0 -> 0.312393
8,238,1 -> 0.687607
8,238,0 -> 0.312393
8,239,0 -> 0.687607
8,239,1 -> 0.312393
8,240,1 -> 0.687607
8,240,0 -> 0.312393
8,241,1 -> 0.687607
8,241,0 -> 0.312393
8,242,1 -> 0.687607
8,242,0 -> 0.312393
8,243,1 -> 0.687607
8,243,0 -> 0.312393
8,244,0 -> 0.687607
8,244,1 -> 0.312393
8,245,1 -> 0.687607
8,245,0 -> 0.312393
8,246,1 -> 0.687607
8,246,0 -> 0.312393
8,247,1 -> 0.687607
8,247,0 -> 0.312393
8,248,1 -> 0.687607
8,248,0 -> 0.312393
8,249,1 -> 0.687607
8,249,0 -> 0.312393
8,250,0 -> 0.687607
8,250,1 -> 0.312393
8,251,1 -> 0.687607
8,251,0 -> 0.312393
8,252,1 -> 0.687607
8,252,0 -> 0.312393
8,253,1 -> 0.687607
8,253,0 -> 0.312393
8,254,0 -> 0.606132
8,254,1 -> 0.393868
8,255,0 -> 0.606132
8,255,1 -> 0.393868
8,256,0 -> 0.606132
8,256,1 -> 0.393868
8,257,0 -> 0.606132
8,257,1 -> 0.393868
8,258,1 -> 0.606132
8,258,0 -> 0.393868
8,259,0 -> 0.606132
8,259,1 -> 0.393868
8,260,0 -> 0.606132
8,260,1 -> 0.393868
8,261,0 -> 0.606132
8,261,1 -> 0.393868
8,262,0 -> 0.606132
8,262,1 -> 0.393868
8,263,0 -> 0.606132
8,263,1 -> 0.393868
8,264,1 -> 0.606132
8,264,0 -> 0.393868
8,265,0 -> 0.606132
8,265,1 -> 0.393868
8,266,0 -> 0.606132
8,266,1 -> 0.393868
8,267,0 -> 0.606132
8,267,1 -> 0.393868
8,268,0 -> 0.606132
8,268,1 -> 0.393868
8,269,1 -> 0.606132
8,269,0 -> 0.393868
8,270,0 -> 0.606132
8,270,1 -> 0.393868
8,271,0 -> 0.606132
8,271,1 -> 0.393868
8,272,0 -> 0.606132
8,272,1 -> 0.393868
8,273,1 -> 0.606132
8,273,0 -> 0.393868
8,274,0 -> 0.606132
8,274,1 -> 0.393868
8,275,0 -> 0.606132
8,275,1 -> 0.393868
8,276,0 -> 0.606132
8,276,1 -> 0.393868
8,277,1 -> 0.606132
8,277,0 -> 0.393868
8,278,1 -> 0.606132
8,278,0 -> 0.393868
8,279,1 -> 0.606132
8,279,0 -> 0.393868
8,280,0 -> 0.606132
8,280,1 -> 0.393868
8,281,0 -> 0.606132
8,281,1 -> 0.393868
8,282,0 -> 0.606132
8,282,1 -> 0.393868
8,283,0 -> 0.606132
8,283,1 -> 0.393868
8,284,1 -> 0.606132
8,284,0 -> 0.393868
8,285,0 -> 0.606132
8,285,1 -> 0.393868
8,286,0 -> 0.606132
8,286,1 -> 0.393868
8,287,0 -> 0.606132
8,287,1 -> 0.393868
8,288,1 -> 0.606132
8,288,0 -> 0.393868
8,289,0 -> 0.606132
8,289,1 -> 0.393868
8,290,0 -> 0.606132
8,290,1 -> 0.393868
8,291,0 -> 0.606132
8,291,1 -> 0.393868
8,292,1 -> 0.606132
8,292,0 -> 0.393868
8,293,1 -> 0.606132
8,293,0 -> 0.393868
8,294,1 -> 0.606132
8,294,0 -> 0.393868
8,295,0 -> 0.606132
8,295,1 -> 0.393868
8,296,0 -> 0.606132
8,296,1 -> 0.393868
8,297,0 -> 0.606132
8,297,1 -> 0.393868
8,298,1 -> 0.606132
8,298,0 -> 0.393868
8,299,0 -> 0.606132
8,299,1 -> 0.393868
8,300,0 -> 0.606132
8,300,1 -> 0.393868
8,301,0 -> 0.606132
8,301,1 -> 0.393868
8,302,1 -> 0.606132
8,302,0 -> 0.393868
8,303,1 -> 0.606132
8,303,0 -> 0.393868
8,304,1 -> 0.606132
8,304,0 -> 0.393868
8,305,0 -> 0.606132
8,305,1 -> 0.393868
8,306,0 -> 0.606132
8,306,1 -> 0.393868
8,307,0 -> 0.606132
8,307,1 -> 0.393868
8,308,1 -> 0.606132
8,308,0 -> 0.393868
8,309,1 -> 0.606132
8,309,0 -> 0.393868
8,310,1 -> 0.606132
8,310,0 -> 0.393868
8,311,0 -> 0.606132
8,311,1 -> 0.393868
8,312,0 -> 0.606132
8,312,1 -> 0.393868
8,313,0 -> 0.606132
8,313,1 -> 0.393868
8,314,1 -> 0.606132
8,314,0 -> 0.393868
8,315,1 -> 0.606132
8,315,0 -> 0.393868
8,316,1 -> 0.606132
8,316,0 -> 0.393868
8,317,0 -> 0.606132
8,317,1 -> 0.393868
8,318,1 -> 0.606132
8,318,0 -> 0.393868
8,319,0 -> 0.606132
8,319,1 -> 0.393868
8,320,0 -> 0.606132
8,320,1 -> 0.393868
8,321,0 -> 0.606132
8,321,1 -> 0.393868
8,322,1 -> 0.606132
8,322,0 -> 0.393868
8,323,1 -> 0.606132
8,323,0 -> 0.393868
8,324,1 -> 0.606132
8,324,0 -> 0.393868
8,325,0 -> 0.606132
8,325,1 -> 0.393868
8,326,0 -> 0.606132
8,326,1 -> 0.393868
8,327,0 -> 0.606132
8,327,1 -> 0.393868
8,328,1 -> 0.606132
8,328,0 -> 0.393868
8,329,1 -> 0.606132
8,329,0 -> 0.393868
8,330,1 -> 0.606132
8,330,0 -> 0.393868
8,331,0 -> 0.606132
8,331,1 -> 0.393868
8,332,0 -> 0.606132
8,332,1 -> 0.393868
8,333,0 -> 0.606132
8,333,1 -> 0.393868
8,334,1 -> 0.606132
8,334,0 -> 0.393868
8,335,1 -> 0.606132
8,335,0 -> 0.393868
8,336,1 -> 0.606132
8,336,0 -> 0.393868
8,337,0 -> 0.606132
8,337,1 -> 0.393868
8,338,1 -> 0.606132
8,338,0 -> 0.393868
8,339,1 -> 0.606132
8,339,0 -> 0.393868
8,340,1 -> 0.606132
8,340,0 -> 0.393868
8,341,0 -> 0.606132
8,341,1 -> 0.393868
8,342,0 -> 0.606132
8,342,1 -> 0.393868
8,343,0 -> 0.606132
8,343,1 -> 0.393868
8,344,1 -> 0.606132
8,344,0 -> 0.393868
8,345,1 -> 0.606132
8,345,0 -> 0.393868
8,346,1 -> 0.606132
8,346,0 -> 0.393868
8,347,0 -> 0.606132
8,347,1 -> 0.393868
8,348,1 -> 0.606132
8,348,0 -> 0.393868
8,349,1 -> 0.606132
8,349,0 -> 0.393868
8,350,1 -> 0.606132
8,350,0 -> 0.393868
8,351,0 -> 0.606132
8,351,1 -> 0.393868
8,352,1 -> 0.606132
8,352,0 -> 0.393868
8,353,1 -> 0.606132
8,353,0 -> 0.393868
8,354,1 -> 0.606132
8,354,0 -> 0.393868
8,355,1 -> 0.606132
8,355,0 -> 0.393868
8,356,0 -> 0.606132
8,356,1 -> 0.393868
8,357,0 -> 0.606132
8,357,1 -> 0.393868
8,358,0 -> 0.606132
8,358,1 -> 0.393868
8,359,1 -> 0.606132
8,359,0 -> 0.393868
8,360,1 -> 0.606132
8,360,0 -> 0.393868
8,361,1 -> 0.606132
8,361,0 -> 0.393868
8,362,0 -> 0.606132
8,362,1 -> 0.393868
8,363,1 -> 0.606132
8,363,0 -> 0.393868
8,364,1 -> 0.606132
8,364,0 -> 0.393868
8,365,1 -> 0.606132
8,365,0 -> 0.393868
8,366,0 -> 0.606132
8,366,1 -> 0.393868
8,367,1 -> 0.606132
8,367,0 -> 0.393868
8,368,1 -> 0.606132
8,368,0 -> 0.393868
8,369,1 -> 0.606132
8,369,0 -> 0.393868
8,370,1 -> 0.606132
8,370,0 -> 0.393868
8,371,0 -> 0.606132
8,371,1 -> 0.393868
8,372,1 -> 0.606132
8,372,0 -> 0.393868
8,373,1 -> 0.606132
8,373,0 -> 0.393868
8,374,1 -> 0.606132
8,374,0 -> 0.393868
8,375,1 -> 0.606132
8,375,0 -> 0.393868
8,376,1 -> 0.606132
8,376,0 -> 0.393868
8,377,0 -> 0.606132
8,377,1 -> 0.393868
8,378,1 -> 0.606132
8,378,0 -> 0.393868
8,379,1 -> 0.606132
8,379,0 -> 0.393868
8,380,1 -> 0.606132
8,380,0 -> 0.393868
8,381,0 -> 1.0
8,381,1 -> 0.0
8,382,0 -> 1.0
8,382,1 -> 0.0
8,383,0 -> 1.0
8,383,1 -> 0.0
8,384,0 -> 1.0
8,384,1 -> 0.0
8,385,1 -> 1.0
8,385,0 -> 0.0
8,386,0 -> 1.0
8,386,1 -> 0.0
8,387,0 -> 1.0
8,387,1 -> 0.0
8,388,0 -> 1.0
8,388,1 -> 0.0
8,389,0 -> 1.0
8,389,1 -> 0.0
8,390,0 -> 1.0
8,390,1 -> 0.0
8,391,1 -> 1.0
8,391,0 -> 0.0
8,392,0 -> 1.0
8,392,1 -> 0.0
8,393,0 -> 1.0
8,393,1 -> 0.0
8,394,0 -> 1.0
8,394,1 -> 0.0
8,395,0 -> 1.0
8,395,1 -> 0.0
8,396,1 -> 1.0
8,396,0 -> 0.0
8,397,0 -> 1.0
8,397,1 -> 0.0
8,398,0 -> 1.0
8,398,1 -> 0.0
8,399,0 -> 1.0
8,399,1 -> 0.0
8,400,1 -> 1.0
8,400,0 -> 0.0
8,401,0 -> 1.0
8,401,1 -> 0.0
8,402,0 -> 1.0
8,402,1 -> 0.0
8,403,0 -> 1.0
8,403,1 -> 0.0
8,404,1 -> 1.0
8,404,0 -> 0.0
8,405,1 -> 1.0
8,405,0 -> 0.0
8,406,1 -> 1.0
8,406,0 -> 0.0
8,407,0 -> 1.0
8,407,1 -> 0.0
8,408,0 -> 1.0
8,408,1 -> 0.0
8,409,0 -> 1.0
8,409,1 -> 0.0
8,410,0 -> 1.0
8,410,1 -> 0.0
8,411,1 -> 1.0
8,411,0 -> 0.0
8,412,0 -> 1.0
8,412,1 -> 0.0
8,413,0 -> 1.0
8,413,1 -> 0.0
8,414,0 -> 1.0
8,414,1 -> 0.0
8,415,1 -> 1.0
8,415,0 -> 0.0
8,416,0 -> 1.0
8,416,1 -> 0.0
8,417,0 -> 1.0
8,417,1 -> 0.0
8,418,0 -> 1.0
8,418,1 -> 0.0
8,419,1 -> 1.0
8,419,0 -> 0.0
8,420,1 -> 1.0
8,420,0 -> 0.0
8,421,1 -> 1.0
8,421,0 -> 0.0
8,422,0 -> 1.0
8,422,1 -> 0.0
8,423,0 -> 1.0
8,423,1 -> 0.0
8,424,0 -> 1.0
8,424,1 -> 0.0
8,425,1 -> 1.0
8,425,0 -> 0.0
8,426,0 -> 1.0
8,426,1 -> 0.0
8,427,0 -> 1.0
8,427,1 -> 0.0
8,428,0 -> 1.0
8,428,1 -> 0.0
8,429,1 -> 1.0
8,429,0 -> 0.0
8,430,1 -> 1.0
8,430,0 -> 0.0
8,431,1 -> 1.0
8,431,0 -> 0.0
8,432,0 -> 1.0
8,432,1 -> 0.0
8,433,0 -> 1.0
8,433,1 -> 0.0
8,434,0 -> 1.0
8,434,1 -> 0.0
8,435,1 -> 1.0
8,435,0 -> 0.0
8,436,1 -> 1.0
8,436,0 -> 0.0
8,437,1 -> 1.0
8,437,0 -> 0.0
8,438,0 -> 1.0
8,438,1 -> 0.0
8,439,0 -> 1.0
8,439,1 -> 0.0
8,440,0 -> 1.0
8,440,1 -> 0.0
8,441,1 -> 1.0
8,441,0 -> 0.0
8,442,1 -> 1.0
8,442,0 -> 0.0
8,443,1 -> 1.0
8,443,0 -> 0.0
8,444,0 -> 1.0
8,444,1 -> 0.0
8,445,1 -> 1.0
8,445,0 -> 0.0
8,446,0 -> 1.0
8,446,1 -> 0.0
8,447,0 -> 1.0
8,447,1 -> 0.0
8,448,0 -> 1.0
8,448,1 -> 0.0
8,449,1 -> 1.0
8,449,0 -> 0.0
8,450,1 -> 1.0
8,450,0 -> 0.0
8,451,1 -> 1.0
8,451,0 -> 0.0
8,452,0 -> 1.0
8,452,1 -> 0.0
8,453,0 -> 1.0
8,453,1 -> 0.0
8,454,0 -> 1.0
8,454,1 -> 0.0
8,455,1 -> 1.0
8,455,0 -> 0.0
8,456,1 -> 1.0
8,456,0 -> 0.0
8,457,1 -> 1.0
8,457,0 -> 0.0
8,458,0 -> 1.0
8,458,1 -> 0.0
8,459,0 -> 1.0
8,459,1 -> 0.0
8,460,0 -> 1.0
8,460,1 -> 0.0
8,461,1 -> 1.0
8,461,0 -> 0.0
8,462,1 -> 1.0
8,462,0 -> 0.0
8,463,1 -> 1.0
8,463,0 -> 0.0
8,464,0 -> 1.0
8,464,1 -> 0.0
8,465,1 -> 1.0
8,465,0 -> 0.0
8,466,1 -> 1.0
8,466,0 -> 0.0
8,467,1 -> 1.0
8,467,0 -> 0.0
8,468,0 -> 1.0
8,468,1 -> 0.0
8,469,0 -> 1.0
8,469,1 -> 0.0
8,470,0 -> 1.0
8,470,1 -> 0.0
8,471,1 -> 1.0
8,471,0 -> 0.0
8,472,1 -> 1.0
8,472,0 -> 0.0
8,473,1 -> 1.0
8,473,0 -> 0.0
8,474,0 -> 1.0
8,474,1 -> 0.0
8,475,1 -> 1.0
8,475,0 -> 0.0
8,476,1 -> 1.0
8,476,0 -> 0.0
8,477,1 -> 1.0
8,477,0 -> 0.0
8,478,0 -> 1.0
8,478,1 -> 0.0
8,479,1 -> 1.0
8,479,0 -> 0.0
8,480,1 -> 1.0
8,480,0 -> 0.0
8,481,1 -> 1.0
8,481,0 -> 0.0
8,482,1 -> 1.0
8,482,0 -> 0.0
8,483,0 -> 1.0
8,483,1 -> 0.0
8,484,0 -> 1.0
8,484,1 -> 0.0
8,485,0 -> 1.0
8,485,1 -> 0.0
8,486,1 -> 1.0
8,486,0 -> 0.0
8,487,1 -> 1.0
8,487,0 -> 0.0
8,488,1 -> 1.0
8,488,0 -> 0.0
8,489,0 -> 1.0
8,489,1 -> 0.0
8,490,1 -> 1.0
8,490,0 -> 0.0
8,491,1 -> 1.0
8,491,0 -> 0.0
8,492,1 -> 1.0
8,492,0 -> 0.0
8,493,0 -> 1.0
8,493,1 -> 0.0
8,494,1 -> 1.0
8,494,0 -> 0.0
8,495,1 -> 1.0
8,495,0 -> 0.0
8,496,1 -> 1.0
8,496,0 -> 0.0
8,497,1 -> 1.0
8,497,0 -> 0.0
8,498,0 -> 1.0
8,498,1 -> 0.0
8,499,1 -> 1.0
8,499,0 -> 0.0
8,500,1 -> 1.0
8,500,0 -> 0.0
8,501,1 -> 1.0
8,501,0 -> 0.0
8,502,1 -> 1.0
8,502,0 -> 0.0
8,503,1 -> 1.0
8,503,0 -> 0.0
8,504,0 -> 1.0
8,504,1 -> 0.0
8,505,1 -> 1.0
8,505,0 -> 0.0
8,506,1 -> 1.0
8,506,0 -> 0.0
8,507,1 -> 1.0
8,507,0 -> 0.0
8,508,0 -> 0.75
8,508,1 -> 0.25
8,509,0 -> 0.75
8,509,1 -> 0.25
8,510,0 -> 0.75
8,510,1 -> 0.25
8,511,0 -> 0.75
8,511,1 -> 0.25
8,512,1 -> 0.75
8,512,0 -> 0.25
8,513,0 -> 0.75
8,513,1 -> 0.25
8,514,0 -> 0.75
8,514,1 -> 0.25
8,515,0 -> 0.75
8,515,1 -> 0.25
8,516,0 -> 0.75
8,516,1 -> 0.25
8,517,0 -> 0.75
8,517,1 -> 0.25
8,518,1 -> 0.75
8,518,0 -> 0.25
8,519,0 -> 0.75
8,519,1 -> 0.25
8,520,0 -> 0.75
8,520,1 -> 0.25
8,521,0 -> 0.75
8,521,1 -> 0.25
8,522,0 -> 0.75
8,522,1 -> 0.25
8,523,1 -> 0.75
8,523,0 -> 0.25
8,524,0 -> 0.75
8,524,1 -> 0.25
8,525,0 -> 0.75
8,525,1 -> 0.25
8,526,0 -> 0.75
8,526,1 -> 0.25
8,527,1 -> 0.75
8,527,0 -> 0.25
8,528,0 -> 0.75
8,528,1 -> 0.25
8,529,0 -> 0.75
8,529,1 -> 0.25
8,530,0 -> 0.75
8,530,1 -> 0.25
8,531,1 -> 0.75
8,531,0 -> 0.25
8,532,1 -> 0.75
8,532,0 -> 0.25
8,533,1 -> 0.75
8,533,0 -> 0.25
8,534,0 -> 0.75
8,534,1 -> 0.25
8,535,0 -> 0.75
8,535,1 -> 0.25
8,536,0 -> 0.75
8,536,1 -> 0.25
8,537,0 -> 0.75
8,537,1 -> 0.25
8,538,1 -> 0.75
8,538,0 -> 0.25
8,539,0 -> 0.75
8,539,1 -> 0.25
8,540,0 -> 0.75
8,540,1 -> 0.25
8,541,0 -> 0.75
8,541,1 -> 0.25
8,542,1 -> 0.75
8,542,0 -> 0.25
8,543,0 -> 0.75
8,543,1 -> 0.25
8,544,0 -> 0.75
8,544,1 -> 0.25
8,545,0 -> 0.75
8,545,1 -> 0.25
8,546,1 -> 0.75
8,546,0 -> 0.25
8,547,1 -> 0.75
8,547,0 -> 0.25
8,548,1 -> 0.75
8,548,0 -> 0.25
8,549,0 -> 0.75
8,549,1 -> 0.25
8,550,0 -> 0.75
8,550,1 -> 0.25
8,551,0 -> 0.75
8,551,1 -> 0.25
8,552,1 -> 0.75
8,552,0 -> 0.25
8,553,0 -> 0.75
8,553,1 -> 0.25
8,554,0 -> 0.75
8,554,1 -> 0.25
8,555,0 -> 0.75
8,555,1 -> 0.25
8,556,1 -> 0.75
8,556,0 -> 0.25
8,557,1 -> 0.75
8,557,0 -> 0.25
8,558,1 -> 0.75
8,558,0 -> 0.25
8,559,0 -> 0.75
8,559,1 -> 0.25
8,560,0 -> 0.75
8,560,1 -> 0.25
8,561,0 -> 0.75
8,561,1 -> 0.25
8,562,1 -> 0.75
8,562,0 -> 0.25
8,563,1 -> 0.75
8,563,0 -> 0.25
8,564,1 -> 0.75
8,564,0 -> 0.25
8,565,0 -> 0.75
8,565,1 -> 0.25
8,566,0 -> 0.75
8,566,1 -> 0.25
8,567,0 -> 0.75
8,567,1 -> 0.25
8,568,1 -> 0.75
8,568,0 -> 0.25
8,569,1 -> 0.75
8,569,0 -> 0.25
8,570,1 -> 0.75
8,570,0 -> 0.25
8,571,0 -> 0.75
8,571,1 -> 0.25
8,572,1 -> 0.75
8,572,0 -> 0.25
8,573,0 -> 0.75
8,573,1 -> 0.25
8,574,0 -> 0.75
8,574,1 -> 0.25
8,575,0 -> 0.75
8,575,1 -> 0.25
8,576,1 -> 0.75
8,576,0 -> 0.25
8,577,1 -> 0.75
8,577,0 -> 0.25
8,578,1 -> 0.75
8,578,0 -> 0.25
8,579,0 -> 0.75
8,579,1 -> 0.25
8,580,0 -> 0.75
8,580,1 -> 0.25
8,581,0 -> 0.75
8,581,1 -> 0.25
8,582,1 -> 0.75
8,582,0 -> 0.25
8,583,1 -> 0.75
8,583,0 -> 0.25
8,584,1 -> 0.75
8,584,0 -> 0.25
8,585,0 -> 0.75
8,585,1 -> 0.25
8,586,0 -> 0.75
8,586,1 -> 0.25
8,587,0 -> 0.75
8,587,1 -> 0.25
8,588,1 -> 0.75
8,588,0 -> 0.25
8,589,1 -> 0.75
8,589,0 -> 0.25
8,590,1 -> 0.75
8,590,0 -> 0.25
8,591,0 -> 0.75
8,591,1 -> 0.25
8,592,1 -> 0.75
8,592,0 -> 0.25
8,593,1 -> 0.75
8,593,0 -> 0.25
8,594,1 -> 0.75
8,594,0 -> 0.25
8,595,0 -> 0.75
8,595,1 -> 0.25
8,596,0 -> 0.75
8,596,1 -> 0.25
8,597,0 -> 0.75
8,597,1 -> 0.25
8,598,1 -> 0.75
8,598,0 -> 0.25
8,599,1 -> 0.75
8,599,0 -> 0.25
8,600,1 -> 0.75
8,600,0 -> 0.25
8,601,0 -> 0.75
8,601,1 -> 0.25
8,602,1 -> 0.75
8,602,0 -> 0.25
8,603,1 -> 0.75
8,603,0 -> 0.25
8,604,1 -> 0.75
8,604,0 -> 0.25
8,605,0 -> 0.75
8,605,1 -> 0.25
8,606,1 -> 0.75
8,606,0 -> 0.25
8,607,1 -> 0.75
8,607,0 -> 0.25
8,608,1 -> 0.75
8,608,0 -> 0.25
8,609,1 -> 0.75
8,609,0 -> 0.25
8,610,0 -> 0.75
8,610,1 -> 0.25
8,611,0 -> 0.75
8,611,1 -> 0.25
8,612,0 -> 0.75
8,612,1 -> 0.25
8,613,1 -> 0.75
8,613,0 -> 0.25
8,614,1 -> 0.75
8,614,0 -> 0.25
8,615,1 -> 0.75
8,615,0 -> 0.25
8,616,0 -> 0.75
8,616,1 -> 0.25
8,617,1 -> 0.75
8,617,0 -> 0.25
8,618,1 -> 0.75
8,618,0 -> 0.25
8,619,1 -> 0.75
8,619,0 -> 0.25
8,620,0 -> 0.75
8,620,1 -> 0.25
8,621,1 -> 0.75
8,621,0 -> 0.25
8,622,1 -> 0.75
8,622,0 -> 0.25
8,623,1 -> 0.75
8,623,0 -> 0.25
8,624,1 -> 0.75
8,624,0 -> 0.25
8,625,0 -> 0.75
8,625,1 -> 0.25
8,626,1 -> 0.75
8,626,0 -> 0.25
8,627,1 -> 0.75
8,627,0 -> 0.25
8,628,1 -> 0.75
8,628,0 -> 0.25
8,629,1 -> 0.75
8,629,0 -> 0.25
8,630,1 -> 0.75
8,630,0 -> 0.25
8,631,0 -> 0.75
8,631,1 -> 0.25
8,632,1 -> 0.75
8,632,0 -> 0.25
8,633,1 -> 0.75
8,633,0 -> 0.25
8,634,1 -> 0.75
8,634,0 -> 0.25
8,635,0 -> 0.625
8,635,1 -> 0.375
8,636,0 -> 0.625
8,636,1 -> 0.375
8,637,0 -> 0.625
8,637,1 -> 0.375
8,638,0 -> 0.625
8,638,1 -> 0.375
8,639,1 -> 0.625
8,639,0 -> 0.375
8,640,0 -> 0.625
8,640,1 -> 0.375
8,641,0 -> 0.625
8,641,1 -> 0.375
8,642,0 -> 0.625
8,642,1 -> 0.375
8,643,0 -> 0.625
8,643,1 -> 0.375
8,644,0 -> 0.625
8,644,1 -> 0.375
8,645,1 -> 0.625
8,645,0 -> 0.375
8,646,0 -> 0.625
8,646,1 -> 0.375
8,647,0 -> 0.625
8,647,1 -> 0.375
8,648,0 -> 0.625
8,648,1 -> 0.375
8,649,0 -> 0.625
8,649,1 -> 0.375
8,650,1 -> 0.625
8,650,0 -> 0.375
8,651,0 -> 0.625
8,651,1 -> 0.375
8,652,0 -> 0.625
8,652,1 -> 0.375
8,653,0 -> 0.625
8,653,1 -> 0.375
8,654,1 -> 0.625
8,654,0 -> 0.375
8,655,0 -> 0.625
8,655,1 -> 0.375
8,656,0 -> 0.625
8,656,1 -> 0.375
8,657,0 -> 0.625
8,657,1 -> 0.375
8,658,1 -> 0.625
8,658,0 -> 0.375
8,659,1 -> 0.625
8,659,0 -> 0.375
8,660,1 -> 0.625
8,660,0 -> 0.375
8,661,0 -> 0.625
8,661,1 -> 0.375
8,662,0 -> 0.625
8,662,1 -> 0.375
8,663,0 -> 0.625
8,663,1 -> 0.375
8,664,0 -> 0.625
8,664,1 -> 0.375
8,665,1 -> 0.625
8,665,0 -> 0.375
8,666,0 -> 0.625
8,666,1 -> 0.375
8,667,0 -> 0.625
8,667,1 -> 0.375
8,668,0 -> 0.625
8,668,1 -> 0.375
8,669,1 -> 0.625
8,669,0 -> 0.375
8,670,0 -> 0.625
8,670,1 -> 0.375
8,671,0 -> 0.625
8,671,1 -> 0.375
8,672,0 -> 0.625
8,672,1 -> 0.375
8,673,1 -> 0.625
8,673,0 -> 0.375
8,674,1 -> 0.625
8,674,0 -> 0.375
8,675,1 -> 0.625
8,675,0 -> 0.375
8,676,0 -> 0.625
8,676,1 -> 0.375
8,677,0 -> 0.625
8,677,1 -> 0.375
8,678,0 -> 0.625
8,678,1 -> 0.375
8,679,1 -> 0.625
8,679,0 -> 0.375
8,680,0 -> 0.625
8,680,1 -> 0.375
8,681,0 -> 0.625
8,681,1 -> 0.375
8,682,0 -> 0.625
8,682,1 -> 0.375
8,683,1 -> 0.625
8,683,0 -> 0.375
8,684,1 -> 0.625
8,684,0 -> 0.375
8,685,1 -> 0.625
8,685,0 -> 0.375
8,686,0 -> 0.625
8,686,1 -> 0.375
8,687,0 -> 0.625
8,687,1 -> 0.375
8,688,0 -> 0.625
8,688,1 -> 0.375
8,689,1 -> 0.625
8,689,0 -> 0.375
8,690,1 -> 0.625
8,690,0 -> 0.375
8,691,1 -> 0.625
8,691,0 -> 0.375
8,692,0 -> 0.625
8,692,1 -> 0.375
8,693,0 -> 0.625
8,693,1 -> 0.375
8,694,0 -> 0.625
8,694,1 -> 0.375
8,695,1 -> 0.625
8,695,0 -> 0.375
8,696,1 -> 0.625
8,696,0 -> 0.375
8,697,1 -> 0.625
8,697,0 -> 0.375
8,698,0 -> 0.625
8,698,1 -> 0.375
8,699,1 -> 0.625
8,699,0 -> 0.375
8,700,0 -> 0.625
8,700,1 -> 0.375
8,701,0 -> 0.625
8,701,1 -> 0.375
8,702,0 -> 0.625
8,702,1 -> 0.375
8,703,1 -> 0.625
8,703,0 -> 0.375
8,704,1 -> 0.625
8,704,0 -> 0.375
8,705,1 -> 0.625
8,705,0 -> 0.375
8,706,0 -> 0.625
8,706,1 -> 0.375
8,707,0 -> 0.625
8,707,1 -> 0.375
8,708,0 -> 0.625
8,708,1 -> 0.375
8,709,1 -> 0.625
8,709,0 -> 0.375
8,710,1 -> 0.625
8,710,0 -> 0.375
8,711,1 -> 0.625
8,711,0 -> 0.375
8,712,0 -> 0.625
8,712,1 -> 0.375
8,713,0 -> 0.625
8,713,1 -> 0.375
8,714,0 -> 0.625
8,714,1 -> 0.375
8,715,1 -> 0.625
8,715,0 -> 0.375
8,716,1 -> 0.625
8,716,0 -> 0.375
8,717,1 -> 0.625
8,717,0 -> 0.375
8,718,0 -> 0.625
8,718,1 -> 0.375
8,719,1 -> 0.625
8,719,0 -> 0.375
8,720,1 -> 0.625
8,720,0 -> 0.375
8,721,1 -> 0.625
8,721,0 -> 0.375
8,722,0 -> 0.625
8,722,1 -> 0.375
8,723,0 -> 0.625
8,723,1 -> 0.375
8,724,0 -> 0.625
8,724,1 -> 0.375
8,725,1 -> 0.625
8,725,0 -> 0.375
8,726,1 -> 0.625
8,726,0 -> 0.375
8,727,1 -> 0.625
8,727,0 -> 0.375
8,728,0 -> 0.625
8,728,1 -> 0.375
8,729,1 -> 0.625
8,729,0 -> 0.375
8,730,1 -> 0.625
8,730,0 -> 0.375
8,731,1 -> 0.625
8,731,0 -> 0.375
8,732,0 -> 0.625
8,732,1 -> 0.375
8,733,1 -> 0.625
8,733,0 -> 0.375
8,734,1 -> 0.625
8,734,0 -> 0.375
8,735,1 -> 0.625
8,735,0 -> 0.375
8,736,1 -> 0.625
8,736,0 -> 0.375
8,737,0 -> 0.625
8,737,1 -> 0.375
8,738,0 -> 0.625
8,738,1 -> 0.375
8,739,0 -> 0.625
8,739,1 -> 0.375
8,740,1 -> 0.625
8,740,0 -> 0.375
8,741,1 -> 0.625
8,741,0 -> 0.375
8,742,1 -> 0.625
8,742,0 -> 0.375
8,743,0 -> 0.625
8,743,1 -> 0.375
8,744,1 -> 0.625
8,744,0 -> 0.375
8,745,1 -> 0.625
8,745,0 -> 0.375
8,746,1 -> 0.625
8,746,0 -> 0.375
8,747,0 -> 0.625
8,747,1 -> 0.375
8,748,1 -> 0.625
8,748,0 -> 0.375
8,749,1 -> 0.625
8,749,0 -> 0.375
8,750,1 -> 0.625
8,750,0 -> 0.375
8,751,1 -> 0.625
8,751,0 -> 0.375
8,752,0 -> 0.625
8,752,1 -> 0.375
8,753,1 -> 0.625
8,753,0 -> 0.375
8,754,1 -> 0.625
8,754,0 -> 0.375
8,755,1 -> 0.625
8,755,0 -> 0.375
8,756,1 -> 0.625
8,756,0 -> 0.375
8,757,1 -> 0.625
8,757,0 -> 0.375
8,758,0 -> 0.625
8,758,1 -> 0.375
8,759,1 -> 0.625
8,759,0 -> 0.375
8,760,1 -> 0.625
8,760,0 -> 0.375
8,761,1 -> 0.625
8,761,0 -> 0.375
8,762,0 -> 0.75
8,762,1 -> 0.25
8,763,0 -> 0.75
8,763,1 -> 0.25
8,764,0 -> 0.75
8,764,1 -> 0.25
8,765,0 -> 0.75
8,765,1 -> 0.25
8,766,1 -> 0.75
8,766,0 -> 0.25
8,767,0 -> 0.75
8,767,1 -> 0.25
8,768,0 -> 0.75
8,768,1 -> 0.25
8,769,0 -> 0.75
8,769,1 -> 0.25
8,770,0 -> 0.75
8,770,1 -> 0.25
8,771,0 -> 0.75
8,771,1 -> 0.25
8,772,1 -> 0.75
8,772,0 -> 0.25
8,773,0 -> 0.75
8,773,1 -> 0.25
8,774,0 -> 0.75
8,774,1 -> 0.25
8,775,0 -> 0.75
8,775,1 -> 0.25
8,776,0 -> 0.75
8,776,1 -> 0.25
8,777,1 -> 0.75
8,777,0 -> 0.25
8,778,0 -> 0.75
8,778,1 -> 0.25
8,779,0 -> 0.75
8,779,1 -> 0.25
8,780,0 -> 0.75
8,780,1 -> 0.25
8,781,1 -> 0.75
8,781,0 -> 0.25
8,782,0 -> 0.75
8,782,1 -> 0.25
8,783,0 -> 0.75
8,783,1 -> 0.25
8,784,0 -> 0.75
8,784,1 -> 0.25
8,785,1 -> 0.75
8,785,0 -> 0.25
8,786,1 -> 0.75
8,786,0 -> 0.25
8,787,1 -> 0.75
8,787,0 -> 0.25
8,788,0 -> 0.75
8,788,1 -> 0.25
8,789,0 -> 0.75
8,789,1 -> 0.25
8,790,0 -> 0.75
8,790,1 -> 0.25
8,791,0 -> 0.75
8,791,1 -> 0.25
8,792,1 -> 0.75
8,792,0 -> 0.25
8,793,0 -> 0.75
8,793,1 -> 0.25
8,794,0 -> 0.75
8,794,1 -> 0.25
8,795,0 -> 0.75
8,795,1 -> 0.25
8,796,1 -> 0.75
8,796,0 -> 0.25
8,797,0 -> 0.75
8,797,1 -> 0.25
8,798,0 -> 0.75
8,798,1 -> 0.25
8,799,0 -> 0.75
8,799,1 -> 0.25
8,800,1 -> 0.75
8,800,0 -> 0.25
8,801,1 -> 0.75
8,801,0 -> 0.25
8,802,1 -> 0.75
8,802,0 -> 0.25
8,803,0 -> 0.75
8,803,1 -> 0.25
8,804,0 -> 0.75
8,804,1 -> 0.25
8,805,0 -> 0.75
8,805,1 -> 0.25
8,806,1 -> 0.75
8,806,0 -> 0.25
8,807,0 -> 0.75
8,807,1 -> 0.25
8,808,0 -> 0.75
8,808,1 -> 0.25
8,809,0 -> 0.75
8,809,1 -> 0.25
8,810,1 -> 0.75
8,810,0 -> 0.25
8,811,1 -> 0.75
8,811,0 -> 0.25
8,812,1 -> 0.75
8,812,0 -> 0.25
8,813,0 -> 0.75
8,813,1 -> 0.25
8,814,0 -> 0.75
8,814,1 -> 0.25
8,815,0 -> 0.75
8,815,1 -> 0.25
8,816,1 -> 0.75
8,816,0 -> 0.25
8,817,1 -> 0.75
8,817,0 -> 0.25
8,818,1 -> 0.75
8,818,0 -> 0.25
8,819,0 -> 0.75
8,819,1 -> 0.25
8,820,0 -> 0.75
8,820,1 -> 0.25
8,821,0 -> 0.75
8,821,1 -> 0.25
8,822,1 -> 0.75
8,822,0 -> 0.25
8,823,1 -> 0.75
8,823,0 -> 0.25
8,824,1 -> 0.75
8,824,0 -> 0.25
8,825,0 -> 0.75
8,825,1 -> 0.25
8,826,1 -> 0.75
8,826,0 -> 0.25
8,827,0 -> 0.75
8,827,1 -> 0.25
8,828,0 -> 0.75
8,828,1 -> 0.25
8,829,0 -> 0.75
8,829,1 -> 0.25
8,830,1 -> 0.75
8,830,0 -> 0.25
8,831,1 -> 0.75
8,831,0 -> 0.25
8,832,1 -> 0.75
8,832,0 -> 0.25
8,833,0 -> 0.75
8,833,1 -> 0.25
8,834,0 -> 0.75
8,834,1 -> 0.25
8,835,0 -> 0.75
8,835,1 -> 0.25
8,836,1 -> 0.75
8,836,0 -> 0.25
8,837,1 -> 0.75
8,837,0 -> 0.25
8,838,1 -> 0.75
8,838,0 -> 0.25
8,839,0 -> 0.75
8,839,1 -> 0.25
8,840,0 -> 0.75
8,840,1 -> 0.25
8,841,0 -> 0.75
8,841,1 -> 0.25
8,842,1 -> 0.75
8,842,0 -> 0.25
8,843,1 -> 0.75
8,843,0 -> 0.25
8,844,1 -> 0.75
8,844,0 -> 0.25
8,845,0 -> 0.75
8,845,1 -> 0.25
8,846,1 -> 0.75
8,846,0 -> 0.25
8,847,1 -> 0.75
8,847,0 -> 0.25
8,848,1 -> 0.75
8,848,0 -> 0.25
8,849,0 -> 0.75
8,849,1 -> 0.25
8,850,0 -> 0.75
8,850,1 -> 0.25
8,851,0 -> 0.75
8,851,1 -> 0.25
8,852,1 -> 0.75
8,852,0 -> 0.25
8,853,1 -> 0.75
8,853,0 -> 0.25
8,854,1 -> 0.75
8,854,0 -> 0.25
8,855,0 -> 0.75
8,855,1 -> 0.25
8,856,1 -> 0.75
8,856,0 -> 0.25
8,857,1 -> 0.75
8,857,0 -> 0.25
8,858,1 -> 0.75
8,858,0 -> 0.25
8,859,0 -> 0.75
8,859,1 -> 0.25
8,860,1 -> 0.75
8,860,0 -> 0.25
8,861,1 -> 0.75
8,861,0 -> 0.25
8,862,1 -> 0.75
8,862,0 -> 0.25
8,863,1 -> 0.75
8,863,0 -> 0.25
8,864,0 -> 0.75
8,864,1 -> 0.25
8,865,0 -> 0.75
8,865,1 -> 0.25
8,866,0 -> 0.75
8,866,1 -> 0.25
8,867,1 -> 0.75
8,867,0 -> 0.25
8,868,1 -> 0.75
8,868,0 -> 0.25
8,869,1 -> 0.75
8,869,0 -> 0.25
8,870,0 -> 0.75
8,870,1 -> 0.25
8,871,1 -> 0.75
8,871,0 -> 0.25
8,872,1 -> 0.75
8,872,0 -> 0.25
8,873,1 -> 0.75
8,873,0 -> 0.25
8,874,0 -> 0.75
8,874,1 -> 0.25
8,875,1 -> 0.75
8,875,0 -> 0.25
8,876,1 -> 0.75
8,876,0 -> 0.25
8,877,1 -> 0.75
8,877,0 -> 0.25
8,878,1 -> 0.75
8,878,0 -> 0.25
8,879,0 -> 0.75
8,879,1 -> 0.25
8,880,1 -> 0.75
8,880,0 -> 0.25
8,881,1 -> 0.75
8,881,0 -> 0.25
8,882,1 -> 0.75
8,882,0 -> 0.25
8,883,1 -> 0.75
8,883,0 -> 0.25
8,884,1 -> 0.75
8,884,0 -> 0.25
8,885,0 -> 0.75
8,885,1 -> 0.25
8,886,1 -> 0.75
8,886,0 -> 0.25
8,887,1 -> 0.75
8,887,0 -> 0.25
8,888,1 -> 0.75
8,888,0 -> 0.25
8,889,0 -> 0.687607
8,889,1 -> 0.312393
8,890,0 -> 0.687607
8,890,1 -> 0.312393
8,891,0 -> 0.687607
8,891,1 -> 0.312393
8,892,0 -> 0.687607
8,892,1 -> 0.312393
8,893,1 -> 0.687607
8,893,0 -> 0.312393
8,894,0 -> 0.687607
8,894,1 -> 0.312393
8,895,0 -> 0.687607
8,895,1 -> 0.312393
8,896,0 -> 0.687607
8,896,1 -> 0.312393
8,897,0 -> 0.687607
8,897,1 -> 0.312393
8,898,0 -> 0.687607
8,898,1 -> 0.312393
8,899,1 -> 0.687607
8,899,0 -> 0.312393
8,900,0 -> 0.687607
8,900,1 -> 0.312393
8,901,0 -> 0.687607
8,901,1 -> 0.312393
8,902,0 -> 0.687607
8,902,1 -> 0.312393
8,903,0 -> 0.687607
8,903,1 -> 0.312393
8,904,1 -> 0.687607
8,904,0 -> 0.312393
8,905,0 -> 0.687607
8,905,1 -> 0.312393
8,906,0 -> 0.687607
8,906,1 -> 0.312393
8,907,0 -> 0.687607
8,907,1 -> 0.312393
8,908,1 -> 0.687607
8,908,0 -> 0.312393
8,909,0 -> 0.687607
8,909,1 -> 0.312393
8,910,0 -> 0.687607
8,910,1 -> 0.312393
8,911,0 -> 0.687607
8,911,1 -> 0.312393
8,912,1 -> 0.687607
8,912,0 -> 0.312393
8,913,1 -> 0.687607
8,913,0 -> 0.312393
8,914,1 -> 0.687607
8,914,0 -> 0.312393
8,915,0 -> 0.687607
8,915,1 -> 0.312393
8,916,0 -> 0.687607
8,916,1 -> 0.312393
8,917,0 -> 0.687607
8,917,1 -> 0.312393
8,918,0 -> 0.687607
8,918,1 -> 0.312393
8,919,1 -> 0.687607
8,919,0 -> 0.312393
8,920,0 -> 0.687607
8,920,1 -> 0.312393
8,921,0 -> 0.687607
8,921,1 -> 0.312393
8,922,0 -> 0.687607
8,922,1 -> 0.312393
8,923,1 -> 0.687607
8,923,0 -> 0.312393
8,924,0 -> 0.687607
8,924,1 -> 0.312393
8,925,0 -> 0.687607
8,925,1 -> 0.312393
8,926,0 -> 0.687607
8,926,1 -> 0.312393
8,927,1 -> 0.687607
8,927,0 -> 0.312393
8,928,1 -> 0.687607
8,928,0 -> 0.312393
8,929,1 -> 0.687607
8,929,0 -> 0.312393
8,930,0 -> 0.687607
8,930,1 -> 0.312393
8,931,0 -> 0.687607
8,931,1 -> 0.312393
8,932,0 -> 0.687607
8,932,1 -> 0.312393
8,933,1 -> 0.687607
8,933,0 -> 0.312393
8,934,0 -> 0.687607
8,934,1 -> 0.312393
8,935,0 -> 0.687607
8,935,1 -> 0.312393
8,936,0 -> 0.687607
8,936,1 -> 0.312393
8,937,1 -> 0.687607
8,937,0 -> 0.312393
8,938,1 -> 0.687607
8,938,0 -> 0.312393
8,939,1 -> 0.687607
8,939,0 -> 0.312393
8,940,0 -> 0.687607
8,940,1 -> 0.312393
8,941,0 -> 0.687607
8,941,1 -> 0.312393
8,942,0 -> 0.687607
8,942,1 -> 0.312393
8,943,1 -> 0.687607
8,943,0 -> 0.312393
8,944,1 -> 0.687607
8,944,0 -> 0.312393
8,945,1 -> 0.687607
8,945,0 -> 0.312393
8,946,0 -> 0.687607
8,946,1 -> 0.312393
8,947,0 -> 0.687607
8,947,1 -> 0.312393
8,948,0 -> 0.687607
8,948,1 -> 0.312393
8,949,1 -> 0.687607
8,949,0 -> 0.312393
8,950,1 -> 0.687607
8,950,0 -> 0.312393
8,951,1 -> 0.687607
8,951,0 -> 0.312393
8,952,0 -> 0.687607
8,952,1 -> 0.312393
8,953,1 -> 0.687607
8,953,0 -> 0.312393
8,954,0 -> 0.687607
8,954,1 -> 0.312393
8,955,0 -> 0.687607
8,955,1 -> 0.312393
8,956,0 -> 0.687607
8,956,1 -> 0.312393
8,957,1 -> 0.687607
8,957,0 -> 0.312393
8,958,1 -> 0.687607
8,958,0 -> 0.312393
8,959,1 -> 0.687607
8,959,0 -> 0.312393
8,960,0 -> 0.687607
8,960,1 -> 0.312393
8,961,0 -> 0.687607
8,961,1 -> 0.312393
8,962,0 -> 0.687607
8,962,1 -> 0.312393
8,963,1 -> 0.687607
8,963,0 -> 0.312393
8,964,1 -> 0.687607
8,964,0 -> 0.312393
8,965,1 -> 0.687607
8,965,0 -> 0.312393
8,966,0 -> 0.687607
8,966,1 -> 0.312393
8,967,0 -> 0.687607
8,967,1 -> 0.312393
8,968,0 -> 0.687607
8,968,1 -> 0.312393
8,969,1 -> 0.687607
8,969,0 -> 0.312393
8,970,1 -> 0.687607
8,970,0 -> 0.312393
8,971,1 -> 0.687607
8,971,0 -> 0.312393
8,972,0 -> 0.687607
8,972,1 -> 0.312393
8,973,1 -> 0.687607
8,973,0 -> 0.312393
8,974,1 -> 0.687607
8,974,0 -> 0.312393
8,975,1 -> 0.687607
8,975,0 -> 0.312393
8,976,0 -> 0.687607
8,976,1 -> 0.312393
8,977,0 -> 0.687607
8,977,1 -> 0.312393
8,978,0 -> 0.687607
8,978,1 -> 0.312393
8,979,1 -> 0.687607
8,979,0 -> 0.312393
8,980,1 -> 0.687607
8,980,0 -> 0.312393
8,981,1 -> 0.687607
8,981,0 -> 0.312393
8,982,0 -> 0.687607
8,982,1 -> 0.312393
8,983,1 -> 0.687607
8,983,0 -> 0.312393
8,984,1 -> 0.687607
8,984,0 -> 0.312393
8,985,1 -> 0.687607
8,985,0 -> 0.312393
8,986,0 -> 0.687607
8,986,1 -> 0.312393
8,987,1 -> 0.687607
8,987,0 -> 0.312393
8,988,1 -> 0.687607
8,988,0 -> 0.312393
8,989,1 -> 0.687607
8,989,0 -> 0.312393
8,990,1 -> 0.687607
8,990,0 -> 0.312393
8,991,0 -> 0.687607
8,991,1 -> 0.312393
8,992,0 -> 0.687607
8,992,1 -> 0.312393
8,993,0 -> 0.687607
8,993,1 -> 0.312393
8,994,1 -> 0.687607
8,994,0 -> 0.312393
8,995,1 -> 0.687607
8,995,0 -> 0.312393
8,996,1 -> 0.687607
8,996,0 -> 0.312393
8,997,0 -> 0.687607
8,997,1 -> 0.312393
8,998,1 -> 0.687607
8,998,0 -> 0.312393
8,999,1 -> 0.687607
8,999,0 -> 0.312393
8,1000,1 -> 0.687607
8,1000,0 -> 0.312393
8,1001,0 -> 0.687607
8,1001,1 -> 0.312393
8,1002,1 -> 0.687607
8,1002,0 -> 0.312393
8,1003,1 -> 0.687607
8,1003,0 -> 0.312393
8,1004,1 -> 0.687607
8,1004,0 -> 0.312393
8,1005,1 -> 0.687607
8,1005,0 -> 0.312393
8,1006,0 -> 0.687607
8,1006,1 -> 0.312393
8,1007,1 -> 0.687607
8,1007,0 -> 0.312393
8,1008,1 -> 0.687607
8,1008,0 -> 0.312393
8,1009,1 -> 0.687607
8,1009,0 -> 0.312393
8,1010,1 -> 0.687607
8,1010,0 -> 0.312393
8,1011,1 -> 0.687607
8,1011,0 -> 0.312393
8,1012,0 -> 0.687607
8,1012,1 -> 0.312393
8,1013,1 -> 0.687607
8,1013,0 -> 0.312393
8,1014,1 -> 0.687607
8,1014,0 -> 0.312393
8,1015,1 -> 0.687607
8,1015,0 -> 0.312393
8,1016,0 -> 0.606132
8,1016,1 -> 0.393868
8,1017,0 -> 0.606132
8,1017,1 -> 0.393868
8,1018,0 -> 0.606132
8,1018,1 -> 0.393868
8,1019,0 -> 0.606132
8,1019,1 -> 0.393868
8,1020,1 -> 0.606132
8,1020,0 -> 0.393868
8,1021,0 -> 0.606132
8,1021,1 -> 0.393868
8,1022,0 -> 0.606132
8,1022,1 -> 0.393868
8,1023,0 -> 0.606132
8,1023,1 -> 0.393868
8,1024,0 -> 0.606132
8,1024,1 -> 0.393868
8,1025,0 -> 0.606132
8,1025,1 -> 0.393868
8,1026,1 -> 0.606132
8,1026,0 -> 0.393868
8,1027,0 -> 0.606132
8,1027,1 -> 0.393868
8,1028,0 -> 0.606132
8,1028,1 -> 0.393868
8,1029,0 -> 0.606132
8,1029,1 -> 0.393868
8,1030,0 -> 0.606132
8,1030,1 -> 0.393868
8,1031,1 -> 0.606132
8,1031,0 -> 0.393868
8,1032,0 -> 0.606132
8,1032,1 -> 0.393868
8,1033,0 -> 0.606132
8,1033,1 -> 0.393868
8,1034,0 -> 0.606132
8,1034,1 -> 0.393868
8,1035,1 -> 0.606132
8,1035,0 -> 0.393868
8,1036,0 -> 0.606132
8,1036,1 -> 0.393868
8,1037,0 -> 0.606132
8,1037,1 -> 0.393868
8,1038,0 -> 0.606132
8,1038,1 -> 0.393868
8,1039,1 -> 0.606132
8,1039,0 -> 0.393868
8,1040,1 -> 0.606132
8,1040,0 -> 0.393868
8,1041,1 -> 0.606132
8,1041,0 -> 0.393868
8,1042,0 -> 0.606132
8,1042,1 -> 0.393868
8,1043,0 -> 0.606132
8,1043,1 -> 0.393868
8,1044,0 -> 0.606132
8,1044,1 -> 0.393868
8,1045,0 -> 0.606132
8,1045,1 -> 0.393868
8,1046,1 -> 0.606132
8,1046,0 -> 0.393868
8,1047,0 -> 0.606132
8,1047,1 -> 0.393868
8,1048,0 -> 0.606132
8,1048,1 -> 0.393868
8,1049,0 -> 0.606132
8,1049,1 -> 0.393868
8,1050,1 -> 0.606132
8,1050,0 -> 0.393868
8,1051,0 -> 0.606132
8,1051,1 -> 0.393868
8,1052,0 -> 0.606132
8,1052,1 -> 0.393868
8,1053,0 -> 0.606132
8,1053,1 -> 0.393868
8,1054,1 -> 0.606132
8,1054,0 -> 0.393868
8,1055,1 -> 0.606132
8,1055,0 -> 0.393868
8,1056,1 -> 0.606132
8,1056,0 -> 0.393868
8,1057,0 -> 0.606132
8,1057,1 -> 0.393868
8,1058,0 -> 0.606132
8,1058,1 -> 0.393868
8,1059,0 -> 0.606132
8,1059,1 -> 0.393868
8,1060,1 -> 0.606132
8,1060,0 -> 0.393868
8,1061,0 -> 0.606132
8,1061,1 -> 0.393868
8,1062,0 -> 0.606132
8,1062,1 -> 0.393868
8,1063,0 -> 0.606132
8,1063,1 -> 0.393868
8,1064,1 -> 0.606132
8,1064,0 -> 0.393868
8,1065,1 -> 0.606132
8,1065,0 -> 0.393868
8,1066,1 -> 0.606132
8,1066,0 -> 0.393868
8,1067,0 -> 0.606132
8,1067,1 -> 0.393868
8,1068,0 -> 0.606132
8,1068,1 -> 0.393868
8,1069,0 -> 0.606132
8,1069,1 -> 0.393868
8,1070,1 -> 0.606132
8,1070,0 -> 0.393868
8,1071,1 -> 0.606132
8,1071,0 -> 0.393868
8,1072,1 -> 0.606132
8,1072,0 -> 0.393868
8,1073,0 -> 0.606132
8,1073,1 -> 0.393868
8,1074,0 -> 0.606132
8,1074,1 -> 0.393868
8,1075,0 -> 0.606132
8,1075,1 -> 0.393868
8,1076,1 -> 0.606132
8,1076,0 -> 0.393868
8,1077,1 -> 0.606132
8,1077,0 -> 0.393868
8,1078,1 -> 0.606132
8,1078,0 -> 0.393868
8,1079,0 -> 0.606132
8,1079,1 -> 0.393868
8,1080,1 -> 0.606132
8,1080,0 -> 0.393868
8,1081,0 -> 0.606132
8,1081,1 -> 0.393868
8,1082,0 -> 0.606132
8,1082,1 -> 0.393868
8,1083,0 -> 0.606132
8,1083,1 -> 0.393868
8,1084,1 -> 0.606132
8,1084,0 -> 0.393868
8,1085,1 -> 0.606132
8,1085,0 -> 0.393868
8,1086,1 -> 0.606132
8,1086,0 -> 0.393868
8,1087,0 -> 0.606132
8,1087,1 -> 0.393868
8,1088,0 -> 0.606132
8,1088,1 -> 0.393868
8,1089,0 -> 0.606132
8,1089,1 -> 0.393868
8,1090,1 -> 0.606132
8,1090,0 -> 0.393868
8,1091,1 -> 0.606132
8,1091,0 -> 0.393868
8,1092,1 -> 0.606132
8,1092,0 -> 0.393868
8,1093,0 -> 0.606132
8,1093,1 -> 0.393868
8,1094,0 -> 0.606132
8,1094,1 -> 0.393868
8,1095,0 -> 0.606132
8,1095,1 -> 0.393868
8,1096,1 -> 0.606132
8,1096,0 -> 0.393868
8,1097,1 -> 0.606132
8,1097,0 -> 0.393868
8,1098,1 -> 0.606132
8,1098,0 -> 0.393868
8,1099,0 -> 0.606132
8,1099,1 -> 0.393868
8,1100,1 -> 0.606132
8,1100,0 -> 0.393868
8,1101,1 -> 0.606132
8,1101,0 -> 0.393868
8,1102,1 -> 0.606132
8,1102,0 -> 0.393868
8,1103,0 -> 0.606132
8,1103,1 -> 0.393868
8,1104,0 -> 0.606132
8,1104,1 -> 0.393868
8,1105,0 -> 0.606132
8,1105,1 -> 0.393868
8,1106,1 -> 0.606132
8,1106,0 -> 0.393868
8,1107,1 -> 0.606132
8,1107,0 -> 0.393868
8,1108,1 -> 0.606132
8,1108,0 -> 0.393868
8,1109,0 -> 0.606132
8,1109,1 -> 0.393868
8,1110,1 -> 0.606132
8,1110,0 -> 0.393868
8,1111,1 -> 0.606132
8,1111,0 -> 0.393868
8,1112,1 -> 0.606132
8,1112,0 -> 0.393868
8,1113,0 -> 0.606132
8,1113,1 -> 0.393868
8,1114,1 -> 0.606132
8,1114,0 -> 0.393868
8,1115,1 -> 0.606132
8,1115,0 -> 0.393868
8,1116,1 -> 0.606132
8,1116,0 -> 0.393868
8,1117,1 -> 0.606132
8,1117,0 -> 0.393868
8,1118,0 -> 0.606132
8,1118,1 -> 0.393868
8,1119,0 -> 0.606132
8,1119,1 -> 0.393868
8,1120,0 -> 0.606132
8,1120,1 -> 0.393868
8,1121,1 -> 0.606132
8,1121,0 -> 0.393868
8,1122,1 -> 0.606132
8,1122,0 -> 0.393868
8,1123,1 -> 0.606132
8,1123,0 -> 0.393868
8,1124,0 -> 0.606132
8,1124,1 -> 0.393868
8,1125,1 -> 0.606132
8,1125,0 -> 0.393868
8,1126,1 -> 0.606132
8,1126,0 -> 0.393868
8,1127,1 -> 0.606132
8,1127,0 -> 0.393868
8,1128,0 -> 0.606132
8,1128,1 -> 0.393868
8,1129,1 -> 0.606132
8,1129,0 -> 0.393868
8,1130,1 -> 0.606132
8,1130,0 -> 0.393868
8,1131,1 -> 0.606132
8,1131,0 -> 0.393868
8,1132,1 -> 0.606132
8,1132,0 -> 0.393868
8,1133,0 -> 0.606132
8,1133,1 -> 0.393868
8,1134,1 -> 0.606132
8,1134,0 -> 0.393868
8,1135,1 -> 0.606132
8,1135,0 -> 0.393868
8,1136,1 -> 0.606132
8,1136,0 -> 0.393868
8,1137,1 -> 0.606132
8,1137,0 -> 0.393868
8,1138,1 -> 0.606132
8,1138,0 -> 0.393868
8,1139,0 -> 0.606132
8,1139,1 -> 0.393868
8,1140,1 -> 0.606132
8,1140,0 -> 0.393868
8,1141,1 -> 0.606132
8,1141,0 -> 0.393868
8,1142,1 -> 0.606132
8,1142,0 -> 0.393868
9,0,0 -> 0.75
9,0,1 -> 0.25
9,1,0 -> 0.75
9,1,1 -> 0.25
9,2,0 -> 0.75
9,2,1 -> 0.25
9,3,0 -> 0.75
9,3,1 -> 0.25
9,4,0 -> 0.75
9,4,1 -> 0.25
9,5,1 -> 0.75
9,5,0 -> 0.25
9,6,0 -> 0.75
9,6,1 -> 0.25
9,7,0 -> 0.75
9,7,1 -> 0.25
9,8,0 -> 0.75
9,8,1 -> 0.25
9,9,0 -> 0.75
9,9,1 -> 0.25
9,10,0 -> 0.75
9,10,1 -> 0.25
9,11,1 -> 0.75
9,11,0 -> 0.25
9,12,0 -> 0.75
9,12,1 -> 0.25
9,13,0 -> 0.75
9,13,1 -> 0.25
9,14,0 -> 0.75
9,14,1 -> 0.25
9,15,0 -> 0.75
9,15,1 -> 0.25
9,16,1 -> 0.75
9,16,0 -> 0.25
9,17,0 -> 0.75
9,17,1 -> 0.25
9,18,0 -> 0.75
9,18,1 -> 0.25
9,19,0 -> 0.75
9,19,1 -> 0.25
9,20,1 -> 0.75
9,20,0 -> 0.25
9,21,0 -> 0.75
9,21,1 -> 0.25
9,22,0 -> 0.75
9,22,1 -> 0.25
9,23,1 -> 0.75
9,23,0 -> 0.25
9,24,0 -> 0.75
9,24,1 -> 0.25
9,25,0 -> 0.75
9,25,1 -> 0.25
9,26,1 -> 0.75
9,26,0 -> 0.25
9,27,1 -> 0.75
9,27,0 -> 0.25
9,28,0 -> 0.75
9,28,1 -> 0.25
9,29,0 -> 0.75
9,29,1 -> 0.25
9,30,0 -> 0.75
9,30,1 -> 0.25
9,31,1 -> 0.75
9,31,0 -> 0.25
9,32,0 -> 0.75
9,32,1 -> 0.25
9,33,0 -> 0.75
9,33,1 -> 0.25
9,34,0 -> 0.75
9,34,1 -> 0.25
9,35,1 -> 0.75
9,35,0 -> 0.25
9,36,0 -> 0.75
9,36,1 -> 0.25
9,37,0 -> 0.75
9,37,1 -> 0.25
9,38,1 -> 0.75
9,38,0 -> 0.25
9,39,0 -> 0.75
9,39,1 -> 0.25
9,40,0 -> 0.75
9,40,1 -> 0.25
9,41,1 -> 0.75
9,41,0 -> 0.25
9,42,1 -> 0.75
9,42,0 -> 0.25
9,43,0 -> 0.75
9,43,1 -> 0.25
9,44,0 -> 0.75
9,44,1 -> 0.25
9,45,1 -> 0.75
9,45,0 -> 0.25
9,46,0 -> 0.75
9,46,1 -> 0.25
9,47,0 -> 0.75
9,47,1 -> 0.25
9,48,1 -> 0.75
9,48,0 -> 0.25
9,49,0 -> 0.75
9,49,1 -> 0.25
9,50,0 -> 0.75
9,50,1 -> 0.25
9,51,1 -> 0.75
9,51,0 -> 0.25
9,52,1 -> 0.75
9,52,0 -> 0.25
9,53,0 -> 0.75
9,53,1 -> 0.25
9,54,1 -> 0.75
9,54,0 -> 0.25
9,55,0 -> 0.75
9,55,1 -> 0.25
9,56,0 -> 0.75
9,56,1 -> 0.25
9,57,1 -> 0.75
9,57,0 -> 0.25
9,58,1 -> 0.75
9,58,0 -> 0.25
9,59,0 -> 0.75
9,59,1 -> 0.25
9,60,1 -> 0.75
9,60,0 -> 0.25
9,61,1 -> 0.75
9,61,0 -> 0.25
9,62,0 -> 0.75
9,62,1 -> 0.25
9,63,1 -> 0.75
9,63,0 -> 0.25
9,64,0 -> 0.75
9,64,1 -> 0.25
9,65,1 -> 0.75
9,65,0 -> 0.25
9,66,0 -> 0.75
9,66,1 -> 0.25
9,67,0 -> 0.75
9,67,1 -> 0.25
9,68,1 -> 0.75
9,68,0 -> 0.25
9,69,0 -> 0.75
9,69,1 -> 0.25
9,70,0 -> 0.75
9,70,1 -> 0.25
9,71,1 -> 0.75
9,71,0 -> 0.25
9,72,1 -> 0.75
9,72,0 -> 0.25
9,73,0 -> 0.75
9,73,1 -> 0.25
9,74,1 -> 0.75
9,74,0 -> 0.25
9,75,0 -> 0.75
9,75,1 -> 0.25
9,76,0 -> 0.75
9,76,1 -> 0.25
9,77,1 -> 0.75
9,77,0 -> 0.25
9,78,1 -> 0.75
9,78,0 -> 0.25
9,79,0 -> 0.75
9,79,1 -> 0.25
9,80,1 -> 0.75
9,80,0 -> 0.25
9,81,1 -> 0.75
9,81,0 -> 0.25
9,82,0 -> 0.75
9,82,1 -> 0.25
9,83,1 -> 0.75
9,83,0 -> 0.25
9,84,1 -> 0.75
9,84,0 -> 0.25
9,85,0 -> 0.75
9,85,1 -> 0.25
9,86,0 -> 0.75
9,86,1 -> 0.25
9,87,1 -> 0.75
9,87,0 -> 0.25
9,88,1 -> 0.75
9,88,0 -> 0.25
9,89,0 -> 0.75
9,89,1 -> 0.25
9,90,1 -> 0.75
9,90,0 -> 0.25
9,91,1 -> 0.75
9,91,0 -> 0.25
9,92,0 -> 0.75
9,92,1 -> 0.25
9,93,1 -> 0.75
9,93,0 -> 0.25
9,94,1 -> 0.75
9,94,0 -> 0.25
9,95,1 -> 0.75
9,95,0 -> 0.25
9,96,0 -> 0.75
9,96,1 -> 0.25
9,97,1 -> 0.75
9,97,0 -> 0.25
9,98,1 -> 0.75
9,98,0 -> 0.25
9,99,1 -> 0.75
9,99,0 -> 0.25
9,100,0 -> 0.75
9,100,1 -> 0.25
9,101,0 -> 0.75
9,101,1 -> 0.25
9,102,1 -> 0.75
9,102,0 -> 0.25
9,103,1 -> 0.75
9,103,0 -> 0.25
9,104,0 -> 0.75
9,104,1 -> 0.25
9,105,1 -> 0.75
9,105,0 -> 0.25
9,106,1 -> 0.75
9,106,0 -> 0.25
9,107,0 -> 0.75
9,107,1 -> 0.25
9,108,1 -> 0.75
9,108,0 -> 0.25
9,109,1 -> 0.75
9,109,0 -> 0.25
9,110,1 -> 0.75
9,110,0 -> 0.25
9,111,0 -> 0.75
9,111,1 -> 0.25
9,112,1 -> 0.75
9,112,0 -> 0.25
9,113,1 -> 0.75
9,113,0 -> 0.25
9,114,1 -> 0.75
9,114,0 -> 0.25
9,115,1 -> 0.75
9,115,0 -> 0.25
9,116,0 -> 0.75
9,116,1 -> 0.25
9,117,1 -> 0.75
9,117,0 -> 0.25
9,118,1 -> 0.75
9,118,0 -> 0.25
9,119,1 -> 0.75
9,119,0 -> 0.25
9,120,1 -> 0.75
9,120,0 -> 0.25
9,121,1 -> 0.75
9,121,0 -> 0.25
9,122,0 -> 0.75
9,122,1 -> 0.25
9,123,1 -> 0.75
9,123,0 -> 0.25
9,124,1 -> 0.75
9,124,0 -> 0.25
9,125,1 -> 0.75
9,125,0 -> 0.25
9,126,1 -> 0.75
9,126,0 -> 0.25
9,127,0 -> 1.0
9,127,1 -> 0.0
9,128,0 -> 1.0
9,128,1 -> 0.0
9,129,0 -> 1.0
9,129,1 -> 0.0
9,130,0 -> 1.0
9,130,1 -> 0.0
9,131,0 -> 1.0
9,131,1 -> 0.0
9,132,1 -> 1.0
9,132,0 -> 0.0
9,133,0 -> 1.0
9,133,1 -> 0.0
9,134,0 -> 1.0
9,134,1 -> 0.0
9,135,0 -> 1.0
9,135,1 -> 0.0
9,136,0 -> 1.0
9,136,1 -> 0.0
9,137,0 -> 1.0
9,137,1 -> 0.0
9,138,1 -> 1.0
9,138,0 -> 0.0
9,139,0 -> 1.0
9,139,1 -> 0.0
9,140,0 -> 1.0
9,140,1 -> 0.0
9,141,0 -> 1.0
9,141,1 -> 0.0
9,142,0 -> 1.0
9,142,1 -> 0.0
9,143,1 -> 1.0
9,143,0 -> 0.0
9,144,0 -> 1.0
9,144,1 -> 0.0
9,145,0 -> 1.0
9,145,1 -> 0.0
9,146,0 -> 1.0
9,146,1 -> 0.0
9,147,1 -> 1.0
9,147,0 -> 0.0
9,148,0 -> 1.0
9,148,1 -> 0.0
9,149,0 -> 1.0
9,149,1 -> 0.0
9,150,1 -> 1.0
9,150,0 -> 0.0
9,151,0 -> 1.0
9,151,1 -> 0.0
9,152,0 -> 1.0
9,152,1 -> 0.0
9,153,1 -> 1.0
9,153,0 -> 0.0
9,154,1 -> 1.0
9,154,0 -> 0.0
9,155,0 -> 1.0
9,155,1 -> 0.0
9,156,0 -> 1.0
9,156,1 -> 0.0
9,157,0 -> 1.0
9,157,1 -> 0.0
9,158,1 -> 1.0
9,158,0 -> 0.0
9,159,0 -> 1.0
9,159,1 -> 0.0
9,160,0 -> 1.0
9,160,1 -> 0.0
9,161,0 -> 1.0
9,161,1 -> 0.0
9,162,1 -> 1.0
9,162,0 -> 0.0
9,163,0 -> 1.0
9,163,1 -> 0.0
9,164,0 -> 1.0
9,164,1 -> 0.0
9,165,1 -> 1.0
9,165,0 -> 0.0
9,166,0 -> 1.0
9,166,1 -> 0.0
9,167,0 -> 1.0
9,167,1 -> 0.0
9,168,1 -> 1.0
9,168,0 -> 0.0
9,169,1 -> 1.0
9,169,0 -> 0.0
9,170,0 -> 1.0
9,170,1 -> 0.0
9,171,0 -> 1.0
9,171,1 -> 0.0
9,172,1 -> 1.0
9,172,0 -> 0.0
9,173,0 -> 1.0
9,173,1 -> 0.0
9,174,0 -> 1.0
9,174,1 -> 0.0
9,175,1 -> 1.0
9,175,0 -> 0.0
9,176,0 -> 1.0
9,176,1 -> 0.0
9,177,0 -> 1.0
9,177,1 -> 0.0
9,178,1 -> 1.0
9,178,0 -> 0.0
9,179,1 -> 1.0
9,179,0 -> 0.0
9,180,0 -> 1.0
9,180,1 -> 0.0
9,181,1 -> 1.0
9,181,0 -> 0.0
9,182,0 -> 1.0
9,182,1 -> 0.0
9,183,0 -> 1.0
9,183,1 -> 0.0
9,184,1 -> 1.0
9,184,0 -> 0.0
9,185,1 -> 1.0
9,185,0 -> 0.0
9,186,0 -> 1.0
9,186,1 -> 0.0
9,187,1 -> 1.0
9,187,0 -> 0.0
9,188,1 -> 1.0
9,188,0 -> 0.0
9,189,0 -> 1.0
9,189,1 -> 0.0
9,190,1 -> 1.0
9,190,0 -> 0.0
9,191,0 -> 1.0
9,191,1 -> 0.0
9,192,1 -> 1.0
9,192,0 -> 0.0
9,193,0 -> 1.0
9,193,1 -> 0.0
9,194,0 -> 1.0
9,194,1 -> 0.0
9,195,1 -> 1.0
9,195,0 -> 0.0
9,196,0 -> 1.0
9,196,1 -> 0.0
9,197,0 -> 1.0
9,197,1 -> 0.0
9,198,1 -> 1.0
9,198,0 -> 0.0
9,199,1 -> 1.0
9,199,0 -> 0.0
9,200,0 -> 1.0
9,200,1 -> 0.0
9,201,1 -> 1.0
9,201,0 -> 0.0
9,202,0 -> 1.0
9,202,1 -> 0.0
9,203,0 -> 1.0
9,203,1 -> 0.0
9,204,1 -> 1.0
9,204,0 -> 0.0
9,205,1 -> 1.0
9,205,0 -> 0.0
9,206,0 -> 1.0
9,206,1 -> 0.0
9,207,1 -> 1.0
9,207,0 -> 0.0
9,208,1 -> 1.0
9,208,0 -> 0.0
9,209,0 -> 1.0
9,209,1 -> 0.0
9,210,1 -> 1.0
9,210,0 -> 0.0
9,211,1 -> 1.0
9,211,0 -> 0.0
9,212,0 -> 1.0
9,212,1 -> 0.0
9,213,0 -> 1.0
9,213,1 -> 0.0
9,214,1 -> 1.0
9,214,0 -> 0.0
9,215,1 -> 1.0
9,215,0 -> 0.0
9,216,0 -> 1.0
9,216,1 -> 0.0
9,217,1 -> 1.0
9,217,0 -> 0.0
9,218,1 -> 1.0
9,218,0 -> 0.0
9,219,0 -> 1.0
9,219,1 -> 0.0
9,220,1 -> 1.0
9,220,0 -> 0.0
9,221,1 -> 1.0
9,221,0 -> 0.0
9,222,1 -> 1.0
9,222,0 -> 0.0
9,223,0 -> 1.0
9,223,1 -> 0.0
9,224,1 -> 1.0
9,224,0 -> 0.0
9,225,1 -> 1.0
9,225,0 -> 0.0
9,226,1 -> 1.0
9,226,0 -> 0.0
9,227,0 -> 1.0
9,227,1 -> 0.0
9,228,0 -> 1.0
9,228,1 -> 0.0
9,229,1 -> 1.0
9,229,0 -> 0.0
9,230,1 -> 1.0
9,230,0 -> 0.0
9,231,0 -> 1.0
9,231,1 -> 0.0
9,232,1 -> 1.0
9,232,0 -> 0.0
9,233,1 -> 1.0
9,233,0 -> 0.0
9,234,0 -> 1.0
9,234,1 -> 0.0
9,235,1 -> 1.0
9,235,0 -> 0.0
9,236,1 -> 1.0
9,236,0 -> 0.0
9,237,1 -> 1.0
9,237,0 -> 0.0
9,238,0 -> 1.0
9,238,1 -> 0.0
9,239,1 -> 1.0
9,239,0 -> 0.0
9,240,1 -> 1.0
9,240,0 -> 0.0
9,241,1 -> 1.0
9,241,0 -> 0.0
9,242,1 -> 1.0
9,242,0 -> 0.0
9,243,0 -> 1.0
9,243,1 -> 0.0
9,244,1 -> 1.0
9,244,0 -> 0.0
9,245,1 -> 1.0
9,245,0 -> 0.0
9,246,1 -> 1.0
9,246,0 -> 0.0
9,247,1 -> 1.0
9,247,0 -> 0.0
9,248,1 -> 1.0
9,248,0 -> 0.0
9,249,0 -> 1.0
9,249,1 -> 0.0
9,250,1 -> 1.0
9,250,0 -> 0.0
9,251,1 -> 1.0
9,251,0 -> 0.0
9,252,1 -> 1.0
9,252,0 -> 0.0
9,253,1 -> 1.0
9,253,0 -> 0.0
9,254,0 -> 0.75
9,254,1 -> 0.25
9,255,0 -> 0.75
9,255,1 -> 0.25
9,256,0 -> 0.75
9,256,1 -> 0.25
9,257,0 -> 0.75
9,257,1 -> 0.25
9,258,0 -> 0.75
9,258,1 -> 0.25
9,259,1 -> 0.75
9,259,0 -> 0.25
9,260,0 -> 0.75
9,260,1 -> 0.25
9,261,0 -> 0.75
9,261,1 -> 0.25
9,262,0 -> 0.75
9,262,1 -> 0.25
9,263,0 -> 0.75
9,263,1 -> 0.25
9,264,0 -> 0.75
9,264,1 -> 0.25
9,265,1 -> 0.75
9,265,0 -> 0.25
9,266,0 -> 0.75
9,266,1 -> 0.25
9,267,0 -> 0.75
9,267,1 -> 0.25
9,268,0 -> 0.75
9,268,1 -> 0.25
9,269,0 -> 0.75
9,269,1 -> 0.25
9,270,1 -> 0.75
9,270,0 -> 0.25
9,271,0 -> 0.75
9,271,1 -> 0.25
9,272,0 -> 0.75
9,272,1 -> 0.25
9,273,0 -> 0.75
9,273,1 -> 0.25
9,274,1 -> 0.75
9,274,0 -> 0.25
9,275,0 -> 0.75
9,275,1 -> 0.25
9,276,0 -> 0.75
9,276,1 -> 0.25
9,277,1 -> 0.75
9,277,0 -> 0.25
9,278,0 -> 0.75
9,278,1 -> 0.25
9,279,0 -> 0.75
9,279,1 -> 0.25
9,280,1 -> 0.75
9,280,0 -> 0.25
9,281,1 -> 0.75
9,281,0 -> 0.25
9,282,0 -> 0.75
9,282,1 -> 0.25
9,283,0 -> 0.75
9,283,1 -> 0.25
9,284,0 -> 0.75
9,284,1 -> 0.25
9,285,1 -> 0.75
9,285,0 -> 0.25
9,286,0 -> 0.75
9,286,1 -> 0.25
9,287,0 -> 0.75
9,287,1 -> 0.25
9,288,0 -> 0.75
9,288,1 -> 0.25
9,289,1 -> 0.75
9,289,0 -> 0.25
9,290,0 -> 0.75
9,290,1 -> 0.25
9,291,0 -> 0.75
9,291,1 -> 0.25
9,292,1 -> 0.75
9,292,0 -> 0.25
9,293,0 -> 0.75
9,293,1 -> 0.25
9,294,0 -> 0.75
9,294,1 -> 0.25
9,295,1 -> 0.75
9,295,0 -> 0.25
9,296,1 -> 0.75
9,296,0 -> 0.25
9,297,0 -> 0.75
9,297,1 -> 0.25
9,298,0 -> 0.75
9,298,1 -> 0.25
9,299,1 -> 0.75
9,299,0 -> 0.25
9,300,0 -> 0.75
9,300,1 -> 0.25
9,301,0 -> 0.75
9,301,1 -> 0.25
9,302,1 -> 0.75
9,302,0 -> 0.25
9,303,0 -> 0.75
9,303,1 -> 0.25
9,304,0 -> 0.75
9,304,1 -> 0.25
9,305,1 -> 0.75
9,305,0 -> 0.25
9,306,1 -> 0.75
9,306,0 -> 0.25
9,307,0 -> 0.75
9,307,1 -> 0.25
9,308,1 -> 0.75
9,308,0 -> 0.25
9,309,0 -> 0.75
9,309,1 -> 0.25
9,310,0 -> 0.75
9,310,1 -> 0.25
9,311,1 -> 0.75
9,311,0 -> 0.25
9,312,1 -> 0.75
9,312,0 -> 0.25
9,313,0 -> 0.75
9,313,1 -> 0.25
9,314,1 -> 0.75
9,314,0 -> 0.25
9,315,1 -> 0.75
9,315,0 -> 0.25
9,316,0 -> 0.75
9,316,1 -> 0.25
9,317,1 -> 0.75
9,317,0 -> 0.25
9,318,0 -> 0.75
9,318,1 -> 0.25
9,319,1 -> 0.75
9,319,0 -> 0.25
9,320,0 -> 0.75
9,320,1 -> 0.25
9,321,0 -> 0.75
9,321,1 -> 0.25
9,322,1 -> 0.75
9,322,0 -> 0.25
9,323,0 -> 0.75
9,323,1 -> 0.25
9,324,0 -> 0.75
9,324,1 -> 0.25
9,325,1 -> 0.75
9,325,0 -> 0.25
9,326,1 -> 0.75
9,326,0 -> 0.25
9,327,0 -> 0.75
9,327,1 -> 0.25
9,328,1 -> 0.75
9,328,0 -> 0.25
9,329,0 -> 0.75
9,329,1 -> 0.25
9,330,0 -> 0.75
9,330,1 -> 0.25
9,331,1 -> 0.75
9,331,0 -> 0.25
9,332,1 -> 0.75
9,332,0 -> 0.25
9,333,0 -> 0.75
9,333,1 -> 0.25
9,334,1 -> 0.75
9,334,0 -> 0.25
9,335,1 -> 0.75
9,335,0 -> 0.25
9,336,0 -> 0.75
9,336,1 -> 0.25
9,337,1 -> 0.75
9,337,0 -> 0.25
9,338,1 -> 0.75
9,338,0 -> 0.25
9,339,0 -> 0.75
9,339,1 -> 0.25
9,340,0 -> 0.75
9,340,1 -> 0.25
9,341,1 -> 0.75
9,341,0 -> 0.25
9,342,1 -> 0.75
9,342,0 -> 0.25
9,343,0 -> 0.75
9,343,1 -> 0.25
9,344,1 -> 0.75
9,344,0 -> 0.25
9,345,1 -> 0.75
9,345,0 -> 0.25
9,346,0 -> 0.75
9,346,1 -> 0.25
9,347,1 -> 0.75
9,347,0 -> 0.25
9,348,1 -> 0.75
9,348,0 -> 0.25
9,349,1 -> 0.75
9,349,0 -> 0.25
9,350,0 -> 0.75
9,350,1 -> 0.25
9,351,1 -> 0.75
9,351,0 -> 0.25
9,352,1 -> 0.75
9,352,0 -> 0.25
9,353,1 -> 0.75
9,353,0 -> 0.25
9,354,0 -> 0.75
9,354,1 -> 0.25
9,355,0 -> 0.75
9,355,1 -> 0.25
9,356,1 -> 0.75
9,356,0 -> 0.25
9,357,1 -> 0.75
9,357,0 -> 0.25
9,358,0 -> 0.75
9,358,1 -> 0.25
9,359,1 -> 0.75
9,359,0 -> 0.25
9,360,1 -> 0.75
9,360,0 -> 0.25
9,361,0 -> 0.75
9,361,1 -> 0.25
9,362,1 -> 0.75
9,362,0 -> 0.25
9,363,1 -> 0.75
9,363,0 -> 0.25
9,364,1 -> 0.75
9,364,0 -> 0.25
9,365,0 -> 0.75
9,365,1 -> 0.25
9,366,1 -> 0.75
9,366,0 -> 0.25
9,367,1 -> 0.75
9,367,0 -> 0.25
9,368,1 -> 0.75
9,368,0 -> 0.25
9,369,1 -> 0.75
9,369,0 -> 0.25
9,370,0 -> 0.75
9,370,1 -> 0.25
9,371,1 -> 0.75
9,371,0 -> 0.25
9,372,1 -> 0.75
9,372,0 -> 0.25
9,373,1 -> 0.75
9,373,0 -> 0.25
9,374,1 -> 0.75
9,374,0 -> 0.25
9,375,1 -> 0.75
9,375,0 -> 0.25
9,376,0 -> 0.75
9,376,1 -> 0.25
9,377,1 -> 0.75
9,377,0 -> 0.25
9,378,1 -> 0.75
9,378,0 -> 0.25
9,379,1 -> 0.75
9,379,0 -> 0.25
9,380,1 -> 0.75
9,380,0 -> 0.25
9,381,0 -> 0.687607
9,381,1 -> 0.312393
9,382,0 -> 0.687607
9,382,1 -> 0.312393
9,383,0 -> 0.687607
9,383,1 -> 0.312393
9,384,0 -> 0.687607
9,384,1 -> 0.312393
9,385,0 -> 0.687607
9,385,1 -> 0.312393
9,386,1 -> 0.687607
9,386,0 -> 0.312393
9,387,0 -> 0.687607
9,387,1 -> 0.312393
9,388,0 -> 0.687607
9,388,1 -> 0.312393
9,389,0 -> 0.687607
9,389,1 -> 0.312393
9,390,0 -> 0.687607
9,390,1 -> 0.312393
9,391,0 -> 0.687607
9,391,1 -> 0.312393
9,392,1 -> 0.687607
9,392,0 -> 0.312393
9,393,0 -> 0.687607
9,393,1 -> 0.312393
9,394,0 -> 0.687607
9,394,1 -> 0.312393
9,395,0 -> 0.687607
9,395,1 -> 0.312393
9,396,0 -> 0.687607
9,396,1 -> 0.312393
9,397,1 -> 0.687607
9,397,0 -> 0.312393
9,398,0 -> 0.687607
9,398,1 -> 0.312393
9,399,0 -> 0.687607
9,399,1 -> 0.312393
9,400,0 -> 0.687607
9,400,1 -> 0.312393
9,401,1 -> 0.687607
9,401,0 -> 0.312393
9,402,0 -> 0.687607
9,402,1 -> 0.312393
9,403,0 -> 0.687607
9,403,1 -> 0.312393
9,404,1 -> 0.687607
9,404,0 -> 0.312393
9,405,0 -> 0.687607
9,405,1 -> 0.312393
9,406,0 -> 0.687607
9,406,1 -> 0.312393
9,407,1 -> 0.687607
9,407,0 -> 0.312393
9,408,1 -> 0.687607
9,408,0 -> 0.312393
9,409,0 -> 0.687607
9,409,1 -> 0.312393
9,410,0 -> 0.687607
9,410,1 -> 0.312393
9,411,0 -> 0.687607
9,411,1 -> 0.312393
9,412,1 -> 0.687607
9,412,0 -> 0.312393
9,413,0 -> 0.687607
9,413,1 -> 0.312393
9,414,0 -> 0.687607
9,414,1 -> 0.312393
9,415,0 -> 0.687607
9,415,1 -> 0.312393
9,416,1 -> 0.687607
9,416,0 -> 0.312393
9,417,0 -> 0.687607
9,417,1 -> 0.312393
9,418,0 -> 0.687607
9,418,1 -> 0.312393
9,419,1 -> 0.687607
9,419,0 -> 0.312393
9,420,0 -> 0.687607
9,420,1 -> 0.312393
9,421,0 -> 0.687607
9,421,1 -> 0.312393
9,422,1 -> 0.687607
9,422,0 -> 0.312393
9,423,1 -> 0.687607
9,423,0 -> 0.312393
9,424,0 -> 0.687607
9,424,1 -> 0.312393
9,425,0 -> 0.687607
9,425,1 -> 0.312393
9,426,1 -> 0.687607
9,426,0 -> 0.312393
9,427,0 -> 0.687607
9,427,1 -> 0.312393
9,428,0 -> 0.687607
9,428,1 -> 0.312393
9,429,1 -> 0.687607
9,429,0 -> 0.312393
9,430,0 -> 0.687607
9,430,1 -> 0.312393
9,431,0 -> 0.687607
9,431,1 -> 0.312393
9,432,1 -> 0.687607
9,432,0 -> 0.312393
9,433,1 -> 0.687607
9,433,0 -> 0.312393
9,434,0 -> 0.687607
9,434,1 -> 0.312393
9,435,1 -> 0.687607
9,435,0 -> 0.312393
9,436,0 -> 0.687607
9,436,1 -> 0.312393
9,437,0 -> 0.687607
9,437,1 -> 0.312393
9,438,1 -> 0.687607
9,438,0 -> 0.312393
9,439,1 -> 0.687607
9,439,0 -> 0.312393
9,440,0 -> 0.687607
9,440,1 -> 0.312393
9,441,1 -> 0.687607
9,441,0 -> 0.312393
9,442,1 -> 0.687607
9,442,0 -> 0.312393
9,443,0 -> 0.687607
9,443,1 -> 0.312393
9,444,1 -> 0.687607
9,444,0 -> 0.312393
9,445,0 -> 0.687607
9,445,1 -> 0.312393
9,446,1 -> 0.687607
9,446,0 -> 0.312393
9,447,0 -> 0.687607
9,447,1 -> 0.312393
9,448,0 -> 0.687607
9,448,1 -> 0.312393
9,449,1 -> 0.687607
9,449,0 -> 0.312393
9,450,0 -> 0.687607
9,450,1 -> 0.312393
9,451,0 -> 0.687607
9,451,1 -> 0.312393
9,452,1 -> 0.687607
9,452,0 -> 0.312393
9,453,1 -> 0.687607
9,453,0 -> 0.312393
9,454,0 -> 0.687607
9,454,1 -> 0.312393
9,455,1 -> 0.687607
9,455,0 -> 0.312393
9,456,0 -> 0.687607
9,456,1 -> 0.312393
9,457,0 -> 0.687607
9,457,1 -> 0.312393
9,458,1 -> 0.687607
9,458,0 -> 0.312393
9,459,1 -> 0.687607
9,459,0 -> 0.312393
9,460,0 -> 0.687607
9,460,1 -> 0.312393
9,461,1 -> 0.687607
9,461,0 -> 0.312393
9,462,1 -> 0.687607
9,462,0 -> 0.312393
9,463,0 -> 0.687607
9,463,1 -> 0.312393
9,464,1 -> 0.687607
9,464,0 -> 0.312393
9,465,1 -> 0.687607
9,465,0 -> 0.312393
9,466,0 -> 0.687607
9,466,1 -> 0.312393
9,467,0 -> 0.687607
9,467,1 -> 0.312393
9,468,1 -> 0.687607
9,468,0 -> 0.312393
9,469,1 -> 0.687607
9,469,0 -> 0.312393
9,470,0 -> 0.687607
9,470,1 -> 0.312393
9,471,1 -> 0.687607
9,471,0 -> 0.312393
9,472,1 -> 0.687607
9,472,0 -> 0.312393
9,473,0 -> 0.687607
9,473,1 -> 0.312393
9,474,1 -> 0.687607
9,474,0 -> 0.312393
9,475,1 -> 0.687607
9,475,0 -> 0.312393
9,476,1 -> 0.687607
9,476,0 -> 0.312393
9,477,0 -> 0.687607
9,477,1 -> 0.312393
9,478,1 -> 0.687607
9,478,0 -> 0.312393
9,479,1 -> 0.687607
9,479,0 -> 0.312393
9,480,1 -> 0.687607
9,480,0 -> 0.312393
9,481,0 -> 0.687607
9,481,1 -> 0.312393
9,482,0 -> 0.687607
9,482,1 -> 0.312393
9,483,1 -> 0.687607
9,483,0 -> 0.312393
9,484,1 -> 0.687607
9,484,0 -> 0.312393
9,485,0 -> 0.687607
9,485,1 -> 0.312393
9,486,1 -> 0.687607
9,486,0 -> 0.312393
9,487,1 -> 0.687607
9,487,0 -> 0.312393
9,488,0 -> 0.687607
9,488,1 -> 0.312393
9,489,1 -> 0.687607
9,489,0 -> 0.312393
9,490,1 -> 0.687607
9,490,0 -> 0.312393
9,491,1 -> 0.687607
9,491,0 -> 0.312393
9,492,0 -> 0.687607
9,492,1 -> 0.312393
9,493,1 -> 0.687607
9,493,0 -> 0.312393
9,494,1 -> 0.687607
9,494,0 -> 0.312393
9,495,1 -> 0.687607
9,495,0 -> 0.312393
9,496,1 -> 0.687607
9,496,0 -> 0.312393
9,497,0 -> 0.687607
9,497,1 -> 0.312393
9,498,1 -> 0.687607
9,498,0 -> 0.312393
9,499,1 -> 0.687607
9,499,0 -> 0.312393
9,500,1 -> 0.687607
9,500,0 -> 0.312393
9,501,1 -> 0.687607
9,501,0 -> 0.312393
9,502,1 -> 0.687607
9,502,0 -> 0.312393
9,503,0 -> 0.687607
9,503,1 -> 0.312393
9,504,1 -> 0.687607
9,504,0 -> 0.312393
9,505,1 -> 0.687607
9,505,0 -> 0.312393
9,506,1 -> 0.687607
9,506,0 -> 0.312393
9,507,1 -> 0.687607
9,507,0 -> 0.312393
9,508,0 -> 0.75
9,508,1 -> 0.25
9,509,0 -> 0.75
9,509,1 -> 0.25
9,510,0 -> 0.75
9,510,1 -> 0.25
9,511,0 -> 0.75
9,511,1 -> 0.25
9,512,0 -> 0.75
9,512,1 -> 0.25
9,513,1 -> 0.75
9,513,0 -> 0.25
9,514,0 -> 0.75
9,514,1 -> 0.25
9,515,0 -> 0.75
9,515,1 -> 0.25
9,516,0 -> 0.75
9,516,1 -> 0.25
9,517,0 -> 0.75
9,517,1 -> 0.25
9,518,0 -> 0.75
9,518,1 -> 0.25
9,519,1 -> 0.75
9,519,0 -> 0.25
9,520,0 -> 0.75
9,520,1 -> 0.25
9,521,0 -> 0.75
9,521,1 -> 0.25
9,522,0 -> 0.75
9,522,1 -> 0.25
9,523,0 -> 0.75
9,523,1 -> 0.25
9,524,1 -> 0.75
9,524,0 -> 0.25
9,525,0 -> 0.75
9,525,1 -> 0.25
9,526,0 -> 0.75
9,526,1 -> 0.25
9,527,0 -> 0.75
9,527,1 -> 0.25
9,528,1 -> 0.75
9,528,0 -> 0.25
9,529,0 -> 0.75
9,529,1 -> 0.25
9,530,0 -> 0.75
9,530,1 -> 0.25
9,531,1 -> 0.75
9,531,0 -> 0.25
9,532,0 -> 0.75
9,532,1 -> 0.25
9,533,0 -> 0.75
9,533,1 -> 0.25
9,534,1 -> 0.75
9,534,0 -> 0.25
9,535,1 -> 0.75
9,535,0 -> 0.25
9,536,0 -> 0.75
9,536,1 -> 0.25
9,537,0 -> 0.75
9,537,1 -> 0.25
9,538,0 -> 0.75
9,538,1 -> 0.25
9,539,1 -> 0.75
9,539,0 -> 0.25
9,540,0 -> 0.75
9,540,1 -> 0.25
9,541,0 -> 0.75
9,541,1 -> 0.25
9,542,0 -> 0.75
9,542,1 -> 0.25
9,543,1 -> 0.75
9,543,0 -> 0.25
9,544,0 -> 0.75
9,544,1 -> 0.25
9,545,0 -> 0.75
9,545,1 -> 0.25
9,546,1 -> 0.75
9,546,0 -> 0.25
9,547,0 -> 0.75
9,547,1 -> 0.25
9,548,0 -> 0.75
9,548,1 -> 0.25
9,549,1 -> 0.75
9,549,0 -> 0.25
9,550,1 -> 0.75
9,550,0 -> 0.25
9,551,0 -> 0.75
9,551,1 -> 0.25
9,552,0 -> 0.75
9,552,1 -> 0.25
9,553,1 -> 0.75
9,553,0 -> 0.25
9,554,0 -> 0.75
9,554,1 -> 0.25
9,555,0 -> 0.75
9,555,1 -> 0.25
9,556,1 -> 0.75
9,556,0 -> 0.25
9,557,0 -> 0.75
9,557,1 -> 0.25
9,558,0 -> 0.75
9,558,1 -> 0.25
9,559,1 -> 0.75
9,559,0 -> 0.25
9,560,1 -> 0.75
9,560,0 -> 0.25
9,561,0 -> 0.75
9,561,1 -> 0.25
9,562,1 -> 0.75
9,562,0 -> 0.25
9,563,0 -> 0.75
9,563,1 -> 0.25
9,564,0 -> 0.75
9,564,1 -> 0.25
9,565,1 -> 0.75
9,565,0 -> 0.25
9,566,1 -> 0.75
9,566,0 -> 0.25
9,567,0 -> 0.75
9,567,1 -> 0.25
9,568,1 -> 0.75
9,568,0 -> 0.25
9,569,1 -> 0.75
9,569,0 -> 0.25
9,570,0 -> 0.75
9,570,1 -> 0.25
9,571,1 -> 0.75
9,571,0 -> 0.25
9,572,0 -> 0.75
9,572,1 -> 0.25
9,573,1 -> 0.75
9,573,0 -> 0.25
9,574,0 -> 0.75
9,574,1 -> 0.25
9,575,0 -> 0.75
9,575,1 -> 0.25
9,576,1 -> 0.75
9,576,0 -> 0.25
9,577,0 -> 0.75
9,577,1 -> 0.25
9,578,0 -> 0.75
9,578,1 -> 0.25
9,579,1 -> 0.75
9,579,0 -> 0.25
9,580,1 -> 0.75
9,580,0 -> 0.25
9,581,0 -> 0.75
9,581,1 -> 0.25
9,582,1 -> 0.75
9,582,0 -> 0.25
9,583,0 -> 0.75
9,583,1 -> 0.25
9,584,0 -> 0.75
9,584,1 -> 0.25
9,585,1 -> 0.75
9,585,0 -> 0.25
9,586,1 -> 0.75
9,586,0 -> 0.25
9,587,0 -> 0.75
9,587,1 -> 0.25
9,588,1 -> 0.75
9,588,0 -> 0.25
9,589,1 -> 0.75
9,589,0 -> 0.25
9,590,0 -> 0.75
9,590,1 -> 0.25
9,591,1 -> 0.75
9,591,0 -> 0.25
9,592,1 -> 0.75
9,592,0 -> 0.25
9,593,0 -> 0.75
9,593,1 -> 0.25
9,594,0 -> 0.75
9,594,1 -> 0.25
9,595,1 -> 0.75
9,595,0 -> 0.25
9,596,1 -> 0.75
9,596,0 -> 0.25
9,597,0 -> 0.75
9,597,1 -> 0.25
9,598,1 -> 0.75
9,598,0 -> 0.25
9,599,1 -> 0.75
9,599,0 -> 0.25
9,600,0 -> 0.75
9,600,1 -> 0.25
9,601,1 -> 0.75
9,601,0 -> 0.25
9,602,1 -> 0.75
9,602,0 -> 0.25
9,603,1 -> 0.75
9,603,0 -> 0.25
9,604,0 -> 0.75
9,604,1 -> 0.25
9,605,1 -> 0.75
9,605,0 -> 0.25
9,606,1 -> 0.75
9,606,0 -> 0.25
9,607,1 -> 0.75
9,607,0 -> 0.25
9,608,0 -> 0.75
9,608,1 -> 0.25
9,609,0 -> 0.75
9,609,1 -> 0.25
9,610,1 -> 0.75
9,610,0 -> 0.25
9,611,1 -> 0.75
9,611,0 -> 0.25
9,612,0 -> 0.75
9,612,1 -> 0.25
9,613,1 -> 0.75
9,613,0 -> 0.25
9,614,1 -> 0.75
9,614,0 -> 0.25
9,615,0 -> 0.75
9,615,1 -> 0.25
9,616,1 -> 0.75
9,616,0 -> 0.25
9,617,1 -> 0.75
9,617,0 -> 0.25
9,618,1 -> 0.75
9,618,0 -> 0.25
9,619,0 -> 0.75
9,619,1 -> 0.25
9,620,1 -> 0.75
9,620,0 -> 0.25
9,621,1 -> 0.75
9,621,0 -> 0.25
9,622,1 -> 0.75
9,622,0 -> 0.25
9,623,1 -> 0.75
9,623,0 -> 0.25
9,624,0 -> 0.75
9,624,1 -> 0.25
9,625,1 -> 0.75
9,625,0 -> 0.25
9,626,1 -> 0.75
9,626,0 -> 0.25
9,627,1 -> 0.75
9,627,0 -> 0.25
9,628,1 -> 0.75
9,628,0 -> 0.25
9,629,1 -> 0.75
9,629,0 -> 0.25
9,630,0 -> 0.75
9,630,1 -> 0.25
9,631,1 -> 0.75
9,631,0 -> 0.25
9,632,1 -> 0.75
9,632,0 -> 0.25
9,633,1 -> 0.75
9,633,0 -> 0.25
9,634,1 -> 0.75
9,634,0 -> 0.25
9,635,0 -> 0.687607
9,635,1 -> 0.312393
9,636,0 -> 0.687607
9,636,1 -> 0.312393
9,637,0 -> 0.687607
9,637,1 -> 0.312393
9,638,0 -> 0.687607
9,638,1 -> 0.312393
9,639,0 -> 0.687607
9,639,1 -> 0.312393
9,640,1 -> 0.687607
9,640,0 -> 0.312393
9,641,0 -> 0.687607
9,641,1 -> 0.312393
9,642,0 -> 0.687607
9,642,1 -> 0.312393
9,643,0 -> 0.687607
9,643,1 -> 0.312393
9,644,0 -> 0.687607
9,644,1 -> 0.312393
9,645,0 -> 0.687607
9,645,1 -> 0.312393
9,646,1 -> 0.687607
9,646,0 -> 0.312393
9,647,0 -> 0.687607
9,647,1 -> 0.312393
9,648,0 -> 0.687607
9,648,1 -> 0.312393
9,649,0 -> 0.687607
9,649,1 -> 0.312393
9,650,0 -> 0.687607
9,650,1 -> 0.312393
9,651,1 -> 0.687607
9,651,0 -> 0.312393
9,652,0 -> 0.687607
9,652,1 -> 0.312393
9,653,0 -> 0.687607
9,653,1 -> 0.312393
9,654,0 -> 0.687607
9,654,1 -> 0.312393
9,655,1 -> 0.687607
9,655,0 -> 0.312393
9,656,0 -> 0.687607
9,656,1 -> 0.312393
9,657,0 -> 0.687607
9,657,1 -> 0.312393
9,658,1 -> 0.687607
9,658,0 -> 0.312393
9,659,0 -> 0.687607
9,659,1 -> 0.312393
9,660,0 -> 0.687607
9,660,1 -> 0.312393
9,661,1 -> 0.687607
9,661,0 -> 0.312393
9,662,1 -> 0.687607
9,662,0 -> 0.312393
9,663,0 -> 0.687607
9,663,1 -> 0.312393
9,664,0 -> 0.687607
9,664,1 -> 0.312393
9,665,0 -> 0.687607
9,665,1 -> 0.312393
9,666,1 -> 0.687607
9,666,0 -> 0.312393
9,667,0 -> 0.687607
9,667,1 -> 0.312393
9,668,0 -> 0.687607
9,668,1 -> 0.312393
9,669,0 -> 0.687607
9,669,1 -> 0.312393
9,670,1 -> 0.687607
9,670,0 -> 0.312393
9,671,0 -> 0.687607
9,671,1 -> 0.312393
9,672,0 -> 0.687607
9,672,1 -> 0.312393
9,673,1 -> 0.687607
9,673,0 -> 0.312393
9,674,0 -> 0.687607
9,674,1 -> 0.312393
9,675,0 -> 0.687607
9,675,1 -> 0.312393
9,676,1 -> 0.687607
9,676,0 -> 0.312393
9,677,1 -> 0.687607
9,677,0 -> 0.312393
9,678,0 -> 0.687607
9,678,1 -> 0.312393
9,679,0 -> 0.687607
9,679,1 -> 0.312393
9,680,1 -> 0.687607
9,680,0 -> 0.312393
9,681,0 -> 0.687607
9,681,1 -> 0.312393
9,682,0 -> 0.687607
9,682,1 -> 0.312393
9,683,1 -> 0.687607
9,683,0 -> 0.312393
9,684,0 -> 0.687607
9,684,1 -> 0.312393
9,685,0 -> 0.687607
9,685,1 -> 0.312393
9,686,1 -> 0.687607
9,686,0 -> 0.312393
9,687,1 -> 0.687607
9,687,0 -> 0.312393
9,688,0 -> 0.687607
9,688,1 -> 0.312393
9,689,1 -> 0.687607
9,689,0 -> 0.312393
9,690,0 -> 0.687607
9,690,1 -> 0.312393
9,691,0 -> 0.687607
9,691,1 -> 0.312393
9,692,1 -> 0.687607
9,692,0 -> 0.312393
9,693,1 -> 0.687607
9,693,0 -> 0.312393
9,694,0 -> 0.687607
9,694,1 -> 0.312393
9,695,1 -> 0.687607
9,695,0 -> 0.312393
9,696,1 -> 0.687607
9,696,0 -> 0.312393
9,697,0 -> 0.687607
9,697,1 -> 0.312393
9,698,1 -> 0.687607
9,698,0 -> 0.312393
9,699,0 -> 0.687607
9,699,1 -> 0.312393
9,700,1 -> 0.687607
9,700,0 -> 0.312393
9,701,0 -> 0.687607
9,701,1 -> 0.312393
9,702,0 -> 0.687607
9,702,1 -> 0.312393
9,703,1 -> 0.687607
9,703,0 -> 0.312393
9,704,0 -> 0.687607
9,704,1 -> 0.312393
9,705,0 -> 0.687607
9,705,1 -> 0.312393
9,706,1 -> 0.687607
9,706,0 -> 0.312393
9,707,1 -> 0.687607
9,707,0 -> 0.312393
9,708,0 -> 0.687607
9,708,1 -> 0.312393
9,709,1 -> 0.687607
9,709,0 -> 0.312393
9,710,0 -> 0.687607
9,710,1 -> 0.312393
9,711,0 -> 0.687607
9,711,1 -> 0.312393
9,712,1 -> 0.687607
9,712,0 -> 0.312393
9,713,1 -> 0.687607
9,713,0 -> 0.312393
9,714,0 -> 0.687607
9,714,1 -> 0.312393
9,715,1 -> 0.687607
9,715,0 -> 0.312393
9,716,1 -> 0.687607
9,716,0 -> 0.312393
9,717,0 -> 0.687607
9,717,1 -> 0.312393
9,718,1 -> 0.687607
9,718,0 -> 0.312393
9,719,1 -> 0.687607
9,719,0 -> 0.312393
9,720,0 -> 0.687607
9,720,1 -> 0.312393
9,721,0 -> 0.687607
9,721,1 -> 0.312393
9,722,1 -> 0.687607
9,722,0 -> 0.312393
9,723,1 -> 0.687607
9,723,0 -> 0.312393
9,724,0 -> 0.687607
9,724,1 -> 0.312393
9,725,1 -> 0.687607
9,725,0 -> 0.312393
9,726,1 -> 0.687607
9,726,0 -> 0.312393
9,727,0 -> 0.687607
9,727,1 -> 0.312393
9,728,1 -> 0.687607
9,728,0 -> 0.312393
9,729,1 -> 0.687607
9,729,0 -> 0.312393
9,730,1 -> 0.687607
9,730,0 -> 0.312393
9,731,0 -> 0.687607
9,731,1 -> 0.312393
9,732,1 -> 0.687607
9,732,0 -> 0.312393
9,733,1 -> 0.687607
9,733,0 -> 0.312393
9,734,1 -> 0.687607
9,734,0 -> 0.312393
9,735,0 -> 0.687607
9,735,1 -> 0.312393
9,736,0 -> 0.687607
9,736,1 -> 0.312393
9,737,1 -> 0.687607
9,737,0 -> 0.312393
9,738,1 -> 0.687607
9,738,0 -> 0.312393
9,739,0 -> 0.687607
9,739,1 -> 0.312393
9,740,1 -> 0.687607
9,740,0 -> 0.312393
9,741,1 -> 0.687607
9,741,0 -> 0.312393
9,742,0 -> 0.687607
9,742,1 -> 0.312393
9,743,1 -> 0.687607
9,743,0 -> 0.312393
9,744,1 -> 0.687607
9,744,0 -> 0.312393
9,745,1 -> 0.687607
9,745,0 -> 0.312393
9,746,0 -> 0.687607
9,746,1 -> 0.312393
9,747,1 -> 0.687607
9,747,0 -> 0.312393
9,748,1 -> 0.687607
9,748,0 -> 0.312393
9,749,1 -> 0.687607
9,749,0 -> 0.312393
9,750,1 -> 0.687607
9,750,0 -> 0.312393
9,751,0 -> 0.687607
9,751,1 -> 0.312393
9,752,1 -> 0.687607
9,752,0 -> 0.312393
9,753,1 -> 0.687607
9,753,0 -> 0.312393
9,754,1 -> 0.687607
9,754,0 -> 0.312393
9,755,1 -> 0.687607
9,755,0 -> 0.312393
9,756,1 -> 0.687607
9,756,0 -> 0.312393
9,757,0 -> 0.687607
9,757,1 -> 0.312393
9,758,1 -> 0.687607
9,758,0 -> 0.312393
9,759,1 -> 0.687607
9,759,0 -> 0.312393
9,760,1 -> 0.687607
9,760,0 -> 0.312393
9,761,1 -> 0.687607
9,761,0 -> 0.312393
9,762,0 -> 0.606132
9,762,1 -> 0.393868
9,763,0 -> 0.606132
9,763,1 -> 0.393868
9,764,0 -> 0.606132
9,764,1 -> 0.393868
9,765,0 -> 0.606132
9,765,1 -> 0.393868
9,766,0 -> 0.606132
9,766,1 -> 0.393868
9,767,1 -> 0.606132
9,767,0 -> 0.393868
9,768,0 -> 0.606132
9,768,1 -> 0.393868
9,769,0 -> 0.606132
9,769,1 -> 0.393868
9,770,0 -> 0.606132
9,770,1 -> 0.393868
9,771,0 -> 0.606132
9,771,1 -> 0.393868
9,772,0 -> 0.606132
9,772,1 -> 0.393868
9,773,1 -> 0.606132
9,773,0 -> 0.393868
9,774,0 -> 0.606132
9,774,1 -> 0.393868
9,775,0 -> 0.606132
9,775,1 -> 0.393868
9,776,0 -> 0.606132
9,776,1 -> 0.393868
9,777,0 -> 0.606132
9,777,1 -> 0.393868
9,778,1 -> 0.606132
9,778,0 -> 0.393868
9,779,0 -> 0.606132
9,779,1 -> 0.393868
9,780,0 -> 0.606132
9,780,1 -> 0.393868
9,781,0 -> 0.606132
9,781,1 -> 0.393868
9,782,1 -> 0.606132
9,782,0 -> 0.393868
9,783,0 -> 0.606132
9,783,1 -> 0.393868
9,784,0 -> 0.606132
9,784,1 -> 0.393868
9,785,1 -> 0.606132
9,785,0 -> 0.393868
9,786,0 -> 0.606132
9,786,1 -> 0.393868
9,787,0 -> 0.606132
9,787,1 -> 0.393868
9,788,1 -> 0.606132
9,788,0 -> 0.393868
9,789,1 -> 0.606132
9,789,0 -> 0.393868
9,790,0 -> 0.606132
9,790,1 -> 0.393868
9,791,0 -> 0.606132
9,791,1 -> 0.393868
9,792,0 -> 0.606132
9,792,1 -> 0.393868
9,793,1 -> 0.606132
9,793,0 -> 0.393868
9,794,0 -> 0.606132
9,794,1 -> 0.393868
9,795,0 -> 0.606132
9,795,1 -> 0.393868
9,796,0 -> 0.606132
9,796,1 -> 0.393868
9,797,1 -> 0.606132
9,797,0 -> 0.393868
9,798,0 -> 0.606132
9,798,1 -> 0.393868
9,799,0 -> 0.606132
9,799,1 -> 0.393868
9,800,1 -> 0.606132
9,800,0 -> 0.393868
9,801,0 -> 0.606132
9,801,1 -> 0.393868
9,802,0 -> 0.606132
9,802,1 -> 0.393868
9,803,1 -> 0.606132
9,803,0 -> 0.393868
9,804,1 -> 0.606132
9,804,0 -> 0.393868
9,805,0 -> 0.606132
9,805,1 -> 0.393868
9,806,0 -> 0.606132
9,806,1 -> 0.393868
9,807,1 -> 0.606132
9,807,0 -> 0.393868
9,808,0 -> 0.606132
9,808,1 -> 0.393868
9,809,0 -> 0.606132
9,809,1 -> 0.393868
9,810,1 -> 0.606132
9,810,0 -> 0.393868
9,811,0 -> 0.606132
9,811,1 -> 0.393868
9,812,0 -> 0.606132
9,812,1 -> 0.393868
9,813,1 -> 0.606132
9,813,0 -> 0.393868
9,814,1 -> 0.606132
9,814,0 -> 0.393868
9,815,0 -> 0.606132
9,815,1 -> 0.393868
9,816,1 -> 0.606132
9,816,0 -> 0.393868
9,817,0 -> 0.606132
9,817,1 -> 0.393868
9,818,0 -> 0.606132
9,818,1 -> 0.393868
9,819,1 -> 0.606132
9,819,0 -> 0.393868
9,820,1 -> 0.606132
9,820,0 -> 0.393868
9,821,0 -> 0.606132
9,821,1 -> 0.393868
9,822,1 -> 0.606132
9,822,0 -> 0.393868
9,823,1 -> 0.606132
9,823,0 -> 0.393868
9,824,0 -> 0.606132
9,824,1 -> 0.393868
9,825,1 -> 0.606132
9,825,0 -> 0.393868
9,826,0 -> 0.606132
9,826,1 -> 0.393868
9,827,1 -> 0.606132
9,827,0 -> 0.393868
9,828,0 -> 0.606132
9,828,1 -> 0.393868
9,829,0 -> 0.606132
9,829,1 -> 0.393868
9,830,1 -> 0.606132
9,830,0 -> 0.393868
9,831,0 -> 0.606132
9,831,1 -> 0.393868
9,832,0 -> 0.606132
9,832,1 -> 0.393868
9,833,1 -> 0.606132
9,833,0 -> 0.393868
9,834,1 -> 0.606132
9,834,0 -> 0.393868
9,835,0 -> 0.606132
9,835,1 -> 0.393868
9,836,1 -> 0.606132
9,836,0 -> 0.393868
9,837,0 -> 0.606132
9,837,1 -> 0.393868
9,838,0 -> 0.606132
9,838,1 -> 0.393868
9,839,1 -> 0.606132
9,839,0 -> 0.393868
9,840,1 -> 0.606132
9,840,0 -> 0.393868
9,841,0 -> 0.606132
9,841,1 -> 0.393868
9,842,1 -> 0.606132
9,842,0 -> 0.393868
9,843,1 -> 0.606132
9,843,0 -> 0.393868
9,844,0 -> 0.606132
9,844,1 -> 0.393868
9,845,1 -> 0.606132
9,845,0 -> 0.393868
9,846,1 -> 0.606132
9,846,0 -> 0.393868
9,847,0 -> 0.606132
9,847,1 -> 0.393868
9,848,0 -> 0.606132
9,848,1 -> 0.393868
9,849,1 -> 0.606132
9,849,0 -> 0.393868
9,850,1 -> 0.606132
9,850,0 -> 0.393868
9,851,0 -> 0.606132
9,851,1 -> 0.393868
9,852,1 -> 0.606132
9,852,0 -> 0.393868
9,853,1 -> 0.606132
9,853,0 -> 0.393868
9,854,0 -> 0.606132
9,854,1 -> 0.393868
9,855,1 -> 0.606132
9,855,0 -> 0.393868
9,856,1 -> 0.606132
9,856,0 -> 0.393868
9,857,1 -> 0.606132
9,857,0 -> 0.393868
9,858,0 -> 0.606132
9,858,1 -> 0.393868
9,859,1 -> 0.606132
9,859,0 -> 0.393868
9,860,1 -> 0.606132
9,860,0 -> 0.393868
9,861,1 -> 0.606132
9,861,0 -> 0.393868
9,862,0 -> 0.606132
9,862,1 -> 0.393868
9,863,0 -> 0.606132
9,863,1 -> 0.393868
9,864,1 -> 0.606132
9,864,0 -> 0.393868
9,865,1 -> 0.606132
9,865,0 -> 0.393868
9,866,0 -> 0.606132
9,866,1 -> 0.393868
9,867,1 -> 0.606132
9,867,0 -> 0.393868
9,868,1 -> 0.606132
9,868,0 -> 0.393868
9,869,0 -> 0.606132
9,869,1 -> 0.393868
9,870,1 -> 0.606132
9,870,0 -> 0.393868
9,871,1 -> 0.606132
9,871,0 -> 0.393868
9,872,1 -> 0.606132
9,872,0 -> 0.393868
9,873,0 -> 0.606132
9,873,1 -> 0.393868
9,874,1 -> 0.606132
9,874,0 -> 0.393868
9,875,1 -> 0.606132
9,875,0 -> 0.393868
9,876,1 -> 0.606132
9,876,0 -> 0.393868
9,877,1 -> 0.606132
9,877,0 -> 0.393868
9,878,0 -> 0.606132
9,878,1 -> 0.393868
9,879,1 -> 0.606132
9,879,0 -> 0.393868
9,880,1 -> 0.606132
9,880,0 -> 0.393868
9,881,1 -> 0.606132
9,881,0 -> 0.393868
9,882,1 -> 0.606132
9,882,0 -> 0.393868
9,883,1 -> 0.606132
9,883,0 -> 0.393868
9,884,0 -> 0.606132
9,884,1 -> 0.393868
9,885,1 -> 0.606132
9,885,0 -> 0.393868
9,886,1 -> 0.606132
9,886,0 -> 0.393868
9,887,1 -> 0.606132
9,887,0 -> 0.393868
9,888,1 -> 0.606132
9,888,0 -> 0.393868
9,889,0 -> 0.625
9,889,1 -> 0.375
9,890,0 -> 0.625
9,890,1 -> 0.375
9,891,0 -> 0.625
9,891,1 -> 0.375
9,892,0 -> 0.625
9,892,1 -> 0.375
9,893,0 -> 0.625
9,893,1 -> 0.375
9,894,1 -> 0.625
9,894,0 -> 0.375
9,895,0 -> 0.625
9,895,1 -> 0.375
9,896,0 -> 0.625
9,896,1 -> 0.375
9,897,0 -> 0.625
9,897,1 -> 0.375
9,898,0 -> 0.625
9,898,1 -> 0.375
9,899,0 -> 0.625
9,899,1 -> 0.375
9,900,1 -> 0.625
9,900,0 -> 0.375
9,901,0 -> 0.625
9,901,1 -> 0.375
9,902,0 -> 0.625
9,902,1 -> 0.375
9,903,0 -> 0.625
9,903,1 -> 0.375
9,904,0 -> 0.625
9,904,1 -> 0.375
9,905,1 -> 0.625
9,905,0 -> 0.375
9,906,0 -> 0.625
9,906,1 -> 0.375
9,907,0 -> 0.625
9,907,1 -> 0.375
9,908,0 -> 0.625
9,908,1 -> 0.375
9,909,1 -> 0.625
9,909,0 -> 0.375
9,910,0 -> 0.625
9,910,1 -> 0.375
9,911,0 -> 0.625
9,911,1 -> 0.375
9,912,1 -> 0.625
9,912,0 -> 0.375
9,913,0 -> 0.625
9,913,1 -> 0.375
9,914,0 -> 0.625
9,914,1 -> 0.375
9,915,1 -> 0.625
9,915,0 -> 0.375
9,916,1 -> 0.625
9,916,0 -> 0.375
9,917,0 -> 0.625
9,917,1 -> 0.375
9,918,0 -> 0.625
9,918,1 -> 0.375
9,919,0 -> 0.625
9,919,1 -> 0.375
9,920,1 -> 0.625
9,920,0 -> 0.375
9,921,0 -> 0.625
9,921,1 -> 0.375
9,922,0 -> 0.625
9,922,1 -> 0.375
9,923,0 -> 0.625
9,923,1 -> 0.375
9,924,1 -> 0.625
9,924,0 -> 0.375
9,925,0 -> 0.625
9,925,1 -> 0.375
9,926,0 -> 0.625
9,926,1 -> 0.375
9,927,1 -> 0.625
9,927,0 -> 0.375
9,928,0 -> 0.625
9,928,1 -> 0.375
9,929,0 -> 0.625
9,929,1 -> 0.375
9,930,1 -> 0.625
9,930,0 -> 0.375
9,931,1 -> 0.625
9,931,0 -> 0.375
9,932,0 -> 0.625
9,932,1 -> 0.375
9,933,0 -> 0.625
9,933,1 -> 0.375
9,934,1 -> 0.625
9,934,0 -> 0.375
9,935,0 -> 0.625
9,935,1 -> 0.375
9,936,0 -> 0.625
9,936,1 -> 0.375
9,937,1 -> 0.625
9,937,0 -> 0.375
9,938,0 -> 0.625
9,938,1 -> 0.375
9,939,0 -> 0.625
9,939,1 -> 0.375
9,940,1 -> 0.625
9,940,0 -> 0.375
9,941,1 -> 0.625
9,941,0 -> 0.375
9,942,0 -> 0.625
9,942,1 -> 0.375
9,943,1 -> 0.625
9,943,0 -> 0.375
9,944,0 -> 0.625
9,944,1 -> 0.375
9,945,0 -> 0.625
9,945,1 -> 0.375
9,946,1 -> 0.625
9,946,0 -> 0.375
9,947,1 -> 0.625
9,947,0 -> 0.375
9,948,0 -> 0.625
9,948,1 -> 0.375
9,949,1 -> 0.625
9,949,0 -> 0.375
9,950,1 -> 0.625
9,950,0 -> 0.375
9,951,0 -> 0.625
9,951,1 -> 0.375
9,952,1 -> 0.625
9,952,0 -> 0.375
9,953,0 -> 0.625
9,953,1 -> 0.375
9,954,1 -> 0.625
9,954,0 -> 0.375
9,955,0 -> 0.625
9,955,1 -> 0.375
9,956,0 -> 0.625
9,956,1 -> 0.375
9,957,1 -> 0.625
9,957,0 -> 0.375
9,958,0 -> 0.625
9,958,1 -> 0.375
9,959,0 -> 0.625
9,959,1 -> 0.375
9,960,1 -> 0.625
9,960,0 -> 0.375
9,961,1 -> 0.625
9,961,0 -> 0.375
9,962,0 -> 0.625
9,962,1 -> 0.375
9,963,1 -> 0.625
9,963,0 -> 0.375
9,964,0 -> 0.625
9,964,1 -> 0.375
9,965,0 -> 0.625
9,965,1 -> 0.375
9,966,1 -> 0.625
9,966,0 -> 0.375
9,967,1 -> 0.625
9,967,0 -> 0.375
9,968,0 -> 0.625
9,968,1 -> 0.375
9,969,1 -> 0.625
9,969,0 -> 0.375
9,970,1 -> 0.625
9,970,0 -> 0.375
9,971,0 -> 0.625
9,971,1 -> 0.375
9,972,1 -> 0.625
9,972,0 -> 0.375
9,973,1 -> 0.625
9,973,0 -> 0.375
9,974,0 -> 0.625
9,974,1 -> 0.375
9,975,0 -> 0.625
9,975,1 -> 0.375
9,976,1 -> 0.625
9,976,0 -> 0.375
9,977,1 -> 0.625
9,977,0 -> 0.375
9,978,0 -> 0.625
9,978,1 -> 0.375
9,979,1 -> 0.625
9,979,0 -> 0.375
9,980,1 -> 0.625
9,980,0 -> 0.375
9,981,0 -> 0.625
9,981,1 -> 0.375
9,982,1 -> 0.625
9,982,0 -> 0.375
9,983,1 -> 0.625
9,983,0 -> 0.375
9,984,1 -> 0.625
9,984,0 -> 0.375
9,985,0 -> 0.625
9,985,1 -> 0.375
9,986,1 -> 0.625
9,986,0 -> 0.375
9,987,1 -> 0.625
9,987,0 -> 0.375
9,988,1 -> 0.625
9,988,0 -> 0.375
9,989,0 -> 0.625
9,989,1 -> 0.375
9,990,0 -> 0.625
9,990,1 -> 0.375
9,991,1 -> 0.625
9,991,0 -> 0.375
9,992,1 -> 0.625
9,992,0 -> 0.375
9,993,0 -> 0.625
9,993,1 -> 0.375
9,994,1 -> 0.625
9,994,0 -> 0.375
9,995,1 -> 0.625
9,995,0 -> 0.375
9,996,0 -> 0.625
9,996,1 -> 0.375
9,997,1 -> 0.625
9,997,0 -> 0.375
9,998,1 -> 0.625
9,998,0 -> 0.375
9,999,1 -> 0.625
9,999,0 -> 0.375
9,1000,0 -> 0.625
9,1000,1 -> 0.375
9,1001,1 -> 0.625
9,1001,0 -> 0.375
9,1002,1 -> 0.625
9,1002,0 -> 0.375
9,1003,1 -> 0.625
9,1003,0 -> 0.375
9,1004,1 -> 0.625
9,1004,0 -> 0.375
9,1005,0 -> 0.625
9,1005,1 -> 0.375
9,1006,1 -> 0.625
9,1006,0 -> 0.375
9,1007,1 -> 0.625
9,1007,0 -> 0.375
9,1008,1 -> 0.625
9,1008,0 -> 0.375
9,1009,1 -> 0.625
9,1009,0 -> 0.375
9,1010,1 -> 0.625
9,1010,0 -> 0.375
9,1011,0 -> 0.625
9,1011,1 -> 0.375
9,1012,1 -> 0.625
9,1012,0 -> 0.375
9,1013,1 -> 0.625
9,1013,0 -> 0.375
9,1014,1 -> 0.625
9,1014,0 -> 0.375
9,1015,1 -> 0.625
9,1015,0 -> 0.375
9,1016,0 -> 0.606132
9,1016,1 -> 0.393868
9,1017,0 -> 0.606132
9,1017,1 -> 0.393868
9,1018,0 -> 0.606132
9,1018,1 -> 0.393868
9,1019,0 -> 0.606132
9,1019,1 -> 0.393868
9,1020,0 -> 0.606132
9,1020,1 -> 0.393868
9,1021,1 -> 0.606132
9,1021,0 -> 0.393868
9,1022,0 -> 0.606132
9,1022,1 -> 0.393868
9,1023,0 -> 0.606132
9,1023,1 -> 0.393868
9,1024,0 -> 0.606132
9,1024,1 -> 0.393868
9,1025,0 -> 0.606132
9,1025,1 -> 0.393868
9,1026,0 -> 0.606132
9,1026,1 -> 0.393868
9,1027,1 -> 0.606132
9,1027,0 -> 0.393868
9,1028,0 -> 0.606132
9,1028,1 -> 0.393868
9,1029,0 -> 0.606132
9,1029,1 -> 0.393868
9,1030,0 -> 0.606132
9,1030,1 -> 0.393868
9,1031,0 -> 0.606132
9,1031,1 -> 0.393868
9,1032,1 -> 0.606132
9,1032,0 -> 0.393868
9,1033,0 -> 0.606132
9,1033,1 -> 0.393868
9,1034,0 -> 0.606132
9,1034,1 -> 0.393868
9,1035,0 -> 0.606132
9,1035,1 -> 0.393868
9,1036,1 -> 0.606132
9,1036,0 -> 0.393868
9,1037,0 -> 0.606132
9,1037,1 -> 0.393868
9,1038,0 -> 0.606132
9,1038,1 -> 0.393868
9,1039,1 -> 0.606132
9,1039,0 -> 0.393868
9,1040,0 -> 0.606132
9,1040,1 -> 0.393868
9,1041,0 -> 0.606132
9,1041,1 -> 0.393868
9,1042,1 -> 0.606132
9,1042,0 -> 0.393868
9,1043,1 -> 0.606132
9,1043,0 -> 0.393868
9,1044,0 -> 0.606132
9,1044,1 -> 0.393868
9,1045,0 -> 0.606132
9,1045,1 -> 0.393868
9,1046,0 -> 0.606132
9,1046,1 -> 0.393868
9,1047,1 -> 0.606132
9,1047,0 -> 0.393868
9,1048,0 -> 0.606132
9,1048,1 -> 0.393868
9,1049,0 -> 0.606132
9,1049,1 -> 0.393868
9,1050,0 -> 0.606132
9,1050,1 -> 0.393868
9,1051,1 -> 0.606132
9,1051,0 -> 0.393868
9,1052,0 -> 0.606132
9,1052,1 -> 0.393868
9,1053,0 -> 0.606132
9,1053,1 -> 0.393868
9,1054,1 -> 0.606132
9,1054,0 -> 0.393868
9,1055,0 -> 0.606132
9,1055,1 -> 0.393868
9,1056,0 -> 0.606132
9,1056,1 -> 0.393868
9,1057,1 -> 0.606132
9,1057,0 -> 0.393868
9,1058,1 -> 0.606132
9,1058,0 -> 0.393868
9,1059,0 -> 0.606132
9,1059,1 -> 0.393868
9,1060,0 -> 0.606132
9,1060,1 -> 0.393868
9,1061,1 -> 0.606132
9,1061,0 -> 0.393868
9,1062,0 -> 0.606132
9,1062,1 -> 0.393868
9,1063,0 -> 0.606132
9,1063,1 -> 0.393868
9,1064,1 -> 0.606132
9,1064,0 -> 0.393868
9,1065,0 -> 0.606132
9,1065,1 -> 0.393868
9,1066,0 -> 0.606132
9,1066,1 -> 0.393868
9,1067,1 -> 0.606132
9,1067,0 -> 0.393868
9,1068,1 -> 0.606132
9,1068,0 -> 0.393868
9,1069,0 -> 0.606132
9,1069,1 -> 0.393868
9,1070,1 -> 0.606132
9,1070,0 -> 0.393868
9,1071,0 -> 0.606132
9,1071,1 -> 0.393868
9,1072,0 -> 0.606132
9,1072,1 -> 0.393868
9,1073,1 -> 0.606132
9,1073,0 -> 0.393868
9,1074,1 -> 0.606132
9,1074,0 -> 0.393868
9,1075,0 -> 0.606132
9,1075,1 -> 0.393868
9,1076,1 -> 0.606132
9,1076,0 -> 0.393868
9,1077,1 -> 0.606132
9,1077,0 -> 0.393868
9,1078,0 -> 0.606132
9,1078,1 -> 0.393868
9,1079,1 -> 0.606132
9,1079,0 -> 0.393868
9,1080,0 -> 0.606132
9,1080,1 -> 0.393868
9,1081,1 -> 0.606132
9,1081,0 -> 0.393868
9,1082,0 -> 0.606132
9,1082,1 -> 0.393868
9,1083,0 -> 0.606132
9,1083,1 -> 0.393868
9,1084,1 -> 0.606132
9,1084,0 -> 0.393868
9,1085,0 -> 0.606132
9,1085,1 -> 0.393868
9,1086,0 -> 0.606132
9,1086,1 -> 0.393868
9,1087,1 -> 0.606132
9,1087,0 -> 0.393868
9,1088,1 -> 0.606132
9,1088,0 -> 0.393868
9,1089,0 -> 0.606132
9,1089,1 -> 0.393868
9,1090,1 -> 0.606132
9,1090,0 -> 0.393868
9,1091,0 -> 0.606132
9,1091,1 -> 0.393868
9,1092,0 -> 0.606132
9,1092,1 -> 0.393868
9,1093,1 -> 0.606132
9,1093,0 -> 0.393868
9,1094,1 -> 0.606132
9,1094,0 -> 0.393868
9,1095,0 -> 0.606132
9,1095,1 -> 0.393868
9,1096,1 -> 0.606132
9,1096,0 -> 0.393868
9,1097,1 -> 0.606132
9,1097,0 -> 0.393868
9,1098,0 -> 0.606132
9,1098,1 -> 0.393868
9,1099,1 -> 0.606132
9,1099,0 -> 0.393868
9,1100,1 -> 0.606132
9,1100,0 -> 0.393868
9,1101,0 -> 0.606132
9,1101,1 -> 0.393868
9,1102,0 -> 0.606132
9,1102,1 -> 0.393868
9,1103,1 -> 0.606132
9,1103,0 -> 0.393868
9,1104,1 -> 0.606132
9,1104,0 -> 0.393868
9,1105,0 -> 0.606132
9,1105,1 -> 0.393868
9,1106,1 -> 0.606132
9,1106,0 -> 0.393868
9,1107,1 -> 0.606132
9,1107,0 -> 0.393868
9,1108,0 -> 0.606132
9,1108,1 -> 0.393868
9,1109,1 -> 0.606132
9,1109,0 -> 0.393868
9,1110,1 -> 0.606132
9,1110,0 -> 0.393868
9,1111,1 -> 0.606132
9,1111,0 -> 0.393868
9,1112,0 -> 0.606132
9,1112,1 -> 0.393868
9,1113,1 -> 0.606132
9,1113,0 -> 0.393868
9,1114,1 -> 0.606132
9,1114,0 -> 0.393868
9,1115,1 -> 0.606132
9,1115,0 -> 0.393868
9,1116,0 -> 0.606132
9,1116,1 -> 0.393868
9,1117,0 -> 0.606132
9,1117,1 -> 0.393868
9,1118,1 -> 0.606132
9,1118,0 -> 0.393868
9,1119,1 -> 0.606132
9,1119,0 -> 0.393868
9,1120,0 -> 0.606132
9,1120,1 -> 0.393868
9,1121,1 -> 0.606132
9,1121,0 -> 0.393868
9,1122,1 -> 0.606132
9,1122,0 -> 0.393868
9,1123,0 -> 0.606132
9,1123,1 -> 0.393868
9,1124,1 -> 0.606132
9,1124,0 -> 0.393868
9,1125,1 -> 0.606132
9,1125,0 -> 0.393868
9,1126,1 -> 0.606132
9,1126,0 -> 0.393868
9,1127,0 -> 0.606132
9,1127,1 -> 0.393868
9,1128,1 -> 0.606132
9,1128,0 -> 0.393868
9,1129,1 -> 0.606132
9,1129,0 -> 0.393868
9,1130,1 -> 0.606132
9,1130,0 -> 0.393868
9,1131,1 -> 0.606132
9,1131,0 -> 0.393868
9,1132,0 -> 0.606132
9,1132,1 -> 0.393868
9,1133,1 -> 0.606132
9,1133,0 -> 0.393868
9,1134,1 -> 0.606132
9,1134,0 -> 0.393868
9,1135,1 -> 0.606132
9,1135,0 -> 0.393868
9,1136,1 -> 0.606132
9,1136,0 -> 0.393868
9,1137,1 -> 0.606132
9,1137,0 -> 0.393868
9,1138,0 -> 0.606132
9,1138,1 -> 0.393868
9,1139,1 -> 0.606132
9,1139,0 -> 0.393868
9,1140,1 -> 0.606132
9,1140,0 -> 0.393868
9,1141,1 -> 0.606132
9,1141,0 -> 0.393868
9,1142,1 -> 0.606132
9,1142,0 -> 0.393868
10,0,0 -> 0.606132
10,0,1 -> 0.393868
10,1,0 -> 0.606132
10,1,1 -> 0.393868
10,2,0 -> 0.606132
10,2,1 -> 0.393868
10,3,0 -> 0.606132
10,3,1 -> 0.393868
10,4,0 -> 0.606132
10,4,1 -> 0.393868
10,5,0 -> 0.606132
10,5,1 -> 0.393868
10,6,1 -> 0.606132
10,6,0 -> 0.393868
10,7,0 -> 0.606132
10,7,1 -> 0.393868
10,8,0 -> 0.606132
10,8,1 -> 0.393868
10,9,0 -> 0.606132
10,9,1 -> 0.393868
10,10,0 -> 0.606132
10,10,1 -> 0.393868
10,11,0 -> 0.606132
10,11,1 -> 0.393868
10,12,1 -> 0.606132
10,12,0 -> 0.393868
10,13,0 -> 0.606132
10,13,1 -> 0.393868
10,14,0 -> 0.606132
10,14,1 -> 0.393868
10,15,0 -> 0.606132
10,15,1 -> 0.393868
10,16,0 -> 0.606132
10,16,1 -> 0.393868
10,17,1 -> 0.606132
10,17,0 -> 0.393868
10,18,0 -> 0.606132
10,18,1 -> 0.393868
10,19,0 -> 0.606132
10,19,1 -> 0.393868
10,20,0 -> 0.606132
10,20,1 -> 0.393868
10,21,1 -> 0.606132
10,21,0 -> 0.393868
10,22,0 -> 0.606132
10,22,1 -> 0.393868
10,23,0 -> 0.606132
10,23,1 -> 0.393868
10,24,1 -> 0.606132
10,24,0 -> 0.393868
10,25,0 -> 0.606132
10,25,1 -> 0.393868
10,26,1 -> 0.606132
10,26,0 -> 0.393868
10,27,0 -> 0.606132
10,27,1 -> 0.393868
10,28,1 -> 0.606132
10,28,0 -> 0.393868
10,29,0 -> 0.606132
10,29,1 -> 0.393868
10,30,0 -> 0.606132
10,30,1 -> 0.393868
10,31,0 -> 0.606132
10,31,1 -> 0.393868
10,32,1 -> 0.606132
10,32,0 -> 0.393868
10,33,0 -> 0.606132
10,33,1 -> 0.393868
10,34,0 -> 0.606132
10,34,1 -> 0.393868
10,35,0 -> 0.606132
10,35,1 -> 0.393868
10,36,1 -> 0.606132
10,36,0 -> 0.393868
10,37,0 -> 0.606132
10,37,1 -> 0.393868
10,38,0 -> 0.606132
10,38,1 -> 0.393868
10,39,1 -> 0.606132
10,39,0 -> 0.393868
10,40,0 -> 0.606132
10,40,1 -> 0.393868
10,41,1 -> 0.606132
10,41,0 -> 0.393868
10,42,0 -> 0.606132
10,42,1 -> 0.393868
10,43,1 -> 0.606132
10,43,0 -> 0.393868
10,44,0 -> 0.606132
10,44,1 -> 0.393868
10,45,0 -> 0.606132
10,45,1 -> 0.393868
10,46,1 -> 0.606132
10,46,0 -> 0.393868
10,47,0 -> 0.606132
10,47,1 -> 0.393868
10,48,0 -> 0.606132
10,48,1 -> 0.393868
10,49,1 -> 0.606132
10,49,0 -> 0.393868
10,50,0 -> 0.606132
10,50,1 -> 0.393868
10,51,1 -> 0.606132
10,51,0 -> 0.393868
10,52,0 -> 0.606132
10,52,1 -> 0.393868
10,53,1 -> 0.606132
10,53,0 -> 0.393868
10,54,0 -> 0.606132
10,54,1 -> 0.393868
10,55,1 -> 0.606132
10,55,0 -> 0.393868
10,56,0 -> 0.606132
10,56,1 -> 0.393868
10,57,1 -> 0.606132
10,57,0 -> 0.393868
10,58,0 -> 0.606132
10,58,1 -> 0.393868
10,59,1 -> 0.606132
10,59,0 -> 0.393868
10,60,1 -> 0.606132
10,60,0 -> 0.393868
10,61,0 -> 0.606132
10,61,1 -> 0.393868
10,62,1 -> 0.606132
10,62,0 -> 0.393868
10,63,1 -> 0.606132
10,63,0 -> 0.393868
10,64,0 -> 0.606132
10,64,1 -> 0.393868
10,65,0 -> 0.606132
10,65,1 -> 0.393868
10,66,1 -> 0.606132
10,66,0 -> 0.393868
10,67,0 -> 0.606132
10,67,1 -> 0.393868
10,68,0 -> 0.606132
10,68,1 -> 0.393868
10,69,1 -> 0.606132
10,69,0 -> 0.393868
10,70,0 -> 0.606132
10,70,1 -> 0.393868
10,71,1 -> 0.606132
10,71,0 -> 0.393868
10,72,0 -> 0.606132
10,72,1 -> 0.393868
10,73,1 -> 0.606132
10,73,0 -> 0.393868
10,74,0 -> 0.606132
10,74,1 -> 0.393868
10,75,1 -> 0.606132
10,75,0 -> 0.393868
10,76,0 -> 0.606132
10,76,1 -> 0.393868
10,77,1 -> 0.606132
10,77,0 -> 0.393868
10,78,0 -> 0.606132
10,78,1 -> 0.393868
10,79,1 -> 0.606132
10,79,0 -> 0.393868
10,80,1 -> 0.606132
10,80,0 -> 0.393868
10,81,0 -> 0.606132
10,81,1 -> 0.393868
10,82,1 -> 0.606132
10,82,0 -> 0.393868
10,83,1 -> 0.606132
10,83,0 -> 0.393868
10,84,0 -> 0.606132
10,84,1 -> 0.393868
10,85,1 -> 0.606132
10,85,0 -> 0.393868
10,86,0 -> 0.606132
10,86,1 -> 0.393868
10,87,1 -> 0.606132
10,87,0 -> 0.393868
10,88,0 -> 0.606132
10,88,1 -> 0.393868
10,89,1 -> 0.606132
10,89,0 -> 0.393868
10,90,1 -> 0.606132
10,90,0 -> 0.393868
10,91,0 -> 0.606132
10,91,1 -> 0.393868
10,92,1 -> 0.606132
10,92,0 -> 0.393868
10,93,1 -> 0.606132
10,93,0 -> 0.393868
10,94,1 -> 0.606132
10,94,0 -> 0.393868
10,95,0 -> 0.606132
10,95,1 -> 0.393868
10,96,1 -> 0.606132
10,96,0 -> 0.393868
10,97,1 -> 0.606132
10,97,0 -> 0.393868
10,98,1 -> 0.606132
10,98,0 -> 0.393868
10,99,0 -> 0.606132
10,99,1 -> 0.393868
10,100,1 -> 0.606132
10,100,0 -> 0.393868
10,101,0 -> 0.606132
10,101,1 -> 0.393868
10,102,1 -> 0.606132
10,102,0 -> 0.393868
10,103,0 -> 0.606132
10,103,1 -> 0.393868
10,104,1 -> 0.606132
10,104,0 -> 0.393868
10,105,1 -> 0.606132
10,105,0 -> 0.393868
10,106,0 -> 0.606132
10,106,1 -> 0.393868
10,107,1 -> 0.606132
10,107,0 -> 0.393868
10,108,1 -> 0.606132
10,108,0 -> 0.393868
10,109,1 -> 0.606132
10,109,0 -> 0.393868
10,110,0 -> 0.606132
10,110,1 -> 0.393868
10,111,1 -> 0.606132
10,111,0 -> 0.393868
10,112,1 -> 0.606132
10,112,0 -> 0.393868
10,113,1 -> 0.606132
10,113,0 -> 0.393868
10,114,1 -> 0.606132
10,114,0 -> 0.393868
10,115,0 -> 0.606132
10,115,1 -> 0.393868
10,116,1 -> 0.606132
10,116,0 -> 0.393868
10,117,1 -> 0.606132
10,117,0 -> 0.393868
10,118,1 -> 0.606132
10,118,0 -> 0.393868
10,119,1 -> 0.606132
10,119,0 -> 0.393868
10,120,1 -> 0.606132
10,120,0 -> 0.393868
10,121,0 -> 0.606132
10,121,1 -> 0.393868
10,122,1 -> 0.606132
10,122,0 -> 0.393868
10,123,1 -> 0.606132
10,123,0 -> 0.393868
10,124,1 -> 0.606132
10,124,0 -> 0.393868
10,125,1 -> 0.606132
10,125,0 -> 0.393868
10,126,1 -> 0.606132
10,126,0 -> 0.393868
10,127,0 -> 0.625
10,127,1 -> 0.375
10,128,0 -> 0.625
10,128,1 -> 0.375
10,129,0 -> 0.625
10,129,1 -> 0.375
10,130,0 -> 0.625
10,130,1 -> 0.375
10,131,0 -> 0.625
10,131,1 -> 0.375
10,132,0 -> 0.625
10,132,1 -> 0.375
10,133,1 -> 0.625
10,133,0 -> 0.375
10,134,0 -> 0.625
10,134,1 -> 0.375
10,135,0 -> 0.625
10,135,1 -> 0.375
10,136,0 -> 0.625
10,136,1 -> 0.375
10,137,0 -> 0.625
10,137,1 -> 0.375
10,138,0 -> 0.625
10,138,1 -> 0.375
10,139,1 -> 0.625
10,139,0 -> 0.375
10,140,0 -> 0.625
10,140,1 -> 0.375
10,141,0 -> 0.625
10,141,1 -> 0.375
10,142,0 -> 0.625
10,142,1 -> 0.375
10,143,0 -> 0.625
10,143,1 -> 0.375
10,144,1 -> 0.625
10,144,0 -> 0.375
10,145,0 -> 0.625
10,145,1 -> 0.375
10,146,0 -> 0.625
10,146,1 -> 0.375
10,147,0 -> 0.625
10,147,1 -> 0.375
10,148,1 -> 0.625
10,148,0 -> 0.375
10,149,0 -> 0.625
10,149,1 -> 0.375
10,150,0 -> 0.625
10,150,1 -> 0.375
10,151,1 -> 0.625
10,151,0 -> 0.375
10,152,0 -> 0.625
10,152,1 -> 0.375
10,153,1 -> 0.625
10,153,0 -> 0.375
10,154,0 -> 0.625
10,154,1 -> 0.375
10,155,1 -> 0.625
10,155,0 -> 0.375
10,156,0 -> 0.625
10,156,1 -> 0.375
10,157,0 -> 0.625
10,157,1 -> 0.375
10,158,0 -> 0.625
10,158,1 -> 0.375
10,159,1 -> 0.625
10,159,0 -> 0.375
10,160,0 -> 0.625
10,160,1 -> 0.375
10,161,0 -> 0.625
10,161,1 -> 0.375
10,162,0 -> 0.625
10,162,1 -> 0.375
10,163,1 -> 0.625
10,163,0 -> 0.375
10,164,0 -> 0.625
10,164,1 -> 0.375
10,165,0 -> 0.625
10,165,1 -> 0.375
10,166,1 -> 0.625
10,166,0 -> 0.375
10,167,0 -> 0.625
10,167,1 -> 0.375
10,168,1 -> 0.625
10,168,0 -> 0.375
10,169,0 -> 0.625
10,169,1 -> 0.375
10,170,1 -> 0.625
10,170,0 -> 0.375
10,171,0 -> 0.625
10,171,1 -> 0.375
10,172,0 -> 0.625
10,172,1 -> 0.375
10,173,1 -> 0.625
10,173,0 -> 0.375
10,174,0 -> 0.625
10,174,1 -> 0.375
10,175,0 -> 0.625
10,175,1 -> 0.375
10,176,1 -> 0.625
10,176,0 -> 0.375
10,177,0 -> 0.625
10,177,1 -> 0.375
10,178,1 -> 0.625
10,178,0 -> 0.375
10,179,0 -> 0.625
10,179,1 -> 0.375
10,180,1 -> 0.625
10,180,0 -> 0.375
10,181,0 -> 0.625
10,181,1 -> 0.375
10,182,1 -> 0.625
10,182,0 -> 0.375
10,183,0 -> 0.625
10,183,1 -> 0.375
10,184,1 -> 0.625
10,184,0 -> 0.375
10,185,0 -> 0.625
10,185,1 -> 0.375
10,186,1 -> 0.625
10,186,0 -> 0.375
10,187,1 -> 0.625
10,187,0 -> 0.375
10,188,0 -> 0.625
10,188,1 -> 0.375
10,189,1 -> 0.625
10,189,0 -> 0.375
10,190,1 -> 0.625
10,190,0 -> 0.375
10,191,0 -> 0.625
10,191,1 -> 0.375
10,192,0 -> 0.625
10,192,1 -> 0.375
10,193,1 -> 0.625
10,193,0 -> 0.375
10,194,0 -> 0.625
10,194,1 -> 0.375
10,195,0 -> 0.625
10,195,1 -> 0.375
10,196,1 -> 0.625
10,196,0 -> 0.375
10,197,0 -> 0.625
10,197,1 -> 0.375
10,198,1 -> 0.625
10,198,0 -> 0.375
10,199,0 -> 0.625
10,199,1 -> 0.375
10,200,1 -> 0.625
10,200,0 -> 0.375
10,201,0 -> 0.625
10,201,1 -> 0.375
10,202,1 -> 0.625
10,202,0 -> 0.375
10,203,0 -> 0.625
10,203,1 -> 0.375
10,204,1 -> 0.625
10,204,0 -> 0.375
10,205,0 -> 0.625
10,205,1 -> 0.375
10,206,1 -> 0.625
10,206,0 -> 0.375
10,207,1 -> 0.625
10,207,0 -> 0.375
10,208,0 -> 0.625
10,208,1 -> 0.375
10,209,1 -> 0.625
10,209,0 -> 0.375
10,210,1 -> 0.625
10,210,0 -> 0.375
10,211,0 -> 0.625
10,211,1 -> 0.375
10,212,1 -> 0.625
10,212,0 -> 0.375
10,213,0 -> 0.625
10,213,1 -> 0.375
10,214,1 -> 0.625
10,214,0 -> 0.375
10,215,0 -> 0.625
10,215,1 -> 0.375
10,216,1 -> 0.625
10,216,0 -> 0.375
10,217,1 -> 0.625
10,217,0 -> 0.375
10,218,0 -> 0.625
10,218,1 -> 0.375
10,219,1 -> 0.625
10,219,0 -> 0.375
10,220,1 -> 0.625
10,220,0 -> 0.375
10,221,1 -> 0.625
10,221,0 -> 0.375
10,222,0 -> 0.625
10,222,1 -> 0.375
10,223,1 -> 0.625
10,223,0 -> 0.375
10,224,1 -> 0.625
10,224,0 -> 0.375
10,225,1 -> 0.625
10,225,0 -> 0.375
10,226,0 -> 0.625
10,226,1 -> 0.375
10,227,1 -> 0.625
10,227,0 -> 0.375
10,228,0 -> 0.625
10,228,1 -> 0.375
10,229,1 -> 0.625
10,229,0 -> 0.375
10,230,0 -> 0.625
10,230,1 -> 0.375
10,231,1 -> 0.625
10,231,0 -> 0.375
10,232,1 -> 0.625
10,232,0 -> 0.375
10,233,0 -> 0.625
10,233,1 -> 0.375
10,234,1 -> 0.625
10,234,0 -> 0.375
10,235,1 -> 0.625
10,235,0 -> 0.375
10,236,1 -> 0.625
10,236,0 -> 0.375
10,237,0 -> 0.625
10,237,1 -> 0.375
10,238,1 -> 0.625
10,238,0 -> 0.375
10,239,1 -> 0.625
10,239,0 -> 0.375
10,240,1 -> 0.625
10,240,0 -> 0.375
10,241,1 -> 0.625
10,241,0 -> 0.375
10,242,0 -> 0.625
10,242,1 -> 0.375
10,243,1 -> 0.625
10,243,0 -> 0.375
10,244,1 -> 0.625
10,244,0 -> 0.375
10,245,1 -> 0.625
10,245,0 -> 0.375
10,246,1 -> 0.625
10,246,0 -> 0.375
10,247,1 -> 0.625
10,247,0 -> 0.375
10,248,0 -> 0.625
10,248,1 -> 0.375
10,249,1 -> 0.625
10,249,0 -> 0.375
10,250,1 -> 0.625
10,250,0 -> 0.375
10,251,1 -> 0.625
10,251,0 -> 0.375
10,252,1 -> 0.625
10,252,0 -> 0.375
10,253,1 -> 0.625
10,253,0 -> 0.375
10,254,0 -> 0.606132
10,254,1 -> 0.393868
10,255,0 -> 0.606132
10,255,1 -> 0.393868
10,256,0 -> 0.606132
10,256,1 -> 0.393868
10,257,0 -> 0.606132
10,257,1 -> 0.393868
10,258,0 -> 0.606132
10,258,1 -> 0.393868
10,259,0 -> 0.606132
10,259,1 -> 0.393868
10,260,1 -> 0.606132
10,260,0 -> 0.393868
10,261,0 -> 0.606132
10,261,1 -> 0.393868
10,262,0 -> 0.606132
10,262,1 -> 0.393868
10,263,0 -> 0.606132
10,263,1 -> 0.393868
10,264,0 -> 0.606132
10,264,1 -> 0.393868
10,265,0 -> 0.606132
10,265,1 -> 0.393868
10,266,1 -> 0.606132
10,266,0 -> 0.393868
10,267,0 -> 0.606132
10,267,1 -> 0.393868
10,268,0 -> 0.606132
10,268,1 -> 0.393868
10,269,0 -> 0.606132
10,269,1 -> 0.393868
10,270,0 -> 0.606132
10,270,1 -> 0.393868
10,271,1 -> 0.606132
10,271,0 -> 0.393868
10,272,0 -> 0.606132
10,272,1 -> 0.393868
10,273,0 -> 0.606132
10,273,1 -> 0.393868
10,274,0 -> 0.606132
10,274,1 -> 0.393868
10,275,1 -> 0.606132
10,275,0 -> 0.393868
10,276,0 -> 0.606132
10,276,1 -> 0.393868
10,277,0 -> 0.606132
10,277,1 -> 0.393868
10,278,1 -> 0.606132
10,278,0 -> 0.393868
10,279,0 -> 0.606132
10,279,1 -> 0.393868
10,280,1 -> 0.606132
10,280,0 -> 0.393868
10,281,0 -> 0.606132
10,281,1 -> 0.393868
10,282,1 -> 0.606132
10,282,0 -> 0.393868
10,283,0 -> 0.606132
10,283,1 -> 0.393868
10,284,0 -> 0.606132
10,284,1 -> 0.393868
10,285,0 -> 0.606132
10,285,1 -> 0.393868
10,286,1 -> 0.606132
10,286,0 -> 0.393868
10,287,0 -> 0.606132
10,287,1 -> 0.393868
10,288,0 -> 0.606132
10,288,1 -> 0.393868
10,289,0 -> 0.606132
10,289,1 -> 0.393868
10,290,1 -> 0.606132
10,290,0 -> 0.393868
10,291,0 -> 0.606132
10,291,1 -> 0.393868
10,292,0 -> 0.606132
10,292,1 -> 0.393868
10,293,1 -> 0.606132
10,293,0 -> 0.393868
10,294,0 -> 0.606132
10,294,1 -> 0.393868
10,295,1 -> 0.606132
10,295,0 -> 0.393868
10,296,0 -> 0.606132
10,296,1 -> 0.393868
10,297,1 -> 0.606132
10,297,0 -> 0.393868
10,298,0 -> 0.606132
10,298,1 -> 0.393868
10,299,0 -> 0.606132
10,299,1 -> 0.393868
10,300,1 -> 0.606132
10,300,0 -> 0.393868
10,301,0 -> 0.606132
10,301,1 -> 0.393868
10,302,0 -> 0.606132
10,302,1 -> 0.393868
10,303,1 -> 0.606132
10,303,0 -> 0.393868
10,304,0 -> 0.606132
10,304,1 -> 0.393868
10,305,1 -> 0.606132
10,305,0 -> 0.393868
10,306,0 -> 0.606132
10,306,1 -> 0.393868
10,307,1 -> 0.606132
10,307,0 -> 0.393868
10,308,0 -> 0.606132
10,308,1 -> 0.393868
10,309,1 -> 0.606132
10,309,0 -> 0.393868
10,310,0 -> 0.606132
10,310,1 -> 0.393868
10,311,1 -> 0.606132
10,311,0 -> 0.393868
10,312,0 -> 0.606132
10,312,1 -> 0.393868
10,313,1 -> 0.606132
10,313,0 -> 0.393868
10,314,1 -> 0.606132
10,314,0 -> 0.393868
10,315,0 -> 0.606132
10,315,1 -> 0.393868
10,316,1 -> 0.606132
10,316,0 -> 0.393868
10,317,1 -> 0.606132
10,317,0 -> 0.393868
10,318,0 -> 0.606132
10,318,1 -> 0.393868
10,319,0 -> 0.606132
10,319,1 -> 0.393868
10,320,1 -> 0.606132
10,320,0 -> 0.393868
10,321,0 -> 0.606132
10,321,1 -> 0.393868
10,322,0 -> 0.606132
10,322,1 -> 0.393868
10,323,1 -> 0.606132
10,323,0 -> 0.393868
10,324,0 -> 0.606132
10,324,1 -> 0.393868
10,325,1 -> 0.606132
10,325,0 -> 0.393868
10,326,0 -> 0.606132
10,326,1 -> 0.393868
10,327,1 -> 0.606132
10,327,0 -> 0.393868
10,328,0 -> 0.606132
10,328,1 -> 0.393868
10,329,1 -> 0.606132
10,329,0 -> 0.393868
10,330,0 -> 0.606132
10,330,1 -> 0.393868
10,331,1 -> 0.606132
10,331,0 -> 0.393868
10,332,0 -> 0.606132
10,332,1 -> 0.393868
10,333,1 -> 0.606132
10,333,0 -> 0.393868
10,334,1 -> 0.606132
10,334,0 -> 0.393868
10,335,0 -> 0.606132
10,335,1 -> 0.393868
10,336,1 -> 0.606132
10,336,0 -> 0.393868
10,337,1 -> 0.606132
10,337,0 -> 0.393868
10,338,0 -> 0.606132
10,338,1 -> 0.393868
10,339,1 -> 0.606132
10,339,0 -> 0.393868
10,340,0 -> 0.606132
10,340,1 -> 0.393868
10,341,1 -> 0.606132
10,341,0 -> 0.393868
10,342,0 -> 0.606132
10,342,1 -> 0.393868
10,343,1 -> 0.606132
10,343,0 -> 0.393868
10,344,1 -> 0.606132
10,344,0 -> 0.393868
10,345,0 -> 0.606132
10,345,1 -> 0.393868
10,346,1 -> 0.606132
10,346,0 -> 0.393868
10,347,1 -> 0.606132
10,347,0 -> 0.393868
10,348,1 -> 0.606132
10,348,0 -> 0.393868
10,349,0 -> 0.606132
10,349,1 -> 0.393868
10,350,1 -> 0.606132
10,350,0 -> 0.393868
10,351,1 -> 0.606132
10,351,0 -> 0.393868
10,352,1 -> 0.606132
10,352,0 -> 0.393868
10,353,0 -> 0.606132
10,353,1 -> 0.393868
10,354,1 -> 0.606132
10,354,0 -> 0.393868
10,355,0 -> 0.606132
10,355,1 -> 0.393868
10,356,1 -> 0.606132
10,356,0 -> 0.393868
10,357,0 -> 0.606132
10,357,1 -> 0.393868
10,358,1 -> 0.606132
10,358,0 -> 0.393868
10,359,1 -> 0.606132
10,359,0 -> 0.393868
10,360,0 -> 0.606132
10,360,1 -> 0.393868
10,361,1 -> 0.606132
10,361,0 -> 0.393868
10,362,1 -> 0.606132
10,362,0 -> 0.393868
10,363,1 -> 0.606132
10,363,0 -> 0.393868
10,364,0 -> 0.606132
10,364,1 -> 0.393868
10,365,1 -> 0.606132
10,365,0 -> 0.393868
10,366,1 -> 0.606132
10,366,0 -> 0.393868
10,367,1 -> 0.606132
10,367,0 -> 0.393868
10,368,1 -> 0.606132
10,368,0 -> 0.393868
10,369,0 -> 0.606132
10,369,1 -> 0.393868
10,370,1 -> 0.606132
10,370,0 -> 0.393868
10,371,1 -> 0.606132
10,371,0 -> 0.393868
10,372,1 -> 0.606132
10,372,0 -> 0.393868
10,373,1 -> 0.606132
10,373,0 -> 0.393868
10,374,1 -> 0.606132
10,374,0 -> 0.393868
10,375,0 -> 0.606132
10,375,1 -> 0.393868
10,376,1 -> 0.606132
10,376,0 -> 0.393868
10,377,1 -> 0.606132
10,377,0 -> 0.393868
10,378,1 -> 0.606132
10,378,0 -> 0.393868
10,379,1 -> 0.606132
10,379,0 -> 0.393868
10,380,1 -> 0.606132
10,380,0 -> 0.393868
10,381,0 -> 0.687607
10,381,1 -> 0.312393
10,382,0 -> 0.687607
10,382,1 -> 0.312393
10,383,0 -> 0.687607
10,383,1 -> 0.312393
10,384,0 -> 0.687607
10,384,1 -> 0.312393
10,385,0 -> 0.687607
10,385,1 -> 0.312393
10,386,0 -> 0.687607
10,386,1 -> 0.312393
10,387,1 -> 0.687607
10,387,0 -> 0.312393
10,388,0 -> 0.687607
10,388,1 -> 0.312393
10,389,0 -> 0.687607
10,389,1 -> 0.312393
10,390,0 -> 0.687607
10,390,1 -> 0.312393
10,391,0 -> 0.687607
10,391,1 -> 0.312393
10,392,0 -> 0.687607
10,392,1 -> 0.312393
10,393,1 -> 0.687607
10,393,0 -> 0.312393
10,394,0 -> 0.687607
10,394,1 -> 0.312393
10,395,0 -> 0.687607
10,395,1 -> 0.312393
10,396,0 -> 0.687607
10,396,1 -> 0.312393
10,397,0 -> 0.687607
10,397,1 -> 0.312393
10,398,1 -> 0.687607
10,398,0 -> 0.312393
10,399,0 -> 0.687607
10,399,1 -> 0.312393
10,400,0 -> 0.687607
10,400,1 -> 0.312393
10,401,0 -> 0.687607
10,401,1 -> 0.312393
10,402,1 -> 0.687607
10,402,0 -> 0.312393
10,403,0 -> 0.687607
10,403,1 -> 0.312393
10,404,0 -> 0.687607
10,404,1 -> 0.312393
10,405,1 -> 0.687607
10,405,0 -> 0.312393
10,406,0 -> 0.687607
10,406,1 -> 0.312393
10,407,1 -> 0.687607
10,407,0 -> 0.312393
10,408,0 -> 0.687607
10,408,1 -> 0.312393
10,409,1 -> 0.687607
10,409,0 -> 0.312393
10,410,0 -> 0.687607
10,410,1 -> 0.312393
10,411,0 -> 0.687607
10,411,1 -> 0.312393
10,412,0 -> 0.687607
10,412,1 -> 0.312393
10,413,1 -> 0.687607
10,413,0 -> 0.312393
10,414,0 -> 0.687607
10,414,1 -> 0.312393
10,415,0 -> 0.687607
10,415,1 -> 0.312393
10,416,0 -> 0.687607
10,416,1 -> 0.312393
10,417,1 -> 0.687607
10,417,0 -> 0.312393
10,418,0 -> 0.687607
10,418,1 -> 0.312393
10,419,0 -> 0.687607
10,419,1 -> 0.312393
10,420,1 -> 0.687607
10,420,0 -> 0.312393
10,421,0 -> 0.687607
10,421,1 -> 0.312393
10,422,1 -> 0.687607
10,422,0 -> 0.312393
10,423,0 -> 0.687607
10,423,1 -> 0.312393
10,424,1 -> 0.687607
10,424,0 -> 0.312393
10,425,0 -> 0.687607
10,425,1 -> 0.312393
10,426,0 -> 0.687607
10,426,1 -> 0.312393
10,427,1 -> 0.687607
10,427,0 -> 0.312393
10,428,0 -> 0.687607
10,428,1 -> 0.312393
10,429,0 -> 0.687607
10,429,1 -> 0.312393
10,430,1 -> 0.687607
10,430,0 -> 0.312393
10,431,0 -> 0.687607
10,431,1 -> 0.312393
10,432,1 -> 0.687607
10,432,0 -> 0.312393
10,433,0 -> 0.687607
10,433,1 -> 0.312393
10,434,1 -> 0.687607
10,434,0 -> 0.312393
10,435,0 -> 0.687607
10,435,1 -> 0.312393
10,436,1 -> 0.687607
10,436,0 -> 0.312393
10,437,0 -> 0.687607
10,437,1 -> 0.312393
10,438,1 -> 0.687607
10,438,0 -> 0.312393
10,439,0 -> 0.687607
10,439,1 -> 0.312393
10,440,1 -> 0.687607
10,440,0 -> 0.312393
10,441,1 -> 0.687607
10,441,0 -> 0.312393
10,442,0 -> 0.687607
10,442,1 -> 0.312393
10,443,1 -> 0.687607
10,443,0 -> 0.312393
10,444,1 -> 0.687607
10,444,0 -> 0.312393
10,445,0 -> 0.687607
10,445,1 -> 0.312393
10,446,0 -> 0.687607
10,446,1 -> 0.312393
10,447,1 -> 0.687607
10,447,0 -> 0.312393
10,448,0 -> 0.687607
10,448,1 -> 0.312393
10,449,0 -> 0.687607
10,449,1 -> 0.312393
10,450,1 -> 0.687607
10,450,0 -> 0.312393
10,451,0 -> 0.687607
10,451,1 -> 0.312393
10,452,1 -> 0.687607
10,452,0 -> 0.312393
10,453,0 -> 0.687607
10,453,1 -> 0.312393
10,454,1 -> 0.687607
10,454,0 -> 0.312393
10,455,0 -> 0.687607
10,455,1 -> 0.312393
10,456,1 -> 0.687607
10,456,0 -> 0.312393
10,457,0 -> 0.687607
10,457,1 -> 0.312393
10,458,1 -> 0.687607
10,458,0 -> 0.312393
10,459,0 -> 0.687607
10,459,1 -> 0.312393
10,460,1 -> 0.687607
10,460,0 -> 0.312393
10,461,1 -> 0.687607
10,461,0 -> 0.312393
10,462,0 -> 0.687607
10,462,1 -> 0.312393
10,463,1 -> 0.687607
10,463,0 -> 0.312393
10,464,1 -> 0.687607
10,464,0 -> 0.312393
10,465,0 -> 0.687607
10,465,1 -> 0.312393
10,466,1 -> 0.687607
10,466,0 -> 0.312393
10,467,0 -> 0.687607
10,467,1 -> 0.312393
10,468,1 -> 0.687607
10,468,0 -> 0.312393
10,469,0 -> 0.687607
10,469,1 -> 0.312393
10,470,1 -> 0.687607
10,470,0 -> 0.312393
10,471,1 -> 0.687607
10,471,0 -> 0.312393
10,472,0 -> 0.687607
10,472,1 -> 0.312393
10,473,1 -> 0.687607
10,473,0 -> 0.312393
10,474,1 -> 0.687607
10,474,0 -> 0.312393
10,475,1 -> 0.687607
10,475,0 -> 0.312393
10,476,0 -> 0.687607
10,476,1 -> 0.312393
10,477,1 -> 0.687607
10,477,0 -> 0.312393
10,478,1 -> 0.687607
10,478,0 -> 0.312393
10,479,1 -> 0.687607
10,479,0 -> 0.312393
10,480,0 -> 0.687607
10,480,1 -> 0.312393
10,481,1 -> 0.687607
10,481,0 -> 0.312393
10,482,0 -> 0.687607
10,482,1 -> 0.312393
10,483,1 -> 0.687607
10,483,0 -> 0.312393
10,484,0 -> 0.687607
10,484,1 -> 0.312393
10,485,1 -> 0.687607
10,485,0 -> 0.312393
10,486,1 -> 0.687607
10,486,0 -> 0.312393
10,487,0 -> 0.687607
10,487,1 -> 0.312393
10,488,1 -> 0.687607
10,488,0 -> 0.312393
10,489,1 -> 0.687607
10,489,0 -> 0.312393
10,490,1 -> 0.687607
10,490,0 -> 0.312393
10,491,0 -> 0.687607
10,491,1 -> 0.312393
10,492,1 -> 0.687607
10,492,0 -> 0.312393
10,493,1 -> 0.687607
10,493,0 -> 0.312393
10,494,1 -> 0.687607
10,494,0 -> 0.312393
10,495,1 -> 0.687607
10,495,0 -> 0.312393
10,496,0 -> 0.687607
10,496,1 -> 0.312393
10,497,1 -> 0.687607
10,497,0 -> 0.312393
10,498,1 -> 0.687607
10,498,0 -> 0.312393
10,499,1 -> 0.687607
10,499,0 -> 0.312393
10,500,1 -> 0.687607
10,500,0 -> 0.312393
10,501,1 -> 0.687607
10,501,0 -> 0.312393
10,502,0 -> 0.687607
10,502,1 -> 0.312393
10,503,1 -> 0.687607
10,503,0 -> 0.312393
10,504,1 -> 0.687607
10,504,0 -> 0.312393
10,505,1 -> 0.687607
10,505,0 -> 0.312393
10,506,1 -> 0.687607
10,506,0 -> 0.312393
10,507,1 -> 0.687607
10,507,0 -> 0.312393
10,508,0 -> 0.75
10,508,1 -> 0.25
10,509,0 -> 0.75
10,509,1 -> 0.25
10,510,0 -> 0.75
10,510,1 -> 0.25
10,511,0 -> 0.75
10,511,1 -> 0.25
10,512,0 -> 0.75
10,512,1 -> 0.25
10,513,0 -> 0.75
10,513,1 -> 0.25
10,514,1 -> 0.75
10,514,0 -> 0.25
10,515,0 -> 0.75
10,515,1 -> 0.25
10,516,0 -> 0.75
10,516,1 -> 0.25
10,517,0 -> 0.75
10,517,1 -> 0.25
10,518,0 -> 0.75
10,518,1 -> 0.25
10,519,0 -> 0.75
10,519,1 -> 0.25
10,520,1 -> 0.75
10,520,0 -> 0.25
10,521,0 -> 0.75
10,521,1 -> 0.25
10,522,0 -> 0.75
10,522,1 -> 0.25
10,523,0 -> 0.75
10,523,1 -> 0.25
10,524,0 -> 0.75
10,524,1 -> 0.25
10,525,1 -> 0.75
10,525,0 -> 0.25
10,526,0 -> 0.75
10,526,1 -> 0.25
10,527,0 -> 0.75
10,527,1 -> 0.25
10,528,0 -> 0.75
10,528,1 -> 0.25
10,529,1 -> 0.75
10,529,0 -> 0.25
10,530,0 -> 0.75
10,530,1 -> 0.25
10,531,0 -> 0.75
10,531,1 -> 0.25
10,532,1 -> 0.75
10,532,0 -> 0.25
10,533,0 -> 0.75
10,533,1 -> 0.25
10,534,1 -> 0.75
10,534,0 -> 0.25
10,535,0 -> 0.75
10,535,1 -> 0.25
10,536,1 -> 0.75
10,536,0 -> 0.25
10,537,0 -> 0.75
10,537,1 -> 0.25
10,538,0 -> 0.75
10,538,1 -> 0.25
10,539,0 -> 0.75
10,539,1 -> 0.25
10,540,1 -> 0.75
10,540,0 -> 0.25
10,541,0 -> 0.75
10,541,1 -> 0.25
10,542,0 -> 0.75
10,542,1 -> 0.25
10,543,0 -> 0.75
10,543,1 -> 0.25
10,544,1 -> 0.75
10,544,0 -> 0.25
10,545,0 -> 0.75
10,545,1 -> 0.25
10,546,0 -> 0.75
10,546,1 -> 0.25
10,547,1 -> 0.75
10,547,0 -> 0.25
10,548,0 -> 0.75
10,548,1 -> 0.25
10,549,1 -> 0.75
10,549,0 -> 0.25
10,550,0 -> 0.75
10,550,1 -> 0.25
10,551,1 -> 0.75
10,551,0 -> 0.25
10,552,0 -> 0.75
10,552,1 -> 0.25
10,553,0 -> 0.75
10,553,1 -> 0.25
10,554,1 -> 0.75
10,554,0 -> 0.25
10,555,0 -> 0.75
10,555,1 -> 0.25
10,556,0 -> 0.75
10,556,1 -> 0.25
10,557,1 -> 0.75
10,557,0 -> 0.25
10,558,0 -> 0.75
10,558,1 -> 0.25
10,559,1 -> 0.75
10,559,0 -> 0.25
10,560,0 -> 0.75
10,560,1 -> 0.25
10,561,1 -> 0.75
10,561,0 -> 0.25
10,562,0 -> 0.75
10,562,1 -> 0.25
10,563,1 -> 0.75
10,563,0 -> 0.25
10,564,0 -> 0.75
10,564,1 -> 0.25
10,565,1 -> 0.75
10,565,0 -> 0.25
10,566,0 -> 0.75
10,566,1 -> 0.25
10,567,1 -> 0.75
10,567,0 -> 0.25
10,568,1 -> 0.75
10,568,0 -> 0.25
10,569,0 -> 0.75
10,569,1 -> 0.25
10,570,1 -> 0.75
10,570,0 -> 0.25
10,571,1 -> 0.75
10,571,0 -> 0.25
10,572,0 -> 0.75
10,572,1 -> 0.25
10,573,0 -> 0.75
10,573,1 -> 0.25
10,574,1 -> 0.75
10,574,0 -> 0.25
10,575,0 -> 0.75
10,575,1 -> 0.25
10,576,0 -> 0.75
10,576,1 -> 0.25
10,577,1 -> 0.75
10,577,0 -> 0.25
10,578,0 -> 0.75
10,578,1 -> 0.25
10,579,1 -> 0.75
10,579,0 -> 0.25
10,580,0 -> 0.75
10,580,1 -> 0.25
10,581,1 -> 0.75
10,581,0 -> 0.25
10,582,0 -> 0.75
10,582,1 -> 0.25
10,583,1 -> 0.75
10,583,0 -> 0.25
10,584,0 -> 0.75
10,584,1 -> 0.25
10,585,1 -> 0.75
10,585,0 -> 0.25
10,586,0 -> 0.75
10,586,1 -> 0.25
10,587,1 -> 0.75
10,587,0 -> 0.25
10,588,1 -> 0.75
10,588,0 -> 0.25
10,589,0 -> 0.75
10,589,1 -> 0.25
10,590,1 -> 0.75
10,590,0 -> 0.25
10,591,1 -> 0.75
10,591,0 -> 0.25
10,592,0 -> 0.75
10,592,1 -> 0.25
10,593,1 -> 0.75
10,593,0 -> 0.25
10,594,0 -> 0.75
10,594,1 -> 0.25
10,595,1 -> 0.75
10,595,0 -> 0.25
10,596,0 -> 0.75
10,596,1 -> 0.25
10,597,1 -> 0.75
10,597,0 -> 0.25
10,598,1 -> 0.75
10,598,0 -> 0.25
10,599,0 -> 0.75
10,599,1 -> 0.25
10,600,1 -> 0.75
10,600,0 -> 0.25
10,601,1 -> 0.75
10,601,0 -> 0.25
10,602,1 -> 0.75
10,602,0 -> 0.25
10,603,0 -> 0.75
10,603,1 -> 0.25
10,604,1 -> 0.75
10,604,0 -> 0.25
10,605,1 -> 0.75
10,605,0 -> 0.25
10,606,1 -> 0.75
10,606,0 -> 0.25
10,607,0 -> 0.75
10,607,1 -> 0.25
10,608,1 -> 0.75
10,608,0 -> 0.25
10,609,0 -> 0.75
10,609,1 -> 0.25
10,610,1 -> 0.75
10,610,0 -> 0.25
10,611,0 -> 0.75
10,611,1 -> 0.25
10,612,1 -> 0.75
10,612,0 -> 0.25
10,613,1 -> 0.75
10,613,0 -> 0.25
10,614,0 -> 0.75
10,614,1 -> 0.25
10,615,1 -> 0.75
10,615,0 -> 0.25
10,616,1 -> 0.75
10,616,0 -> 0.25
10,617,1 -> 0.75
10,617,0 -> 0.25
10,618,0 -> 0.75
10,618,1 -> 0.25
10,619,1 -> 0.75
10,619,0 -> 0.25
10,620,1 -> 0.75
10,620,0 -> 0.25
10,621,1 -> 0.75
10,621,0 -> 0.25
10,622,1 -> 0.75
10,622,0 -> 0.25
10,623,0 -> 0.75
10,623,1 -> 0.25
10,624,1 -> 0.75
10,624,0 -> 0.25
10,625,1 -> 0.75
10,625,0 -> 0.25
10,626,1 -> 0.75
10,626,0 -> 0.25
10,627,1 -> 0.75
10,627,0 -> 0.25
10,628,1 -> 0.75
10,628,0 -> 0.25
10,629,0 -> 0.75
10,629,1 -> 0.25
10,630,1 -> 0.75
10,630,0 -> 0.25
10,631,1 -> 0.75
10,631,0 -> 0.25
10,632,1 -> 0.75
10,632,0 -> 0.25
10,633,1 -> 0.75
10,633,0 -> 0.25
10,634,1 -> 0.75
10,634,0 -> 0.25
10,635,0 -> 0.687607
10,635,1 -> 0.312393
10,636,0 -> 0.687607
10,636,1 -> 0.312393
10,637,0 -> 0.687607
10,637,1 -> 0.312393
10,638,0 -> 0.687607
10,638,1 -> 0.312393
10,639,0 -> 0.687607
10,639,1 -> 0.312393
10,640,0 -> 0.687607
10,640,1 -> 0.312393
10,641,1 -> 0.687607
10,641,0 -> 0.312393
10,642,0 -> 0.687607
10,642,1 -> 0.312393
10,643,0 -> 0.687607
10,643,1 -> 0.312393
10,644,0 -> 0.687607
10,644,1 -> 0.312393
10,645,0 -> 0.687607
10,645,1 -> 0.312393
10,646,0 -> 0.687607
10,646,1 -> 0.312393
10,647,1 -> 0.687607
10,647,0 -> 0.312393
10,648,0 -> 0.687607
10,648,1 -> 0.312393
10,649,0 -> 0.687607
10,649,1 -> 0.312393
10,650,0 -> 0.687607
10,650,1 -> 0.312393
10,651,0 -> 0.687607
10,651,1 -> 0.312393
10,652,1 -> 0.687607
10,652,0 -> 0.312393
10,653,0 -> 0.687607
10,653,1 -> 0.312393
10,654,0 -> 0.687607
10,654,1 -> 0.312393
10,655,0 -> 0.687607
10,655,1 -> 0.312393
10,656,1 -> 0.687607
10,656,0 -> 0.312393
10,657,0 -> 0.687607
10,657,1 -> 0.312393
10,658,0 -> 0.687607
10,658,1 -> 0.312393
10,659,1 -> 0.687607
10,659,0 -> 0.312393
10,660,0 -> 0.687607
10,660,1 -> 0.312393
10,661,1 -> 0.687607
10,661,0 -> 0.312393
10,662,0 -> 0.687607
10,662,1 -> 0.312393
10,663,1 -> 0.687607
10,663,0 -> 0.312393
10,664,0 -> 0.687607
10,664,1 -> 0.312393
10,665,0 -> 0.687607
10,665,1 -> 0.312393
10,666,0 -> 0.687607
10,666,1 -> 0.312393
10,667,1 -> 0.687607
10,667,0 -> 0.312393
10,668,0 -> 0.687607
10,668,1 -> 0.312393
10,669,0 -> 0.687607
10,669,1 -> 0.312393
10,670,0 -> 0.687607
10,670,1 -> 0.312393
10,671,1 -> 0.687607
10,671,0 -> 0.312393
10,672,0 -> 0.687607
10,672,1 -> 0.312393
10,673,0 -> 0.687607
10,673,1 -> 0.312393
10,674,1 -> 0.687607
10,674,0 -> 0.312393
10,675,0 -> 0.687607
10,675,1 -> 0.312393
10,676,1 -> 0.687607
10,676,0 -> 0.312393
10,677,0 -> 0.687607
10,677,1 -> 0.312393
10,678,1 -> 0.687607
10,678,0 -> 0.312393
10,679,0 -> 0.687607
10,679,1 -> 0.312393
10,680,0 -> 0.687607
10,680,1 -> 0.312393
10,681,1 -> 0.687607
10,681,0 -> 0.312393
10,682,0 -> 0.687607
10,682,1 -> 0.312393
10,683,0 -> 0.687607
10,683,1 -> 0.312393
10,684,1 -> 0.687607
10,684,0 -> 0.312393
10,685,0 -> 0.687607
10,685,1 -> 0.312393
10,686,1 -> 0.687607
10,686,0 -> 0.312393
10,687,0 -> 0.687607
10,687,1 -> 0.312393
10,688,1 -> 0.687607
10,688,0 -> 0.312393
10,689,0 -> 0.687607
10,689,1 -> 0.312393
10,690,1 -> 0.687607
10,690,0 -> 0.312393
10,691,0 -> 0.687607
10,691,1 -> 0.312393
10,692,1 -> 0.687607
10,692,0 -> 0.312393
10,693,0 -> 0.687607
10,693,1 -> 0.312393
10,694,1 -> 0.687607
10,694,0 -> 0.312393
10,695,1 -> 0.687607
10,695,0 -> 0.312393
10,696,0 -> 0.687607
10,696,1 -> 0.312393
10,697,1 -> 0.687607
10,697,0 -> 0.312393
10,698,1 -> 0.687607
10,698,0 -> 0.312393
10,699,0 -> 0.687607
10,699,1 -> 0.312393
10,700,0 -> 0.687607
10,700,1 -> 0.312393
10,701,1 -> 0.687607
10,701,0 -> 0.312393
10,702,0 -> 0.687607
10,702,1 -> 0.312393
10,703,0 -> 0.687607
10,703,1 -> 0.312393
10,704,1 -> 0.687607
10,704,0 -> 0.312393
10,705,0 -> 0.687607
10,705,1 -> 0.312393
10,706,1 -> 0.687607
10,706,0 -> 0.312393
10,707,0 -> 0.687607
10,707,1 -> 0.312393
10,708,1 -> 0.687607
10,708,0 -> 0.312393
10,709,0 -> 0.687607
10,709,1 -> 0.312393
10,710,1 -> 0.687607
10,710,0 -> 0.312393
10,711,0 -> 0.687607
10,711,1 -> 0.312393
10,712,1 -> 0.687607
10,712,0 -> 0.312393
10,713,0 -> 0.687607
10,713,1 -> 0.312393
10,714,1 -> 0.687607
10,714,0 -> 0.312393
10,715,1 -> 0.687607
10,715,0 -> 0.312393
10,716,0 -> 0.687607
10,716,1 -> 0.312393
10,717,1 -> 0.687607
10,717,0 -> 0.312393
10,718,1 -> 0.687607
10,718,0 -> 0.312393
10,719,0 -> 0.687607
10,719,1 -> 0.312393
10,720,1 -> 0.687607
10,720,0 -> 0.312393
10,721,0 -> 0.687607
10,721,1 -> 0.312393
10,722,1 -> 0.687607
10,722,0 -> 0.312393
10,723,0 -> 0.687607
10,723,1 -> 0.312393
10,724,1 -> 0.687607
10,724,0 -> 0.312393
10,725,1 -> 0.687607
10,725,0 -> 0.312393
10,726,0 -> 0.687607
10,726,1 -> 0.312393
10,727,1 -> 0.687607
10,727,0 -> 0.312393
10,728,1 -> 0.687607
10,728,0 -> 0.312393
10,729,1 -> 0.687607
10,729,0 -> 0.312393
10,730,0 -> 0.687607
10,730,1 -> 0.312393
10,731,1 -> 0.687607
10,731,0 -> 0.312393
10,732,1 -> 0.687607
10,732,0 -> 0.312393
10,733,1 -> 0.687607
10,733,0 -> 0.312393
10,734,0 -> 0.687607
10,734,1 -> 0.312393
10,735,1 -> 0.687607
10,735,0 -> 0.312393
10,736,0 -> 0.687607
10,736,1 -> 0.312393
10,737,1 -> 0.687607
10,737,0 -> 0.312393
10,738,0 -> 0.687607
10,738,1 -> 0.312393
10,739,1 -> 0.687607
10,739,0 -> 0.312393
10,740,1 -> 0.687607
10,740,0 -> 0.312393
10,741,0 -> 0.687607
10,741,1 -> 0.312393
10,742,1 -> 0.687607
10,742,0 -> 0.312393
10,743,1 -> 0.687607
10,743,0 -> 0.312393
10,744,1 -> 0.687607
10,744,0 -> 0.312393
10,745,0 -> 0.687607
10,745,1 -> 0.312393
10,746,1 -> 0.687607
10,746,0 -> 0.312393
10,747,1 -> 0.687607
10,747,0 -> 0.312393
10,748,1 -> 0.687607
10,748,0 -> 0.312393
10,749,1 -> 0.687607
10,749,0 -> 0.312393
10,750,0 -> 0.687607
10,750,1 -> 0.312393
10,751,1 -> 0.687607
10,751,0 -> 0.312393
10,752,1 -> 0.687607
10,752,0 -> 0.312393
10,753,1 -> 0.687607
10,753,0 -> 0.312393
10,754,1 -> 0.687607
10,754,0 -> 0.312393
10,755,1 -> 0.687607
10,755,0 -> 0.312393
10,756,0 -> 0.687607
10,756,1 -> 0.312393
10,757,1 -> 0.687607
10,757,0 -> 0.312393
10,758,1 -> 0.687607
10,758,0 -> 0.312393
10,759,1 -> 0.687607
10,759,0 -> 0.312393
10,760,1 -> 0.687607
10,760,0 -> 0.312393
10,761,1 -> 0.687607
10,761,0 -> 0.312393
10,762,0 -> 0.75
10,762,1 -> 0.25
10,763,0 -> 0.75
10,763,1 -> 0.25
10,764,0 -> 0.75
10,764,1 -> 0.25
10,765,0 -> 0.75
10,765,1 -> 0.25
10,766,0 -> 0.75
10,766,1 -> 0.25
10,767,0 -> 0.75
10,767,1 -> 0.25
10,768,1 -> 0.75
10,768,0 -> 0.25
10,769,0 -> 0.75
10,769,1 -> 0.25
10,770,0 -> 0.75
10,770,1 -> 0.25
10,771,0 -> 0.75
10,771,1 -> 0.25
10,772,0 -> 0.75
10,772,1 -> 0.25
10,773,0 -> 0.75
10,773,1 -> 0.25
10,774,1 -> 0.75
10,774,0 -> 0.25
10,775,0 -> 0.75
10,775,1 -> 0.25
10,776,0 -> 0.75
10,776,1 -> 0.25
10,777,0 -> 0.75
10,777,1 -> 0.25
10,778,0 -> 0.75
10,778,1 -> 0.25
10,779,1 -> 0.75
10,779,0 -> 0.25
10,780,0 -> 0.75
10,780,1 -> 0.25
10,781,0 -> 0.75
10,781,1 -> 0.25
10,782,0 -> 0.75
10,782,1 -> 0.25
10,783,1 -> 0.75
10,783,0 -> 0.25
10,784,0 -> 0.75
10,784,1 -> 0.25
10,785,0 -> 0.75
10,785,1 -> 0.25
10,786,1 -> 0.75
10,786,0 -> 0.25
10,787,0 -> 0.75
10,787,1 -> 0.25
10,788,1 -> 0.75
10,788,0 -> 0.25
10,789,0 -> 0.75
10,789,1 -> 0.25
10,790,1 -> 0.75
10,790,0 -> 0.25
10,791,0 -> 0.75
10,791,1 -> 0.25
10,792,0 -> 0.75
10,792,1 -> 0.25
10,793,0 -> 0.75
10,793,1 -> 0.25
10,794,1 -> 0.75
10,794,0 -> 0.25
10,795,0 -> 0.75
10,795,1 -> 0.25
10,796,0 -> 0.75
10,796,1 -> 0.25
10,797,0 -> 0.75
10,797,1 -> 0.25
10,798,1 -> 0.75
10,798,0 -> 0.25
10,799,0 -> 0.75
10,799,1 -> 0.25
10,800,0 -> 0.75
10,800,1 -> 0.25
10,801,1 -> 0.75
10,801,0 -> 0.25
10,802,0 -> 0.75
10,802,1 -> 0.25
10,803,1 -> 0.75
10,803,0 -> 0.25
10,804,0 -> 0.75
10,804,1 -> 0.25
10,805,1 -> 0.75
10,805,0 -> 0.25
10,806,0 -> 0.75
10,806,1 -> 0.25
10,807,0 -> 0.75
10,807,1 -> 0.25
10,808,1 -> 0.75
10,808,0 -> 0.25
10,809,0 -> 0.75
10,809,1 -> 0.25
10,810,0 -> 0.75
10,810,1 -> 0.25
10,811,1 -> 0.75
10,811,0 -> 0.25
10,812,0 -> 0.75
10,812,1 -> 0.25
10,813,1 -> 0.75
10,813,0 -> 0.25
10,814,0 -> 0.75
10,814,1 -> 0.25
10,815,1 -> 0.75
10,815,0 -> 0.25
10,816,0 -> 0.75
10,816,1 -> 0.25
10,817,1 -> 0.75
10,817,0 -> 0.25
10,818,0 -> 0.75
10,818,1 -> 0.25
10,819,1 -> 0.75
10,819,0 -> 0.25
10,820,0 -> 0.75
10,820,1 -> 0.25
10,821,1 -> 0.75
10,821,0 -> 0.25
10,822,1 -> 0.75
10,822,0 -> 0.25
10,823,0 -> 0.75
10,823,1 -> 0.25
10,824,1 -> 0.75
10,824,0 -> 0.25
10,825,1 -> 0.75
10,825,0 -> 0.25
10,826,0 -> 0.75
10,826,1 -> 0.25
10,827,0 -> 0.75
10,827,1 -> 0.25
10,828,1 -> 0.75
10,828,0 -> 0.25
10,829,0 -> 0.75
10,829,1 -> 0.25
10,830,0 -> 0.75
10,830,1 -> 0.25
10,831,1 -> 0.75
10,831,0 -> 0.25
10,832,0 -> 0.75
10,832,1 -> 0.25
10,833,1 -> 0.75
10,833,0 -> 0.25
10,834,0 -> 0.75
10,834,1 -> 0.25
10,835,1 -> 0.75
10,835,0 -> 0.25
10,836,0 -> 0.75
10,836,1 -> 0.25
10,837,1 -> 0.75
10,837,0 -> 0.25
10,838,0 -> 0.75
10,838,1 -> 0.25
10,839,1 -> 0.75
10,839,0 -> 0.25
10,840,0 -> 0.75
10,840,1 -> 0.25
10,841,1 -> 0.75
10,841,0 -> 0.25
10,842,1 -> 0.75
10,842,0 -> 0.25
10,843,0 -> 0.75
10,843,1 -> 0.25
10,844,1 -> 0.75
10,844,0 -> 0.25
10,845,1 -> 0.75
10,845,0 -> 0.25
10,846,0 -> 0.75
10,846,1 -> 0.25
10,847,1 -> 0.75
10,847,0 -> 0.25
10,848,0 -> 0.75
10,848,1 -> 0.25
10,849,1 -> 0.75
10,849,0 -> 0.25
10,850,0 -> 0.75
10,850,1 -> 0.25
10,851,1 -> 0.75
10,851,0 -> 0.25
10,852,1 -> 0.75
10,852,0 -> 0.25
10,853,0 -> 0.75
10,853,1 -> 0.25
10,854,1 -> 0.75
10,854,0 -> 0.25
10,855,1 -> 0.75
10,855,0 -> 0.25
10,856,1 -> 0.75
10,856,0 -> 0.25
10,857,0 -> 0.75
10,857,1 -> 0.25
10,858,1 -> 0.75
10,858,0 -> 0.25
10,859,1 -> 0.75
10,859,0 -> 0.25
10,860,1 -> 0.75
10,860,0 -> 0.25
10,861,0 -> 0.75
10,861,1 -> 0.25
10,862,1 -> 0.75
10,862,0 -> 0.25
10,863,0 -> 0.75
10,863,1 -> 0.25
10,864,1 -> 0.75
10,864,0 -> 0.25
10,865,0 -> 0.75
10,865,1 -> 0.25
10,866,1 -> 0.75
10,866,0 -> 0.25
10,867,1 -> 0.75
10,867,0 -> 0.25
10,868,0 -> 0.75
10,868,1 -> 0.25
10,869,1 -> 0.75
10,869,0 -> 0.25
10,870,1 -> 0.75
10,870,0 -> 0.25
10,871,1 -> 0.75
10,871,0 -> 0.25
10,872,0 -> 0.75
10,872,1 -> 0.25
10,873,1 -> 0.75
10,873,0 -> 0.25
10,874,1 -> 0.75
10,874,0 -> 0.25
10,875,1 -> 0.75
10,875,0 -> 0.25
10,876,1 -> 0.75
10,876,0 -> 0.25
10,877,0 -> 0.75
10,877,1 -> 0.25
10,878,1 -> 0.75
10,878,0 -> 0.25
10,879,1 -> 0.75
10,879,0 -> 0.25
10,880,1 -> 0.75
10,880,0 -> 0.25
10,881,1 -> 0.75
10,881,0 -> 0.25
10,882,1 -> 0.75
10,882,0 -> 0.25
10,883,0 -> 0.75
10,883,1 -> 0.25
10,884,1 -> 0.75
10,884,0 -> 0.25
10,885,1 -> 0.75
10,885,0 -> 0.25
10,886,1 -> 0.75
10,886,0 -> 0.25
10,887,1 -> 0.75
10,887,0 -> 0.25
10,888,1 -> 0.75
10,888,0 -> 0.25
10,889,0 -> 1.0
10,889,1 -> 0.0
10,890,0 -> 1.0
10,890,1 -> 0.0
10,891,0 -> 1.0
10,891,1 -> 0.0
10,892,0 -> 1.0
10,892,1 -> 0.0
10,893,0 -> 1.0
10,893,1 -> 0.0
10,894,0 -> 1.0
10,894,1 -> 0.0
10,895,1 -> 1.0
10,895,0 -> 0.0
10,896,0 -> 1.0
10,896,1 -> 0.0
10,897,0 -> 1.0
10,897,1 -> 0.0
10,898,0 -> 1.0
10,898,1 -> 0.0
10,899,0 -> 1.0
10,899,1 -> 0.0
10,900,0 -> 1.0
10,900,1 -> 0.0
10,901,1 -> 1.0
10,901,0 -> 0.0
10,902,0 -> 1.0
10,902,1 -> 0.0
10,903,0 -> 1.0
10,903,1 -> 0.0
10,904,0 -> 1.0
10,904,1 -> 0.0
10,905,0 -> 1.0
10,905,1 -> 0.0
10,906,1 -> 1.0
10,906,0 -> 0.0
10,907,0 -> 1.0
10,907,1 -> 0.0
10,908,0 -> 1.0
10,908,1 -> 0.0
10,909,0 -> 1.0
10,909,1 -> 0.0
10,910,1 -> 1.0
10,910,0 -> 0.0
10,911,0 -> 1.0
10,911,1 -> 0.0
10,912,0 -> 1.0
10,912,1 -> 0.0
10,913,1 -> 1.0
10,913,0 -> 0.0
10,914,0 -> 1.0
10,914,1 -> 0.0
10,915,1 -> 1.0
10,915,0 -> 0.0
10,916,0 -> 1.0
10,916,1 -> 0.0
10,917,1 -> 1.0
10,917,0 -> 0.0
10,918,0 -> 1.0
10,918,1 -> 0.0
10,919,0 -> 1.0
10,919,1 -> 0.0
10,920,0 -> 1.0
10,920,1 -> 0.0
10,921,1 -> 1.0
10,921,0 -> 0.0
10,922,0 -> 1.0
10,922,1 -> 0.0
10,923,0 -> 1.0
10,923,1 -> 0.0
10,924,0 -> 1.0
10,924,1 -> 0.0
10,925,1 -> 1.0
10,925,0 -> 0.0
10,926,0 -> 1.0
10,926,1 -> 0.0
10,927,0 -> 1.0
10,927,1 -> 0.0
10,928,1 -> 1.0
10,928,0 -> 0.0
10,929,0 -> 1.0
10,929,1 -> 0.0
10,930,1 -> 1.0
10,930,0 -> 0.0
10,931,0 -> 1.0
10,931,1 -> 0.0
10,932,1 -> 1.0
10,932,0 -> 0.0
10,933,0 -> 1.0
10,933,1 -> 0.0
10,934,0 -> 1.0
10,934,1 -> 0.0
10,935,1 -> 1.0
10,935,0 -> 0.0
10,936,0 -> 1.0
10,936,1 -> 0.0
10,937,0 -> 1.0
10,937,1 -> 0.0
10,938,1 -> 1.0
10,938,0 -> 0.0
10,939,0 -> 1.0
10,939,1 -> 0.0
10,940,1 -> 1.0
10,940,0 -> 0.0
10,941,0 -> 1.0
10,941,1 -> 0.0
10,942,1 -> 1.0
10,942,0 -> 0.0
10,943,0 -> 1.0
10,943,1 -> 0.0
10,944,1 -> 1.0
10,944,0 -> 0.0
10,945,0 -> 1.0
10,945,1 -> 0.0
10,946,1 -> 1.0
10,946,0 -> 0.0
10,947,0 -> 1.0
10,947,1 -> 0.0
10,948,1 -> 1.0
10,948,0 -> 0.0
10,949,1 -> 1.0
10,949,0 -> 0.0
10,950,0 -> 1.0
10,950,1 -> 0.0
10,951,1 -> 1.0
10,951,0 -> 0.0
10,952,1 -> 1.0
10,952,0 -> 0.0
10,953,0 -> 1.0
10,953,1 -> 0.0
10,954,0 -> 1.0
10,954,1 -> 0.0
10,955,1 -> 1.0
10,955,0 -> 0.0
10,956,0 -> 1.0
10,956,1 -> 0.0
10,957,0 -> 1.0
10,957,1 -> 0.0
10,958,1 -> 1.0
10,958,0 -> 0.0
10,959,0 -> 1.0
10,959,1 -> 0.0
10,960,1 -> 1.0
10,960,0 -> 0.0
10,961,0 -> 1.0
10,961,1 -> 0.0
10,962,1 -> 1.0
10,962,0 -> 0.0
10,963,0 -> 1.0
10,963,1 -> 0.0
10,964,1 -> 1.0
10,964,0 -> 0.0
10,965,0 -> 1.0
10,965,1 -> 0.0
10,966,1 -> 1.0
10,966,0 -> 0.0
10,967,0 -> 1.0
10,967,1 -> 0.0
10,968,1 -> 1.0
10,968,0 -> 0.0
10,969,1 -> 1.0
10,969,0 -> 0.0
10,970,0 -> 1.0
10,970,1 -> 0.0
10,971,1 -> 1.0
10,971,0 -> 0.0
10,972,1 -> 1.0
10,972,0 -> 0.0
10,973,0 -> 1.0
10,973,1 -> 0.0
10,974,1 -> 1.0
10,974,0 -> 0.0
10,975,0 -> 1.0
10,975,1 -> 0.0
10,976,1 -> 1.0
10,976,0 -> 0.0
10,977,0 -> 1.0
10,977,1 -> 0.0
10,978,1 -> 1.0
10,978,0 -> 0.0
10,979,1 -> 1.0
10,979,0 -> 0.0
10,980,0 -> 1.0
10,980,1 -> 0.0
10,981,1 -> 1.0
10,981,0 -> 0.0
10,982,1 -> 1.0
10,982,0 -> 0.0
10,983,1 -> 1.0
10,983,0 -> 0.0
10,984,0 -> 1.0
10,984,1 -> 0.0
10,985,1 -> 1.0
10,985,0 -> 0.0
10,986,1 -> 1.0
10,986,0 -> 0.0
10,987,1 -> 1.0
10,987,0 -> 0.0
10,988,0 -> 1.0
10,988,1 -> 0.0
10,989,1 -> 1.0
10,989,0 -> 0.0
10,990,0 -> 1.0
10,990,1 -> 0.0
10,991,1 -> 1.0
10,991,0 -> 0.0
10,992,0 -> 1.0
10,992,1 -> 0.0
10,993,1 -> 1.0
10,993,0 -> 0.0
10,994,1 -> 1.0
10,994,0 -> 0.0
10,995,0 -> 1.0
10,995,1 -> 0.0
10,996,1 -> 1.0
10,996,0 -> 0.0
10,997,1 -> 1.0
10,997,0 -> 0.0
10,998,1 -> 1.0
10,998,0 -> 0.0
10,999,0 -> 1.0
10,999,1 -> 0.0
10,1000,1 -> 1.0
10,1000,0 -> 0.0
10,1001,1 -> 1.0
10,1001,0 -> 0.0
10,1002,1 -> 1.0
10,1002,0 -> 0.0
10,1003,1 -> 1.0
10,1003,0 -> 0.0
10,1004,0 -> 1.0
10,1004,1 -> 0.0
10,1005,1 -> 1.0
10,1005,0 -> 0.0
10,1006,1 -> 1.0
10,1006,0 -> 0.0
10,1007,1 -> 1.0
10,1007,0 -> 0.0
10,1008,1 -> 1.0
10,1008,0 -> 0.0
10,1009,1 -> 1.0
10,1009,0 -> 0.0
10,1010,0 -> 1.0
10,1010,1 -> 0.0
10,1011,1 -> 1.0
10,1011,0 -> 0.0
10,1012,1 -> 1.0
10,1012,0 -> 0.0
10,1013,1 -> 1.0
10,1013,0 -> 0.0
10,1014,1 -> 1.0
10,1014,0 -> 0.0
10,1015,1 -> 1.0
10,1015,0 -> 0.0
10,1016,0 -> 0.75
10,1016,1 -> 0.25
10,1017,0 -> 0.75
10,1017,1 -> 0.25
10,1018,0 -> 0.75
10,1018,1 -> 0.25
10,1019,0 -> 0.75
10,1019,1 -> 0.25
10,1020,0 -> 0.75
10,1020,1 -> 0.25
10,1021,0 -> 0.75
10,1021,1 -> 0.25
10,1022,1 -> 0.75
10,1022,0 -> 0.25
10,1023,0 -> 0.75
10,1023,1 -> 0.25
10,1024,0 -> 0.75
10,1024,1 -> 0.25
10,1025,0 -> 0.75
10,1025,1 -> 0.25
10,1026,0 -> 0.75
10,1026,1 -> 0.25
10,1027,0 -> 0.75
10,1027,1 -> 0.25
10,1028,1 -> 0.75
10,1028,0 -> 0.25
10,1029,0 -> 0.75
10,1029,1 -> 0.25
10,1030,0 -> 0.75
10,1030,1 -> 0.25
10,1031,0 -> 0.75
10,1031,1 -> 0.25
10,1032,0 -> 0.75
10,1032,1 -> 0.25
10,1033,1 -> 0.75
10,1033,0 -> 0.25
10,1034,0 -> 0.75
10,1034,1 -> 0.25
10,1035,0 -> 0.75
10,1035,1 -> 0.25
10,1036,0 -> 0.75
10,1036,1 -> 0.25
10,1037,1 -> 0.75
10,1037,0 -> 0.25
10,1038,0 -> 0.75
10,1038,1 -> 0.25
10,1039,0 -> 0.75
10,1039,1 -> 0.25
10,1040,1 -> 0.75
10,1040,0 -> 0.25
10,1041,0 -> 0.75
10,1041,1 -> 0.25
10,1042,1 -> 0.75
10,1042,0 -> 0.25
10,1043,0 -> 0.75
10,1043,1 -> 0.25
10,1044,1 -> 0.75
10,1044,0 -> 0.25
10,1045,0 -> 0.75
10,1045,1 -> 0.25
10,1046,0 -> 0.75
10,1046,1 -> 0.25
10,1047,0 -> 0.75
10,1047,1 -> 0.25
10,1048,1 -> 0.75
10,1048,0 -> 0.25
10,1049,0 -> 0.75
10,1049,1 -> 0.25
10,1050,0 -> 0.75
10,1050,1 -> 0.25
10,1051,0 -> 0.75
10,1051,1 -> 0.25
10,1052,1 -> 0.75
10,1052,0 -> 0.25
10,1053,0 -> 0.75
10,1053,1 -> 0.25
10,1054,0 -> 0.75
10,1054,1 -> 0.25
10,1055,1 -> 0.75
10,1055,0 -> 0.25
10,1056,0 -> 0.75
10,1056,1 -> 0.25
10,1057,1 -> 0.75
10,1057,0 -> 0.25
10,1058,0 -> 0.75
10,1058,1 -> 0.25
10,1059,1 -> 0.75
10,1059,0 -> 0.25
10,1060,0 -> 0.75
10,1060,1 -> 0.25
10,1061,0 -> 0.75
10,1061,1 -> 0.25
10,1062,1 -> 0.75
10,1062,0 -> 0.25
10,1063,0 -> 0.75
10,1063,1 -> 0.25
10,1064,0 -> 0.75
10,1064,1 -> 0.25
10,1065,1 -> 0.75
10,1065,0 -> 0.25
10,1066,0 -> 0.75
10,1066,1 -> 0.25
10,1067,1 -> 0.75
10,1067,0 -> 0.25
10,1068,0 -> 0.75
10,1068,1 -> 0.25
10,1069,1 -> 0.75
10,1069,0 -> 0.25
10,1070,0 -> 0.75
10,1070,1 -> 0.25
10,1071,1 -> 0.75
10,1071,0 -> 0.25
10,1072,0 -> 0.75
10,1072,1 -> 0.25
10,1073,1 -> 0.75
10,1073,0 -> 0.25
10,1074,0 -> 0.75
10,1074,1 -> 0.25
10,1075,1 -> 0.75
10,1075,0 -> 0.25
10,1076,1 -> 0.75
10,1076,0 -> 0.25
10,1077,0 -> 0.75
10,1077,1 -> 0.25
10,1078,1 -> 0.75
10,1078,0 -> 0.25
10,1079,1 -> 0.75
10,1079,0 -> 0.25
10,1080,0 -> 0.75
10,1080,1 -> 0.25
10,1081,0 -> 0.75
10,1081,1 -> 0.25
10,1082,1 -> 0.75
10,1082,0 -> 0.25
10,1083,0 -> 0.75
10,1083,1 -> 0.25
10,1084,0 -> 0.75
10,1084,1 -> 0.25
10,1085,1 -> 0.75
10,1085,0 -> 0.25
10,1086,0 -> 0.75
10,1086,1 -> 0.25
10,1087,1 -> 0.75
10,1087,0 -> 0.25
10,1088,0 -> 0.75
10,1088,1 -> 0.25
10,1089,1 -> 0.75
10,1089,0 -> 0.25
10,1090,0 -> 0.75
10,1090,1 -> 0.25
10,1091,1 -> 0.75
10,1091,0 -> 0.25
10,1092,0 -> 0.75
10,1092,1 -> 0.25
10,1093,1 -> 0.75
10,1093,0 -> 0.25
10,1094,0 -> 0.75
10,1094,1 -> 0.25
10,1095,1 -> 0.75
10,1095,0 -> 0.25
10,1096,1 -> 0.75
10,1096,0 -> 0.25
10,1097,0 -> 0.75
10,1097,1 -> 0.25
10,1098,1 -> 0.75
10,1098,0 -> 0.25
10,1099,1 -> 0.75
10,1099,0 -> 0.25
10,1100,0 -> 0.75
10,1100,1 -> 0.25
10,1101,1 -> 0.75
10,1101,0 -> 0.25
10,1102,0 -> 0.75
10,1102,1 -> 0.25
10,1103,1 -> 0.75
10,1103,0 -> 0.25
10,1104,0 -> 0.75
10,1104,1 -> 0.25
10,1105,1 -> 0.75
10,1105,0 -> 0.25
10,1106,1 -> 0.75
10,1106,0 -> 0.25
10,1107,0 -> 0.75
10,1107,1 -> 0.25
10,1108,1 -> 0.75
10,1108,0 -> 0.25
10,1109,1 -> 0.75
10,1109,0 -> 0.25
10,1110,1 -> 0.75
10,1110,0 -> 0.25
10,1111,0 -> 0.75
10,1111,1 -> 0.25
10,1112,1 -> 0.75
10,1112,0 -> 0.25
10,1113,1 -> 0.75
10,1113,0 -> 0.25
10,1114,1 -> 0.75
10,1114,0 -> 0.25
10,1115,0 -> 0.75
10,1115,1 -> 0.25
10,1116,1 -> 0.75
10,1116,0 -> 0.25
10,1117,0 -> 0.75
10,1117,1 -> 0.25
10,1118,1 -> 0.75
10,1118,0 -> 0.25
10,1119,0 -> 0.75
10,1119,1 -> 0.25
10,1120,1 -> 0.75
10,1120,0 -> 0.25
10,1121,1 -> 0.75
10,1121,0 -> 0.25
10,1122,0 -> 0.75
10,1122,1 -> 0.25
10,1123,1 -> 0.75
10,1123,0 -> 0.25
10,1124,1 -> 0.75
10,1124,0 -> 0.25
10,1125,1 -> 0.75
10,1125,0 -> 0.25
10,1126,0 -> 0.75
10,1126,1 -> 0.25
10,1127,1 -> 0.75
10,1127,0 -> 0.25
10,1128,1 -> 0.75
10,1128,0 -> 0.25
10,1129,1 -> 0.75
10,1129,0 -> 0.25
10,1130,1 -> 0.75
10,1130,0 -> 0.25
10,1131,0 -> 0.75
10,1131,1 -> 0.25
10,1132,1 -> 0.75
10,1132,0 -> 0.25
10,1133,1 -> 0.75
10,1133,0 -> 0.25
10,1134,1 -> 0.75
10,1134,0 -> 0.25
10,1135,1 -> 0.75
10,1135,0 -> 0.25
10,1136,1 -> 0.75
10,1136,0 -> 0.25
10,1137,0 -> 0.75
10,1137,1 -> 0.25
10,1138,1 -> 0.75
10,1138,0 -> 0.25
10,1139,1 -> 0.75
10,1139,0 -> 0.25
10,1140,1 -> 0.75
10,1140,0 -> 0.25
10,1141,1 -> 0.75
10,1141,0 -> 0.25
10,1142,1 -> 0.75
10,1142,0 -> 0.25
11,0,0 -> 0.606132
11,0,1 -> 0.393868
11,1,0 -> 0.606132
11,1,1 -> 0.393868
11,2,0 -> 0.606132
11,2,1 -> 0.393868
11,3,0 -> 0.606132
11,3,1 -> 0.393868
11,4,0 -> 0.606132
11,4,1 -> 0.393868
11,5,0 -> 0.606132
11,5,1 -> 0.393868
11,6,0 -> 0.606132
11,6,1 -> 0.393868
11,7,1 -> 0.606132
11,7,0 -> 0.393868
11,8,0 -> 0.606132
11,8,1 -> 0.393868
11,9,0 -> 0.606132
11,9,1 -> 0.393868
11,10,0 -> 0.606132
11,10,1 -> 0.393868
11,11,0 -> 0.606132
11,11,1 -> 0.393868
11,12,0 -> 0.606132
11,12,1 -> 0.393868
11,13,1 -> 0.606132
11,13,0 -> 0.393868
11,14,0 -> 0.606132
11,14,1 -> 0.393868
11,15,0 -> 0.606132
11,15,1 -> 0.393868
11,16,0 -> 0.606132
11,16,1 -> 0.393868
11,17,0 -> 0.606132
11,17,1 -> 0.393868
11,18,1 -> 0.606132
11,18,0 -> 0.393868
11,19,0 -> 0.606132
11,19,1 -> 0.393868
11,20,0 -> 0.606132
11,20,1 -> 0.393868
11,21,0 -> 0.606132
11,21,1 -> 0.393868
11,22,1 -> 0.606132
11,22,0 -> 0.393868
11,23,0 -> 0.606132
11,23,1 -> 0.393868
11,24,0 -> 0.606132
11,24,1 -> 0.393868
11,25,1 -> 0.606132
11,25,0 -> 0.393868
11,26,0 -> 0.606132
11,26,1 -> 0.393868
11,27,1 -> 0.606132
11,27,0 -> 0.393868
11,28,1 -> 0.606132
11,28,0 -> 0.393868
11,29,0 -> 0.606132
11,29,1 -> 0.393868
11,30,0 -> 0.606132
11,30,1 -> 0.393868
11,31,0 -> 0.606132
11,31,1 -> 0.393868
11,32,0 -> 0.606132
11,32,1 -> 0.393868
11,33,1 -> 0.606132
11,33,0 -> 0.393868
11,34,0 -> 0.606132
11,34,1 -> 0.393868
11,35,0 -> 0.606132
11,35,1 -> 0.393868
11,36,0 -> 0.606132
11,36,1 -> 0.393868
11,37,1 -> 0.606132
11,37,0 -> 0.393868
11,38,0 -> 0.606132
11,38,1 -> 0.393868
11,39,0 -> 0.606132
11,39,1 -> 0.393868
11,40,1 -> 0.606132
11,40,0 -> 0.393868
11,41,0 -> 0.606132
11,41,1 -> 0.393868
11,42,1 -> 0.606132
11,42,0 -> 0.393868
11,43,1 -> 0.606132
11,43,0 -> 0.393868
11,44,0 -> 0.606132
11,44,1 -> 0.393868
11,45,0 -> 0.606132
11,45,1 -> 0.393868
11,46,0 -> 0.606132
11,46,1 -> 0.393868
11,47,1 -> 0.606132
11,47,0 -> 0.393868
11,48,0 -> 0.606132
11,48,1 -> 0.393868
11,49,0 -> 0.606132
11,49,1 -> 0.393868
11,50,1 -> 0.606132
11,50,0 -> 0.393868
11,51,0 -> 0.606132
11,51,1 -> 0.393868
11,52,1 -> 0.606132
11,52,0 -> 0.393868
11,53,1 -> 0.606132
11,53,0 -> 0.393868
11,54,0 -> 0.606132
11,54,1 -> 0.393868
11,55,0 -> 0.606132
11,55,1 -> 0.393868
11,56,1 -> 0.606132
11,56,0 -> 0.393868
11,57,0 -> 0.606132
11,57,1 -> 0.393868
11,58,1 -> 0.606132
11,58,0 -> 0.393868
11,59,1 -> 0.606132
11,59,0 -> 0.393868
11,60,0 -> 0.606132
11,60,1 -> 0.393868
11,61,1 -> 0.606132
11,61,0 -> 0.393868
11,62,1 -> 0.606132
11,62,0 -> 0.393868
11,63,1 -> 0.606132
11,63,0 -> 0.393868
11,64,0 -> 0.606132
11,64,1 -> 0.393868
11,65,0 -> 0.606132
11,65,1 -> 0.393868
11,66,0 -> 0.606132
11,66,1 -> 0.393868
11,67,1 -> 0.606132
11,67,0 -> 0.393868
11,68,0 -> 0.606132
11,68,1 -> 0.393868
11,69,0 -> 0.606132
11,69,1 -> 0.393868
11,70,1 -> 0.606132
11,70,0 -> 0.393868
11,71,0 -> 0.606132
11,71,1 -> 0.393868
11,72,1 -> 0.606132
11,72,0 -> 0.393868
11,73,1 -> 0.606132
11,73,0 -> 0.393868
11,74,0 -> 0.606132
11,74,1 -> 0.393868
11,75,0 -> 0.606132
11,75,1 -> 0.393868
11,76,1 -> 0.606132
11,76,0 -> 0.393868
11,77,0 -> 0.606132
11,77,1 -> 0.393868
11,78,1 -> 0.606132
11,78,0 -> 0.393868
11,79,1 -> 0.606132
11,79,0 -> 0.393868
11,80,0 -> 0.606132
11,80,1 -> 0.393868
11,81,1 -> 0.606132
11,81,0 -> 0.393868
11,82,1 -> 0.606132
11,82,0 -> 0.393868
11,83,1 -> 0.606132
11,83,0 -> 0.393868
11,84,0 -> 0.606132
11,84,1 -> 0.393868
11,85,0 -> 0.606132
11,85,1 -> 0.393868
11,86,1 -> 0.606132
11,86,0 -> 0.393868
11,87,0 -> 0.606132
11,87,1 -> 0.393868
11,88,1 -> 0.606132
11,88,0 -> 0.393868
11,89,1 -> 0.606132
11,89,0 -> 0.393868
11,90,0 -> 0.606132
11,90,1 -> 0.393868
11,91,1 -> 0.606132
11,91,0 -> 0.393868
11,92,1 -> 0.606132
11,92,0 -> 0.393868
11,93,1 -> 0.606132
11,93,0 -> 0.393868
11,94,0 -> 0.606132
11,94,1 -> 0.393868
11,95,1 -> 0.606132
11,95,0 -> 0.393868
11,96,1 -> 0.606132
11,96,0 -> 0.393868
11,97,1 -> 0.606132
11,97,0 -> 0.393868
11,98,1 -> 0.606132
11,98,0 -> 0.393868
11,99,0 -> 0.606132
11,99,1 -> 0.393868
11,100,0 -> 0.606132
11,100,1 -> 0.393868
11,101,1 -> 0.606132
11,101,0 -> 0.393868
11,102,0 -> 0.606132
11,102,1 -> 0.393868
11,103,1 -> 0.606132
11,103,0 -> 0.393868
11,104,1 -> 0.606132
11,104,0 -> 0.393868
11,105,0 -> 0.606132
11,105,1 -> 0.393868
11,106,1 -> 0.606132
11,106,0 -> 0.393868
11,107,1 -> 0.606132
11,107,0 -> 0.393868
11,108,1 -> 0.606132
11,108,0 -> 0.393868
11,109,0 -> 0.606132
11,109,1 -> 0.393868
11,110,1 -> 0.606132
11,110,0 -> 0.393868
11,111,1 -> 0.606132
11,111,0 -> 0.393868
11,112,1 -> 0.606132
11,112,0 -> 0.393868
11,113,1 -> 0.606132
11,113,0 -> 0.393868
11,114,0 -> 0.606132
11,114,1 -> 0.393868
11,115,1 -> 0.606132
11,115,0 -> 0.393868
11,116,1 -> 0.606132
11,116,0 -> 0.393868
11,117,1 -> 0.606132
11,117,0 -> 0.393868
11,118,1 -> 0.606132
11,118,0 -> 0.393868
11,119,1 -> 0.606132
11,119,0 -> 0.393868
11,120,0 -> 0.606132
11,120,1 -> 0.393868
11,121,1 -> 0.606132
11,121,0 -> 0.393868
11,122,1 -> 0.606132
11,122,0 -> 0.393868
11,123,1 -> 0.606132
11,123,0 -> 0.393868
11,124,1 -> 0.606132
11,124,0 -> 0.393868
11,125,1 -> 0.606132
11,125,0 -> 0.393868
11,126,1 -> 0.606132
11,126,0 -> 0.393868
11,127,0 -> 0.687607
11,127,1 -> 0.312393
11,128,0 -> 0.687607
11,128,1 -> 0.312393
11,129,0 -> 0.687607
11,129,1 -> 0.312393
11,130,0 -> 0.687607
11,130,1 -> 0.312393
11,131,0 -> 0.687607
11,131,1 -> 0.312393
11,132,0 -> 0.687607
11,132,1 -> 0.312393
11,133,0 -> 0.687607
11,133,1 -> 0.312393
11,134,1 -> 0.687607
11,134,0 -> 0.312393
11,135,0 -> 0.687607
11,135,1 -> 0.312393
11,136,0 -> 0.687607
11,136,1 -> 0.312393
11,137,0 -> 0.687607
11,137,1 -> 0.312393
11,138,0 -> 0.687607
11,138,1 -> 0.312393
11,139,0 -> 0.687607
11,139,1 -> 0.312393
11,140,1 -> 0.687607
11,140,0 -> 0.312393
11,141,0 -> 0.687607
11,141,1 -> 0.312393
11,142,0 -> 0.687607
11,142,1 -> 0.312393
11,143,0 -> 0.687607
11,143,1 -> 0.312393
11,144,0 -> 0.687607
11,144,1 -> 0.312393
11,145,1 -> 0.687607
11,145,0 -> 0.312393
11,146,0 -> 0.687607
11,146,1 -> 0.312393
11,147,0 -> 0.687607
11,147,1 -> 0.312393
11,148,0 -> 0.687607
11,148,1 -> 0.312393
11,149,1 -> 0.687607
11,149,0 -> 0.312393
11,150,0 -> 0.687607
11,150,1 -> 0.312393
11,151,0 -> 0.687607
11,151,1 -> 0.312393
11,152,1 -> 0.687607
11,152,0 -> 0.312393
11,153,0 -> 0.687607
11,153,1 -> 0.312393
11,154,1 -> 0.687607
11,154,0 -> 0.312393
11,155,1 -> 0.687607
11,155,0 -> 0.312393
11,156,0 -> 0.687607
11,156,1 -> 0.312393
11,157,0 -> 0.687607
11,157,1 -> 0.312393
11,158,0 -> 0.687607
11,158,1 -> 0.312393
11,159,0 -> 0.687607
11,159,1 -> 0.312393
11,160,1 -> 0.687607
11,160,0 -> 0.312393
11,161,0 -> 0.687607
11,161,1 -> 0.312393
11,162,0 -> 0.687607
11,162,1 -> 0.312393
11,163,0 -> 0.687607
11,163,1 -> 0.312393
11,164,1 -> 0.687607
11,164,0 -> 0.312393
11,165,0 -> 0.687607
11,165,1 -> 0.312393
11,166,0 -> 0.687607
11,166,1 -> 0.312393
11,167,1 -> 0.687607
11,167,0 -> 0.312393
11,168,0 -> 0.687607
11,168,1 -> 0.312393
11,169,1 -> 0.687607
11,169,0 -> 0.312393
11,170,1 -> 0.687607
11,170,0 -> 0.312393
11,171,0 -> 0.687607
11,171,1 -> 0.312393
11,172,0 -> 0.687607
11,172,1 -> 0.312393
11,173,0 -> 0.687607
11,173,1 -> 0.312393
11,174,1 -> 0.687607
11,174,0 -> 0.312393
11,175,0 -> 0.687607
11,175,1 -> 0.312393
11,176,0 -> 0.687607
11,176,1 -> 0.312393
11,177,1 -> 0.687607
11,177,0 -> 0.312393
11,178,0 -> 0.687607
11,178,1 -> 0.312393
11,179,1 -> 0.687607
11,179,0 -> 0.312393
11,180,1 -> 0.687607
11,180,0 -> 0.312393
11,181,0 -> 0.687607
11,181,1 -> 0.312393
11,182,0 -> 0.687607
11,182,1 -> 0.312393
11,183,1 -> 0.687607
11,183,0 -> 0.312393
11,184,0 -> 0.687607
11,184,1 -> 0.312393
11,185,1 -> 0.687607
11,185,0 -> 0.312393
11,186,1 -> 0.687607
11,186,0 -> 0.312393
11,187,0 -> 0.687607
11,187,1 -> 0.312393
11,188,1 -> 0.687607
11,188,0 -> 0.312393
11,189,1 -> 0.687607
11,189,0 -> 0.312393
11,190,1 -> 0.687607
11,190,0 -> 0.312393
11,191,0 -> 0.687607
11,191,1 -> 0.312393
11,192,0 -> 0.687607
11,192,1 -> 0.312393
11,193,0 -> 0.687607
11,193,1 -> 0.312393
11,194,1 -> 0.687607
11,194,0 -> 0.312393
11,195,0 -> 0.687607
11,195,1 -> 0.312393
11,196,0 -> 0.687607
11,196,1 -> 0.312393
11,197,1 -> 0.687607
11,197,0 -> 0.312393
11,198,0 -> 0.687607
11,198,1 -> 0.312393
11,199,1 -> 0.687607
11,199,0 -> 0.312393
11,200,1 -> 0.687607
11,200,0 -> 0.312393
11,201,0 -> 0.687607
11,201,1 -> 0.312393
11,202,0 -> 0.687607
11,202,1 -> 0.312393
11,203,1 -> 0.687607
11,203,0 -> 0.312393
11,204,0 -> 0.687607
11,204,1 -> 0.312393
11,205,1 -> 0.687607
11,205,0 -> 0.312393
11,206,1 -> 0.687607
11,206,0 -> 0.312393
11,207,0 -> 0.687607
11,207,1 -> 0.312393
11,208,1 -> 0.687607
11,208,0 -> 0.312393
11,209,1 -> 0.687607
11,209,0 -> 0.312393
11,210,1 -> 0.687607
11,210,0 -> 0.312393
11,211,0 -> 0.687607
11,211,1 -> 0.312393
11,212,0 -> 0.687607
11,212,1 -> 0.312393
11,213,1 -> 0.687607
11,213,0 -> 0.312393
11,214,0 -> 0.687607
11,214,1 -> 0.312393
11,215,1 -> 0.687607
11,215,0 -> 0.312393
11,216,1 -> 0.687607
11,216,0 -> 0.312393
11,217,0 -> 0.687607
11,217,1 -> 0.312393
11,218,1 -> 0.687607
11,218,0 -> 0.312393
11,219,1 -> 0.687607
11,219,0 -> 0.312393
11,220,1 -> 0.687607
11,220,0 -> 0.312393
11,221,0 -> 0.687607
11,221,1 -> 0.312393
11,222,1 -> 0.687607
11,222,0 -> 0.312393
11,223,1 -> 0.687607
11,223,0 -> 0.312393
11,224,1 -> 0.687607
11,224,0 -> 0.312393
11,225,1 -> 0.687607
11,225,0 -> 0.312393
11,226,0 -> 0.687607
11,226,1 -> 0.312393
11,227,0 -> 0.687607
11,227,1 -> 0.312393
11,228,1 -> 0.687607
11,228,0 -> 0.312393
11,229,0 -> 0.687607
11,229,1 -> 0.312393
11,230,1 -> 0.687607
11,230,0 -> 0.312393
11,231,1 -> 0.687607
11,231,0 -> 0.312393
11,232,0 -> 0.687607
11,232,1 -> 0.312393
11,233,1 -> 0.687607
11,233,0 -> 0.312393
11,234,1 -> 0.687607
11,234,0 -> 0.312393
11,235,1 -> 0.687607
11,235,0 -> 0.312393
11,236,0 -> 0.687607
11,236,1 -> 0.312393
11,237,1 -> 0.687607
11,237,0 -> 0.312393
11,238,1 -> 0.687607
11,238,0 -> 0.312393
11,239,1 -> 0.687607
11,239,0 -> 0.312393
11,240,1 -> 0.687607
11,240,0 -> 0.312393
11,241,0 -> 0.687607
11,241,1 -> 0.312393
11,242,1 -> 0.687607
11,242,0 -> 0.312393
11,243,1 -> 0.687607
11,243,0 -> 0.312393
11,244,1 -> 0.687607
11,244,0 -> 0.312393
11,245,1 -> 0.687607
11,245,0 -> 0.312393
11,246,1 -> 0.687607
11,246,0 -> 0.312393
11,247,0 -> 0.687607
11,247,1 -> 0.312393
11,248,1 -> 0.687607
11,248,0 -> 0.312393
11,249,1 -> 0.687607
11,249,0 -> 0.312393
11,250,1 -> 0.687607
11,250,0 -> 0.312393
11,251,1 -> 0.687607
11,251,0 -> 0.312393
11,252,1 -> 0.687607
11,252,0 -> 0.312393
11,253,1 -> 0.687607
11,253,0 -> 0.312393
11,254,0 -> 0.75
11,254,1 -> 0.25
11,255,0 -> 0.75
11,255,1 -> 0.25
11,256,0 -> 0.75
11,256,1 -> 0.25
11,257,0 -> 0.75
11,257,1 -> 0.25
11,258,0 -> 0.75
11,258,1 -> 0.25
11,259,0 -> 0.75
11,259,1 -> 0.25
11,260,0 -> 0.75
11,260,1 -> 0.25
11,261,1 -> 0.75
11,261,0 -> 0.25
11,262,0 -> 0.75
11,262,1 -> 0.25
11,263,0 -> 0.75
11,263,1 -> 0.25
11,264,0 -> 0.75
11,264,1 -> 0.25
11,265,0 -> 0.75
11,265,1 -> 0.25
11,266,0 -> 0.75
11,266,1 -> 0.25
11,267,1 -> 0.75
11,267,0 -> 0.25
11,268,0 -> 0.75
11,268,1 -> 0.25
11,269,0 -> 0.75
11,269,1 -> 0.25
11,270,0 -> 0.75
11,270,1 -> 0.25
11,271,0 -> 0.75
11,271,1 -> 0.25
11,272,1 -> 0.75
11,272,0 -> 0.25
11,273,0 -> 0.75
11,273,1 -> 0.25
11,274,0 -> 0.75
11,274,1 -> 0.25
11,275,0 -> 0.75
11,275,1 -> 0.25
11,276,1 -> 0.75
11,276,0 -> 0.25
11,277,0 -> 0.75
11,277,1 -> 0.25
11,278,0 -> 0.75
11,278,1 -> 0.25
11,279,1 -> 0.75
11,279,0 -> 0.25
11,280,0 -> 0.75
11,280,1 -> 0.25
11,281,1 -> 0.75
11,281,0 -> 0.25
11,282,1 -> 0.75
11,282,0 -> 0.25
11,283,0 -> 0.75
11,283,1 -> 0.25
11,284,0 -> 0.75
11,284,1 -> 0.25
11,285,0 -> 0.75
11,285,1 -> 0.25
11,286,0 -> 0.75
11,286,1 -> 0.25
11,287,1 -> 0.75
11,287,0 -> 0.25
11,288,0 -> 0.75
11,288,1 -> 0.25
11,289,0 -> 0.75
11,289,1 -> 0.25
11,290,0 -> 0.75
11,290,1 -> 0.25
11,291,1 -> 0.75
11,291,0 -> 0.25
11,292,0 -> 0.75
11,292,1 -> 0.25
11,293,0 -> 0.75
11,293,1 -> 0.25
11,294,1 -> 0.75
11,294,0 -> 0.25
11,295,0 -> 0.75
11,295,1 -> 0.25
11,296,1 -> 0.75
11,296,0 -> 0.25
11,297,1 -> 0.75
11,297,0 -> 0.25
11,298,0 -> 0.75
11,298,1 -> 0.25
11,299,0 -> 0.75
11,299,1 -> 0.25
11,300,0 -> 0.75
11,300,1 -> 0.25
11,301,1 -> 0.75
11,301,0 -> 0.25
11,302,0 -> 0.75
11,302,1 -> 0.25
11,303,0 -> 0.75
11,303,1 -> 0.25
11,304,1 -> 0.75
11,304,0 -> 0.25
11,305,0 -> 0.75
11,305,1 -> 0.25
11,306,1 -> 0.75
11,306,0 -> 0.25
11,307,1 -> 0.75
11,307,0 -> 0.25
11,308,0 -> 0.75
11,308,1 -> 0.25
11,309,0 -> 0.75
11,309,1 -> 0.25
11,310,1 -> 0.75
11,310,0 -> 0.25
11,311,0 -> 0.75
11,311,1 -> 0.25
11,312,1 -> 0.75
11,312,0 -> 0.25
11,313,1 -> 0.75
11,313,0 -> 0.25
11,314,0 -> 0.75
11,314,1 -> 0.25
11,315,1 -> 0.75
11,315,0 -> 0.25
11,316,1 -> 0.75
11,316,0 -> 0.25
11,317,1 -> 0.75
11,317,0 -> 0.25
11,318,0 -> 0.75
11,318,1 -> 0.25
11,319,0 -> 0.75
11,319,1 -> 0.25
11,320,0 -> 0.75
11,320,1 -> 0.25
11,321,1 -> 0.75
11,321,0 -> 0.25
11,322,0 -> 0.75
11,322,1 -> 0.25
11,323,0 -> 0.75
11,323,1 -> 0.25
11,324,1 -> 0.75
11,324,0 -> 0.25
11,325,0 -> 0.75
11,325,1 -> 0.25
11,326,1 -> 0.75
11,326,0 -> 0.25
11,327,1 -> 0.75
11,327,0 -> 0.25
11,328,0 -> 0.75
11,328,1 -> 0.25
11,329,0 -> 0.75
11,329,1 -> 0.25
11,330,1 -> 0.75
11,330,0 -> 0.25
11,331,0 -> 0.75
11,331,1 -> 0.25
11,332,1 -> 0.75
11,332,0 -> 0.25
11,333,1 -> 0.75
11,333,0 -> 0.25
11,334,0 -> 0.75
11,334,1 -> 0.25
11,335,1 -> 0.75
11,335,0 -> 0.25
11,336,1 -> 0.75
11,336,0 -> 0.25
11,337,1 -> 0.75
11,337,0 -> 0.25
11,338,0 -> 0.75
11,338,1 -> 0.25
11,339,0 -> 0.75
11,339,1 -> 0.25
11,340,1 -> 0.75
11,340,0 -> 0.25
11,341,0 -> 0.75
11,341,1 -> 0.25
11,342,1 -> 0.75
11,342,0 -> 0.25
11,343,1 -> 0.75
11,343,0 -> 0.25
11,344,0 -> 0.75
11,344,1 -> 0.25
11,345,1 -> 0.75
11,345,0 -> 0.25
11,346,1 -> 0.75
11,346,0 -> 0.25
11,347,1 -> 0.75
11,347,0 -> 0.25
11,348,0 -> 0.75
11,348,1 -> 0.25
11,349,1 -> 0.75
11,349,0 -> 0.25
11,350,1 -> 0.75
11,350,0 -> 0.25
11,351,1 -> 0.75
11,351,0 -> 0.25
11,352,1 -> 0.75
11,352,0 -> 0.25
11,353,0 -> 0.75
11,353,1 -> 0.25
11,354,0 -> 0.75
11,354,1 -> 0.25
11,355,1 -> 0.75
11,355,0 -> 0.25
11,356,0 -> 0.75
11,356,1 -> 0.25
11,357,1 -> 0.75
11,357,0 -> 0.25
11,358,1 -> 0.75
11,358,0 -> 0.25
11,359,0 -> 0.75
11,359,1 -> 0.25
11,360,1 -> 0.75
11,360,0 -> 0.25
11,361,1 -> 0.75
11,361,0 -> 0.25
11,362,1 -> 0.75
11,362,0 -> 0.25
11,363,0 -> 0.75
11,363,1 -> 0.25
11,364,1 -> 0.75
11,364,0 -> 0.25
11,365,1 -> 0.75
11,365,0 -> 0.25
11,366,1 -> 0.75
11,366,0 -> 0.25
11,367,1 -> 0.75
11,367,0 -> 0.25
11,368,0 -> 0.75
11,368,1 -> 0.25
11,369,1 -> 0.75
11,369,0 -> 0.25
11,370,1 -> 0.75
11,370,0 -> 0.25
11,371,1 -> 0.75
11,371,0 -> 0.25
11,372,1 -> 0.75
11,372,0 -> 0.25
11,373,1 -> 0.75
11,373,0 -> 0.25
11,374,0 -> 0.75
11,374,1 -> 0.25
11,375,1 -> 0.75
11,375,0 -> 0.25
11,376,1 -> 0.75
11,376,0 -> 0.25
11,377,1 -> 0.75
11,377,0 -> 0.25
11,378,1 -> 0.75
11,378,0 -> 0.25
11,379,1 -> 0.75
11,379,0 -> 0.25
11,380,1 -> 0.75
11,380,0 -> 0.25
11,381,0 -> 0.625
11,381,1 -> 0.375
11,382,0 -> 0.625
11,382,1 -> 0.375
11,383,0 -> 0.625
11,383,1 -> 0.375
11,384,0 -> 0.625
11,384,1 -> 0.375
11,385,0 -> 0.625
11,385,1 -> 0.375
11,386,0 -> 0.625
11,386,1 -> 0.375
11,387,0 -> 0.625
11,387,1 -> 0.375
11,388,1 -> 0.625
11,388,0 -> 0.375
11,389,0 -> 0.625
11,389,1 -> 0.375
11,390,0 -> 0.625
11,390,1 -> 0.375
11,391,0 -> 0.625
11,391,1 -> 0.375
11,392,0 -> 0.625
11,392,1 -> 0.375
11,393,0 -> 0.625
11,393,1 -> 0.375
11,394,1 -> 0.625
11,394,0 -> 0.375
11,395,0 -> 0.625
11,395,1 -> 0.375
11,396,0 -> 0.625
11,396,1 -> 0.375
11,397,0 -> 0.625
11,397,1 -> 0.375
11,398,0 -> 0.625
11,398,1 -> 0.375
11,399,1 -> 0.625
11,399,0 -> 0.375
11,400,0 -> 0.625
11,400,1 -> 0.375
11,401,0 -> 0.625
11,401,1 -> 0.375
11,402,0 -> 0.625
11,402,1 -> 0.375
11,403,1 -> 0.625
11,403,0 -> 0.375
11,404,0 -> 0.625
11,404,1 -> 0.375
11,405,0 -> 0.625
11,405,1 -> 0.375
11,406,1 -> 0.625
11,406,0 -> 0.375
11,407,0 -> 0.625
11,407,1 -> 0.375
11,408,1 -> 0.625
11,408,0 -> 0.375
11,409,1 -> 0.625
11,409,0 -> 0.375
11,410,0 -> 0.625
11,410,1 -> 0.375
11,411,0 -> 0.625
11,411,1 -> 0.375
11,412,0 -> 0.625
11,412,1 -> 0.375
11,413,0 -> 0.625
11,413,1 -> 0.375
11,414,1 -> 0.625
11,414,0 -> 0.375
11,415,0 -> 0.625
11,415,1 -> 0.375
11,416,0 -> 0.625
11,416,1 -> 0.375
11,417,0 -> 0.625
11,417,1 -> 0.375
11,418,1 -> 0.625
11,418,0 -> 0.375
11,419,0 -> 0.625
11,419,1 -> 0.375
11,420,0 -> 0.625
11,420,1 -> 0.375
11,421,1 -> 0.625
11,421,0 -> 0.375
11,422,0 -> 0.625
11,422,1 -> 0.375
11,423,1 -> 0.625
11,423,0 -> 0.375
11,424,1 -> 0.625
11,424,0 -> 0.375
11,425,0 -> 0.625
11,425,1 -> 0.375
11,426,0 -> 0.625
11,426,1 -> 0.375
11,427,0 -> 0.625
11,427,1 -> 0.375
11,428,1 -> 0.625
11,428,0 -> 0.375
11,429,0 -> 0.625
11,429,1 -> 0.375
11,430,0 -> 0.625
11,430,1 -> 0.375
11,431,1 -> 0.625
11,431,0 -> 0.375
11,432,0 -> 0.625
11,432,1 -> 0.375
11,433,1 -> 0.625
11,433,0 -> 0.375
11,434,1 -> 0.625
11,434,0 -> 0.375
11,435,0 -> 0.625
11,435,1 -> 0.375
11,436,0 -> 0.625
11,436,1 -> 0.375
11,437,1 -> 0.625
11,437,0 -> 0.375
11,438,0 -> 0.625
11,438,1 -> 0.375
11,439,1 -> 0.625
11,439,0 -> 0.375
11,440,1 -> 0.625
11,440,0 -> 0.375
11,441,0 -> 0.625
11,441,1 -> 0.375
11,442,1 -> 0.625
11,442,0 -> 0.375
11,443,1 -> 0.625
11,443,0 -> 0.375
11,444,1 -> 0.625
11,444,0 -> 0.375
11,445,0 -> 0.625
11,445,1 -> 0.375
11,446,0 -> 0.625
11,446,1 -> 0.375
11,447,0 -> 0.625
11,447,1 -> 0.375
11,448,1 -> 0.625
11,448,0 -> 0.375
11,449,0 -> 0.625
11,449,1 -> 0.375
11,450,0 -> 0.625
11,450,1 -> 0.375
11,451,1 -> 0.625
11,451,0 -> 0.375
11,452,0 -> 0.625
11,452,1 -> 0.375
11,453,1 -> 0.625
11,453,0 -> 0.375
11,454,1 -> 0.625
11,454,0 -> 0.375
11,455,0 -> 0.625
11,455,1 -> 0.375
11,456,0 -> 0.625
11,456,1 -> 0.375
11,457,1 -> 0.625
11,457,0 -> 0.375
11,458,0 -> 0.625
11,458,1 -> 0.375
11,459,1 -> 0.625
11,459,0 -> 0.375
11,460,1 -> 0.625
11,460,0 -> 0.375
11,461,0 -> 0.625
11,461,1 -> 0.375
11,462,1 -> 0.625
11,462,0 -> 0.375
11,463,1 -> 0.625
11,463,0 -> 0.375
11,464,1 -> 0.625
11,464,0 -> 0.375
11,465,0 -> 0.625
11,465,1 -> 0.375
11,466,0 -> 0.625
11,466,1 -> 0.375
11,467,1 -> 0.625
11,467,0 -> 0.375
11,468,0 -> 0.625
11,468,1 -> 0.375
11,469,1 -> 0.625
11,469,0 -> 0.375
11,470,1 -> 0.625
11,470,0 -> 0.375
11,471,0 -> 0.625
11,471,1 -> 0.375
11,472,1 -> 0.625
11,472,0 -> 0.375
11,473,1 -> 0.625
11,473,0 -> 0.375
11,474,1 -> 0.625
11,474,0 -> 0.375
11,475,0 -> 0.625
11,475,1 -> 0.375
11,476,1 -> 0.625
11,476,0 -> 0.375
11,477,1 -> 0.625
11,477,0 -> 0.375
11,478,1 -> 0.625
11,478,0 -> 0.375
11,479,1 -> 0.625
11,479,0 -> 0.375
11,480,0 -> 0.625
11,480,1 -> 0.375
11,481,0 -> 0.625
11,481,1 -> 0.375
11,482,1 -> 0.625
11,482,0 -> 0.375
11,483,0 -> 0.625
11,483,1 -> 0.375
11,484,1 -> 0.625
11,484,0 -> 0.375
11,485,1 -> 0.625
11,485,0 -> 0.375
11,486,0 -> 0.625
11,486,1 -> 0.375
11,487,1 -> 0.625
11,487,0 -> 0.375
11,488,1 -> 0.625
11,488,0 -> 0.375
11,489,1 -> 0.625
11,489,0 -> 0.375
11,490,0 -> 0.625
11,490,1 -> 0.375
11,491,1 -> 0.625
11,491,0 -> 0.375
11,492,1 -> 0.625
11,492,0 -> 0.375
11,493,1 -> 0.625
11,493,0 -> 0.375
11,494,1 -> 0.625
11,494,0 -> 0.375
11,495,0 -> 0.625
11,495,1 -> 0.375
11,496,1 -> 0.625
11,496,0 -> 0.375
11,497,1 -> 0.625
11,497,0 -> 0.375
11,498,1 -> 0.625
11,498,0 -> 0.375
11,499,1 -> 0.625
11,499,0 -> 0.375
11,500,1 -> 0.625
11,500,0 -> 0.375
11,501,0 -> 0.625
11,501,1 -> 0.375
11,502,1 -> 0.625
11,502,0 -> 0.375
11,503,1 -> 0.625
11,503,0 -> 0.375
11,504,1 -> 0.625
11,504,0 -> 0.375
11,505,1 -> 0.625
11,505,0 -> 0.375
11,506,1 -> 0.625
11,506,0 -> 0.375
11,507,1 -> 0.625
11,507,0 -> 0.375
11,508,0 -> 0.75
11,508,1 -> 0.25
11,509,0 -> 0.75
11,509,1 -> 0.25
11,510,0 -> 0.75
11,510,1 -> 0.25
11,511,0 -> 0.75
11,511,1 -> 0.25
11,512,0 -> 0.75
11,512,1 -> 0.25
11,513,0 -> 0.75
11,513,1 -> 0.25
11,514,0 -> 0.75
11,514,1 -> 0.25
11,515,1 -> 0.75
11,515,0 -> 0.25
11,516,0 -> 0.75
11,516,1 -> 0.25
11,517,0 -> 0.75
11,517,1 -> 0.25
11,518,0 -> 0.75
11,518,1 -> 0.25
11,519,0 -> 0.75
11,519,1 -> 0.25
11,520,0 -> 0.75
11,520,1 -> 0.25
11,521,1 -> 0.75
11,521,0 -> 0.25
11,522,0 -> 0.75
11,522,1 -> 0.25
11,523,0 -> 0.75
11,523,1 -> 0.25
11,524,0 -> 0.75
11,524,1 -> 0.25
11,525,0 -> 0.75
11,525,1 -> 0.25
11,526,1 -> 0.75
11,526,0 -> 0.25
11,527,0 -> 0.75
11,527,1 -> 0.25
11,528,0 -> 0.75
11,528,1 -> 0.25
11,529,0 -> 0.75
11,529,1 -> 0.25
11,530,1 -> 0.75
11,530,0 -> 0.25
11,531,0 -> 0.75
11,531,1 -> 0.25
11,532,0 -> 0.75
11,532,1 -> 0.25
11,533,1 -> 0.75
11,533,0 -> 0.25
11,534,0 -> 0.75
11,534,1 -> 0.25
11,535,1 -> 0.75
11,535,0 -> 0.25
11,536,1 -> 0.75
11,536,0 -> 0.25
11,537,0 -> 0.75
11,537,1 -> 0.25
11,538,0 -> 0.75
11,538,1 -> 0.25
11,539,0 -> 0.75
11,539,1 -> 0.25
11,540,0 -> 0.75
11,540,1 -> 0.25
11,541,1 -> 0.75
11,541,0 -> 0.25
11,542,0 -> 0.75
11,542,1 -> 0.25
11,543,0 -> 0.75
11,543,1 -> 0.25
11,544,0 -> 0.75
11,544,1 -> 0.25
11,545,1 -> 0.75
11,545,0 -> 0.25
11,546,0 -> 0.75
11,546,1 -> 0.25
11,547,0 -> 0.75
11,547,1 -> 0.25
11,548,1 -> 0.75
11,548,0 -> 0.25
11,549,0 -> 0.75
11,549,1 -> 0.25
11,550,1 -> 0.75
11,550,0 -> 0.25
11,551,1 -> 0.75
11,551,0 -> 0.25
11,552,0 -> 0.75
11,552,1 -> 0.25
11,553,0 -> 0.75
11,553,1 -> 0.25
11,554,0 -> 0.75
11,554,1 -> 0.25
11,555,1 -> 0.75
11,555,0 -> 0.25
11,556,0 -> 0.75
11,556,1 -> 0.25
11,557,0 -> 0.75
11,557,1 -> 0.25
11,558,1 -> 0.75
11,558,0 -> 0.25
11,559,0 -> 0.75
11,559,1 -> 0.25
11,560,1 -> 0.75
11,560,0 -> 0.25
11,561,1 -> 0.75
11,561,0 -> 0.25
11,562,0 -> 0.75
11,562,1 -> 0.25
11,563,0 -> 0.75
11,563,1 -> 0.25
11,564,1 -> 0.75
11,564,0 -> 0.25
11,565,0 -> 0.75
11,565,1 -> 0.25
11,566,1 -> 0.75
11,566,0 -> 0.25
11,567,1 -> 0.75
11,567,0 -> 0.25
11,568,0 -> 0.75
11,568,1 -> 0.25
11,569,1 -> 0.75
11,569,0 -> 0.25
11,570,1 -> 0.75
11,570,0 -> 0.25
11,571,1 -> 0.75
11,571,0 -> 0.25
11,572,0 -> 0.75
11,572,1 -> 0.25
11,573,0 -> 0.75
11,573,1 -> 0.25
11,574,0 -> 0.75
11,574,1 -> 0.25
11,575,1 -> 0.75
11,575,0 -> 0.25
11,576,0 -> 0.75
11,576,1 -> 0.25
11,577,0 -> 0.75
11,577,1 -> 0.25
11,578,1 -> 0.75
11,578,0 -> 0.25
11,579,0 -> 0.75
11,579,1 -> 0.25
11,580,1 -> 0.75
11,580,0 -> 0.25
11,581,1 -> 0.75
11,581,0 -> 0.25
11,582,0 -> 0.75
11,582,1 -> 0.25
11,583,0 -> 0.75
11,583,1 -> 0.25
11,584,1 -> 0.75
11,584,0 -> 0.25
11,585,0 -> 0.75
11,585,1 -> 0.25
11,586,1 -> 0.75
11,586,0 -> 0.25
11,587,1 -> 0.75
11,587,0 -> 0.25
11,588,0 -> 0.75
11,588,1 -> 0.25
11,589,1 -> 0.75
11,589,0 -> 0.25
11,590,1 -> 0.75
11,590,0 -> 0.25
11,591,1 -> 0.75
11,591,0 -> 0.25
11,592,0 -> 0.75
11,592,1 -> 0.25
11,593,0 -> 0.75
11,593,1 -> 0.25
11,594,1 -> 0.75
11,594,0 -> 0.25
11,595,0 -> 0.75
11,595,1 -> 0.25
11,596,1 -> 0.75
11,596,0 -> 0.25
11,597,1 -> 0.75
11,597,0 -> 0.25
11,598,0 -> 0.75
11,598,1 -> 0.25
11,599,1 -> 0.75
11,599,0 -> 0.25
11,600,1 -> 0.75
11,600,0 -> 0.25
11,601,1 -> 0.75
11,601,0 -> 0.25
11,602,0 -> 0.75
11,602,1 -> 0.25
11,603,1 -> 0.75
11,603,0 -> 0.25
11,604,1 -> 0.75
11,604,0 -> 0.25
11,605,1 -> 0.75
11,605,0 -> 0.25
11,606,1 -> 0.75
11,606,0 -> 0.25
11,607,0 -> 0.75
11,607,1 -> 0.25
11,608,0 -> 0.75
11,608,1 -> 0.25
11,609,1 -> 0.75
11,609,0 -> 0.25
11,610,0 -> 0.75
11,610,1 -> 0.25
11,611,1 -> 0.75
11,611,0 -> 0.25
11,612,1 -> 0.75
11,612,0 -> 0.25
11,613,0 -> 0.75
11,613,1 -> 0.25
11,614,1 -> 0.75
11,614,0 -> 0.25
11,615,1 -> 0.75
11,615,0 -> 0.25
11,616,1 -> 0.75
11,616,0 -> 0.25
11,617,0 -> 0.75
11,617,1 -> 0.25
11,618,1 -> 0.75
11,618,0 -> 0.25
11,619,1 -> 0.75
11,619,0 -> 0.25
11,620,1 -> 0.75
11,620,0 -> 0.25
11,621,1 -> 0.75
11,621,0 -> 0.25
11,622,0 -> 0.75
11,622,1 -> 0.25
11,623,1 -> 0.75
11,623,0 -> 0.25
11,624,1 -> 0.75
11,624,0 -> 0.25
11,625,1 -> 0.75
11,625,0 -> 0.25
11,626,1 -> 0.75
11,626,0 -> 0.25
11,627,1 -> 0.75
11,627,0 -> 0.25
11,628,0 -> 0.75
11,628,1 -> 0.25
11,629,1 -> 0.75
11,629,0 -> 0.25
11,630,1 -> 0.75
11,630,0 -> 0.25
11,631,1 -> 0.75
11,631,0 -> 0.25
11,632,1 -> 0.75
11,632,0 -> 0.25
11,633,1 -> 0.75
11,633,0 -> 0.25
11,634,1 -> 0.75
11,634,0 -> 0.25
11,635,0 -> 1.0
11,635,1 -> 0.0
11,636,0 -> 1.0
11,636,1 -> 0.0
11,637,0 -> 1.0
11,637,1 -> 0.0
11,638,0 -> 1.0
11,638,1 -> 0.0
11,639,0 -> 1.0
11,639,1 -> 0.0
11,640,0 -> 1.0
11,640,1 -> 0.0
11,641,0 -> 1.0
11,641,1 -> 0.0
11,642,1 -> 1.0
11,642,0 -> 0.0
11,643,0 -> 1.0
11,643,1 -> 0.0
11,644,0 -> 1.0
11,644,1 -> 0.0
11,645,0 -> 1.0
11,645,1 -> 0.0
11,646,0 -> 1.0
11,646,1 -> 0.0
11,647,0 -> 1.0
11,647,1 -> 0.0
11,648,1 -> 1.0
11,648,0 -> 0.0
11,649,0 -> 1.0
11,649,1 -> 0.0
11,650,0 -> 1.0
11,650,1 -> 0.0
11,651,0 -> 1.0
11,651,1 -> 0.0
11,652,0 -> 1.0
11,652,1 -> 0.0
11,653,1 -> 1.0
11,653,0 -> 0.0
11,654,0 -> 1.0
11,654,1 -> 0.0
11,655,0 -> 1.0
11,655,1 -> 0.0
11,656,0 -> 1.0
11,656,1 -> 0.0
11,657,1 -> 1.0
11,657,0 -> 0.0
11,658,0 -> 1.0
11,658,1 -> 0.0
11,659,0 -> 1.0
11,659,1 -> 0.0
11,660,1 -> 1.0
11,660,0 -> 0.0
11,661,0 -> 1.0
11,661,1 -> 0.0
11,662,1 -> 1.0
11,662,0 -> 0.0
11,663,1 -> 1.0
11,663,0 -> 0.0
11,664,0 -> 1.0
11,664,1 -> 0.0
11,665,0 -> 1.0
11,665,1 -> 0.0
11,666,0 -> 1.0
11,666,1 -> 0.0
11,667,0 -> 1.0
11,667,1 -> 0.0
11,668,1 -> 1.0
11,668,0 -> 0.0
11,669,0 -> 1.0
11,669,1 -> 0.0
11,670,0 -> 1.0
11,670,1 -> 0.0
11,671,0 -> 1.0
11,671,1 -> 0.0
11,672,1 -> 1.0
11,672,0 -> 0.0
11,673,0 -> 1.0
11,673,1 -> 0.0
11,674,0 -> 1.0
11,674,1 -> 0.0
11,675,1 -> 1.0
11,675,0 -> 0.0
11,676,0 -> 1.0
11,676,1 -> 0.0
11,677,1 -> 1.0
11,677,0 -> 0.0
11,678,1 -> 1.0
11,678,0 -> 0.0
11,679,0 -> 1.0
11,679,1 -> 0.0
11,680,0 -> 1.0
11,680,1 -> 0.0
11,681,0 -> 1.0
11,681,1 -> 0.0
11,682,1 -> 1.0
11,682,0 -> 0.0
11,683,0 -> 1.0
11,683,1 -> 0.0
11,684,0 -> 1.0
11,684,1 -> 0.0
11,685,1 -> 1.0
11,685,0 -> 0.0
11,686,0 -> 1.0
11,686,1 -> 0.0
11,687,1 -> 1.0
11,687,0 -> 0.0
11,688,1 -> 1.0
11,688,0 -> 0.0
11,689,0 -> 1.0
11,689,1 -> 0.0
11,690,0 -> 1.0
11,690,1 -> 0.0
11,691,1 -> 1.0
11,691,0 -> 0.0
11,692,0 -> 1.0
11,692,1 -> 0.0
11,693,1 -> 1.0
11,693,0 -> 0.0
11,694,1 -> 1.0
11,694,0 -> 0.0
11,695,0 -> 1.0
11,695,1 -> 0.0
11,696,1 -> 1.0
11,696,0 -> 0.0
11,697,1 -> 1.0
11,697,0 -> 0.0
11,698,1 -> 1.0
11,698,0 -> 0.0
11,699,0 -> 1.0
11,699,1 -> 0.0
11,700,0 -> 1.0
11,700,1 -> 0.0
11,701,0 -> 1.0
11,701,1 -> 0.0
11,702,1 -> 1.0
11,702,0 -> 0.0
11,703,0 -> 1.0
11,703,1 -> 0.0
11,704,0 -> 1.0
11,704,1 -> 0.0
11,705,1 -> 1.0
11,705,0 -> 0.0
11,706,0 -> 1.0
11,706,1 -> 0.0
11,707,1 -> 1.0
11,707,0 -> 0.0
11,708,1 -> 1.0
11,708,0 -> 0.0
11,709,0 -> 1.0
11,709,1 -> 0.0
11,710,0 -> 1.0
11,710,1 -> 0.0
11,711,1 -> 1.0
11,711,0 -> 0.0
11,712,0 -> 1.0
11,712,1 -> 0.0
11,713,1 -> 1.0
11,713,0 -> 0.0
11,714,1 -> 1.0
11,714,0 -> 0.0
11,715,0 -> 1.0
11,715,1 -> 0.0
11,716,1 -> 1.0
11,716,0 -> 0.0
11,717,1 -> 1.0
11,717,0 -> 0.0
11,718,1 -> 1.0
11,718,0 -> 0.0
11,719,0 -> 1.0
11,719,1 -> 0.0
11,720,0 -> 1.0
11,720,1 -> 0.0
11,721,1 -> 1.0
11,721,0 -> 0.0
11,722,0 -> 1.0
11,722,1 -> 0.0
11,723,1 -> 1.0
11,723,0 -> 0.0
11,724,1 -> 1.0
11,724,0 -> 0.0
11,725,0 -> 1.0
11,725,1 -> 0.0
11,726,1 -> 1.0
11,726,0 -> 0.0
11,727,1 -> 1.0
11,727,0 -> 0.0
11,728,1 -> 1.0
11,728,0 -> 0.0
11,729,0 -> 1.0
11,729,1 -> 0.0
11,730,1 -> 1.0
11,730,0 -> 0.0
11,731,1 -> 1.0
11,731,0 -> 0.0
11,732,1 -> 1.0
11,732,0 -> 0.0
11,733,1 -> 1.0
11,733,0 -> 0.0
11,734,0 -> 1.0
11,734,1 -> 0.0
11,735,0 -> 1.0
11,735,1 -> 0.0
11,736,1 -> 1.0
11,736,0 -> 0.0
11,737,0 -> 1.0
11,737,1 -> 0.0
11,738,1 -> 1.0
11,738,0 -> 0.0
11,739,1 -> 1.0
11,739,0 -> 0.0
11,740,0 -> 1.0
11,740,1 -> 0.0
11,741,1 -> 1.0
11,741,0 -> 0.0
11,742,1 -> 1.0
11,742,0 -> 0.0
11,743,1 -> 1.0
11,743,0 -> 0.0
11,744,0 -> 1.0
11,744,1 -> 0.0
11,745,1 -> 1.0
11,745,0 -> 0.0
11,746,1 -> 1.0
11,746,0 -> 0.0
11,747,1 -> 1.0
11,747,0 -> 0.0
11,748,1 -> 1.0
11,748,0 -> 0.0
11,749,0 -> 1.0
11,749,1 -> 0.0
11,750,1 -> 1.0
11,750,0 -> 0.0
11,751,1 -> 1.0
11,751,0 -> 0.0
11,752,1 -> 1.0
11,752,0 -> 0.0
11,753,1 -> 1.0
11,753,0 -> 0.0
11,754,1 -> 1.0
11,754,0 -> 0.0
11,755,0 -> 1.0
11,755,1 -> 0.0
11,756,1 -> 1.0
11,756,0 -> 0.0
11,757,1 -> 1.0
11,757,0 -> 0.0
11,758,1 -> 1.0
11,758,0 -> 0.0
11,759,1 -> 1.0
11,759,0 -> 0.0
11,760,1 -> 1.0
11,760,0 -> 0.0
11,761,1 -> 1.0
11,761,0 -> 0.0
11,762,0 -> 0.606132
11,762,1 -> 0.393868
11,763,0 -> 0.606132
11,763,1 -> 0.393868
11,764,0 -> 0.606132
11,764,1 -> 0.393868
11,765,0 -> 0.606132
11,765,1 -> 0.393868
11,766,0 -> 0.606132
11,766,1 -> 0.393868
11,767,0 -> 0.606132
11,767,1 -> 0.393868
11,768,0 -> 0.606132
11,768,1 -> 0.393868
11,769,1 -> 0.606132
11,769,0 -> 0.393868
11,770,0 -> 0.606132
11,770,1 -> 0.393868
11,771,0 -> 0.606132
11,771,1 -> 0.393868
11,772,0 -> 0.606132
11,772,1 -> 0.393868
11,773,0 -> 0.606132
11,773,1 -> 0.393868
11,774,0 -> 0.606132
11,774,1 -> 0.393868
11,775,1 -> 0.606132
11,775,0 -> 0.393868
11,776,0 -> 0.606132
11,776,1 -> 0.393868
11,777,0 -> 0.606132
11,777,1 -> 0.393868
11,778,0 -> 0.606132
11,778,1 -> 0.393868
11,779,0 -> 0.606132
11,779,1 -> 0.393868
11,780,1 -> 0.606132
11,780,0 -> 0.393868
11,781,0 -> 0.606132
11,781,1 -> 0.393868
11,782,0 -> 0.606132
11,782,1 -> 0.393868
11,783,0 -> 0.606132
11,783,1 -> 0.393868
11,784,1 -> 0.606132
11,784,0 -> 0.393868
11,785,0 -> 0.606132
11,785,1 -> 0.393868
11,786,0 -> 0.606132
11,786,1 -> 0.393868
11,787,1 -> 0.606132
11,787,0 -> 0.393868
11,788,0 -> 0.606132
11,788,1 -> 0.393868
11,789,1 -> 0.606132
11,789,0 -> 0.393868
11,790,1 -> 0.606132
11,790,0 -> 0.393868
11,791,0 -> 0.606132
11,791,1 -> 0.393868
11,792,0 -> 0.606132
11,792,1 -> 0.393868
11,793,0 -> 0.606132
11,793,1 -> 0.393868
11,794,0 -> 0.606132
11,794,1 -> 0.393868
11,795,1 -> 0.606132
11,795,0 -> 0.393868
11,796,0 -> 0.606132
11,796,1 -> 0.393868
11,797,0 -> 0.606132
11,797,1 -> 0.393868
11,798,0 -> 0.606132
11,798,1 -> 0.393868
11,799,1 -> 0.606132
11,799,0 -> 0.393868
11,800,0 -> 0.606132
11,800,1 -> 0.393868
11,801,0 -> 0.606132
11,801,1 -> 0.393868
11,802,1 -> 0.606132
11,802,0 -> 0.393868
11,803,0 -> 0.606132
11,803,1 -> 0.393868
11,804,1 -> 0.606132
11,804,0 -> 0.393868
11,805,1 -> 0.606132
11,805,0 -> 0.393868
11,806,0 -> 0.606132
11,806,1 -> 0.393868
11,807,0 -> 0.606132
11,807,1 -> 0.393868
11,808,0 -> 0.606132
11,808,1 -> 0.393868
11,809,1 -> 0.606132
11,809,0 -> 0.393868
11,810,0 -> 0.606132
11,810,1 -> 0.393868
11,811,0 -> 0.606132
11,811,1 -> 0.393868
11,812,1 -> 0.606132
11,812,0 -> 0.393868
11,813,0 -> 0.606132
11,813,1 -> 0.393868
11,814,1 -> 0.606132
11,814,0 -> 0.393868
11,815,1 -> 0.606132
11,815,0 -> 0.393868
11,816,0 -> 0.606132
11,816,1 -> 0.393868
11,817,0 -> 0.606132
11,817,1 -> 0.393868
11,818,1 -> 0.606132
11,818,0 -> 0.393868
11,819,0 -> 0.606132
11,819,1 -> 0.393868
11,820,1 -> 0.606132
11,820,0 -> 0.393868
11,821,1 -> 0.606132
11,821,0 -> 0.393868
11,822,0 -> 0.606132
11,822,1 -> 0.393868
11,823,1 -> 0.606132
11,823,0 -> 0.393868
11,824,1 -> 0.606132
11,824,0 -> 0.393868
11,825,1 -> 0.606132
11,825,0 -> 0.393868
11,826,0 -> 0.606132
11,826,1 -> 0.393868
11,827,0 -> 0.606132
11,827,1 -> 0.393868
11,828,0 -> 0.606132
11,828,1 -> 0.393868
11,829,1 -> 0.606132
11,829,0 -> 0.393868
11,830,0 -> 0.606132
11,830,1 -> 0.393868
11,831,0 -> 0.606132
11,831,1 -> 0.393868
11,832,1 -> 0.606132
11,832,0 -> 0.393868
11,833,0 -> 0.606132
11,833,1 -> 0.393868
11,834,1 -> 0.606132
11,834,0 -> 0.393868
11,835,1 -> 0.606132
11,835,0 -> 0.393868
11,836,0 -> 0.606132
11,836,1 -> 0.393868
11,837,0 -> 0.606132
11,837,1 -> 0.393868
11,838,1 -> 0.606132
11,838,0 -> 0.393868
11,839,0 -> 0.606132
11,839,1 -> 0.393868
11,840,1 -> 0.606132
11,840,0 -> 0.393868
11,841,1 -> 0.606132
11,841,0 -> 0.393868
11,842,0 -> 0.606132
11,842,1 -> 0.393868
11,843,1 -> 0.606132
11,843,0 -> 0.393868
11,844,1 -> 0.606132
11,844,0 -> 0.393868
11,845,1 -> 0.606132
11,845,0 -> 0.393868
11,846,0 -> 0.606132
11,846,1 -> 0.393868
11,847,0 -> 0.606132
11,847,1 -> 0.393868
11,848,1 -> 0.606132
11,848,0 -> 0.393868
11,849,0 -> 0.606132
11,849,1 -> 0.393868
11,850,1 -> 0.606132
11,850,0 -> 0.393868
11,851,1 -> 0.606132
11,851,0 -> 0.393868
11,852,0 -> 0.606132
11,852,1 -> 0.393868
11,853,1 -> 0.606132
11,853,0 -> 0.393868
11,854,1 -> 0.606132
11,854,0 -> 0.393868
11,855,1 -> 0.606132
11,855,0 -> 0.393868
11,856,0 -> 0.606132
11,856,1 -> 0.393868
11,857,1 -> 0.606132
11,857,0 -> 0.393868
11,858,1 -> 0.606132
11,858,0 -> 0.393868
11,859,1 -> 0.606132
11,859,0 -> 0.393868
11,860,1 -> 0.606132
11,860,0 -> 0.393868
11,861,0 -> 0.606132
11,861,1 -> 0.393868
11,862,0 -> 0.606132
11,862,1 -> 0.393868
11,863,1 -> 0.606132
11,863,0 -> 0.393868
11,864,0 -> 0.606132
11,864,1 -> 0.393868
11,865,1 -> 0.606132
11,865,0 -> 0.393868
11,866,1 -> 0.606132
11,866,0 -> 0.393868
11,867,0 -> 0.606132
11,867,1 -> 0.393868
11,868,1 -> 0.606132
11,868,0 -> 0.393868
11,869,1 -> 0.606132
11,869,0 -> 0.393868
11,870,1 -> 0.606132
11,870,0 -> 0.393868
11,871,0 -> 0.606132
11,871,1 -> 0.393868
11,872,1 -> 0.606132
11,872,0 -> 0.393868
11,873,1 -> 0.606132
11,873,0 -> 0.393868
11,874,1 -> 0.606132
11,874,0 -> 0.393868
11,875,1 -> 0.606132
11,875,0 -> 0.393868
11,876,0 -> 0.606132
11,876,1 -> 0.393868
11,877,1 -> 0.606132
11,877,0 -> 0.393868
11,878,1 -> 0.606132
11,878,0 -> 0.393868
11,879,1 -> 0.606132
11,879,0 -> 0.393868
11,880,1 -> 0.606132
11,880,0 -> 0.393868
11,881,1 -> 0.606132
11,881,0 -> 0.393868
11,882,0 -> 0.606132
11,882,1 -> 0.393868
11,883,1 -> 0.606132
11,883,0 -> 0.393868
11,884,1 -> 0.606132
11,884,0 -> 0.393868
11,885,1 -> 0.606132
11,885,0 -> 0.393868
11,886,1 -> 0.606132
11,886,0 -> 0.393868
11,887,1 -> 0.606132
11,887,0 -> 0.393868
11,888,1 -> 0.606132
11,888,0 -> 0.393868
11,889,0 -> 0.687607
11,889,1 -> 0.312393
11,890,0 -> 0.687607
11,890,1 -> 0.312393
11,891,0 -> 0.687607
11,891,1 -> 0.312393
11,892,0 -> 0.687607
11,892,1 -> 0.312393
11,893,0 -> 0.687607
11,893,1 -> 0.312393
11,894,0 -> 0.687607
11,894,1 -> 0.312393
11,895,0 -> 0.687607
11,895,1 -> 0.312393
11,896,1 -> 0.687607
11,896,0 -> 0.312393
11,897,0 -> 0.687607
11,897,1 -> 0.312393
11,898,0 -> 0.687607
11,898,1 -> 0.312393
11,899,0 -> 0.687607
11,899,1 -> 0.312393
11,900,0 -> 0.687607
11,900,1 -> 0.312393
11,901,0 -> 0.687607
11,901,1 -> 0.312393
11,902,1 -> 0.687607
11,902,0 -> 0.312393
11,903,0 -> 0.687607
11,903,1 -> 0.312393
11,904,0 -> 0.687607
11,904,1 -> 0.312393
11,905,0 -> 0.687607
11,905,1 -> 0.312393
11,906,0 -> 0.687607
11,906,1 -> 0.312393
11,907,1 -> 0.687607
11,907,0 -> 0.312393
11,908,0 -> 0.687607
11,908,1 -> 0.312393
11,909,0 -> 0.687607
11,909,1 -> 0.312393
11,910,0 -> 0.687607
11,910,1 -> 0.312393
11,911,1 -> 0.687607
11,911,0 -> 0.312393
11,912,0 -> 0.687607
11,912,1 -> 0.312393
11,913,0 -> 0.687607
11,913,1 -> 0.312393
11,914,1 -> 0.687607
11,914,0 -> 0.312393
11,915,0 -> 0.687607
11,915,1 -> 0.312393
11,916,1 -> 0.687607
11,916,0 -> 0.312393
11,917,1 -> 0.687607
11,917,0 -> 0.312393
11,918,0 -> 0.687607
11,918,1 -> 0.312393
11,919,0 -> 0.687607
11,919,1 -> 0.312393
11,920,0 -> 0.687607
11,920,1 -> 0.312393
11,921,0 -> 0.687607
11,921,1 -> 0.312393
11,922,1 -> 0.687607
11,922,0 -> 0.312393
11,923,0 -> 0.687607
11,923,1 -> 0.312393
11,924,0 -> 0.687607
11,924,1 -> 0.312393
11,925,0 -> 0.687607
11,925,1 -> 0.312393
11,926,1 -> 0.687607
11,926,0 -> 0.312393
11,927,0 -> 0.687607
11,927,1 -> 0.312393
11,928,0 -> 0.687607
11,928,1 -> 0.312393
11,929,1 -> 0.687607
11,929,0 -> 0.312393
11,930,0 -> 0.687607
11,930,1 -> 0.312393
11,931,1 -> 0.687607
11,931,0 -> 0.312393
11,932,1 -> 0.687607
11,932,0 -> 0.312393
11,933,0 -> 0.687607
11,933,1 -> 0.312393
11,934,0 -> 0.687607
11,934,1 -> 0.312393
11,935,0 -> 0.687607
11,935,1 -> 0.312393
11,936,1 -> 0.687607
11,936,0 -> 0.312393
11,937,0 -> 0.687607
11,937,1 -> 0.312393
11,938,0 -> 0.687607
11,938,1 -> 0.312393
11,939,1 -> 0.687607
11,939,0 -> 0.312393
11,940,0 -> 0.687607
11,940,1 -> 0.312393
11,941,1 -> 0.687607
11,941,0 -> 0.312393
11,942,1 -> 0.687607
11,942,0 -> 0.312393
11,943,0 -> 0.687607
11,943,1 -> 0.312393
11,944,0 -> 0.687607
11,944,1 -> 0.312393
11,945,1 -> 0.687607
11,945,0 -> 0.312393
11,946,0 -> 0.687607
11,946,1 -> 0.312393
11,947,1 -> 0.687607
11,947,0 -> 0.312393
11,948,1 -> 0.687607
11,948,0 -> 0.312393
11,949,0 -> 0.687607
11,949,1 -> 0.312393
11,950,1 -> 0.687607
11,950,0 -> 0.312393
11,951,1 -> 0.687607
11,951,0 -> 0.312393
11,952,1 -> 0.687607
11,952,0 -> 0.312393
11,953,0 -> 0.687607
11,953,1 -> 0.312393
11,954,0 -> 0.687607
11,954,1 -> 0.312393
11,955,0 -> 0.687607
11,955,1 -> 0.312393
11,956,1 -> 0.687607
11,956,0 -> 0.312393
11,957,0 -> 0.687607
11,957,1 -> 0.312393
11,958,0 -> 0.687607
11,958,1 -> 0.312393
11,959,1 -> 0.687607
11,959,0 -> 0.312393
11,960,0 -> 0.687607
11,960,1 -> 0.312393
11,961,1 -> 0.687607
11,961,0 -> 0.312393
11,962,1 -> 0.687607
11,962,0 -> 0.312393
11,963,0 -> 0.687607
11,963,1 -> 0.312393
11,964,0 -> 0.687607
11,964,1 -> 0.312393
11,965,1 -> 0.687607
11,965,0 -> 0.312393
11,966,0 -> 0.687607
11,966,1 -> 0.312393
11,967,1 -> 0.687607
11,967,0 -> 0.312393
11,968,1 -> 0.687607
11,968,0 -> 0.312393
11,969,0 -> 0.687607
11,969,1 -> 0.312393
11,970,1 -> 0.687607
11,970,0 -> 0.312393
11,971,1 -> 0.687607
11,971,0 -> 0.312393
11,972,1 -> 0.687607
11,972,0 -> 0.312393
11,973,0 -> 0.687607
11,973,1 -> 0.312393
11,974,0 -> 0.687607
11,974,1 -> 0.312393
11,975,1 -> 0.687607
11,975,0 -> 0.312393
11,976,0 -> 0.687607
11,976,1 -> 0.312393
11,977,1 -> 0.687607
11,977,0 -> 0.312393
11,978,1 -> 0.687607
11,978,0 -> 0.312393
11,979,0 -> 0.687607
11,979,1 -> 0.312393
11,980,1 -> 0.687607
11,980,0 -> 0.312393
11,981,1 -> 0.687607
11,981,0 -> 0.312393
11,982,1 -> 0.687607
11,982,0 -> 0.312393
11,983,0 -> 0.687607
11,983,1 -> 0.312393
11,984,1 -> 0.687607
11,984,0 -> 0.312393
11,985,1 -> 0.687607
11,985,0 -> 0.312393
11,986,1 -> 0.687607
11,986,0 -> 0.312393
11,987,1 -> 0.687607
11,987,0 -> 0.312393
11,988,0 -> 0.687607
11,988,1 -> 0.312393
11,989,0 -> 0.687607
11,989,1 -> 0.312393
11,990,1 -> 0.687607
11,990,0 -> 0.312393
11,991,0 -> 0.687607
11,991,1 -> 0.312393
11,992,1 -> 0.687607
11,992,0 -> 0.312393
11,993,1 -> 0.687607
11,993,0 -> 0.312393
11,994,0 -> 0.687607
11,994,1 -> 0.312393
11,995,1 -> 0.687607
11,995,0 -> 0.312393
11,996,1 -> 0.687607
11,996,0 -> 0.312393
11,997,1 -> 0.687607
11,997,0 -> 0.312393
11,998,0 -> 0.687607
11,998,1 -> 0.312393
11,999,1 -> 0.687607
11,999,0 -> 0.312393
11,1000,1 -> 0.687607
11,1000,0 -> 0.312393
11,1001,1 -> 0.687607
11,1001,0 -> 0.312393
11,1002,1 -> 0.687607
11,1002,0 -> 0.312393
11,1003,0 -> 0.687607
11,1003,1 -> 0.312393
11,1004,1 -> 0.687607
11,1004,0 -> 0.312393
11,1005,1 -> 0.687607
11,1005,0 -> 0.312393
11,1006,1 -> 0.687607
11,1006,0 -> 0.312393
11,1007,1 -> 0.687607
11,1007,0 -> 0.312393
11,1008,1 -> 0.687607
11,1008,0 -> 0.312393
11,1009,0 -> 0.687607
11,1009,1 -> 0.312393
11,1010,1 -> 0.687607
11,1010,0 -> 0.312393
11,1011,1 -> 0.687607
11,1011,0 -> 0.312393
11,1012,1 -> 0.687607
11,1012,0 -> 0.312393
11,1013,1 -> 0.687607
11,1013,0 -> 0.312393
11,1014,1 -> 0.687607
11,1014,0 -> 0.312393
11,1015,1 -> 0.687607
11,1015,0 -> 0.312393
11,1016,0 -> 0.75
11,1016,1 -> 0.25
11,1017,0 -> 0.75
11,1017,1 -> 0.25
11,1018,0 -> 0.75
11,1018,1 -> 0.25
11,1019,0 -> 0.75
11,1019,1 -> 0.25
11,1020,0 -> 0.75
11,1020,1 -> 0.25
11,1021,0 -> 0.75
11,1021,1 -> 0.25
11,1022,0 -> 0.75
11,1022,1 -> 0.25
11,1023,1 -> 0.75
11,1023,0 -> 0.25
11,1024,0 -> 0.75
11,1024,1 -> 0.25
11,1025,0 -> 0.75
11,1025,1 -> 0.25
11,1026,0 -> 0.75
11,1026,1 -> 0.25
11,1027,0 -> 0.75
11,1027,1 -> 0.25
11,1028,0 -> 0.75
11,1028,1 -> 0.25
11,1029,1 -> 0.75
11,1029,0 -> 0.25
11,1030,0 -> 0.75
11,1030,1 -> 0.25
11,1031,0 -> 0.75
11,1031,1 -> 0.25
11,1032,0 -> 0.75
11,1032,1 -> 0.25
11,1033,0 -> 0.75
11,1033,1 -> 0.25
11,1034,1 -> 0.75
11,1034,0 -> 0.25
11,1035,0 -> 0.75
11,1035,1 -> 0.25
11,1036,0 -> 0.75
11,1036,1 -> 0.25
11,1037,0 -> 0.75
11,1037,1 -> 0.25
11,1038,1 -> 0.75
11,1038,0 -> 0.25
11,1039,0 -> 0.75
11,1039,1 -> 0.25
11,1040,0 -> 0.75
11,1040,1 -> 0.25
11,1041,1 -> 0.75
11,1041,0 -> 0.25
11,1042,0 -> 0.75
11,1042,1 -> 0.25
11,1043,1 -> 0.75
11,1043,0 -> 0.25
11,1044,1 -> 0.75
11,1044,0 -> 0.25
11,1045,0 -> 0.75
11,1045,1 -> 0.25
11,1046,0 -> 0.75
11,1046,1 -> 0.25
11,1047,0 -> 0.75
11,1047,1 -> 0.25
11,1048,0 -> 0.75
11,1048,1 -> 0.25
11,1049,1 -> 0.75
11,1049,0 -> 0.25
11,1050,0 -> 0.75
11,1050,1 -> 0.25
11,1051,0 -> 0.75
11,1051,1 -> 0.25
11,1052,0 -> 0.75
11,1052,1 -> 0.25
11,1053,1 -> 0.75
11,1053,0 -> 0.25
11,1054,0 -> 0.75
11,1054,1 -> 0.25
11,1055,0 -> 0.75
11,1055,1 -> 0.25
11,1056,1 -> 0.75
11,1056,0 -> 0.25
11,1057,0 -> 0.75
11,1057,1 -> 0.25
11,1058,1 -> 0.75
11,1058,0 -> 0.25
11,1059,1 -> 0.75
11,1059,0 -> 0.25
11,1060,0 -> 0.75
11,1060,1 -> 0.25
11,1061,0 -> 0.75
11,1061,1 -> 0.25
11,1062,0 -> 0.75
11,1062,1 -> 0.25
11,1063,1 -> 0.75
11,1063,0 -> 0.25
11,1064,0 -> 0.75
11,1064,1 -> 0.25
11,1065,0 -> 0.75
11,1065,1 -> 0.25
11,1066,1 -> 0.75
11,1066,0 -> 0.25
11,1067,0 -> 0.75
11,1067,1 -> 0.25
11,1068,1 -> 0.75
11,1068,0 -> 0.25
11,1069,1 -> 0.75
11,1069,0 -> 0.25
11,1070,0 -> 0.75
11,1070,1 -> 0.25
11,1071,0 -> 0.75
11,1071,1 -> 0.25
11,1072,1 -> 0.75
11,1072,0 -> 0.25
11,1073,0 -> 0.75
11,1073,1 -> 0.25
11,1074,1 -> 0.75
11,1074,0 -> 0.25
11,1075,1 -> 0.75
11,1075,0 -> 0.25
11,1076,0 -> 0.75
11,1076,1 -> 0.25
11,1077,1 -> 0.75
11,1077,0 -> 0.25
11,1078,1 -> 0.75
11,1078,0 -> 0.25
11,1079,1 -> 0.75
11,1079,0 -> 0.25
11,1080,0 -> 0.75
11,1080,1 -> 0.25
11,1081,0 -> 0.75
11,1081,1 -> 0.25
11,1082,0 -> 0.75
11,1082,1 -> 0.25
11,1083,1 -> 0.75
11,1083,0 -> 0.25
11,1084,0 -> 0.75
11,1084,1 -> 0.25
11,1085,0 -> 0.75
11,1085,1 -> 0.25
11,1086,1 -> 0.75
11,1086,0 -> 0.25
11,1087,0 -> 0.75
11,1087,1 -> 0.25
11,1088,1 -> 0.75
11,1088,0 -> 0.25
11,1089,1 -> 0.75
11,1089,0 -> 0.25
11,1090,0 -> 0.75
11,1090,1 -> 0.25
11,1091,0 -> 0.75
11,1091,1 -> 0.25
11,1092,1 -> 0.75
11,1092,0 -> 0.25
11,1093,0 -> 0.75
11,1093,1 -> 0.25
11,1094,1 -> 0.75
11,1094,0 -> 0.25
11,1095,1 -> 0.75
11,1095,0 -> 0.25
11,1096,0 -> 0.75
11,1096,1 -> 0.25
11,1097,1 -> 0.75
11,1097,0 -> 0.25
11,1098,1 -> 0.75
11,1098,0 -> 0.25
11,1099,1 -> 0.75
11,1099,0 -> 0.25
11,1100,0 -> 0.75
11,1100,1 -> 0.25
11,1101,0 -> 0.75
11,1101,1 -> 0.25
11,1102,1 -> 0.75
11,1102,0 -> 0.25
11,1103,0 -> 0.75
11,1103,1 -> 0.25
11,1104,1 -> 0.75
11,1104,0 -> 0.25
11,1105,1 -> 0.75
11,1105,0 -> 0.25
11,1106,0 -> 0.75
11,1106,1 -> 0.25
11,1107,1 -> 0.75
11,1107,0 -> 0.25
11,1108,1 -> 0.75
11,1108,0 -> 0.25
11,1109,1 -> 0.75
11,1109,0 -> 0.25
11,1110,0 -> 0.75
11,1110,1 -> 0.25
11,1111,1 -> 0.75
11,1111,0 -> 0.25
11,1112,1 -> 0.75
11,1112,0 -> 0.25
11,1113,1 -> 0.75
11,1113,0 -> 0.25
11,1114,1 -> 0.75
11,1114,0 -> 0.25
11,1115,0 -> 0.75
11,1115,1 -> 0.25
11,1116,0 -> 0.75
11,1116,1 -> 0.25
11,1117,1 -> 0.75
11,1117,0 -> 0.25
11,1118,0 -> 0.75
11,1118,1 -> 0.25
11,1119,1 -> 0.75
11,1119,0 -> 0.25
11,1120,1 -> 0.75
11,1120,0 -> 0.25
11,1121,0 -> 0.75
11,1121,1 -> 0.25
11,1122,1 -> 0.75
11,1122,0 -> 0.25
11,1123,1 -> 0.75
11,1123,0 -> 0.25
11,1124,1 -> 0.75
11,1124,0 -> 0.25
11,1125,0 -> 0.75
11,1125,1 -> 0.25
11,1126,1 -> 0.75
11,1126,0 -> 0.25
11,1127,1 -> 0.75
11,1127,0 -> 0.25
11,1128,1 -> 0.75
11,1128,0 -> 0.25
11,1129,1 -> 0.75
11,1129,0 -> 0.25
11,1130,0 -> 0.75
11,1130,1 -> 0.25
11,1131,1 -> 0.75
11,1131,0 -> 0.25
11,1132,1 -> 0.75
11,1132,0 -> 0.25
11,1133,1 -> 0.75
11,1133,0 -> 0.25
11,1134,1 -> 0.75
11,1134,0 -> 0.25
11,1135,1 -> 0.75
11,1135,0 -> 0.25
11,1136,0 -> 0.75
11,1136,1 -> 0.25
11,1137,1 -> 0.75
11,1137,0 -> 0.25
11,1138,1 -> 0.75
11,1138,0 -> 0.25
11,1139,1 -> 0.75
11,1139,0 -> 0.25
11,1140,1 -> 0.75
11,1140,0 -> 0.25
11,1141,1 -> 0.75
11,1141,0 -> 0.25
11,1142,1 -> 0.75
11,1142,0 -> 0.25
_,1143,2 -> 1

# Reward function (s,a -> r)
127,4 -> -10
128,4 -> -10
129,4 -> -10
130,4 -> -10
131,4 -> -10
132,4 -> 10
133,4 -> -10
134,4 -> -10
135,4 -> -10
136,4 -> -10
137,4 -> -10
138,4 -> 10
139,4 -> -10
140,4 -> -10
141,4 -> -10
142,4 -> -10
143,4 -> 10
144,4 -> -10
145,4 -> -10
146,4 -> -10
147,4 -> 10
148,4 -> -10
149,4 -> -10
150,4 -> 10
151,4 -> -10
152,4 -> -10
153,4 -> 10
154,4 -> 10
155,4 -> -10
156,4 -> -10
157,4 -> -10
158,4 -> 10
159,4 -> -10
160,4 -> -10
161,4 -> -10
162,4 -> 10
163,4 -> -10
164,4 -> -10
165,4 -> 10
166,4 -> -10
167,4 -> -10
168,4 -> 10
169,4 -> 10
170,4 -> -10
171,4 -> -10
172,4 -> 10
173,4 -> -10
174,4 -> -10
175,4 -> 10
176,4 -> -10
177,4 -> -10
178,4 -> 10
179,4 -> 10
180,4 -> -10
181,4 -> 10
182,4 -> -10
183,4 -> -10
184,4 -> 10
185,4 -> 10
186,4 -> -10
187,4 -> 10
188,4 -> 10
189,4 -> -10
190,4 -> 10
191,4 -> -10
192,4 -> 10
193,4 -> -10
194,4 -> -10
195,4 -> 10
196,4 -> -10
197,4 -> -10
198,4 -> 10
199,4 -> 10
200,4 -> -10
201,4 -> 10
202,4 -> -10
203,4 -> -10
204,4 -> 10
205,4 -> 10
206,4 -> -10
207,4 -> 10
208,4 -> 10
209,4 -> -10
210,4 -> 10
211,4 -> 10
212,4 -> -10
213,4 -> -10
214,4 -> 10
215,4 -> 10
216,4 -> -10
217,4 -> 10
218,4 -> 10
219,4 -> -10
220,4 -> 10
221,4 -> 10
222,4 -> 10
223,4 -> -10
224,4 -> 10
225,4 -> 10
226,4 -> 10
227,4 -> -10
228,4 -> -10
229,4 -> 10
230,4 -> 10
231,4 -> -10
232,4 -> 10
233,4 -> 10
234,4 -> -10
235,4 -> 10
236,4 -> 10
237,4 -> 10
238,4 -> -10
239,4 -> 10
240,4 -> 10
241,4 -> 10
242,4 -> 10
243,4 -> -10
244,4 -> 10
245,4 -> 10
246,4 -> 10
247,4 -> 10
248,4 -> 10
249,4 -> -10
250,4 -> 10
251,4 -> 10
252,4 -> 10
253,4 -> 10
254,4 -> -10
255,4 -> -10
256,4 -> -10
257,4 -> 10
258,4 -> -10
259,4 -> -10
260,4 -> -10
261,4 -> -10
262,4 -> -10
263,4 -> 10
264,4 -> -10
265,4 -> -10
266,4 -> -10
267,4 -> -10
268,4 -> 10
269,4 -> -10
270,4 -> -10
271,4 -> -10
272,4 -> -10
273,4 -> 10
274,4 -> 10
275,4 -> 10
276,4 -> 10
277,4 -> -10
278,4 -> -10
279,4 -> -10
280,4 -> -10
281,4 -> -10
282,4 -> -10
283,4 -> 10
284,4 -> -10
285,4 -> -10
286,4 -> -10
287,4 -> -10
288,4 -> 10
289,4 -> 10
290,4 -> 10
291,4 -> 10
292,4 -> -10
293,4 -> -10
294,4 -> -10
295,4 -> -10
296,4 -> -10
297,4 -> -10
298,4 -> 10
299,4 -> 10
300,4 -> 10
301,4 -> 10
302,4 -> -10
303,4 -> -10
304,4 -> -10
305,4 -> -10
306,4 -> -10
307,4 -> -10
308,4 -> 10
309,4 -> 10
310,4 -> 10
311,4 -> 10
312,4 -> 10
313,4 -> 10
314,4 -> -10
315,4 -> -10
316,4 -> -10
317,4 -> -10
318,4 -> 10
319,4 -> 10
320,4 -> 10
321,4 -> 10
322,4 -> -10
323,4 -> -10
324,4 -> -10
325,4 -> -10
326,4 -> -10
327,4 -> -10
328,4 -> 10
329,4 -> 10
330,4 -> 10
331,4 -> 10
332,4 -> 10
333,4 -> 10
334,4 -> -10
335,4 -> -10
336,4 -> -10
337,4 -> -10
338,4 -> 10
339,4 -> 10
340,4 -> 10
341,4 -> 10
342,4 -> 10
343,4 -> 10
344,4 -> -10
345,4 -> -10
346,4 -> -10
347,4 -> -10
348,4 -> 10
349,4 -> 10
350,4 -> 10
351,4 -> 10
352,4 -> -10
353,4 -> 10
354,4 -> 10
355,4 -> 10
356,4 -> 10
357,4 -> 10
358,4 -> 10
359,4 -> -10
360,4 -> -10
361,4 -> -10
362,4 -> -10
363,4 -> 10
364,4 -> 10
365,4 -> 10
366,4 -> 10
367,4 -> -10
368,4 -> 10
369,4 -> 10
370,4 -> 10
371,4 -> 10
372,4 -> -10
373,4 -> 10
374,4 -> 10
375,4 -> 10
376,4 -> 10
377,4 -> 10
378,4 -> -10
379,4 -> 10
380,4 -> 10
254,2 -> 10
255,2 -> 10
256,2 -> 10
257,2 -> 10
258,2 -> 10
259,2 -> 10
260,2 -> 10
261,2 -> 10
262,2 -> 10
263,2 -> 10
264,2 -> 10
265,2 -> 10
266,2 -> 10
267,2 -> 10
268,2 -> 10
269,2 -> 10
270,2 -> 10
271,2 -> 10
272,2 -> 10
273,2 -> 10
274,2 -> 10
275,2 -> 10
276,2 -> 10
277,2 -> 10
278,2 -> 10
279,2 -> 10
280,2 -> 10
281,2 -> 10
282,2 -> 10
283,2 -> 10
284,2 -> 10
285,2 -> 10
286,2 -> 10
287,2 -> 10
288,2 -> 10
289,2 -> 10
290,2 -> 10
291,2 -> 10
292,2 -> 10
293,2 -> 10
294,2 -> 10
295,2 -> 10
296,2 -> 10
297,2 -> 10
298,2 -> 10
299,2 -> 10
300,2 -> 10
301,2 -> 10
302,2 -> 10
303,2 -> 10
304,2 -> 10
305,2 -> 10
306,2 -> 10
307,2 -> 10
308,2 -> 10
309,2 -> 10
310,2 -> 10
311,2 -> 10
312,2 -> 10
313,2 -> 10
314,2 -> 10
315,2 -> 10
316,2 -> 10
317,2 -> 10
318,2 -> 10
319,2 -> 10
320,2 -> 10
321,2 -> 10
322,2 -> 10
323,2 -> 10
324,2 -> 10
325,2 -> 10
326,2 -> 10
327,2 -> 10
328,2 -> 10
329,2 -> 10
330,2 -> 10
331,2 -> 10
332,2 -> 10
333,2 -> 10
334,2 -> 10
335,2 -> 10
336,2 -> 10
337,2 -> 10
338,2 -> 10
339,2 -> 10
340,2 -> 10
341,2 -> 10
342,2 -> 10
343,2 -> 10
344,2 -> 10
345,2 -> 10
346,2 -> 10
347,2 -> 10
348,2 -> 10
349,2 -> 10
350,2 -> 10
351,2 -> 10
352,2 -> 10
353,2 -> 10
354,2 -> 10
355,2 -> 10
356,2 -> 10
357,2 -> 10
358,2 -> 10
359,2 -> 10
360,2 -> 10
361,2 -> 10
362,2 -> 10
363,2 -> 10
364,2 -> 10
365,2 -> 10
366,2 -> 10
367,2 -> 10
368,2 -> 10
369,2 -> 10
370,2 -> 10
371,2 -> 10
372,2 -> 10
373,2 -> 10
374,2 -> 10
375,2 -> 10
376,2 -> 10
377,2 -> 10
378,2 -> 10
379,2 -> 10
380,2 -> 10
381,4 -> -10
382,4 -> -10
383,4 -> -10
384,4 -> -10
385,4 -> 10
386,4 -> -10
387,4 -> -10
388,4 -> -10
389,4 -> -10
390,4 -> -10
391,4 -> 10
392,4 -> -10
393,4 -> -10
394,4 -> -10
395,4 -> -10
396,4 -> 10
397,4 -> -10
398,4 -> -10
399,4 -> -10
400,4 -> 10
401,4 -> -10
402,4 -> -10
403,4 -> -10
404,4 -> 10
405,4 -> 10
406,4 -> 10
407,4 -> -10
408,4 -> -10
409,4 -> -10
410,4 -> -10
411,4 -> 10
412,4 -> -10
413,4 -> -10
414,4 -> -10
415,4 -> 10
416,4 -> -10
417,4 -> -10
418,4 -> -10
419,4 -> 10
420,4 -> 10
421,4 -> 10
422,4 -> -10
423,4 -> -10
424,4 -> -10
425,4 -> 10
426,4 -> -10
427,4 -> -10
428,4 -> -10
429,4 -> 10
430,4 -> 10
431,4 -> 10
432,4 -> -10
433,4 -> -10
434,4 -> -10
435,4 -> 10
436,4 -> 10
437,4 -> 10
438,4 -> -10
439,4 -> -10
440,4 -> -10
441,4 -> 10
442,4 -> 10
443,4 -> 10
444,4 -> -10
445,4 -> 10
446,4 -> -10
447,4 -> -10
448,4 -> -10
449,4 -> 10
450,4 -> 10
451,4 -> 10
452,4 -> -10
453,4 -> -10
454,4 -> -10
455,4 -> 10
456,4 -> 10
457,4 -> 10
458,4 -> -10
459,4 -> -10
460,4 -> -10
461,4 -> 10
462,4 -> 10
463,4 -> 10
464,4 -> -10
465,4 -> 10
466,4 -> 10
467,4 -> 10
468,4 -> -10
469,4 -> -10
470,4 -> -10
471,4 -> 10
472,4 -> 10
473,4 -> 10
474,4 -> -10
475,4 -> 10
476,4 -> 10
477,4 -> 10
478,4 -> -10
479,4 -> 10
480,4 -> 10
481,4 -> 10
482,4 -> 10
483,4 -> -10
484,4 -> -10
485,4 -> -10
486,4 -> 10
487,4 -> 10
488,4 -> 10
489,4 -> -10
490,4 -> 10
491,4 -> 10
492,4 -> 10
493,4 -> -10
494,4 -> 10
495,4 -> 10
496,4 -> 10
497,4 -> 10
498,4 -> -10
499,4 -> 10
500,4 -> 10
501,4 -> 10
502,4 -> 10
503,4 -> 10
504,4 -> -10
505,4 -> 10
506,4 -> 10
507,4 -> 10
508,4 -> -10
509,4 -> 10
510,4 -> -10
511,4 -> -10
512,4 -> -10
513,4 -> -10
514,4 -> -10
515,4 -> -10
516,4 -> 10
517,4 -> 10
518,4 -> 10
519,4 -> 10
520,4 -> 10
521,4 -> 10
522,4 -> -10
523,4 -> -10
524,4 -> -10
525,4 -> -10
526,4 -> -10
527,4 -> -10
528,4 -> -10
529,4 -> -10
530,4 -> -10
531,4 -> -10
532,4 -> -10
533,4 -> -10
534,4 -> -10
535,4 -> -10
536,4 -> -10
537,4 -> 10
538,4 -> 10
539,4 -> 10
540,4 -> 10
541,4 -> 10
542,4 -> 10
543,4 -> 10
544,4 -> 10
545,4 -> 10
546,4 -> 10
547,4 -> 10
548,4 -> 10
549,4 -> 10
550,4 -> 10
551,4 -> 10
552,4 -> -10
553,4 -> -10
554,4 -> -10
555,4 -> -10
556,4 -> -10
557,4 -> -10
558,4 -> -10
559,4 -> -10
560,4 -> -10
561,4 -> -10
562,4 -> -10
563,4 -> -10
564,4 -> -10
565,4 -> -10
566,4 -> -10
567,4 -> -10
568,4 -> -10
569,4 -> -10
570,4 -> -10
571,4 -> -10
572,4 -> 10
573,4 -> 10
574,4 -> 10
575,4 -> 10
576,4 -> 10
577,4 -> 10
578,4 -> 10
579,4 -> 10
580,4 -> 10
581,4 -> 10
582,4 -> 10
583,4 -> 10
584,4 -> 10
585,4 -> 10
586,4 -> 10
587,4 -> 10
588,4 -> 10
589,4 -> 10
590,4 -> 10
591,4 -> 10
592,4 -> -10
593,4 -> -10
594,4 -> -10
595,4 -> -10
596,4 -> -10
597,4 -> -10
598,4 -> -10
599,4 -> -10
600,4 -> -10
601,4 -> -10
602,4 -> -10
603,4 -> -10
604,4 -> -10
605,4 -> -10
606,4 -> -10
607,4 -> 10
608,4 -> 10
609,4 -> 10
610,4 -> 10
611,4 -> 10
612,4 -> 10
613,4 -> 10
614,4 -> 10
615,4 -> 10
616,4 -> 10
617,4 -> 10
618,4 -> 10
619,4 -> 10
620,4 -> 10
621,4 -> 10
622,4 -> -10
623,4 -> -10
624,4 -> -10
625,4 -> -10
626,4 -> -10
627,4 -> -10
628,4 -> 10
629,4 -> 10
630,4 -> 10
631,4 -> 10
632,4 -> 10
633,4 -> 10
634,4 -> -10
635,4 -> -10
636,4 -> -10
637,4 -> -10
638,4 -> -10
639,4 -> -10
640,4 -> -10
641,4 -> -10
642,4 -> 10
643,4 -> -10
644,4 -> -10
645,4 -> -10
646,4 -> -10
647,4 -> -10
648,4 -> 10
649,4 -> -10
650,4 -> -10
651,4 -> -10
652,4 -> -10
653,4 -> 10
654,4 -> -10
655,4 -> -10
656,4 -> -10
657,4 -> 10
658,4 -> -10
659,4 -> -10
660,4 -> 10
661,4 -> -10
662,4 -> 10
663,4 -> 10
664,4 -> -10
665,4 -> -10
666,4 -> -10
667,4 -> -10
668,4 -> 10
669,4 -> -10
670,4 -> -10
671,4 -> -10
672,4 -> 10
673,4 -> -10
674,4 -> -10
675,4 -> 10
676,4 -> -10
677,4 -> 10
678,4 -> 10
679,4 -> -10
680,4 -> -10
681,4 -> -10
682,4 -> 10
683,4 -> -10
684,4 -> -10
685,4 -> 10
686,4 -> -10
687,4 -> 10
688,4 -> 10
689,4 -> -10
690,4 -> -10
691,4 -> 10
692,4 -> -10
693,4 -> 10
694,4 -> 10
695,4 -> -10
696,4 -> 10
697,4 -> 10
698,4 -> 10
699,4 -> -10
700,4 -> -10
701,4 -> -10
702,4 -> 10
703,4 -> -10
704,4 -> -10
705,4 -> 10
706,4 -> -10
707,4 -> 10
708,4 -> 10
709,4 -> -10
710,4 -> -10
711,4 -> 10
712,4 -> -10
713,4 -> 10
714,4 -> 10
715,4 -> -10
716,4 -> 10
717,4 -> 10
718,4 -> 10
719,4 -> -10
720,4 -> -10
721,4 -> 10
722,4 -> -10
723,4 -> 10
724,4 -> 10
725,4 -> -10
726,4 -> 10
727,4 -> 10
728,4 -> 10
729,4 -> -10
730,4 -> 10
731,4 -> 10
732,4 -> 10
733,4 -> 10
734,4 -> -10
735,4 -> -10
736,4 -> 10
737,4 -> -10
738,4 -> 10
739,4 -> 10
740,4 -> -10
741,4 -> 10
742,4 -> 10
743,4 -> 10
744,4 -> -10
745,4 -> 10
746,4 -> 10
747,4 -> 10
748,4 -> 10
749,4 -> -10
750,4 -> 10
751,4 -> 10
752,4 -> 10
753,4 -> 10
754,4 -> 10
755,4 -> -10
756,4 -> 10
757,4 -> 10
758,4 -> 10
759,4 -> 10
760,4 -> 10
761,4 -> 10
635,2 -> 10
636,2 -> 10
637,2 -> 10
638,2 -> 10
639,2 -> 10
640,2 -> 10
641,2 -> 10
642,2 -> 10
643,2 -> 10
644,2 -> 10
645,2 -> 10
646,2 -> 10
647,2 -> 10
648,2 -> 10
649,2 -> 10
650,2 -> 10
651,2 -> 10
652,2 -> 10
653,2 -> 10
654,2 -> 10
655,2 -> 10
656,2 -> 10
657,2 -> 10
658,2 -> 10
659,2 -> 10
660,2 -> 10
661,2 -> 10
662,2 -> 10
663,2 -> 10
664,2 -> 10
665,2 -> 10
666,2 -> 10
667,2 -> 10
668,2 -> 10
669,2 -> 10
670,2 -> 10
671,2 -> 10
672,2 -> 10
673,2 -> 10
674,2 -> 10
675,2 -> 10
676,2 -> 10
677,2 -> 10
678,2 -> 10
679,2 -> 10
680,2 -> 10
681,2 -> 10
682,2 -> 10
683,2 -> 10
684,2 -> 10
685,2 -> 10
686,2 -> 10
687,2 -> 10
688,2 -> 10
689,2 -> 10
690,2 -> 10
691,2 -> 10
692,2 -> 10
693,2 -> 10
694,2 -> 10
695,2 -> 10
696,2 -> 10
697,2 -> 10
698,2 -> 10
699,2 -> 10
700,2 -> 10
701,2 -> 10
702,2 -> 10
703,2 -> 10
704,2 -> 10
705,2 -> 10
706,2 -> 10
707,2 -> 10
708,2 -> 10
709,2 -> 10
710,2 -> 10
711,2 -> 10
712,2 -> 10
713,2 -> 10
714,2 -> 10
715,2 -> 10
716,2 -> 10
717,2 -> 10
718,2 -> 10
719,2 -> 10
720,2 -> 10
721,2 -> 10
722,2 -> 10
723,2 -> 10
724,2 -> 10
725,2 -> 10
726,2 -> 10
727,2 -> 10
728,2 -> 10
729,2 -> 10
730,2 -> 10
731,2 -> 10
732,2 -> 10
733,2 -> 10
734,2 -> 10
735,2 -> 10
736,2 -> 10
737,2 -> 10
738,2 -> 10
739,2 -> 10
740,2 -> 10
741,2 -> 10
742,2 -> 10
743,2 -> 10
744,2 -> 10
745,2 -> 10
746,2 -> 10
747,2 -> 10
748,2 -> 10
749,2 -> 10
750,2 -> 10
751,2 -> 10
752,2 -> 10
753,2 -> 10
754,2 -> 10
755,2 -> 10
756,2 -> 10
757,2 -> 10
758,2 -> 10
759,2 -> 10
760,2 -> 10
761,2 -> 10
889,4 -> -10
890,4 -> -10
891,4 -> -10
892,4 -> -10
893,4 -> -10
894,4 -> -10
895,4 -> 10
896,4 -> -10
897,4 -> -10
898,4 -> -10
899,4 -> -10
900,4 -> -10
901,4 -> 10
902,4 -> -10
903,4 -> -10
904,4 -> -10
905,4 -> -10
906,4 -> 10
907,4 -> -10
908,4 -> -10
909,4 -> -10
910,4 -> 10
911,4 -> -10
912,4 -> -10
913,4 -> 10
914,4 -> -10
915,4 -> 10
916,4 -> -10
917,4 -> 10
918,4 -> -10
919,4 -> -10
920,4 -> -10
921,4 -> 10
922,4 -> -10
923,4 -> -10
924,4 -> -10
925,4 -> 10
926,4 -> -10
927,4 -> -10
928,4 -> 10
929,4 -> -10
930,4 -> 10
931,4 -> -10
932,4 -> 10
933,4 -> -10
934,4 -> -10
935,4 -> 10
936,4 -> -10
937,4 -> -10
938,4 -> 10
939,4 -> -10
940,4 -> 10
941,4 -> -10
942,4 -> 10
943,4 -> -10
944,4 -> 10
945,4 -> -10
946,4 -> 10
947,4 -> -10
948,4 -> 10
949,4 -> 10
950,4 -> -10
951,4 -> 10
952,4 -> 10
953,4 -> -10
954,4 -> -10
955,4 -> 10
956,4 -> -10
957,4 -> -10
958,4 -> 10
959,4 -> -10
960,4 -> 10
961,4 -> -10
962,4 -> 10
963,4 -> -10
964,4 -> 10
965,4 -> -10
966,4 -> 10
967,4 -> -10
968,4 -> 10
969,4 -> 10
970,4 -> -10
971,4 -> 10
972,4 -> 10
973,4 -> -10
974,4 -> 10
975,4 -> -10
976,4 -> 10
977,4 -> -10
978,4 -> 10
979,4 -> 10
980,4 -> -10
981,4 -> 10
982,4 -> 10
983,4 -> 10
984,4 -> -10
985,4 -> 10
986,4 -> 10
987,4 -> 10
988,4 -> -10
989,4 -> 10
990,4 -> -10
991,4 -> 10
992,4 -> -10
993,4 -> 10
994,4 -> 10
995,4 -> -10
996,4 -> 10
997,4 -> 10
998,4 -> 10
999,4 -> -10
1000,4 -> 10
1001,4 -> 10
1002,4 -> 10
1003,4 -> 10
1004,4 -> -10
1005,4 -> 10
1006,4 -> 10
1007,4 -> 10
1008,4 -> 10
1009,4 -> 10
1010,4 -> -10
1011,4 -> 10
1012,4 -> 10
1013,4 -> 10
1014,4 -> 10
1015,4 -> 10
1016,4 -> -10
1017,4 -> -10
1018,4 -> 10
1019,4 -> -10
1020,4 -> -10
1021,4 -> -10
1022,4 -> -10
1023,4 -> -10
1024,4 -> 10
1025,4 -> -10
1026,4 -> -10
1027,4 -> -10
1028,4 -> -10
1029,4 -> -10
1030,4 -> 10
1031,4 -> 10
1032,4 -> 10
1033,4 -> 10
1034,4 -> 10
1035,4 -> -10
1036,4 -> -10
1037,4 -> -10
1038,4 -> -10
1039,4 -> -10
1040,4 -> -10
1041,4 -> -10
1042,4 -> -10
1043,4 -> -10
1044,4 -> -10
1045,4 -> 10
1046,4 -> 10
1047,4 -> 10
1048,4 -> 10
1049,4 -> 10
1050,4 -> -10
1051,4 -> -10
1052,4 -> -10
1053,4 -> -10
1054,4 -> -10
1055,4 -> -10
1056,4 -> -10
1057,4 -> -10
1058,4 -> -10
1059,4 -> -10
1060,4 -> 10
1061,4 -> 10
1062,4 -> 10
1063,4 -> 10
1064,4 -> 10
1065,4 -> 10
1066,4 -> 10
1067,4 -> 10
1068,4 -> 10
1069,4 -> 10
1070,4 -> -10
1071,4 -> -10
1072,4 -> -10
1073,4 -> -10
1074,4 -> -10
1075,4 -> -10
1076,4 -> -10
1077,4 -> -10
1078,4 -> -10
1079,4 -> -10
1080,4 -> 10
1081,4 -> 10
1082,4 -> 10
1083,4 -> 10
1084,4 -> 10
1085,4 -> 10
1086,4 -> 10
1087,4 -> 10
1088,4 -> 10
1089,4 -> 10
1090,4 -> -10
1091,4 -> -10
1092,4 -> -10
1093,4 -> -10
1094,4 -> -10
1095,4 -> -10
1096,4 -> -10
1097,4 -> -10
1098,4 -> -10
1099,4 -> -10
1100,4 -> 10
1101,4 -> 10
1102,4 -> 10
1103,4 -> 10
1104,4 -> 10
1105,4 -> 10
1106,4 -> 10
1107,4 -> 10
1108,4 -> 10
1109,4 -> 10
1110,4 -> -10
1111,4 -> -10
1112,4 -> -10
1113,4 -> -10
1114,4 -> -10
1115,4 -> 10
1116,4 -> 10
1117,4 -> 10
1118,4 -> 10
1119,4 -> 10
1120,4 -> 10
1121,4 -> 10
1122,4 -> 10
1123,4 -> 10
1124,4 -> 10
1125,4 -> -10
1126,4 -> -10
1127,4 -> -10
1128,4 -> -10
1129,4 -> -10
1130,4 -> 10
1131,4 -> 10
1132,4 -> 10
1133,4 -> 10
1134,4 -> 10
1135,4 -> -10
1136,4 -> 10
1137,4 -> 10
1138,4 -> 10
1139,4 -> 10
1140,4 -> 10
1141,4 -> -10
1142,4 -> 10
1016,2 -> 10
1017,2 -> 10
1018,2 -> 10
1019,2 -> 10
1020,2 -> 10
1021,2 -> 10
1022,2 -> 10
1023,2 -> 10
1024,2 -> 10
1025,2 -> 10
1026,2 -> 10
1027,2 -> 10
1028,2 -> 10
1029,2 -> 10
1030,2 -> 10
1031,2 -> 10
1032,2 -> 10
1033,2 -> 10
1034,2 -> 10
1035,2 -> 10
1036,2 -> 10
1037,2 -> 10
1038,2 -> 10
1039,2 -> 10
1040,2 -> 10
1041,2 -> 10
1042,2 -> 10
1043,2 -> 10
1044,2 -> 10
1045,2 -> 10
1046,2 -> 10
1047,2 -> 10
1048,2 -> 10
1049,2 -> 10
1050,2 -> 10
1051,2 -> 10
1052,2 -> 10
1053,2 -> 10
1054,2 -> 10
1055,2 -> 10
1056,2 -> 10
1057,2 -> 10
1058,2 -> 10
1059,2 -> 10
1060,2 -> 10
1061,2 -> 10
1062,2 -> 10
1063,2 -> 10
1064,2 -> 10
1065,2 -> 10
1066,2 -> 10
1067,2 -> 10
1068,2 -> 10
1069,2 -> 10
1070,2 -> 10
1071,2 -> 10
1072,2 -> 10
1073,2 -> 10
1074,2 -> 10
1075,2 -> 10
1076,2 -> 10
1077,2 -> 10
1078,2 -> 10
1079,2 -> 10
1080,2 -> 10
1081,2 -> 10
1082,2 -> 10
1083,2 -> 10
1084,2 -> 10
1085,2 -> 10
1086,2 -> 10
1087,2 -> 10
1088,2 -> 10
1089,2 -> 10
1090,2 -> 10
1091,2 -> 10
1092,2 -> 10
1093,2 -> 10
1094,2 -> 10
1095,2 -> 10
1096,2 -> 10
1097,2 -> 10
1098,2 -> 10
1099,2 -> 10
1100,2 -> 10
1101,2 -> 10
1102,2 -> 10
1103,2 -> 10
1104,2 -> 10
1105,2 -> 10
1106,2 -> 10
1107,2 -> 10
1108,2 -> 10
1109,2 -> 10
1110,2 -> 10
1111,2 -> 10
1112,2 -> 10
1113,2 -> 10
1114,2 -> 10
1115,2 -> 10
1116,2 -> 10
1117,2 -> 10
1118,2 -> 10
1119,2 -> 10
1120,2 -> 10
1121,2 -> 10
1122,2 -> 10
1123,2 -> 10
1124,2 -> 10
1125,2 -> 10
1126,2 -> 10
1127,2 -> 10
1128,2 -> 10
1129,2 -> 10
1130,2 -> 10
1131,2 -> 10
1132,2 -> 10
1133,2 -> 10
1134,2 -> 10
1135,2 -> 10
1136,2 -> 10
1137,2 -> 10
1138,2 -> 10
1139,2 -> 10
1140,2 -> 10
1141,2 -> 10
1142,2 -> 10

# Initial tuples (n,s)
0,120
0,121
0,122
0,123
0,124
0,125
0,126