hardware_spec,op,target,control,success,num_errors
fake_algiers,Op.X,0,-1,0.9996000599880016,5
fake_algiers,Op.X,1,-1,0.0,10
fake_algiers,Op.X,2,-1,0.0,6
fake_algiers,Op.X,3,-1,0.99951113,3
fake_algiers,Op.X,4,-1,0.0,10
fake_algiers,Op.X,5,-1,0.0,10
fake_algiers,Op.X,6,-1,0.0,10
fake_algiers,Op.X,7,-1,0.0,6
fake_algiers,Op.X,8,-1,0.0,6
fake_algiers,Op.X,9,-1,0.9995831799874955,5
fake_algiers,Op.X,10,-1,0.9819246505422604,6
fake_algiers,Op.X,11,-1,0.9990967500090326,3
fake_algiers,Op.X,12,-1,0.999118169823634,5
fake_algiers,Op.X,13,-1,0.0,10
fake_algiers,Op.X,14,-1,0.0,3
fake_algiers,Op.X,15,-1,0.0,10
fake_algiers,Op.X,16,-1,0.998326489983265,3
fake_algiers,Op.X,17,-1,0.99958602,3
fake_algiers,Op.X,18,-1,0.9984142791754252,5
fake_algiers,Op.X,19,-1,0.9994753399790136,5
fake_algiers,Op.X,20,-1,0.9990824298256619,5
fake_algiers,Op.X,21,-1,0.9989591298438695,5
fake_algiers,Op.X,22,-1,0.0,10
fake_algiers,Op.X,23,-1,0.99944065,3
fake_algiers,Op.X,24,-1,0.99962459,3
fake_algiers,Op.X,25,-1,0.9995720499914409,5
fake_algiers,Op.X,26,-1,0.9985222292611148,5
fake_algiers,Op.RESET,0,-1,0.9909036,3
fake_algiers,Op.RESET,1,-1,0.0,3
fake_algiers,Op.RESET,2,-1,0.0,2
fake_algiers,Op.RESET,3,-1,0.9846008401539916,3
fake_algiers,Op.RESET,4,-1,0.0,3
fake_algiers,Op.RESET,5,-1,0.0,3
fake_algiers,Op.RESET,6,-1,0.0,3
fake_algiers,Op.RESET,7,-1,0.0,2
fake_algiers,Op.RESET,8,-1,0.0,2
fake_algiers,Op.RESET,9,-1,0.99270995,3
fake_algiers,Op.RESET,10,-1,0.6708115267081153,3
fake_algiers,Op.RESET,11,-1,0.97628606,3
fake_algiers,Op.RESET,12,-1,0.98497249,3
fake_algiers,Op.RESET,13,-1,0.0,3
fake_algiers,Op.RESET,14,-1,0.0,3
fake_algiers,Op.RESET,15,-1,0.0,3
fake_algiers,Op.RESET,16,-1,0.9381214306187857,3
fake_algiers,Op.RESET,17,-1,0.98693251,3
fake_algiers,Op.RESET,18,-1,0.98446136,3
fake_algiers,Op.RESET,19,-1,0.9857339801426602,3
fake_algiers,Op.RESET,20,-1,0.9894521401054787,3
fake_algiers,Op.RESET,21,-1,0.99462512,3
fake_algiers,Op.RESET,22,-1,0.0,3
fake_algiers,Op.RESET,23,-1,0.9826021501739783,3
fake_algiers,Op.RESET,24,-1,0.98814331,3
fake_algiers,Op.RESET,25,-1,0.98813086,3
fake_algiers,Op.RESET,26,-1,0.98329028,3
fake_algiers,Op.SX,0,-1,0.9996000599880016,5
fake_algiers,Op.SX,1,-1,0.0,10
fake_algiers,Op.SX,2,-1,0.0,6
fake_algiers,Op.SX,3,-1,0.99951113,3
fake_algiers,Op.SX,4,-1,0.0,10
fake_algiers,Op.SX,5,-1,0.0,10
fake_algiers,Op.SX,6,-1,0.0,10
fake_algiers,Op.SX,7,-1,0.0,6
fake_algiers,Op.SX,8,-1,0.0,6
fake_algiers,Op.SX,9,-1,0.9995831799874955,5
fake_algiers,Op.SX,10,-1,0.9819246505422604,6
fake_algiers,Op.SX,11,-1,0.9990967500090326,3
fake_algiers,Op.SX,12,-1,0.999118169823634,5
fake_algiers,Op.SX,13,-1,0.0,10
fake_algiers,Op.SX,14,-1,0.0,3
fake_algiers,Op.SX,15,-1,0.0,10
fake_algiers,Op.SX,16,-1,0.998326489983265,3
fake_algiers,Op.SX,17,-1,0.99958602,3
fake_algiers,Op.SX,18,-1,0.9984142791754252,5
fake_algiers,Op.SX,19,-1,0.9994753399790136,5
fake_algiers,Op.SX,20,-1,0.9990824298256619,5
fake_algiers,Op.SX,21,-1,0.9989591298438695,5
fake_algiers,Op.SX,22,-1,0.0,10
fake_algiers,Op.SX,23,-1,0.99944065,3
fake_algiers,Op.SX,24,-1,0.99962459,3
fake_algiers,Op.SX,25,-1,0.9995720499914409,5
fake_algiers,Op.SX,26,-1,0.9985222292611148,5
fake_algiers,Op.CNOT,1,0,0.0,60
fake_algiers,Op.CNOT,0,1,0.0,60
fake_algiers,Op.CNOT,2,1,0.0,60
fake_algiers,Op.CNOT,4,1,0.0,100
fake_algiers,Op.CNOT,1,2,0.0,60
fake_algiers,Op.CNOT,3,2,0.0,36
fake_algiers,Op.CNOT,2,3,0.0,36
fake_algiers,Op.CNOT,5,3,0.0,60
fake_algiers,Op.CNOT,1,4,0.0,100
fake_algiers,Op.CNOT,7,4,0.0,60
fake_algiers,Op.CNOT,3,5,0.0,60
fake_algiers,Op.CNOT,8,5,0.0,60
fake_algiers,Op.CNOT,7,6,0.0,60
fake_algiers,Op.CNOT,4,7,0.0,60
fake_algiers,Op.CNOT,6,7,0.0,60
fake_algiers,Op.CNOT,10,7,0.0,6
fake_algiers,Op.CNOT,5,8,0.0,60
fake_algiers,Op.CNOT,9,8,0.0,36
fake_algiers,Op.CNOT,11,8,0.0,6
fake_algiers,Op.CNOT,8,9,0.0,36
fake_algiers,Op.CNOT,7,10,0.0,6
fake_algiers,Op.CNOT,12,10,0.8779215612207845,9
fake_algiers,Op.CNOT,8,11,0.0,6
fake_algiers,Op.CNOT,14,11,0.0,9
fake_algiers,Op.CNOT,10,12,0.9051118790511189,9
fake_algiers,Op.CNOT,13,12,0.0,60
fake_algiers,Op.CNOT,15,12,0.0,60
fake_algiers,Op.CNOT,12,13,0.0,60
fake_algiers,Op.CNOT,14,13,0.0,100
fake_algiers,Op.CNOT,11,14,0.0,9
fake_algiers,Op.CNOT,13,14,0.0,100
fake_algiers,Op.CNOT,16,14,0.0,9
fake_algiers,Op.CNOT,12,15,0.0,60
fake_algiers,Op.CNOT,18,15,0.0,60
fake_algiers,Op.CNOT,14,16,0.0,9
fake_algiers,Op.CNOT,19,16,0.9498642305013576,9
fake_algiers,Op.CNOT,18,17,0.9739887404915556,33
fake_algiers,Op.CNOT,15,18,0.0,60
fake_algiers,Op.CNOT,17,18,0.9741138660214884,33
fake_algiers,Op.CNOT,21,18,0.952033091000702,33
fake_algiers,Op.CNOT,16,19,0.9517981304820187,9
fake_algiers,Op.CNOT,20,19,0.9885899374897875,33
fake_algiers,Op.CNOT,22,19,0.0,60
fake_algiers,Op.CNOT,19,20,0.9884510000000001,33
fake_algiers,Op.CNOT,18,21,0.9521374483084452,33
fake_algiers,Op.CNOT,23,21,0.986627797593005,33
fake_algiers,Op.CNOT,19,22,0.0,60
fake_algiers,Op.CNOT,25,22,0.0,60
fake_algiers,Op.CNOT,21,23,0.9864942275689599,33
fake_algiers,Op.CNOT,24,23,0.991249670350013,21
fake_algiers,Op.CNOT,23,24,0.9903262500967374,9
fake_algiers,Op.CNOT,25,24,0.9919216400807837,9
fake_algiers,Op.CNOT,22,25,0.0,60
fake_algiers,Op.CNOT,24,25,0.99117723,9
fake_algiers,Op.CNOT,26,25,0.9602328841513746,33
fake_algiers,Op.CNOT,25,26,0.9601035808756133,33
fake_algiers,Op.MEAS,0,-1,1.9848,2
fake_algiers,Op.MEAS,1,-1,1.9896,2
fake_algiers,Op.MEAS,2,-1,1.9826,2
fake_algiers,Op.MEAS,3,-1,1.9782,2
fake_algiers,Op.MEAS,4,-1,1.9904,2
fake_algiers,Op.MEAS,5,-1,1.9846,2
fake_algiers,Op.MEAS,6,-1,1.9814,2
fake_algiers,Op.MEAS,7,-1,1.981,2
fake_algiers,Op.MEAS,8,-1,1.9854,2
fake_algiers,Op.MEAS,9,-1,1.9842,2
fake_algiers,Op.MEAS,10,-1,1.9262,2
fake_algiers,Op.MEAS,11,-1,1.9828,2
fake_algiers,Op.MEAS,12,-1,1.9778,2
fake_algiers,Op.MEAS,13,-1,1.9558,2
fake_algiers,Op.MEAS,14,-1,1.9764,2
fake_algiers,Op.MEAS,15,-1,1.984,2
fake_algiers,Op.MEAS,16,-1,1.9134,2
fake_algiers,Op.MEAS,17,-1,1.9726,2
fake_algiers,Op.MEAS,18,-1,1.9572,2
fake_algiers,Op.MEAS,19,-1,1.9608,2
fake_algiers,Op.MEAS,20,-1,1.9328,2
fake_algiers,Op.MEAS,21,-1,1.965,2
fake_algiers,Op.MEAS,22,-1,1.9838,2
fake_algiers,Op.MEAS,23,-1,1.9718,2
fake_algiers,Op.MEAS,24,-1,1.985,2
fake_algiers,Op.MEAS,25,-1,1.9756,2
fake_algiers,Op.MEAS,26,-1,1.8892,2
fake_brisbane,Op.RESET,0,-1,0.97763076,3
fake_brisbane,Op.RESET,1,-1,0.0,3
fake_brisbane,Op.RESET,2,-1,0.0,3
fake_brisbane,Op.RESET,3,-1,0.99523975,3
fake_brisbane,Op.RESET,4,-1,0.0,3
fake_brisbane,Op.RESET,5,-1,0.0,3
fake_brisbane,Op.RESET,6,-1,0.98669446,3
fake_brisbane,Op.RESET,7,-1,0.0,3
fake_brisbane,Op.RESET,8,-1,0.9923501099235011,3
fake_brisbane,Op.RESET,9,-1,0.9926967200730329,3
fake_brisbane,Op.RESET,10,-1,0.99471403,3
fake_brisbane,Op.RESET,11,-1,0.0,3
fake_brisbane,Op.RESET,12,-1,0.99190201,3
fake_brisbane,Op.RESET,13,-1,0.98904996,3
fake_brisbane,Op.RESET,14,-1,0.9885509598855096,3
fake_brisbane,Op.RESET,15,-1,0.97730024,3
fake_brisbane,Op.RESET,16,-1,0.94532935,3
fake_brisbane,Op.RESET,17,-1,0.0,3
fake_brisbane,Op.RESET,18,-1,0.98657183,3
fake_brisbane,Op.RESET,19,-1,0.98791248,3
fake_brisbane,Op.RESET,20,-1,0.9923473900765262,3
fake_brisbane,Op.RESET,21,-1,0.9886239601137605,3
fake_brisbane,Op.RESET,22,-1,0.98787436,3
fake_brisbane,Op.RESET,23,-1,0.99239774,3
fake_brisbane,Op.RESET,24,-1,0.9882729098827292,3
fake_brisbane,Op.RESET,25,-1,0.9907640600923595,3
fake_brisbane,Op.RESET,26,-1,0.0,3
fake_brisbane,Op.RESET,27,-1,0.9928982000000001,3
fake_brisbane,Op.RESET,28,-1,0.98257822,3
fake_brisbane,Op.RESET,29,-1,0.99315663,3
fake_brisbane,Op.RESET,30,-1,0.98478363,3
fake_brisbane,Op.RESET,31,-1,0.97147184,3
fake_brisbane,Op.RESET,32,-1,0.0,3
fake_brisbane,Op.RESET,33,-1,0.99018256,3
fake_brisbane,Op.RESET,34,-1,0.9905257000000001,3
fake_brisbane,Op.RESET,35,-1,0.9897502698975027,3
fake_brisbane,Op.RESET,36,-1,0.0,3
fake_brisbane,Op.RESET,37,-1,0.98539822,3
fake_brisbane,Op.RESET,38,-1,0.9889876000000001,3
fake_brisbane,Op.RESET,39,-1,0.9898543000000001,3
fake_brisbane,Op.RESET,40,-1,0.97167563,3
fake_brisbane,Op.RESET,41,-1,0.9752517197525172,3
fake_brisbane,Op.RESET,42,-1,0.97693005,3
fake_brisbane,Op.RESET,43,-1,0.99429998,3
fake_brisbane,Op.RESET,44,-1,0.94551843,3
fake_brisbane,Op.RESET,45,-1,0.95030399950304,3
fake_brisbane,Op.RESET,46,-1,0.9902631000000001,3
fake_brisbane,Op.RESET,47,-1,0.9879054300000001,3
fake_brisbane,Op.RESET,48,-1,0.0,3
fake_brisbane,Op.RESET,49,-1,0.9755392302446078,3
fake_brisbane,Op.RESET,50,-1,0.9738794900000001,3
fake_brisbane,Op.RESET,51,-1,0.0,3
fake_brisbane,Op.RESET,52,-1,0.99095852,3
fake_brisbane,Op.RESET,53,-1,0.0,3
fake_brisbane,Op.RESET,54,-1,0.98637151,3
fake_brisbane,Op.RESET,55,-1,0.98925048,3
fake_brisbane,Op.RESET,56,-1,0.990050399900504,3
fake_brisbane,Op.RESET,57,-1,0.98918758,3
fake_brisbane,Op.RESET,58,-1,0.9932177399321774,3
fake_brisbane,Op.RESET,59,-1,0.97169168,3
fake_brisbane,Op.RESET,60,-1,0.98880733,3
fake_brisbane,Op.RESET,61,-1,0.99080324,3
fake_brisbane,Op.RESET,62,-1,0.0,3
fake_brisbane,Op.RESET,63,-1,0.99263754,3
fake_brisbane,Op.RESET,64,-1,0.98945927,3
fake_brisbane,Op.RESET,65,-1,0.97583605,3
fake_brisbane,Op.RESET,66,-1,0.99268285,3
fake_brisbane,Op.RESET,67,-1,0.9872381,3
fake_brisbane,Op.RESET,68,-1,0.9625745703742543,3
fake_brisbane,Op.RESET,69,-1,0.98746466,3
fake_brisbane,Op.RESET,70,-1,0.99031159,3
fake_brisbane,Op.RESET,71,-1,0.99373284,3
fake_brisbane,Op.RESET,72,-1,0.9867975800000001,3
fake_brisbane,Op.RESET,73,-1,0.97866556,3
fake_brisbane,Op.RESET,74,-1,0.98720635,3
fake_brisbane,Op.RESET,75,-1,0.96927759,3
fake_brisbane,Op.RESET,76,-1,0.97823072,3
fake_brisbane,Op.RESET,77,-1,0.98625042,3
fake_brisbane,Op.RESET,78,-1,0.0,3
fake_brisbane,Op.RESET,79,-1,0.98332087,3
fake_brisbane,Op.RESET,80,-1,0.0,3
fake_brisbane,Op.RESET,81,-1,0.0,3
fake_brisbane,Op.RESET,82,-1,0.0,3
fake_brisbane,Op.RESET,83,-1,0.9792478702075214,3
fake_brisbane,Op.RESET,84,-1,0.99195794,3
fake_brisbane,Op.RESET,85,-1,0.9921803,3
fake_brisbane,Op.RESET,86,-1,0.990503609905036,3
fake_brisbane,Op.RESET,87,-1,0.95720572,3
fake_brisbane,Op.RESET,88,-1,0.9888961301110388,3
fake_brisbane,Op.RESET,89,-1,0.99155699,3
fake_brisbane,Op.RESET,90,-1,0.9756084802439153,3
fake_brisbane,Op.RESET,91,-1,0.0,3
fake_brisbane,Op.RESET,92,-1,0.99021038,3
fake_brisbane,Op.RESET,93,-1,0.98344517,3
fake_brisbane,Op.RESET,94,-1,0.98689678,3
fake_brisbane,Op.RESET,95,-1,0.9830076601699235,3
fake_brisbane,Op.RESET,96,-1,0.9810852,3
fake_brisbane,Op.RESET,97,-1,0.98924039,3
fake_brisbane,Op.RESET,98,-1,0.9847295500000001,3
fake_brisbane,Op.RESET,99,-1,0.99177317,3
fake_brisbane,Op.RESET,100,-1,0.98986198989862,3
fake_brisbane,Op.RESET,101,-1,0.0,3
fake_brisbane,Op.RESET,102,-1,0.0,2
fake_brisbane,Op.RESET,103,-1,0.98525185,3
fake_brisbane,Op.RESET,104,-1,0.990515590094844,3
fake_brisbane,Op.RESET,105,-1,0.9853856498538565,3
fake_brisbane,Op.RESET,106,-1,0.9914260900857391,3
fake_brisbane,Op.RESET,107,-1,0.98448579,3
fake_brisbane,Op.RESET,108,-1,0.0,3
fake_brisbane,Op.RESET,109,-1,0.0,3
fake_brisbane,Op.RESET,110,-1,0.0,3
fake_brisbane,Op.RESET,111,-1,0.0,3
fake_brisbane,Op.RESET,112,-1,0.96535715,3
fake_brisbane,Op.RESET,113,-1,0.9924976400000001,3
fake_brisbane,Op.RESET,114,-1,0.98036658,3
fake_brisbane,Op.RESET,115,-1,0.9856154798561548,3
fake_brisbane,Op.RESET,116,-1,0.0,3
fake_brisbane,Op.RESET,117,-1,0.99292203,3
fake_brisbane,Op.RESET,118,-1,0.0,3
fake_brisbane,Op.RESET,119,-1,0.0,2
fake_brisbane,Op.RESET,120,-1,0.99210783,3
fake_brisbane,Op.RESET,121,-1,0.99215711,3
fake_brisbane,Op.RESET,122,-1,0.0,3
fake_brisbane,Op.RESET,123,-1,0.0,3
fake_brisbane,Op.RESET,124,-1,0.9926394099263941,3
fake_brisbane,Op.RESET,125,-1,0.99193242,3
fake_brisbane,Op.RESET,126,-1,0.9905735400000001,3
fake_brisbane,Op.SX,0,-1,0.9992670299926704,3
fake_brisbane,Op.SX,1,-1,0.0,10
fake_brisbane,Op.SX,2,-1,0.0,10
fake_brisbane,Op.SX,3,-1,0.999447119972356,5
fake_brisbane,Op.SX,4,-1,0.0,10
fake_brisbane,Op.SX,5,-1,0.0,10
fake_brisbane,Op.SX,6,-1,0.9995672,3
fake_brisbane,Op.SX,7,-1,0.0,10
fake_brisbane,Op.SX,8,-1,0.9994976699598135,5
fake_brisbane,Op.SX,9,-1,0.9996290499888715,5
fake_brisbane,Op.SX,10,-1,0.9998290400000001,3
fake_brisbane,Op.SX,11,-1,0.0,10
fake_brisbane,Op.SX,12,-1,0.9997209999972101,5
fake_brisbane,Op.SX,13,-1,0.99964447,3
fake_brisbane,Op.SX,14,-1,0.999419009953521,5
fake_brisbane,Op.SX,15,-1,0.99925421,3
fake_brisbane,Op.SX,16,-1,0.9979571292849952,5
fake_brisbane,Op.SX,17,-1,0.0,10
fake_brisbane,Op.SX,18,-1,0.99956363,3
fake_brisbane,Op.SX,19,-1,0.9996077099960772,3
fake_brisbane,Op.SX,20,-1,0.9973150899731511,6
fake_brisbane,Op.SX,21,-1,0.99963082,3
fake_brisbane,Op.SX,22,-1,0.9995133799854015,5
fake_brisbane,Op.SX,23,-1,0.9995144399708663,5
fake_brisbane,Op.SX,24,-1,0.99961932,3
fake_brisbane,Op.SX,25,-1,0.9996432899892987,5
fake_brisbane,Op.SX,26,-1,0.0,10
fake_brisbane,Op.SX,27,-1,0.9997700800022992,3
fake_brisbane,Op.SX,28,-1,0.9989657997414501,5
fake_brisbane,Op.SX,29,-1,0.9994786199582896,5
fake_brisbane,Op.SX,30,-1,0.9995036900000001,3
fake_brisbane,Op.SX,31,-1,0.99906609,3
fake_brisbane,Op.SX,32,-1,0.0,10
fake_brisbane,Op.SX,33,-1,0.99968168,3
fake_brisbane,Op.SX,34,-1,0.9996716900000001,5
fake_brisbane,Op.SX,35,-1,0.9993158499110605,5
fake_brisbane,Op.SX,36,-1,0.0,10
fake_brisbane,Op.SX,37,-1,0.9995254,3
fake_brisbane,Op.SX,38,-1,0.9995932599877979,5
fake_brisbane,Op.SX,39,-1,0.9996126499961265,5
fake_brisbane,Op.SX,40,-1,0.99906681,3
fake_brisbane,Op.SX,41,-1,0.9991871300081288,3
fake_brisbane,Op.SX,42,-1,0.99063465,6
fake_brisbane,Op.SX,43,-1,0.9994397599551808,5
fake_brisbane,Op.SX,44,-1,0.9981654400000001,3
fake_brisbane,Op.SX,45,-1,0.99833959,3
fake_brisbane,Op.SX,46,-1,0.9995900599836025,5
fake_brisbane,Op.SX,47,-1,0.9995401699816068,5
fake_brisbane,Op.SX,48,-1,0.0,3
fake_brisbane,Op.SX,49,-1,0.99919619,3
fake_brisbane,Op.SX,50,-1,0.99913951,3
fake_brisbane,Op.SX,51,-1,0.0,10
fake_brisbane,Op.SX,52,-1,0.9994384199606893,5
fake_brisbane,Op.SX,53,-1,0.0,10
fake_brisbane,Op.SX,54,-1,0.99932039993204,5
fake_brisbane,Op.SX,55,-1,0.9995177799855334,5
fake_brisbane,Op.SX,56,-1,0.9996359399963592,5
fake_brisbane,Op.SX,57,-1,0.9978718895318157,6
fake_brisbane,Op.SX,58,-1,0.9997102999942061,5
fake_brisbane,Op.SX,59,-1,0.99906783,3
fake_brisbane,Op.SX,60,-1,0.9994299999544,5
fake_brisbane,Op.SX,61,-1,0.9991726198593455,5
fake_brisbane,Op.SX,62,-1,0.0,10
fake_brisbane,Op.SX,63,-1,0.9996231699886953,5
fake_brisbane,Op.SX,64,-1,0.99965816,3
fake_brisbane,Op.SX,65,-1,0.9992078,3
fake_brisbane,Op.SX,66,-1,0.9997446499948929,5
fake_brisbane,Op.SX,67,-1,0.9993075599169072,5
fake_brisbane,Op.SX,68,-1,0.9987577200124229,3
fake_brisbane,Op.SX,69,-1,0.9994665599679935,5
fake_brisbane,Op.SX,70,-1,0.9996505099930102,5
fake_brisbane,Op.SX,71,-1,0.999532849971971,5
fake_brisbane,Op.SX,72,-1,0.9994722599788902,5
fake_brisbane,Op.SX,73,-1,0.99930277,3
fake_brisbane,Op.SX,74,-1,0.9994879399897589,5
fake_brisbane,Op.SX,75,-1,0.99898458,3
fake_brisbane,Op.SX,76,-1,0.99928988,3
fake_brisbane,Op.SX,77,-1,0.9963823999638244,6
fake_brisbane,Op.SX,78,-1,0.0,10
fake_brisbane,Op.SX,79,-1,0.9994041399880826,5
fake_brisbane,Op.SX,80,-1,0.0,10
fake_brisbane,Op.SX,81,-1,0.0,10
fake_brisbane,Op.SX,82,-1,0.0,10
fake_brisbane,Op.SX,83,-1,0.99932053,3
fake_brisbane,Op.SX,84,-1,0.999649689992994,5
fake_brisbane,Op.SX,85,-1,0.9997433500000001,5
fake_brisbane,Op.SX,86,-1,0.9995971799879154,5
fake_brisbane,Op.SX,87,-1,0.9983466794048047,5
fake_brisbane,Op.SX,88,-1,0.9989345697442967,5
fake_brisbane,Op.SX,89,-1,0.9994060099524807,5
fake_brisbane,Op.SX,90,-1,0.99920084,3
fake_brisbane,Op.SX,91,-1,0.0,10
fake_brisbane,Op.SX,92,-1,0.99968263,3
fake_brisbane,Op.SX,93,-1,0.9992327099155981,5
fake_brisbane,Op.SX,94,-1,0.99957453,3
fake_brisbane,Op.SX,95,-1,0.788490122115099,6
fake_brisbane,Op.SX,96,-1,0.99938179,3
fake_brisbane,Op.SX,97,-1,0.9988264296596645,5
fake_brisbane,Op.SX,98,-1,0.9989568797079261,5
fake_brisbane,Op.SX,99,-1,0.9996924699969248,5
fake_brisbane,Op.SX,100,-1,0.9996300199926005,5
fake_brisbane,Op.SX,101,-1,0.0,10
fake_brisbane,Op.SX,102,-1,0.0,2
fake_brisbane,Op.SX,103,-1,0.99952015,3
fake_brisbane,Op.SX,104,-1,0.9995511099865334,5
fake_brisbane,Op.SX,105,-1,0.9994356899717843,5
fake_brisbane,Op.SX,106,-1,0.9996567099897012,5
fake_brisbane,Op.SX,107,-1,0.99949508,3
fake_brisbane,Op.SX,108,-1,0.0,10
fake_brisbane,Op.SX,109,-1,0.0,10
fake_brisbane,Op.SX,110,-1,0.0,10
fake_brisbane,Op.SX,111,-1,0.0,10
fake_brisbane,Op.SX,112,-1,0.9988524,3
fake_brisbane,Op.SX,113,-1,0.9995189699663282,5
fake_brisbane,Op.SX,114,-1,0.9993573,3
fake_brisbane,Op.SX,115,-1,0.999482809989656,5
fake_brisbane,Op.SX,116,-1,0.0,10
fake_brisbane,Op.SX,117,-1,0.9995391299723477,5
fake_brisbane,Op.SX,118,-1,0.0,10
fake_brisbane,Op.SX,119,-1,0.0,2
fake_brisbane,Op.SX,120,-1,0.999306789930679,5
fake_brisbane,Op.SX,121,-1,0.9989837498069124,5
fake_brisbane,Op.SX,122,-1,0.0,10
fake_brisbane,Op.SX,123,-1,0.0,3
fake_brisbane,Op.SX,124,-1,0.9997319299999998,5
fake_brisbane,Op.SX,125,-1,0.9996536599861465,5
fake_brisbane,Op.SX,126,-1,0.99969449,3
fake_brisbane,Op.X,0,-1,0.9992670299926704,3
fake_brisbane,Op.X,1,-1,0.0,10
fake_brisbane,Op.X,2,-1,0.0,10
fake_brisbane,Op.X,3,-1,0.999447119972356,5
fake_brisbane,Op.X,4,-1,0.0,10
fake_brisbane,Op.X,5,-1,0.0,10
fake_brisbane,Op.X,6,-1,0.9995672,3
fake_brisbane,Op.X,7,-1,0.0,10
fake_brisbane,Op.X,8,-1,0.9994976699598135,5
fake_brisbane,Op.X,9,-1,0.9996290499888715,5
fake_brisbane,Op.X,10,-1,0.9998290400000001,3
fake_brisbane,Op.X,11,-1,0.0,10
fake_brisbane,Op.X,12,-1,0.9997209999972101,5
fake_brisbane,Op.X,13,-1,0.99964447,3
fake_brisbane,Op.X,14,-1,0.999419009953521,5
fake_brisbane,Op.X,15,-1,0.99925421,3
fake_brisbane,Op.X,16,-1,0.9979571292849952,5
fake_brisbane,Op.X,17,-1,0.0,10
fake_brisbane,Op.X,18,-1,0.99956363,3
fake_brisbane,Op.X,19,-1,0.9996077099960772,3
fake_brisbane,Op.X,20,-1,0.9973150899731511,6
fake_brisbane,Op.X,21,-1,0.99963082,3
fake_brisbane,Op.X,22,-1,0.9995133799854015,5
fake_brisbane,Op.X,23,-1,0.9995144399708663,5
fake_brisbane,Op.X,24,-1,0.99961932,3
fake_brisbane,Op.X,25,-1,0.9996432899892987,5
fake_brisbane,Op.X,26,-1,0.0,10
fake_brisbane,Op.X,27,-1,0.9997700800022992,3
fake_brisbane,Op.X,28,-1,0.9989657997414501,5
fake_brisbane,Op.X,29,-1,0.9994786199582896,5
fake_brisbane,Op.X,30,-1,0.9995036900000001,3
fake_brisbane,Op.X,31,-1,0.99906609,3
fake_brisbane,Op.X,32,-1,0.0,10
fake_brisbane,Op.X,33,-1,0.99968168,3
fake_brisbane,Op.X,34,-1,0.9996716900000001,5
fake_brisbane,Op.X,35,-1,0.9993158499110605,5
fake_brisbane,Op.X,36,-1,0.0,10
fake_brisbane,Op.X,37,-1,0.9995254,3
fake_brisbane,Op.X,38,-1,0.9995932599877979,5
fake_brisbane,Op.X,39,-1,0.9996126499961265,5
fake_brisbane,Op.X,40,-1,0.99906681,3
fake_brisbane,Op.X,41,-1,0.9991871300081288,3
fake_brisbane,Op.X,42,-1,0.99063465,6
fake_brisbane,Op.X,43,-1,0.9994397599551808,5
fake_brisbane,Op.X,44,-1,0.9981654400000001,3
fake_brisbane,Op.X,45,-1,0.99833959,3
fake_brisbane,Op.X,46,-1,0.9995900599836025,5
fake_brisbane,Op.X,47,-1,0.9995401699816068,5
fake_brisbane,Op.X,48,-1,0.0,3
fake_brisbane,Op.X,49,-1,0.99919619,3
fake_brisbane,Op.X,50,-1,0.99913951,3
fake_brisbane,Op.X,51,-1,0.0,10
fake_brisbane,Op.X,52,-1,0.9994384199606893,5
fake_brisbane,Op.X,53,-1,0.0,10
fake_brisbane,Op.X,54,-1,0.99932039993204,5
fake_brisbane,Op.X,55,-1,0.9995177799855334,5
fake_brisbane,Op.X,56,-1,0.9996359399963592,5
fake_brisbane,Op.X,57,-1,0.9978718895318157,6
fake_brisbane,Op.X,58,-1,0.9997102999942061,5
fake_brisbane,Op.X,59,-1,0.99906783,3
fake_brisbane,Op.X,60,-1,0.9994299999544,5
fake_brisbane,Op.X,61,-1,0.9991726198593455,5
fake_brisbane,Op.X,62,-1,0.0,10
fake_brisbane,Op.X,63,-1,0.9996231699886953,5
fake_brisbane,Op.X,64,-1,0.99965816,3
fake_brisbane,Op.X,65,-1,0.9992078,3
fake_brisbane,Op.X,66,-1,0.9997446499948929,5
fake_brisbane,Op.X,67,-1,0.9993075599169072,5
fake_brisbane,Op.X,68,-1,0.9987577200124229,3
fake_brisbane,Op.X,69,-1,0.9994665599679935,5
fake_brisbane,Op.X,70,-1,0.9996505099930102,5
fake_brisbane,Op.X,71,-1,0.999532849971971,5
fake_brisbane,Op.X,72,-1,0.9994722599788902,5
fake_brisbane,Op.X,73,-1,0.99930277,3
fake_brisbane,Op.X,74,-1,0.9994879399897589,5
fake_brisbane,Op.X,75,-1,0.99898458,3
fake_brisbane,Op.X,76,-1,0.99928988,3
fake_brisbane,Op.X,77,-1,0.9963823999638244,6
fake_brisbane,Op.X,78,-1,0.0,10
fake_brisbane,Op.X,79,-1,0.9994041399880826,5
fake_brisbane,Op.X,80,-1,0.0,10
fake_brisbane,Op.X,81,-1,0.0,10
fake_brisbane,Op.X,82,-1,0.0,10
fake_brisbane,Op.X,83,-1,0.99932053,3
fake_brisbane,Op.X,84,-1,0.999649689992994,5
fake_brisbane,Op.X,85,-1,0.9997433500000001,5
fake_brisbane,Op.X,86,-1,0.9995971799879154,5
fake_brisbane,Op.X,87,-1,0.9983466794048047,5
fake_brisbane,Op.X,88,-1,0.9989345697442967,5
fake_brisbane,Op.X,89,-1,0.9994060099524807,5
fake_brisbane,Op.X,90,-1,0.99920084,3
fake_brisbane,Op.X,91,-1,0.0,10
fake_brisbane,Op.X,92,-1,0.99968263,3
fake_brisbane,Op.X,93,-1,0.9992327099155981,5
fake_brisbane,Op.X,94,-1,0.99957453,3
fake_brisbane,Op.X,95,-1,0.788490122115099,6
fake_brisbane,Op.X,96,-1,0.99938179,3
fake_brisbane,Op.X,97,-1,0.9988264296596645,5
fake_brisbane,Op.X,98,-1,0.9989568797079261,5
fake_brisbane,Op.X,99,-1,0.9996924699969248,5
fake_brisbane,Op.X,100,-1,0.9996300199926005,5
fake_brisbane,Op.X,101,-1,0.0,10
fake_brisbane,Op.X,102,-1,0.0,2
fake_brisbane,Op.X,103,-1,0.99952015,3
fake_brisbane,Op.X,104,-1,0.9995511099865334,5
fake_brisbane,Op.X,105,-1,0.9994356899717843,5
fake_brisbane,Op.X,106,-1,0.9996567099897012,5
fake_brisbane,Op.X,107,-1,0.99949508,3
fake_brisbane,Op.X,108,-1,0.0,10
fake_brisbane,Op.X,109,-1,0.0,10
fake_brisbane,Op.X,110,-1,0.0,10
fake_brisbane,Op.X,111,-1,0.0,10
fake_brisbane,Op.X,112,-1,0.9988524,3
fake_brisbane,Op.X,113,-1,0.9995189699663282,5
fake_brisbane,Op.X,114,-1,0.9993573,3
fake_brisbane,Op.X,115,-1,0.999482809989656,5
fake_brisbane,Op.X,116,-1,0.0,10
fake_brisbane,Op.X,117,-1,0.9995391299723477,5
fake_brisbane,Op.X,118,-1,0.0,10
fake_brisbane,Op.X,119,-1,0.0,2
fake_brisbane,Op.X,120,-1,0.999306789930679,5
fake_brisbane,Op.X,121,-1,0.9989837498069124,5
fake_brisbane,Op.X,122,-1,0.0,10
fake_brisbane,Op.X,123,-1,0.0,3
fake_brisbane,Op.X,124,-1,0.9997319299999998,5
fake_brisbane,Op.X,125,-1,0.9996536599861465,5
fake_brisbane,Op.X,126,-1,0.99969449,3
fake_brisbane,Op.ECR,0,1,0.0,9
fake_brisbane,Op.ECR,1,2,0.0,100
fake_brisbane,Op.ECR,2,3,0.0,60
fake_brisbane,Op.ECR,3,4,0.0,60
fake_brisbane,Op.ECR,5,4,0.0,100
fake_brisbane,Op.ECR,15,4,0.0,9
fake_brisbane,Op.ECR,5,6,0.0,60
fake_brisbane,Op.ECR,7,6,0.0,60
fake_brisbane,Op.ECR,8,7,0.0,60
fake_brisbane,Op.ECR,9,8,0.9887320077464031,33
fake_brisbane,Op.ECR,9,10,0.9928141256166167,33
fake_brisbane,Op.ECR,11,10,0.0,60
fake_brisbane,Op.ECR,12,11,0.0,60
fake_brisbane,Op.ECR,17,12,0.0,43
fake_brisbane,Op.ECR,12,13,0.9905397597161938,33
fake_brisbane,Op.ECR,0,14,0.987932509879325,9
fake_brisbane,Op.ECR,18,14,0.9895857390627163,33
fake_brisbane,Op.ECR,22,15,0.9875619,9
fake_brisbane,Op.ECR,8,16,0.97728979,9
fake_brisbane,Op.ECR,26,16,0.0,9
fake_brisbane,Op.ECR,30,17,0.0,9
fake_brisbane,Op.ECR,19,18,0.990925800090742,9
fake_brisbane,Op.ECR,19,20,0.9136180208944169,33
fake_brisbane,Op.ECR,33,20,0.9317344985978696,33
fake_brisbane,Op.ECR,20,21,0.9554301653173133,33
fake_brisbane,Op.ECR,22,21,0.985428877377197,33
fake_brisbane,Op.ECR,23,22,0.989458975242566,33
fake_brisbane,Op.ECR,23,24,0.9930918888256205,21
fake_brisbane,Op.ECR,34,24,0.8915400673101016,33
fake_brisbane,Op.ECR,24,25,0.00010311011857663638,36
fake_brisbane,Op.ECR,25,26,0.0,60
fake_brisbane,Op.ECR,26,27,0.0,60
fake_brisbane,Op.ECR,27,28,0.9814595981459614,33
fake_brisbane,Op.ECR,29,28,0.977079617707962,33
fake_brisbane,Op.ECR,35,28,0.9793081568962244,33
fake_brisbane,Op.ECR,29,30,0.9904676317068387,33
fake_brisbane,Op.ECR,31,30,0.9843936998439371,9
fake_brisbane,Op.ECR,32,31,0.0,9
fake_brisbane,Op.ECR,36,32,0.0,100
fake_brisbane,Op.ECR,39,33,0.9920188433991952,33
fake_brisbane,Op.ECR,43,34,0.9927747589884659,33
fake_brisbane,Op.ECR,47,35,0.9811187597970732,33
fake_brisbane,Op.ECR,51,36,0.0,100
fake_brisbane,Op.ECR,38,37,0.9890557987961387,33
fake_brisbane,Op.ECR,38,39,0.991753709983504,27
fake_brisbane,Op.ECR,39,40,0.9862301298623012,9
fake_brisbane,Op.ECR,41,40,0.9810100399999998,9
fake_brisbane,Op.ECR,53,41,0.0,60
fake_brisbane,Op.ECR,41,42,0.9689436567697126,33
fake_brisbane,Op.ECR,43,42,0.9742300893840717,33
fake_brisbane,Op.ECR,44,43,0.9781224400000003,9
fake_brisbane,Op.ECR,45,44,0.9624168703758313,9
fake_brisbane,Op.ECR,45,46,0.9778781542483189,33
fake_brisbane,Op.ECR,47,46,0.9916671574168183,33
fake_brisbane,Op.ECR,47,48,0.0,9
fake_brisbane,Op.ECR,49,48,0.0,9
fake_brisbane,Op.ECR,49,50,0.9776314306052001,33
fake_brisbane,Op.ECR,51,50,0.0,60
fake_brisbane,Op.ECR,37,52,0.9884845914970036,33
fake_brisbane,Op.ECR,56,52,0.9893379312794472,33
fake_brisbane,Op.ECR,60,53,0.0,60
fake_brisbane,Op.ECR,45,54,0.9699217686444557,33
fake_brisbane,Op.ECR,64,54,0.9881429589328665,33
fake_brisbane,Op.ECR,49,55,0.9809753360048215,33
fake_brisbane,Op.ECR,68,55,0.9826873300000001,9
fake_brisbane,Op.ECR,57,56,0.9620355897496086,33
fake_brisbane,Op.ECR,58,57,0.9693893929595603,33
fake_brisbane,Op.ECR,59,58,0.9874288898742888,9
fake_brisbane,Op.ECR,71,58,0.991791885895944,33
fake_brisbane,Op.ECR,60,59,0.98586895,9
fake_brisbane,Op.ECR,61,60,0.9711999004959655,33
fake_brisbane,Op.ECR,61,62,0.0,60
fake_brisbane,Op.ECR,63,62,0.0,60
fake_brisbane,Op.ECR,72,62,0.0,60
fake_brisbane,Op.ECR,64,63,0.9926062423844314,33
fake_brisbane,Op.ECR,64,65,0.9876117898761178,9
fake_brisbane,Op.ECR,66,65,0.9866958086914378,33
fake_brisbane,Op.ECR,66,67,0.9864874195946244,33
fake_brisbane,Op.ECR,68,67,0.9819782,9
fake_brisbane,Op.ECR,68,69,0.9820592598205925,9
fake_brisbane,Op.ECR,70,69,0.988698921130108,33
fake_brisbane,Op.ECR,66,73,0.989201133801701,27
fake_brisbane,Op.ECR,70,74,0.9893113324705852,33
fake_brisbane,Op.ECR,89,74,0.9903578905785261,33
fake_brisbane,Op.ECR,90,75,0.9802725298027253,9
fake_brisbane,Op.ECR,75,76,0.9812247301877526,9
fake_brisbane,Op.ECR,71,77,0.8978134090539323,33
fake_brisbane,Op.ECR,76,77,0.98735223,9
fake_brisbane,Op.ECR,78,77,0.0,60
fake_brisbane,Op.ECR,78,79,0.0,60
fake_brisbane,Op.ECR,80,79,0.0,43
fake_brisbane,Op.ECR,81,80,0.0,100
fake_brisbane,Op.ECR,72,81,0.0,60
fake_brisbane,Op.ECR,82,81,0.0,100
fake_brisbane,Op.ECR,83,82,0.0,9
fake_brisbane,Op.ECR,92,83,0.9891036098910362,9
fake_brisbane,Op.ECR,83,84,0.9897228598972286,9
fake_brisbane,Op.ECR,73,85,0.9859348971869792,33
fake_brisbane,Op.ECR,84,85,0.8937802335217686,33
fake_brisbane,Op.ECR,86,85,0.9919961221561998,33
fake_brisbane,Op.ECR,87,86,0.9671695637356523,33
fake_brisbane,Op.ECR,88,87,0.9581144755488188,33
fake_brisbane,Op.ECR,89,88,0.9872465180869769,33
fake_brisbane,Op.ECR,79,91,0.0,60
fake_brisbane,Op.ECR,102,92,0.0,6
fake_brisbane,Op.ECR,87,93,0.9428865129173508,36
fake_brisbane,Op.ECR,106,93,0.9850973032937861,33
fake_brisbane,Op.ECR,90,94,0.9866257600000001,9
fake_brisbane,Op.ECR,95,94,0.9796435124681001,33
fake_brisbane,Op.ECR,96,95,0.9601261309551407,33
fake_brisbane,Op.ECR,96,97,0.9881130010996726,33
fake_brisbane,Op.ECR,98,97,0.9851462967321861,33
fake_brisbane,Op.ECR,91,98,0.0,60
fake_brisbane,Op.ECR,98,99,0.9900145115123358,33
fake_brisbane,Op.ECR,99,100,0.9525824248686836,33
fake_brisbane,Op.ECR,110,100,0.0,60
fake_brisbane,Op.ECR,100,101,0.0,60
fake_brisbane,Op.ECR,102,101,0.0,60
fake_brisbane,Op.ECR,103,102,0.0,6
fake_brisbane,Op.ECR,103,104,0.9912390088735404,21
fake_brisbane,Op.ECR,104,105,0.9861150972230202,33
fake_brisbane,Op.ECR,106,105,0.9872598168149544,33
fake_brisbane,Op.ECR,106,107,0.9895091801049097,33
fake_brisbane,Op.ECR,107,108,0.0,60
fake_brisbane,Op.ECR,112,108,0.0,9
fake_brisbane,Op.ECR,96,109,0.0,60
fake_brisbane,Op.ECR,118,110,0.0,100
fake_brisbane,Op.ECR,104,111,0.0,60
fake_brisbane,Op.ECR,126,112,0.9841747501582524,9
fake_brisbane,Op.ECR,114,113,0.9815378598762687,33
fake_brisbane,Op.ECR,109,114,0.0,9
fake_brisbane,Op.ECR,115,114,0.9878690901213092,9
fake_brisbane,Op.ECR,115,116,0.0,60
fake_brisbane,Op.ECR,117,116,0.0,60
fake_brisbane,Op.ECR,118,117,0.0,60
fake_brisbane,Op.ECR,119,118,0.0,6
fake_brisbane,Op.ECR,119,120,0.0,6
fake_brisbane,Op.ECR,120,121,0.9859194201435936,33
fake_brisbane,Op.ECR,111,122,0.0,100
fake_brisbane,Op.ECR,121,122,0.0,60
fake_brisbane,Op.ECR,123,122,0.0,100
fake_brisbane,Op.ECR,123,124,0.0,60
fake_brisbane,Op.ECR,124,125,0.99014880901488,33
fake_brisbane,Op.ECR,126,125,0.9907303770225288,33
fake_brisbane,Op.MEAS,0,-1,1.94433594,2
fake_brisbane,Op.MEAS,1,-1,1.93798828,2
fake_brisbane,Op.MEAS,2,-1,1.97851562,2
fake_brisbane,Op.MEAS,3,-1,1.9453125,2
fake_brisbane,Op.MEAS,4,-1,1.94970704,2
fake_brisbane,Op.MEAS,5,-1,1.62890624,2
fake_brisbane,Op.MEAS,6,-1,1.953125,2
fake_brisbane,Op.MEAS,7,-1,1.96679688,2
fake_brisbane,Op.MEAS,8,-1,1.97314454,2
fake_brisbane,Op.MEAS,9,-1,1.98388672,2
fake_brisbane,Op.MEAS,10,-1,1.95996094,2
fake_brisbane,Op.MEAS,11,-1,1.69238282,2
fake_brisbane,Op.MEAS,12,-1,1.95947266,2
fake_brisbane,Op.MEAS,13,-1,1.95410156,2
fake_brisbane,Op.MEAS,14,-1,1.96826172,2
fake_brisbane,Op.MEAS,15,-1,1.984375,2
fake_brisbane,Op.MEAS,16,-1,1.94189454,2
fake_brisbane,Op.MEAS,17,-1,1.97998046,2
fake_brisbane,Op.MEAS,18,-1,1.97314454,2
fake_brisbane,Op.MEAS,19,-1,1.93701172,2
fake_brisbane,Op.MEAS,20,-1,1.95458984,2
fake_brisbane,Op.MEAS,21,-1,1.97509766,2
fake_brisbane,Op.MEAS,22,-1,1.97753906,2
fake_brisbane,Op.MEAS,23,-1,1.96826172,2
fake_brisbane,Op.MEAS,24,-1,1.73046876,2
fake_brisbane,Op.MEAS,25,-1,1.95458984,2
fake_brisbane,Op.MEAS,26,-1,1.88183594,2
fake_brisbane,Op.MEAS,27,-1,1.87939454,2
fake_brisbane,Op.MEAS,28,-1,1.921875,2
fake_brisbane,Op.MEAS,29,-1,1.94677734,2
fake_brisbane,Op.MEAS,30,-1,1.95361328,2
fake_brisbane,Op.MEAS,31,-1,1.94189454,2
fake_brisbane,Op.MEAS,32,-1,1.97509766,2
fake_brisbane,Op.MEAS,33,-1,1.96923828,2
fake_brisbane,Op.MEAS,34,-1,1.94726562,2
fake_brisbane,Op.MEAS,35,-1,1.9609375,2
fake_brisbane,Op.MEAS,36,-1,1.97021484,2
fake_brisbane,Op.MEAS,37,-1,1.96582032,2
fake_brisbane,Op.MEAS,38,-1,1.94970704,2
fake_brisbane,Op.MEAS,39,-1,1.96875,2
fake_brisbane,Op.MEAS,40,-1,1.9711914,2
fake_brisbane,Op.MEAS,41,-1,1.9790039,2
fake_brisbane,Op.MEAS,42,-1,1.76513672,2
fake_brisbane,Op.MEAS,43,-1,1.8227539,2
fake_brisbane,Op.MEAS,44,-1,1.93359376,2
fake_brisbane,Op.MEAS,45,-1,1.8852539,2
fake_brisbane,Op.MEAS,46,-1,1.96972656,2
fake_brisbane,Op.MEAS,47,-1,1.94580078,2
fake_brisbane,Op.MEAS,48,-1,1.97558594,2
fake_brisbane,Op.MEAS,49,-1,1.9819336,2
fake_brisbane,Op.MEAS,50,-1,1.95410156,2
fake_brisbane,Op.MEAS,51,-1,1.89648438,2
fake_brisbane,Op.MEAS,52,-1,1.95410156,2
fake_brisbane,Op.MEAS,53,-1,1.97949218,2
fake_brisbane,Op.MEAS,54,-1,1.96533204,2
fake_brisbane,Op.MEAS,55,-1,1.95410156,2
fake_brisbane,Op.MEAS,56,-1,1.96044922,2
fake_brisbane,Op.MEAS,57,-1,1.95507812,2
fake_brisbane,Op.MEAS,58,-1,1.9506836,2
fake_brisbane,Op.MEAS,59,-1,1.97167968,2
fake_brisbane,Op.MEAS,60,-1,1.95654296,2
fake_brisbane,Op.MEAS,61,-1,1.97607422,2
fake_brisbane,Op.MEAS,62,-1,1.96484376,2
fake_brisbane,Op.MEAS,63,-1,1.96777344,2
fake_brisbane,Op.MEAS,64,-1,1.97998046,2
fake_brisbane,Op.MEAS,65,-1,1.97998046,2
fake_brisbane,Op.MEAS,66,-1,1.96826172,2
fake_brisbane,Op.MEAS,67,-1,1.83105468,2
fake_brisbane,Op.MEAS,68,-1,1.69140624,2
fake_brisbane,Op.MEAS,69,-1,1.96923828,2
fake_brisbane,Op.MEAS,70,-1,1.8461914,2
fake_brisbane,Op.MEAS,71,-1,1.96142578,2
fake_brisbane,Op.MEAS,72,-1,1.97265624,2
fake_brisbane,Op.MEAS,73,-1,1.97314454,2
fake_brisbane,Op.MEAS,74,-1,1.95898438,2
fake_brisbane,Op.MEAS,75,-1,1.9790039,2
fake_brisbane,Op.MEAS,76,-1,1.98046876,2
fake_brisbane,Op.MEAS,77,-1,1.93310546,2
fake_brisbane,Op.MEAS,78,-1,1.96289062,2
fake_brisbane,Op.MEAS,79,-1,1.98291016,2
fake_brisbane,Op.MEAS,80,-1,1.94384766,2
fake_brisbane,Op.MEAS,81,-1,1.92236328,2
fake_brisbane,Op.MEAS,82,-1,1.93652344,2
fake_brisbane,Op.MEAS,83,-1,1.96582032,2
fake_brisbane,Op.MEAS,84,-1,1.97802734,2
fake_brisbane,Op.MEAS,85,-1,1.9428711,2
fake_brisbane,Op.MEAS,86,-1,1.90771484,2
fake_brisbane,Op.MEAS,87,-1,1.94873046,2
fake_brisbane,Op.MEAS,88,-1,1.97802734,2
fake_brisbane,Op.MEAS,89,-1,1.97705078,2
fake_brisbane,Op.MEAS,90,-1,1.98095704,2
fake_brisbane,Op.MEAS,91,-1,1.92773438,2
fake_brisbane,Op.MEAS,92,-1,1.98144532,2
fake_brisbane,Op.MEAS,93,-1,1.94042968,2
fake_brisbane,Op.MEAS,94,-1,1.9711914,2
fake_brisbane,Op.MEAS,95,-1,1.5209961,2
fake_brisbane,Op.MEAS,96,-1,1.86816406,2
fake_brisbane,Op.MEAS,97,-1,1.91845704,2
fake_brisbane,Op.MEAS,98,-1,1.96435546,2
fake_brisbane,Op.MEAS,99,-1,1.95605468,2
fake_brisbane,Op.MEAS,100,-1,1.95458984,2
fake_brisbane,Op.MEAS,101,-1,1.93847656,2
fake_brisbane,Op.MEAS,102,-1,1.87597656,2
fake_brisbane,Op.MEAS,103,-1,1.98828124,2
fake_brisbane,Op.MEAS,104,-1,1.96728516,2
fake_brisbane,Op.MEAS,105,-1,1.98242188,2
fake_brisbane,Op.MEAS,106,-1,1.94433594,2
fake_brisbane,Op.MEAS,107,-1,1.95898438,2
fake_brisbane,Op.MEAS,108,-1,1.84082032,2
fake_brisbane,Op.MEAS,109,-1,1.93945312,2
fake_brisbane,Op.MEAS,110,-1,1.97167968,2
fake_brisbane,Op.MEAS,111,-1,1.9711914,2
fake_brisbane,Op.MEAS,112,-1,1.98876954,2
fake_brisbane,Op.MEAS,113,-1,1.93017578,2
fake_brisbane,Op.MEAS,114,-1,1.69042968,2
fake_brisbane,Op.MEAS,115,-1,1.9555664,2
fake_brisbane,Op.MEAS,116,-1,1.9453125,2
fake_brisbane,Op.MEAS,117,-1,1.95898438,2
fake_brisbane,Op.MEAS,118,-1,1.97998046,2
fake_brisbane,Op.MEAS,119,-1,1.9609375,2
fake_brisbane,Op.MEAS,120,-1,1.96875,2
fake_brisbane,Op.MEAS,121,-1,1.95996094,2
fake_brisbane,Op.MEAS,122,-1,1.96875,2
fake_brisbane,Op.MEAS,123,-1,1.97167968,2
fake_brisbane,Op.MEAS,124,-1,1.984375,2
fake_brisbane,Op.MEAS,125,-1,1.9741211,2
fake_brisbane,Op.MEAS,126,-1,1.97607422,2
fake_cusco,Op.RESET,0,-1,0.0,3
fake_cusco,Op.RESET,1,-1,0.6848557668485576,3
fake_cusco,Op.RESET,2,-1,0.0,3
fake_cusco,Op.RESET,3,-1,0.0,3
fake_cusco,Op.RESET,4,-1,0.0,3
fake_cusco,Op.RESET,5,-1,0.0,3
fake_cusco,Op.RESET,6,-1,0.0,3
fake_cusco,Op.RESET,7,-1,0.9745898700000001,3
fake_cusco,Op.RESET,8,-1,0.97439165,3
fake_cusco,Op.RESET,9,-1,0.95938394,3
fake_cusco,Op.RESET,10,-1,0.9661894196618942,3
fake_cusco,Op.RESET,11,-1,0.93305113,3
fake_cusco,Op.RESET,12,-1,0.9116424191164242,3
fake_cusco,Op.RESET,13,-1,0.92135468,3
fake_cusco,Op.RESET,14,-1,0.9776321702236783,3
fake_cusco,Op.RESET,15,-1,0.94555371,3
fake_cusco,Op.RESET,16,-1,0.8934040489340405,3
fake_cusco,Op.RESET,17,-1,0.91506248,3
fake_cusco,Op.RESET,18,-1,0.94348944,3
fake_cusco,Op.RESET,19,-1,0.9836670398366704,3
fake_cusco,Op.RESET,20,-1,0.9635919503640806,3
fake_cusco,Op.RESET,21,-1,0.0,3
fake_cusco,Op.RESET,22,-1,0.96984008,3
fake_cusco,Op.RESET,23,-1,0.9811788,3
fake_cusco,Op.RESET,24,-1,0.0,3
fake_cusco,Op.RESET,25,-1,0.947552899475529,3
fake_cusco,Op.RESET,26,-1,0.92989489,3
fake_cusco,Op.RESET,27,-1,0.94705329,3
fake_cusco,Op.RESET,28,-1,0.9514145700000001,3
fake_cusco,Op.RESET,29,-1,0.96342644,3
fake_cusco,Op.RESET,30,-1,0.93380819,3
fake_cusco,Op.RESET,31,-1,0.95361483,3
fake_cusco,Op.RESET,32,-1,0.9229447907705521,3
fake_cusco,Op.RESET,33,-1,0.95967042,3
fake_cusco,Op.RESET,34,-1,0.9804664000000001,3
fake_cusco,Op.RESET,35,-1,0.94630877,3
fake_cusco,Op.RESET,36,-1,0.98015786,3
fake_cusco,Op.RESET,37,-1,0.0,3
fake_cusco,Op.RESET,38,-1,0.0,3
fake_cusco,Op.RESET,39,-1,0.9649698796496988,3
fake_cusco,Op.RESET,40,-1,0.97020632,3
fake_cusco,Op.RESET,41,-1,0.0,3
fake_cusco,Op.RESET,42,-1,0.0,3
fake_cusco,Op.RESET,43,-1,0.97790888,3
fake_cusco,Op.RESET,44,-1,0.97480574,3
fake_cusco,Op.RESET,45,-1,0.0,3
fake_cusco,Op.RESET,46,-1,0.0,3
fake_cusco,Op.RESET,47,-1,0.9400795905992042,3
fake_cusco,Op.RESET,48,-1,0.9519438400000001,3
fake_cusco,Op.RESET,49,-1,0.9235188200000001,3
fake_cusco,Op.RESET,50,-1,0.9121824108781758,3
fake_cusco,Op.RESET,51,-1,0.9648251396482515,3
fake_cusco,Op.RESET,52,-1,0.0,3
fake_cusco,Op.RESET,53,-1,0.97456823,3
fake_cusco,Op.RESET,54,-1,0.96172031,3
fake_cusco,Op.RESET,55,-1,0.92195727,3
fake_cusco,Op.RESET,56,-1,0.0,3
fake_cusco,Op.RESET,57,-1,0.0,3
fake_cusco,Op.RESET,58,-1,0.96810385,3
fake_cusco,Op.RESET,59,-1,0.0,3
fake_cusco,Op.RESET,60,-1,0.0,3
fake_cusco,Op.RESET,61,-1,0.9230821707691783,3
fake_cusco,Op.RESET,62,-1,0.9539411495394116,3
fake_cusco,Op.RESET,63,-1,0.9740972997409729,3
fake_cusco,Op.RESET,64,-1,0.0,3
fake_cusco,Op.RESET,65,-1,0.9425160194251602,3
fake_cusco,Op.RESET,66,-1,0.0,3
fake_cusco,Op.RESET,67,-1,0.0,3
fake_cusco,Op.RESET,68,-1,0.0,2
fake_cusco,Op.RESET,69,-1,0.0,3
fake_cusco,Op.RESET,70,-1,0.97284671,3
fake_cusco,Op.RESET,71,-1,0.0,3
fake_cusco,Op.RESET,72,-1,0.9754008297540083,3
fake_cusco,Op.RESET,73,-1,0.9669834196698341,3
fake_cusco,Op.RESET,74,-1,0.89303435,3
fake_cusco,Op.RESET,75,-1,0.96703465,3
fake_cusco,Op.RESET,76,-1,0.94265376,3
fake_cusco,Op.RESET,77,-1,0.9520154900000001,3
fake_cusco,Op.RESET,78,-1,0.0,3
fake_cusco,Op.RESET,79,-1,0.9729601800000001,3
fake_cusco,Op.RESET,80,-1,0.0,3
fake_cusco,Op.RESET,81,-1,0.950226,3
fake_cusco,Op.RESET,82,-1,0.0,3
fake_cusco,Op.RESET,83,-1,0.97209006,3
fake_cusco,Op.RESET,84,-1,0.963058389630584,3
fake_cusco,Op.RESET,85,-1,0.9302986706970132,3
fake_cusco,Op.RESET,86,-1,0.8860854088608541,3
fake_cusco,Op.RESET,87,-1,0.86674108,3
fake_cusco,Op.RESET,88,-1,0.92545418,3
fake_cusco,Op.RESET,89,-1,0.9621616500000001,3
fake_cusco,Op.RESET,90,-1,0.0,2
fake_cusco,Op.RESET,91,-1,0.90689232,3
fake_cusco,Op.RESET,92,-1,0.88722047,3
fake_cusco,Op.RESET,93,-1,0.79546279,3
fake_cusco,Op.RESET,94,-1,0.90400904,3
fake_cusco,Op.RESET,95,-1,0.9035765990357659,3
fake_cusco,Op.RESET,96,-1,0.85749829,3
fake_cusco,Op.RESET,97,-1,0.8856013,3
fake_cusco,Op.RESET,98,-1,0.9217464192174641,3
fake_cusco,Op.RESET,99,-1,0.93594975,3
fake_cusco,Op.RESET,100,-1,0.8535869585358696,3
fake_cusco,Op.RESET,101,-1,0.9117544000000001,3
fake_cusco,Op.RESET,102,-1,0.95180997,3
fake_cusco,Op.RESET,103,-1,0.0,3
fake_cusco,Op.RESET,104,-1,0.72672051,3
fake_cusco,Op.RESET,105,-1,0.909991400900086,3
fake_cusco,Op.RESET,106,-1,0.93378958,3
fake_cusco,Op.RESET,107,-1,0.9224825000000001,3
fake_cusco,Op.RESET,108,-1,0.92552522,3
fake_cusco,Op.RESET,109,-1,0.0,3
fake_cusco,Op.RESET,110,-1,0.0,2
fake_cusco,Op.RESET,111,-1,0.0,2
fake_cusco,Op.RESET,112,-1,0.0,3
fake_cusco,Op.RESET,113,-1,0.97846949,3
fake_cusco,Op.RESET,114,-1,0.9722543100000001,3
fake_cusco,Op.RESET,115,-1,0.97033631,3
fake_cusco,Op.RESET,116,-1,0.96757079,3
fake_cusco,Op.RESET,117,-1,0.96431905,3
fake_cusco,Op.RESET,118,-1,0.0,3
fake_cusco,Op.RESET,119,-1,0.85280685,3
fake_cusco,Op.RESET,120,-1,0.0,3
fake_cusco,Op.RESET,121,-1,0.91259205,3
fake_cusco,Op.RESET,122,-1,0.0,3
fake_cusco,Op.RESET,123,-1,0.95763299,3
fake_cusco,Op.RESET,124,-1,0.96186824,3
fake_cusco,Op.RESET,125,-1,0.83113099831131,3
fake_cusco,Op.RESET,126,-1,0.96017004,3
fake_cusco,Op.SX,0,-1,0.0,10
fake_cusco,Op.SX,1,-1,0.9956494380857527,5
fake_cusco,Op.SX,2,-1,0.0,10
fake_cusco,Op.SX,3,-1,0.0,10
fake_cusco,Op.SX,4,-1,0.0,10
fake_cusco,Op.SX,5,-1,0.0,10
fake_cusco,Op.SX,6,-1,0.0,10
fake_cusco,Op.SX,7,-1,0.9995206899712414,5
fake_cusco,Op.SX,8,-1,0.9993270399327038,5
fake_cusco,Op.SX,9,-1,0.9994423699721184,5
fake_cusco,Op.SX,10,-1,0.999450549967033,5
fake_cusco,Op.SX,11,-1,0.99923162,3
fake_cusco,Op.SX,12,-1,0.9989609299896093,3
fake_cusco,Op.SX,13,-1,0.9990878900091212,3
fake_cusco,Op.SX,14,-1,0.999686669996867,5
fake_cusco,Op.SX,15,-1,0.9980755599807555,6
fake_cusco,Op.SX,16,-1,0.9984849695606411,5
fake_cusco,Op.SX,17,-1,0.99901585,3
fake_cusco,Op.SX,18,-1,0.99935713,3
fake_cusco,Op.SX,19,-1,0.9997201499916043,5
fake_cusco,Op.SX,20,-1,0.9992089698813456,5
fake_cusco,Op.SX,21,-1,0.0,10
fake_cusco,Op.SX,22,-1,0.9991390198536336,5
fake_cusco,Op.SX,23,-1,0.9990703898605584,5
fake_cusco,Op.SX,24,-1,0.0,10
fake_cusco,Op.SX,25,-1,0.9987994599639837,6
fake_cusco,Op.SX,26,-1,0.99920054,3
fake_cusco,Op.SX,27,-1,0.9984227796056951,5
fake_cusco,Op.SX,28,-1,0.9994558899945589,3
fake_cusco,Op.SX,29,-1,0.999557599991152,5
fake_cusco,Op.SX,30,-1,0.9992115700000002,5
fake_cusco,Op.SX,31,-1,0.99948234,3
fake_cusco,Op.SX,32,-1,0.99910789,3
fake_cusco,Op.SX,33,-1,0.99955175,3
fake_cusco,Op.SX,34,-1,0.9990026198304456,5
fake_cusco,Op.SX,35,-1,0.9975090099750902,6
fake_cusco,Op.SX,36,-1,0.9845012396900249,6
fake_cusco,Op.SX,37,-1,0.0,10
fake_cusco,Op.SX,38,-1,0.0,10
fake_cusco,Op.SX,39,-1,0.9986470794858902,5
fake_cusco,Op.SX,40,-1,0.9975832699758327,6
fake_cusco,Op.SX,41,-1,0.0,10
fake_cusco,Op.SX,42,-1,0.0,10
fake_cusco,Op.SX,43,-1,0.9995417699816707,5
fake_cusco,Op.SX,44,-1,0.9993606499232782,5
fake_cusco,Op.SX,45,-1,0.0,10
fake_cusco,Op.SX,46,-1,0.0,10
fake_cusco,Op.SX,47,-1,0.9991594199243476,5
fake_cusco,Op.SX,48,-1,0.9988711596387712,5
fake_cusco,Op.SX,49,-1,0.991142640177147,6
fake_cusco,Op.SX,50,-1,0.9987844397690435,5
fake_cusco,Op.SX,51,-1,0.9995387699769386,5
fake_cusco,Op.SX,52,-1,0.0,10
fake_cusco,Op.SX,53,-1,0.9995608499824342,5
fake_cusco,Op.SX,54,-1,0.9995428800045713,5
fake_cusco,Op.SX,55,-1,0.998465709708485,6
fake_cusco,Op.SX,56,-1,0.0,10
fake_cusco,Op.SX,57,-1,0.0,10
fake_cusco,Op.SX,58,-1,0.9986392995101481,5
fake_cusco,Op.SX,59,-1,0.0,10
fake_cusco,Op.SX,60,-1,0.0,10
fake_cusco,Op.SX,61,-1,0.9991273900000001,3
fake_cusco,Op.SX,62,-1,0.9994840200051598,3
fake_cusco,Op.SX,63,-1,0.993555869613352,6
fake_cusco,Op.SX,64,-1,0.0,10
fake_cusco,Op.SX,65,-1,0.9991282998692448,5
fake_cusco,Op.SX,66,-1,0.0,10
fake_cusco,Op.SX,67,-1,0.0,10
fake_cusco,Op.SX,68,-1,0.0,6
fake_cusco,Op.SX,69,-1,0.0,10
fake_cusco,Op.SX,70,-1,0.9996554000000001,5
fake_cusco,Op.SX,71,-1,0.0,10
fake_cusco,Op.SX,72,-1,0.979910190200898,6
fake_cusco,Op.SX,73,-1,0.9984115400158847,6
fake_cusco,Op.SX,74,-1,0.99876157,3
fake_cusco,Op.SX,75,-1,0.999458499962095,5
fake_cusco,Op.SX,76,-1,0.9993536499935365,3
fake_cusco,Op.SX,77,-1,0.9987222695016851,5
fake_cusco,Op.SX,78,-1,0.0,10
fake_cusco,Op.SX,79,-1,0.9980839297700713,6
fake_cusco,Op.SX,80,-1,0.0,10
fake_cusco,Op.SX,81,-1,0.998504989700998,6
fake_cusco,Op.SX,82,-1,0.0,10
fake_cusco,Op.SX,83,-1,0.9983915498874084,6
fake_cusco,Op.SX,84,-1,0.9985307999853079,6
fake_cusco,Op.SX,85,-1,0.9959832999196658,6
fake_cusco,Op.SX,86,-1,0.9749824897498246,6
fake_cusco,Op.SX,87,-1,0.9948940301531791,6
fake_cusco,Op.SX,88,-1,0.9980091499800916,6
fake_cusco,Op.SX,89,-1,0.99957888,3
fake_cusco,Op.SX,90,-1,0.0,6
fake_cusco,Op.SX,91,-1,0.9980130300397393,6
fake_cusco,Op.SX,92,-1,0.99640275,6
fake_cusco,Op.SX,93,-1,0.9857656100000002,6
fake_cusco,Op.SX,94,-1,0.9977703394648815,6
fake_cusco,Op.SX,95,-1,0.9967510200649793,6
fake_cusco,Op.SX,96,-1,0.9982537100000001,3
fake_cusco,Op.SX,97,-1,0.9818921796378436,6
fake_cusco,Op.SX,98,-1,0.9906392198127844,6
fake_cusco,Op.SX,99,-1,0.9979234100207659,6
fake_cusco,Op.SX,100,-1,0.9881775198817752,6
fake_cusco,Op.SX,101,-1,0.9933370698001122,6
fake_cusco,Op.SX,102,-1,0.994873049487305,6
fake_cusco,Op.SX,103,-1,0.0,10
fake_cusco,Op.SX,104,-1,0.9441760499999999,6
fake_cusco,Op.SX,105,-1,0.9960308299603081,6
fake_cusco,Op.SX,106,-1,0.9974431399744313,6
fake_cusco,Op.SX,107,-1,0.998913829815351,5
fake_cusco,Op.SX,108,-1,0.9986673294269516,5
fake_cusco,Op.SX,109,-1,0.0,10
fake_cusco,Op.SX,110,-1,0.0,6
fake_cusco,Op.SX,111,-1,0.0,6
fake_cusco,Op.SX,112,-1,0.0,10
fake_cusco,Op.SX,113,-1,0.9996102199883067,5
fake_cusco,Op.SX,114,-1,0.99969353,3
fake_cusco,Op.SX,115,-1,0.9995957799878735,5
fake_cusco,Op.SX,116,-1,0.9996333999926679,5
fake_cusco,Op.SX,117,-1,0.9980029899201196,6
fake_cusco,Op.SX,118,-1,0.0,10
fake_cusco,Op.SX,119,-1,0.9802506203949876,6
fake_cusco,Op.SX,120,-1,0.0,10
fake_cusco,Op.SX,121,-1,0.9958156699999999,6
fake_cusco,Op.SX,122,-1,0.0,10
fake_cusco,Op.SX,123,-1,0.9992602899112347,5
fake_cusco,Op.SX,124,-1,0.9991022498114724,5
fake_cusco,Op.SX,125,-1,0.9954238599542385,6
fake_cusco,Op.SX,126,-1,0.9992816799066184,5
fake_cusco,Op.X,0,-1,0.0,10
fake_cusco,Op.X,1,-1,0.9956494380857527,5
fake_cusco,Op.X,2,-1,0.0,10
fake_cusco,Op.X,3,-1,0.0,10
fake_cusco,Op.X,4,-1,0.0,10
fake_cusco,Op.X,5,-1,0.0,10
fake_cusco,Op.X,6,-1,0.0,10
fake_cusco,Op.X,7,-1,0.9995206899712414,5
fake_cusco,Op.X,8,-1,0.9993270399327038,5
fake_cusco,Op.X,9,-1,0.9994423699721184,5
fake_cusco,Op.X,10,-1,0.999450549967033,5
fake_cusco,Op.X,11,-1,0.99923162,3
fake_cusco,Op.X,12,-1,0.9989609299896093,3
fake_cusco,Op.X,13,-1,0.9990878900091212,3
fake_cusco,Op.X,14,-1,0.999686669996867,5
fake_cusco,Op.X,15,-1,0.9980755599807555,6
fake_cusco,Op.X,16,-1,0.9984849695606411,5
fake_cusco,Op.X,17,-1,0.99901585,3
fake_cusco,Op.X,18,-1,0.99935713,3
fake_cusco,Op.X,19,-1,0.9997201499916043,5
fake_cusco,Op.X,20,-1,0.9992089698813456,5
fake_cusco,Op.X,21,-1,0.0,10
fake_cusco,Op.X,22,-1,0.9991390198536336,5
fake_cusco,Op.X,23,-1,0.9990703898605584,5
fake_cusco,Op.X,24,-1,0.0,10
fake_cusco,Op.X,25,-1,0.9987994599639837,6
fake_cusco,Op.X,26,-1,0.99920054,3
fake_cusco,Op.X,27,-1,0.9984227796056951,5
fake_cusco,Op.X,28,-1,0.9994558899945589,3
fake_cusco,Op.X,29,-1,0.999557599991152,5
fake_cusco,Op.X,30,-1,0.9992115700000002,5
fake_cusco,Op.X,31,-1,0.99948234,3
fake_cusco,Op.X,32,-1,0.99910789,3
fake_cusco,Op.X,33,-1,0.99955175,3
fake_cusco,Op.X,34,-1,0.9990026198304456,5
fake_cusco,Op.X,35,-1,0.9975090099750902,6
fake_cusco,Op.X,36,-1,0.9845012396900249,6
fake_cusco,Op.X,37,-1,0.0,10
fake_cusco,Op.X,38,-1,0.0,10
fake_cusco,Op.X,39,-1,0.9986470794858902,5
fake_cusco,Op.X,40,-1,0.9975832699758327,6
fake_cusco,Op.X,41,-1,0.0,10
fake_cusco,Op.X,42,-1,0.0,10
fake_cusco,Op.X,43,-1,0.9995417699816707,5
fake_cusco,Op.X,44,-1,0.9993606499232782,5
fake_cusco,Op.X,45,-1,0.0,10
fake_cusco,Op.X,46,-1,0.0,10
fake_cusco,Op.X,47,-1,0.9991594199243476,5
fake_cusco,Op.X,48,-1,0.9988711596387712,5
fake_cusco,Op.X,49,-1,0.991142640177147,6
fake_cusco,Op.X,50,-1,0.9987844397690435,5
fake_cusco,Op.X,51,-1,0.9995387699769386,5
fake_cusco,Op.X,52,-1,0.0,10
fake_cusco,Op.X,53,-1,0.9995608499824342,5
fake_cusco,Op.X,54,-1,0.9995428800045713,5
fake_cusco,Op.X,55,-1,0.998465709708485,6
fake_cusco,Op.X,56,-1,0.0,10
fake_cusco,Op.X,57,-1,0.0,10
fake_cusco,Op.X,58,-1,0.9986392995101481,5
fake_cusco,Op.X,59,-1,0.0,10
fake_cusco,Op.X,60,-1,0.0,10
fake_cusco,Op.X,61,-1,0.9991273900000001,3
fake_cusco,Op.X,62,-1,0.9994840200051598,3
fake_cusco,Op.X,63,-1,0.993555869613352,6
fake_cusco,Op.X,64,-1,0.0,10
fake_cusco,Op.X,65,-1,0.9991282998692448,5
fake_cusco,Op.X,66,-1,0.0,10
fake_cusco,Op.X,67,-1,0.0,10
fake_cusco,Op.X,68,-1,0.0,6
fake_cusco,Op.X,69,-1,0.0,10
fake_cusco,Op.X,70,-1,0.9996554000000001,5
fake_cusco,Op.X,71,-1,0.0,10
fake_cusco,Op.X,72,-1,0.979910190200898,6
fake_cusco,Op.X,73,-1,0.9984115400158847,6
fake_cusco,Op.X,74,-1,0.99876157,3
fake_cusco,Op.X,75,-1,0.999458499962095,5
fake_cusco,Op.X,76,-1,0.9993536499935365,3
fake_cusco,Op.X,77,-1,0.9987222695016851,5
fake_cusco,Op.X,78,-1,0.0,10
fake_cusco,Op.X,79,-1,0.9980839297700713,6
fake_cusco,Op.X,80,-1,0.0,10
fake_cusco,Op.X,81,-1,0.998504989700998,6
fake_cusco,Op.X,82,-1,0.0,10
fake_cusco,Op.X,83,-1,0.9983915498874084,6
fake_cusco,Op.X,84,-1,0.9985307999853079,6
fake_cusco,Op.X,85,-1,0.9959832999196658,6
fake_cusco,Op.X,86,-1,0.9749824897498246,6
fake_cusco,Op.X,87,-1,0.9948940301531791,6
fake_cusco,Op.X,88,-1,0.9980091499800916,6
fake_cusco,Op.X,89,-1,0.99957888,3
fake_cusco,Op.X,90,-1,0.0,6
fake_cusco,Op.X,91,-1,0.9980130300397393,6
fake_cusco,Op.X,92,-1,0.99640275,6
fake_cusco,Op.X,93,-1,0.9857656100000002,6
fake_cusco,Op.X,94,-1,0.9977703394648815,6
fake_cusco,Op.X,95,-1,0.9967510200649793,6
fake_cusco,Op.X,96,-1,0.9982537100000001,3
fake_cusco,Op.X,97,-1,0.9818921796378436,6
fake_cusco,Op.X,98,-1,0.9906392198127844,6
fake_cusco,Op.X,99,-1,0.9979234100207659,6
fake_cusco,Op.X,100,-1,0.9881775198817752,6
fake_cusco,Op.X,101,-1,0.9933370698001122,6
fake_cusco,Op.X,102,-1,0.994873049487305,6
fake_cusco,Op.X,103,-1,0.0,10
fake_cusco,Op.X,104,-1,0.9441760499999999,6
fake_cusco,Op.X,105,-1,0.9960308299603081,6
fake_cusco,Op.X,106,-1,0.9974431399744313,6
fake_cusco,Op.X,107,-1,0.998913829815351,5
fake_cusco,Op.X,108,-1,0.9986673294269516,5
fake_cusco,Op.X,109,-1,0.0,10
fake_cusco,Op.X,110,-1,0.0,6
fake_cusco,Op.X,111,-1,0.0,6
fake_cusco,Op.X,112,-1,0.0,10
fake_cusco,Op.X,113,-1,0.9996102199883067,5
fake_cusco,Op.X,114,-1,0.99969353,3
fake_cusco,Op.X,115,-1,0.9995957799878735,5
fake_cusco,Op.X,116,-1,0.9996333999926679,5
fake_cusco,Op.X,117,-1,0.9980029899201196,6
fake_cusco,Op.X,118,-1,0.0,10
fake_cusco,Op.X,119,-1,0.9802506203949876,6
fake_cusco,Op.X,120,-1,0.0,10
fake_cusco,Op.X,121,-1,0.9958156699999999,6
fake_cusco,Op.X,122,-1,0.0,10
fake_cusco,Op.X,123,-1,0.9992602899112347,5
fake_cusco,Op.X,124,-1,0.9991022498114724,5
fake_cusco,Op.X,125,-1,0.9954238599542385,6
fake_cusco,Op.X,126,-1,0.9992816799066184,5
fake_cusco,Op.ECR,1,0,0.0,9
fake_cusco,Op.ECR,1,2,0.0,9
fake_cusco,Op.ECR,2,3,0.0,100
fake_cusco,Op.ECR,3,4,0.0,100
fake_cusco,Op.ECR,15,4,0.0,60
fake_cusco,Op.ECR,4,5,0.0,100
fake_cusco,Op.ECR,6,5,0.0,100
fake_cusco,Op.ECR,6,7,0.0,60
fake_cusco,Op.ECR,7,8,0.9913196317712275,33
fake_cusco,Op.ECR,8,9,0.9832076174811424,33
fake_cusco,Op.ECR,9,10,0.982898369315933,33
fake_cusco,Op.ECR,10,11,0.9881333201186667,9
fake_cusco,Op.ECR,12,11,0.9813237699999998,9
fake_cusco,Op.ECR,17,12,0.9141026228718833,33
fake_cusco,Op.ECR,12,13,0.9798561695971234,9
fake_cusco,Op.ECR,0,14,0.0,60
fake_cusco,Op.ECR,8,16,0.9788351219573446,33
fake_cusco,Op.ECR,30,17,0.9572298754780244,33
fake_cusco,Op.ECR,14,18,0.9893150594219094,33
fake_cusco,Op.ECR,19,18,0.0003307801819291001,36
fake_cusco,Op.ECR,19,20,0.00010583002645750658,36
fake_cusco,Op.ECR,33,20,0.9800250364045081,33
fake_cusco,Op.ECR,20,21,0.0,60
fake_cusco,Op.ECR,22,21,0.0,60
fake_cusco,Op.ECR,15,22,0.9460136570933829,33
fake_cusco,Op.ECR,22,23,0.9663068049460214,33
fake_cusco,Op.ECR,24,23,0.0,60
fake_cusco,Op.ECR,24,25,0.0,60
fake_cusco,Op.ECR,16,26,0.9741424944854965,33
fake_cusco,Op.ECR,25,26,0.9789883834863992,33
fake_cusco,Op.ECR,27,26,0.9797807509013392,33
fake_cusco,Op.ECR,27,28,0.000380399980980001,36
fake_cusco,Op.ECR,28,29,0.00028659002865900267,36
fake_cusco,Op.ECR,30,29,0.9820751876697739,33
fake_cusco,Op.ECR,31,30,0.000514009974299501,36
fake_cusco,Op.ECR,32,31,0.0005606199719690021,36
fake_cusco,Op.ECR,36,32,0.9825135052786457,33
fake_cusco,Op.ECR,39,33,0.00016490026384042214,36
fake_cusco,Op.ECR,24,34,0.0,60
fake_cusco,Op.ECR,28,35,0.00039555992088801566,36
fake_cusco,Op.ECR,47,35,0.9736708476252991,33
fake_cusco,Op.ECR,51,36,0.9528116867872731,33
fake_cusco,Op.ECR,38,37,0.0,100
fake_cusco,Op.ECR,39,38,0.0,60
fake_cusco,Op.ECR,39,40,0.00021335998933200045,36
fake_cusco,Op.ECR,41,40,0.0,60
fake_cusco,Op.ECR,41,42,0.0,100
fake_cusco,Op.ECR,43,42,0.0,60
fake_cusco,Op.ECR,34,43,0.9828314204700422,33
fake_cusco,Op.ECR,44,43,0.9845519176415342,33
fake_cusco,Op.ECR,45,44,0.0,60
fake_cusco,Op.ECR,45,46,0.0,100
fake_cusco,Op.ECR,47,46,0.0,60
fake_cusco,Op.ECR,47,48,0.8640825430178469,33
fake_cusco,Op.ECR,49,48,0.9726310783785526,33
fake_cusco,Op.ECR,49,50,0.8897808717661275,33
fake_cusco,Op.ECR,50,51,0.9776766733030012,33
fake_cusco,Op.ECR,37,52,0.0,100
fake_cusco,Op.ECR,56,52,0.0,100
fake_cusco,Op.ECR,41,53,0.0,60
fake_cusco,Op.ECR,45,54,0.0,60
fake_cusco,Op.ECR,64,54,0.0,60
fake_cusco,Op.ECR,49,55,0.8940605372701341,36
fake_cusco,Op.ECR,68,55,0.0,36
fake_cusco,Op.ECR,57,56,0.0,100
fake_cusco,Op.ECR,58,57,0.0,60
fake_cusco,Op.ECR,59,58,0.0,60
fake_cusco,Op.ECR,71,58,0.0,60
fake_cusco,Op.ECR,53,60,0.0,60
fake_cusco,Op.ECR,59,60,0.0,100
fake_cusco,Op.ECR,61,60,0.0,60
fake_cusco,Op.ECR,61,62,0.9828311686264934,33
fake_cusco,Op.ECR,63,62,0.9631526885773349,33
fake_cusco,Op.ECR,63,64,0.0,60
fake_cusco,Op.ECR,64,65,0.0,60
fake_cusco,Op.ECR,66,65,0.0,60
fake_cusco,Op.ECR,73,66,0.0,60
fake_cusco,Op.ECR,66,67,0.0,100
fake_cusco,Op.ECR,68,67,0.0,60
fake_cusco,Op.ECR,69,68,0.0,60
fake_cusco,Op.ECR,69,70,0.0,60
fake_cusco,Op.ECR,74,70,0.9790958857512274,33
fake_cusco,Op.ECR,62,72,0.00024253998787300058,36
fake_cusco,Op.ECR,81,72,0.00019993999000300072,36
fake_cusco,Op.ECR,85,73,0.9580021809420286,33
fake_cusco,Op.ECR,89,74,0.9812422275614898,33
fake_cusco,Op.ECR,75,76,0.9857052058545079,33
fake_cusco,Op.ECR,77,76,0.9692255372268972,33
fake_cusco,Op.ECR,71,77,0.0,60
fake_cusco,Op.ECR,77,78,0.0,60
fake_cusco,Op.ECR,78,79,0.0,60
fake_cusco,Op.ECR,79,80,0.0,60
fake_cusco,Op.ECR,81,80,0.0,60
fake_cusco,Op.ECR,82,81,0.0,60
fake_cusco,Op.ECR,82,83,0.0,60
fake_cusco,Op.ECR,92,83,0.0002007802610143391,36
fake_cusco,Op.ECR,83,84,4.011002206051212e-05,36
fake_cusco,Op.ECR,84,85,0.9545880736798359,33
fake_cusco,Op.ECR,86,85,0.8823256558605261,36
fake_cusco,Op.ECR,86,87,0.0002180000218000021,36
fake_cusco,Op.ECR,88,87,0.899257291759677,36
fake_cusco,Op.ECR,89,88,0.9766231246233179,33
fake_cusco,Op.ECR,75,90,0.0,36
fake_cusco,Op.ECR,79,91,0.9576114763398209,33
fake_cusco,Op.ECR,102,92,0.9111168175614923,36
fake_cusco,Op.ECR,87,93,0.8634168640492039,36
fake_cusco,Op.ECR,106,93,0.9325451714463552,36
fake_cusco,Op.ECR,90,94,0.0,36
fake_cusco,Op.ECR,95,94,0.9503361661765829,33
fake_cusco,Op.ECR,95,96,0.9465540128830415,33
fake_cusco,Op.ECR,97,96,0.9029877645518357,36
fake_cusco,Op.ECR,109,96,0.0,60
fake_cusco,Op.ECR,98,97,0.7664234329927031,36
fake_cusco,Op.ECR,91,98,0.8617667885908158,36
fake_cusco,Op.ECR,98,99,0.9128446720659562,36
fake_cusco,Op.ECR,99,100,0.927544811616512,36
fake_cusco,Op.ECR,110,100,0.0,36
fake_cusco,Op.ECR,100,101,0.8982708498270859,36
fake_cusco,Op.ECR,101,102,0.9136425890996257,36
fake_cusco,Op.ECR,102,103,0.0,60
fake_cusco,Op.ECR,104,103,0.0,60
fake_cusco,Op.ECR,105,104,0.898030240196977,36
fake_cusco,Op.ECR,111,104,0.0,36
fake_cusco,Op.ECR,106,105,0.8315844190607828,36
fake_cusco,Op.ECR,107,106,0.9296979004142347,33
fake_cusco,Op.ECR,108,107,0.9560958720937938,33
fake_cusco,Op.ECR,112,108,0.0,60
fake_cusco,Op.ECR,114,109,0.0,60
fake_cusco,Op.ECR,122,111,0.0,60
fake_cusco,Op.ECR,126,112,0.0,60
fake_cusco,Op.ECR,114,113,0.9888486917842112,33
fake_cusco,Op.ECR,114,115,0.9903752797112585,33
fake_cusco,Op.ECR,115,116,0.990506869145619,33
fake_cusco,Op.ECR,117,116,0.9831594812429303,33
fake_cusco,Op.ECR,118,117,0.0,60
fake_cusco,Op.ECR,110,118,0.0,60
fake_cusco,Op.ECR,119,118,0.0,60
fake_cusco,Op.ECR,120,119,0.0,60
fake_cusco,Op.ECR,120,121,0.0,60
fake_cusco,Op.ECR,122,121,0.0,60
fake_cusco,Op.ECR,122,123,0.0,60
fake_cusco,Op.ECR,124,123,0.9829499188064966,33
fake_cusco,Op.ECR,124,125,0.9614817241042434,33
fake_cusco,Op.ECR,125,126,0.9701300070001044,33
fake_cusco,Op.MEAS,0,-1,1.0,2
fake_cusco,Op.MEAS,1,-1,1.93701172,2
fake_cusco,Op.MEAS,2,-1,1.98535156,2
fake_cusco,Op.MEAS,3,-1,1.96923828,2
fake_cusco,Op.MEAS,4,-1,1.97998046,2
fake_cusco,Op.MEAS,5,-1,1.97753906,2
fake_cusco,Op.MEAS,6,-1,1.85986328,2
fake_cusco,Op.MEAS,7,-1,1.57519532,2
fake_cusco,Op.MEAS,8,-1,1.94677734,2
fake_cusco,Op.MEAS,9,-1,1.94580078,2
fake_cusco,Op.MEAS,10,-1,1.98242188,2
fake_cusco,Op.MEAS,11,-1,1.96923828,2
fake_cusco,Op.MEAS,12,-1,1.85986328,2
fake_cusco,Op.MEAS,13,-1,1.97509766,2
fake_cusco,Op.MEAS,14,-1,1.0,2
fake_cusco,Op.MEAS,15,-1,1.83300782,2
fake_cusco,Op.MEAS,16,-1,1.95507812,2
fake_cusco,Op.MEAS,17,-1,1.96875,2
fake_cusco,Op.MEAS,18,-1,0.99707032,2
fake_cusco,Op.MEAS,19,-1,1.12646484,2
fake_cusco,Op.MEAS,20,-1,1.95019532,2
fake_cusco,Op.MEAS,21,-1,1.66748046,2
fake_cusco,Op.MEAS,22,-1,1.97070312,2
fake_cusco,Op.MEAS,23,-1,1.95214844,2
fake_cusco,Op.MEAS,24,-1,1.89746094,2
fake_cusco,Op.MEAS,25,-1,1.9711914,2
fake_cusco,Op.MEAS,26,-1,1.97558594,2
fake_cusco,Op.MEAS,27,-1,1.93017578,2
fake_cusco,Op.MEAS,28,-1,1.74707032,2
fake_cusco,Op.MEAS,29,-1,1.97363282,2
fake_cusco,Op.MEAS,30,-1,1.9765625,2
fake_cusco,Op.MEAS,31,-1,1.10302734,2
fake_cusco,Op.MEAS,32,-1,1.4819336,2
fake_cusco,Op.MEAS,33,-1,1.9741211,2
fake_cusco,Op.MEAS,34,-1,1.78027344,2
fake_cusco,Op.MEAS,35,-1,1.92480468,2
fake_cusco,Op.MEAS,36,-1,1.78808594,2
fake_cusco,Op.MEAS,37,-1,0.99902344,2
fake_cusco,Op.MEAS,38,-1,1.00195312,2
fake_cusco,Op.MEAS,39,-1,1.0,2
fake_cusco,Op.MEAS,40,-1,1.9296875,2
fake_cusco,Op.MEAS,41,-1,1.953125,2
fake_cusco,Op.MEAS,42,-1,1.93847656,2
fake_cusco,Op.MEAS,43,-1,1.9350586,2
fake_cusco,Op.MEAS,44,-1,1.93164062,2
fake_cusco,Op.MEAS,45,-1,1.91601562,2
fake_cusco,Op.MEAS,46,-1,1.93359376,2
fake_cusco,Op.MEAS,47,-1,1.95605468,2
fake_cusco,Op.MEAS,48,-1,1.80566406,2
fake_cusco,Op.MEAS,49,-1,1.81152344,2
fake_cusco,Op.MEAS,50,-1,1.9506836,2
fake_cusco,Op.MEAS,51,-1,1.79052734,2
fake_cusco,Op.MEAS,52,-1,1.0,2
fake_cusco,Op.MEAS,53,-1,1.94970704,2
fake_cusco,Op.MEAS,54,-1,1.93261718,2
fake_cusco,Op.MEAS,55,-1,1.95800782,2
fake_cusco,Op.MEAS,56,-1,1.0,2
fake_cusco,Op.MEAS,57,-1,1.0,2
fake_cusco,Op.MEAS,58,-1,1.98095704,2
fake_cusco,Op.MEAS,59,-1,1.94238282,2
fake_cusco,Op.MEAS,60,-1,1.84375,2
fake_cusco,Op.MEAS,61,-1,1.75341796,2
fake_cusco,Op.MEAS,62,-1,1.80419922,2
fake_cusco,Op.MEAS,63,-1,1.77783204,2
fake_cusco,Op.MEAS,64,-1,1.86767578,2
fake_cusco,Op.MEAS,65,-1,1.9375,2
fake_cusco,Op.MEAS,66,-1,1.9584961,2
fake_cusco,Op.MEAS,67,-1,1.80419922,2
fake_cusco,Op.MEAS,68,-1,1.90185546,2
fake_cusco,Op.MEAS,69,-1,1.88916016,2
fake_cusco,Op.MEAS,70,-1,1.9790039,2
fake_cusco,Op.MEAS,71,-1,1.0,2
fake_cusco,Op.MEAS,72,-1,1.47265624,2
fake_cusco,Op.MEAS,73,-1,1.91113282,2
fake_cusco,Op.MEAS,74,-1,1.97705078,2
fake_cusco,Op.MEAS,75,-1,0.99707032,2
fake_cusco,Op.MEAS,76,-1,1.0,2
fake_cusco,Op.MEAS,77,-1,1.00390624,2
fake_cusco,Op.MEAS,78,-1,1.0,2
fake_cusco,Op.MEAS,79,-1,1.88134766,2
fake_cusco,Op.MEAS,80,-1,1.87158204,2
fake_cusco,Op.MEAS,81,-1,1.82226562,2
fake_cusco,Op.MEAS,82,-1,1.61816406,2
fake_cusco,Op.MEAS,83,-1,1.34082032,2
fake_cusco,Op.MEAS,84,-1,1.9038086,2
fake_cusco,Op.MEAS,85,-1,1.80957032,2
fake_cusco,Op.MEAS,86,-1,1.8100586,2
fake_cusco,Op.MEAS,87,-1,1.7397461,2
fake_cusco,Op.MEAS,88,-1,1.94824218,2
fake_cusco,Op.MEAS,89,-1,1.984375,2
fake_cusco,Op.MEAS,90,-1,1.0,2
fake_cusco,Op.MEAS,91,-1,1.93457032,2
fake_cusco,Op.MEAS,92,-1,1.72509766,2
fake_cusco,Op.MEAS,93,-1,1.890625,2
fake_cusco,Op.MEAS,94,-1,1.0,2
fake_cusco,Op.MEAS,95,-1,1.0,2
fake_cusco,Op.MEAS,96,-1,1.0,2
fake_cusco,Op.MEAS,97,-1,1.0,2
fake_cusco,Op.MEAS,98,-1,1.87060546,2
fake_cusco,Op.MEAS,99,-1,1.9272461,2
fake_cusco,Op.MEAS,100,-1,1.80615234,2
fake_cusco,Op.MEAS,101,-1,1.0,2
fake_cusco,Op.MEAS,102,-1,1.87939454,2
fake_cusco,Op.MEAS,103,-1,1.88330078,2
fake_cusco,Op.MEAS,104,-1,1.61572266,2
fake_cusco,Op.MEAS,105,-1,1.89257812,2
fake_cusco,Op.MEAS,106,-1,1.90283204,2
fake_cusco,Op.MEAS,107,-1,1.89160156,2
fake_cusco,Op.MEAS,108,-1,1.96923828,2
fake_cusco,Op.MEAS,109,-1,1.0,2
fake_cusco,Op.MEAS,110,-1,1.92041016,2
fake_cusco,Op.MEAS,111,-1,1.72607422,2
fake_cusco,Op.MEAS,112,-1,1.9741211,2
fake_cusco,Op.MEAS,113,-1,0.99951172,2
fake_cusco,Op.MEAS,114,-1,1.0,2
fake_cusco,Op.MEAS,115,-1,0.99609376,2
fake_cusco,Op.MEAS,116,-1,1.0,2
fake_cusco,Op.MEAS,117,-1,1.0,2
fake_cusco,Op.MEAS,118,-1,1.0,2
fake_cusco,Op.MEAS,119,-1,1.0,2
fake_cusco,Op.MEAS,120,-1,1.0,2
fake_cusco,Op.MEAS,121,-1,1.7631836,2
fake_cusco,Op.MEAS,122,-1,1.89160156,2
fake_cusco,Op.MEAS,123,-1,1.8930664,2
fake_cusco,Op.MEAS,124,-1,1.96728516,2
fake_cusco,Op.MEAS,125,-1,1.9506836,2
fake_cusco,Op.MEAS,126,-1,1.89697266,2
fake_fez,Op.CZ,1,0,0.0,60
fake_fez,Op.CZ,0,1,0.0,60
fake_fez,Op.CZ,2,1,0.0,43
fake_fez,Op.CZ,1,2,0.0,43
fake_fez,Op.CZ,3,2,0.9961003688860521,19
fake_fez,Op.CZ,2,3,0.9961003688860521,19
fake_fez,Op.CZ,4,3,0.9943580387587672,33
fake_fez,Op.CZ,16,3,0.9945490070564639,33
fake_fez,Op.CZ,3,4,0.9943580387587672,33
fake_fez,Op.CZ,5,4,0.0,43
fake_fez,Op.CZ,4,5,0.0,43
fake_fez,Op.CZ,6,5,0.0,60
fake_fez,Op.CZ,5,6,0.0,60
fake_fez,Op.CZ,7,6,0.9940212447984836,33
fake_fez,Op.CZ,6,7,0.9940212447984836,33
fake_fez,Op.CZ,8,7,0.9935094884468889,33
fake_fez,Op.CZ,17,7,0.994411596144,33
fake_fez,Op.CZ,7,8,0.9935094884468889,33
fake_fez,Op.CZ,9,8,0.9959435314814146,27
fake_fez,Op.CZ,8,9,0.9959435314814146,27
fake_fez,Op.CZ,10,9,0.995439506500938,20
fake_fez,Op.CZ,9,10,0.995439506500938,20
fake_fez,Op.CZ,11,10,0.9946592136444637,33
fake_fez,Op.CZ,10,11,0.9946592136444637,33
fake_fez,Op.CZ,12,11,0.9945893461584364,33
fake_fez,Op.CZ,18,11,0.9951894027359979,33
fake_fez,Op.CZ,11,12,0.9945893461584364,33
fake_fez,Op.CZ,13,12,0.9958083946347451,26
fake_fez,Op.CZ,12,13,0.9958083946347451,26
fake_fez,Op.CZ,14,13,0.9950611568132893,20
fake_fez,Op.CZ,13,14,0.9950611568132893,20
fake_fez,Op.CZ,15,14,0.9926480538978836,33
fake_fez,Op.CZ,14,15,0.9926480538978836,33
fake_fez,Op.CZ,19,15,0.9961573785874144,19
fake_fez,Op.CZ,3,16,0.9945490070564639,33
fake_fez,Op.CZ,23,16,0.9950845960676764,33
fake_fez,Op.CZ,7,17,0.994411596144,33
fake_fez,Op.CZ,27,17,0.0,60
fake_fez,Op.CZ,11,18,0.9951894027359979,33
fake_fez,Op.CZ,31,18,0.9941328140999262,33
fake_fez,Op.CZ,15,19,0.9961573785874144,19
fake_fez,Op.CZ,35,19,0.9962543364781539,20
fake_fez,Op.CZ,21,20,0.989571303012773,33
fake_fez,Op.CZ,20,21,0.989571303012773,33
fake_fez,Op.CZ,22,21,0.9954055001218262,26
fake_fez,Op.CZ,36,21,0.9903843767304401,33
fake_fez,Op.CZ,21,22,0.9954055001218262,26
fake_fez,Op.CZ,23,22,0.9970333529097138,19
fake_fez,Op.CZ,16,23,0.9950845960676764,33
fake_fez,Op.CZ,22,23,0.9970333529097138,19
fake_fez,Op.CZ,24,23,0.0,43
fake_fez,Op.CZ,23,24,0.0,43
fake_fez,Op.CZ,25,24,0.0,60
fake_fez,Op.CZ,24,25,0.0,60
fake_fez,Op.CZ,26,25,0.9953416771584231,33
fake_fez,Op.CZ,37,25,0.9968379028220399,19
fake_fez,Op.CZ,25,26,0.9953416771584231,33
fake_fez,Op.CZ,27,26,0.0,60
fake_fez,Op.CZ,17,27,0.0,60
fake_fez,Op.CZ,26,27,0.0,60
fake_fez,Op.CZ,28,27,0.0,60
fake_fez,Op.CZ,27,28,0.0,60
fake_fez,Op.CZ,29,28,0.9926411328618978,33
fake_fez,Op.CZ,28,29,0.9926411328618978,33
fake_fez,Op.CZ,30,29,0.9914739505360847,33
fake_fez,Op.CZ,38,29,0.0,43
fake_fez,Op.CZ,29,30,0.9914739505360847,33
fake_fez,Op.CZ,31,30,0.988996532944627,33
fake_fez,Op.CZ,18,31,0.9941328140999262,33
fake_fez,Op.CZ,30,31,0.988996532944627,33
fake_fez,Op.CZ,32,31,2.255001578501107e-05,32
fake_fez,Op.CZ,31,32,2.255001578501107e-05,32
fake_fez,Op.CZ,33,32,1.8790013153009224e-05,32
fake_fez,Op.CZ,32,33,1.8790013153009224e-05,32
fake_fez,Op.CZ,34,33,0.9945982405469224,33
fake_fez,Op.CZ,39,33,0.9957583812096289,21
fake_fez,Op.CZ,33,34,0.9945982405469224,33
fake_fez,Op.CZ,35,34,0.9951428310142376,27
fake_fez,Op.CZ,19,35,0.9962543364781539,20
fake_fez,Op.CZ,34,35,0.9951428310142376,27
fake_fez,Op.CZ,21,36,0.9903843767304401,33
fake_fez,Op.CZ,41,36,0.9966861614834348,19
fake_fez,Op.CZ,25,37,0.9968379028220399,19
fake_fez,Op.CZ,45,37,0.0,43
fake_fez,Op.CZ,29,38,0.0,43
fake_fez,Op.CZ,49,38,0.0,60
fake_fez,Op.CZ,33,39,0.9957583812096289,21
fake_fez,Op.CZ,53,39,0.9947614945464096,21
fake_fez,Op.CZ,41,40,0.9963140790528142,19
fake_fez,Op.CZ,36,41,0.9966861614834348,19
fake_fez,Op.CZ,40,41,0.9963140790528142,19
fake_fez,Op.CZ,42,41,0.9919322235457784,33
fake_fez,Op.CZ,41,42,0.9919322235457784,33
fake_fez,Op.CZ,43,42,0.992783051339662,33
fake_fez,Op.CZ,42,43,0.992783051339662,33
fake_fez,Op.CZ,44,43,0.0,60
fake_fez,Op.CZ,56,43,0.0,60
fake_fez,Op.CZ,43,44,0.0,60
fake_fez,Op.CZ,45,44,0.0,100
fake_fez,Op.CZ,37,45,0.0,43
fake_fez,Op.CZ,44,45,0.0,100
fake_fez,Op.CZ,46,45,0.0,43
fake_fez,Op.CZ,45,46,0.0,43
fake_fez,Op.CZ,47,46,0.9935837865259519,21
fake_fez,Op.CZ,46,47,0.9935837865259519,21
fake_fez,Op.CZ,48,47,0.9955012693829968,21
fake_fez,Op.CZ,57,47,0.9954641268459667,27
fake_fez,Op.CZ,47,48,0.9955012693829968,21
fake_fez,Op.CZ,49,48,0.994562872981792,21
fake_fez,Op.CZ,38,49,0.0,60
fake_fez,Op.CZ,48,49,0.994562872981792,21
fake_fez,Op.CZ,50,49,0.9942603501851985,27
fake_fez,Op.CZ,49,50,0.9942603501851985,27
fake_fez,Op.CZ,51,50,0.99477165785638,33
fake_fez,Op.CZ,50,51,0.99477165785638,33
fake_fez,Op.CZ,52,51,0.9962904031372456,27
fake_fez,Op.CZ,58,51,0.995100943484254,26
fake_fez,Op.CZ,51,52,0.9962904031372456,27
fake_fez,Op.CZ,53,52,0.9946523313367767,27
fake_fez,Op.CZ,39,53,0.9947614945464096,21
fake_fez,Op.CZ,52,53,0.9946523313367767,27
fake_fez,Op.CZ,54,53,0.9873548243096706,33
fake_fez,Op.CZ,53,54,0.9873548243096706,33
fake_fez,Op.CZ,55,54,0.0,60
fake_fez,Op.CZ,54,55,0.0,60
fake_fez,Op.CZ,59,55,0.0,100
fake_fez,Op.CZ,43,56,0.0,60
fake_fez,Op.CZ,63,56,0.0,60
fake_fez,Op.CZ,47,57,0.9954641268459667,27
fake_fez,Op.CZ,67,57,0.9942841301687035,33
fake_fez,Op.CZ,51,58,0.995100943484254,26
fake_fez,Op.CZ,71,58,0.9956513291718095,20
fake_fez,Op.CZ,55,59,0.0,100
fake_fez,Op.CZ,75,59,0.0,60
fake_fez,Op.CZ,61,60,0.9952248017389075,27
fake_fez,Op.CZ,60,61,0.9952248017389075,27
fake_fez,Op.CZ,62,61,0.9954147469320291,21
fake_fez,Op.CZ,76,61,0.9952077045688086,26
fake_fez,Op.CZ,61,62,0.9954147469320291,21
fake_fez,Op.CZ,63,62,0.9904103286574469,33
fake_fez,Op.CZ,56,63,0.0,60
fake_fez,Op.CZ,62,63,0.9904103286574469,33
fake_fez,Op.CZ,64,63,0.9580600432896077,33
fake_fez,Op.CZ,63,64,0.9580600432896077,33
fake_fez,Op.CZ,65,64,0.9950395032537226,33
fake_fez,Op.CZ,64,65,0.9950395032537226,33
fake_fez,Op.CZ,66,65,0.9950331296689092,20
fake_fez,Op.CZ,77,65,0.994072435257949,33
fake_fez,Op.CZ,65,66,0.9950331296689092,20
fake_fez,Op.CZ,67,66,0.9946674965087668,21
fake_fez,Op.CZ,57,67,0.9942841301687035,33
fake_fez,Op.CZ,66,67,0.9946674965087668,21
fake_fez,Op.CZ,68,67,0.9947030424783191,33
fake_fez,Op.CZ,67,68,0.9947030424783191,33
fake_fez,Op.CZ,69,68,3.152002206401545e-05,32
fake_fez,Op.CZ,68,69,3.152002206401545e-05,32
fake_fez,Op.CZ,70,69,0.9928256333278381,33
fake_fez,Op.CZ,78,69,0.9916530507512261,33
fake_fez,Op.CZ,69,70,0.9928256333278381,33
fake_fez,Op.CZ,71,70,0.9946479347014558,33
fake_fez,Op.CZ,58,71,0.9956513291718095,20
fake_fez,Op.CZ,70,71,0.9946479347014558,33
fake_fez,Op.CZ,72,71,0.9499691910006169,33
fake_fez,Op.CZ,71,72,0.9499691910006169,33
fake_fez,Op.CZ,73,72,0.9647763050510365,33
fake_fez,Op.CZ,72,73,0.9647763050510365,33
fake_fez,Op.CZ,74,73,0.9954904858061513,33
fake_fez,Op.CZ,79,73,0.995293400586801,33
fake_fez,Op.CZ,73,74,0.9954904858061513,33
fake_fez,Op.CZ,75,74,0.9933655079433082,33
fake_fez,Op.CZ,59,75,0.0,60
fake_fez,Op.CZ,74,75,0.9933655079433082,33
fake_fez,Op.CZ,61,76,0.9952077045688086,26
fake_fez,Op.CZ,81,76,0.9967150197372016,8
fake_fez,Op.CZ,65,77,0.994072435257949,33
fake_fez,Op.CZ,85,77,0.9954606897865521,21
fake_fez,Op.CZ,69,78,0.9916530507512261,33
fake_fez,Op.CZ,89,78,0.9941530443886281,33
fake_fez,Op.CZ,73,79,0.995293400586801,33
fake_fez,Op.CZ,93,79,0.9944985745960084,27
fake_fez,Op.CZ,81,80,0.0,60
fake_fez,Op.CZ,76,81,0.9967150197372016,8
fake_fez,Op.CZ,80,81,0.0,60
fake_fez,Op.CZ,82,81,0.9897194484579154,33
fake_fez,Op.CZ,81,82,0.9897194484579154,33
fake_fez,Op.CZ,83,82,0.9880250066470011,33
fake_fez,Op.CZ,82,83,0.9880250066470011,33
fake_fez,Op.CZ,84,83,0.9961587752752945,26
fake_fez,Op.CZ,96,83,0.9958932224435284,26
fake_fez,Op.CZ,83,84,0.9961587752752945,26
fake_fez,Op.CZ,85,84,0.9958480230661981,20
fake_fez,Op.CZ,77,85,0.9954606897865521,21
fake_fez,Op.CZ,84,85,0.9958480230661981,20
fake_fez,Op.CZ,86,85,0.9956488411236353,20
fake_fez,Op.CZ,85,86,0.9956488411236353,20
fake_fez,Op.CZ,87,86,0.0,26
fake_fez,Op.CZ,86,87,0.0,26
fake_fez,Op.CZ,88,87,0.0,26
fake_fez,Op.CZ,97,87,0.0,60
fake_fez,Op.CZ,87,88,0.0,26
fake_fez,Op.CZ,89,88,0.9964712092018999,20
fake_fez,Op.CZ,78,89,0.9941530443886281,33
fake_fez,Op.CZ,88,89,0.9964712092018999,20
fake_fez,Op.CZ,90,89,0.9959498725882665,26
fake_fez,Op.CZ,89,90,0.9959498725882665,26
fake_fez,Op.CZ,91,90,0.9947516976140063,20
fake_fez,Op.CZ,90,91,0.9947516976140063,20
fake_fez,Op.CZ,92,91,0.9960663461450188,20
fake_fez,Op.CZ,98,91,0.9947909599999998,9
fake_fez,Op.CZ,91,92,0.9960663461450188,20
fake_fez,Op.CZ,93,92,0.9957692887039995,26
fake_fez,Op.CZ,79,93,0.9944985745960084,27
fake_fez,Op.CZ,92,93,0.9957692887039995,26
fake_fez,Op.CZ,94,93,0.9832420581566261,33
fake_fez,Op.CZ,93,94,0.9832420581566261,33
fake_fez,Op.CZ,95,94,0.9853783172218811,33
fake_fez,Op.CZ,94,95,0.9853783172218811,33
fake_fez,Op.CZ,99,95,0.991255829387908,33
fake_fez,Op.CZ,83,96,0.9958932224435284,26
fake_fez,Op.CZ,103,96,0.9939482927379522,33
fake_fez,Op.CZ,87,97,0.0,60
fake_fez,Op.CZ,107,97,0.0,43
fake_fez,Op.CZ,91,98,0.9947909599999998,9
fake_fez,Op.CZ,111,98,0.9919353934676673,33
fake_fez,Op.CZ,95,99,0.991255829387908,33
fake_fez,Op.CZ,115,99,0.9923668653437879,33
fake_fez,Op.CZ,101,100,0.991505090764542,33
fake_fez,Op.CZ,100,101,0.9915050907645417,33
fake_fez,Op.CZ,102,101,0.9932165071113627,27
fake_fez,Op.CZ,116,101,0.0,60
fake_fez,Op.CZ,101,102,0.9932165071113627,27
fake_fez,Op.CZ,103,102,0.9955371490660144,26
fake_fez,Op.CZ,96,103,0.9939482927379522,33
fake_fez,Op.CZ,102,103,0.9955371490660144,26
fake_fez,Op.CZ,104,103,0.9937422653692776,33
fake_fez,Op.CZ,103,104,0.9937422653692776,33
fake_fez,Op.CZ,105,104,0.9943833151696527,33
fake_fez,Op.CZ,104,105,0.9943833151696527,33
fake_fez,Op.CZ,106,105,0.0,43
fake_fez,Op.CZ,117,105,0.9757956716809364,33
fake_fez,Op.CZ,105,106,0.0,43
fake_fez,Op.CZ,107,106,0.0,60
fake_fez,Op.CZ,97,107,0.0,43
fake_fez,Op.CZ,106,107,0.0,60
fake_fez,Op.CZ,108,107,0.995505848764621,20
fake_fez,Op.CZ,107,108,0.995505848764621,20
fake_fez,Op.CZ,109,108,0.9951056539799552,33
fake_fez,Op.CZ,108,109,0.9951056539799552,33
fake_fez,Op.CZ,110,109,0.9960266226095188,26
fake_fez,Op.CZ,118,109,0.995616156760793,26
fake_fez,Op.CZ,109,110,0.9960266226095188,26
fake_fez,Op.CZ,111,110,0.9958177415518388,26
fake_fez,Op.CZ,98,111,0.9919353934676673,33
fake_fez,Op.CZ,110,111,0.9958177415518388,26
fake_fez,Op.CZ,112,111,0.9935867458313857,33
fake_fez,Op.CZ,111,112,0.9935867458313857,33
fake_fez,Op.CZ,113,112,0.9927169305320105,27
fake_fez,Op.CZ,112,113,0.9927169305320105,27
fake_fez,Op.CZ,114,113,0.9907525109247501,33
fake_fez,Op.CZ,119,113,0.9934185943399914,33
fake_fez,Op.CZ,113,114,0.9907525109247501,33
fake_fez,Op.CZ,115,114,0.9920688026239879,33
fake_fez,Op.CZ,99,115,0.9923668653437879,33
fake_fez,Op.CZ,114,115,0.9920688026239879,33
fake_fez,Op.CZ,101,116,0.0,60
fake_fez,Op.CZ,121,116,0.0,60
fake_fez,Op.CZ,105,117,0.9757956716809364,33
fake_fez,Op.CZ,125,117,0.9965905000101659,21
fake_fez,Op.CZ,109,118,0.995616156760793,26
fake_fez,Op.CZ,129,118,0.9950464693499075,33
fake_fez,Op.CZ,113,119,0.9934185943399914,33
fake_fez,Op.CZ,133,119,0.993288962215196,33
fake_fez,Op.CZ,121,120,0.9954871164162206,27
fake_fez,Op.CZ,116,121,0.0,60
fake_fez,Op.CZ,120,121,0.9954871164162206,27
fake_fez,Op.CZ,122,121,0.994371159305203,33
fake_fez,Op.CZ,121,122,0.994371159305203,33
fake_fez,Op.CZ,123,122,0.9946637016753734,33
fake_fez,Op.CZ,122,123,0.9946637016753734,33
fake_fez,Op.CZ,124,123,0.0,60
fake_fez,Op.CZ,136,123,0.9953969281127407,33
fake_fez,Op.CZ,123,124,0.0,60
fake_fez,Op.CZ,125,124,0.0,43
fake_fez,Op.CZ,117,125,0.9965905000101659,21
fake_fez,Op.CZ,124,125,0.0,43
fake_fez,Op.CZ,126,125,0.9960209346805986,21
fake_fez,Op.CZ,125,126,0.9960209346805986,21
fake_fez,Op.CZ,127,126,0.9957431653600494,33
fake_fez,Op.CZ,126,127,0.9957431653600494,33
fake_fez,Op.CZ,128,127,0.9951450646110215,33
fake_fez,Op.CZ,137,127,0.0,60
fake_fez,Op.CZ,127,128,0.9951450646110215,33
fake_fez,Op.CZ,129,128,0.9932976939679231,33
fake_fez,Op.CZ,118,129,0.9950464693499075,33
fake_fez,Op.CZ,128,129,0.9932976939679231,33
fake_fez,Op.CZ,130,129,0.0,60
fake_fez,Op.CZ,129,130,0.0,60
fake_fez,Op.CZ,131,130,0.0,100
fake_fez,Op.CZ,130,131,0.0,100
fake_fez,Op.CZ,132,131,0.0,100
fake_fez,Op.CZ,138,131,0.0,100
fake_fez,Op.CZ,131,132,0.0,100
fake_fez,Op.CZ,133,132,0.0,43
fake_fez,Op.CZ,119,133,0.993288962215196,33
fake_fez,Op.CZ,132,133,0.0,43
fake_fez,Op.CZ,134,133,0.9946929720091747,21
fake_fez,Op.CZ,133,134,0.9946929720091747,21
fake_fez,Op.CZ,135,134,0.9947945741755047,21
fake_fez,Op.CZ,134,135,0.9947945741755047,21
fake_fez,Op.CZ,139,135,0.9912031968927633,33
fake_fez,Op.CZ,123,136,0.9953969281127407,33
fake_fez,Op.CZ,143,136,0.9965995655454308,26
fake_fez,Op.CZ,127,137,0.0,60
fake_fez,Op.CZ,147,137,0.0,60
fake_fez,Op.CZ,131,138,0.0,100
fake_fez,Op.CZ,151,138,0.0,60
fake_fez,Op.CZ,135,139,0.9912031968927633,33
fake_fez,Op.CZ,155,139,0.00017586051878853035,32
fake_fez,Op.CZ,141,140,0.9962465490774575,21
fake_fez,Op.CZ,140,141,0.9962465490774575,21
fake_fez,Op.CZ,142,141,0.9960980069283238,20
fake_fez,Op.CZ,141,142,0.9960980069283238,20
fake_fez,Op.CZ,143,142,0.9955954682822327,33
fake_fez,Op.CZ,136,143,0.9965995655454308,26
fake_fez,Op.CZ,142,143,0.9955954682822327,33
fake_fez,Op.CZ,144,143,0.0,60
fake_fez,Op.CZ,143,144,0.0,60
fake_fez,Op.CZ,145,144,0.0,43
fake_fez,Op.CZ,144,145,0.0,43
fake_fez,Op.CZ,146,145,0.9956534697856538,27
fake_fez,Op.CZ,145,146,0.9956534697856538,27
fake_fez,Op.CZ,147,146,0.9943621902465888,27
fake_fez,Op.CZ,137,147,0.0,60
fake_fez,Op.CZ,146,147,0.9943621902465888,27
fake_fez,Op.CZ,148,147,0.0,60
fake_fez,Op.CZ,147,148,0.0,60
fake_fez,Op.CZ,149,148,0.0,60
fake_fez,Op.CZ,148,149,0.0,60
fake_fez,Op.CZ,150,149,0.9793363298748029,33
fake_fez,Op.CZ,149,150,0.9793363298748029,33
fake_fez,Op.CZ,151,150,0.9834731558682904,33
fake_fez,Op.CZ,138,151,0.0,60
fake_fez,Op.CZ,150,151,0.9834731558682904,33
fake_fez,Op.CZ,152,151,0.9951414765504486,33
fake_fez,Op.CZ,151,152,0.9951414765504486,33
fake_fez,Op.CZ,153,152,0.9948209965818576,33
fake_fez,Op.CZ,152,153,0.9948209965818576,33
fake_fez,Op.CZ,154,153,0.9371903692728224,33
fake_fez,Op.CZ,153,154,0.9371903692728224,33
fake_fez,Op.CZ,155,154,0.9956004230926645,20
fake_fez,Op.CZ,139,155,0.00017586051878853035,32
fake_fez,Op.CZ,154,155,0.9956004230926645,20
fake_fez,Op.RESET,0,-1,0.9656897600000001,3
fake_fez,Op.RESET,1,-1,0.0,3
fake_fez,Op.RESET,2,-1,0.98926316,3
fake_fez,Op.RESET,3,-1,0.99274742,3
fake_fez,Op.RESET,4,-1,0.99100124,3
fake_fez,Op.RESET,5,-1,0.0,3
fake_fez,Op.RESET,6,-1,0.99022415,3
fake_fez,Op.RESET,7,-1,0.9781625100000001,3
fake_fez,Op.RESET,8,-1,0.97155395,3
fake_fez,Op.RESET,9,-1,0.9823176600000001,3
fake_fez,Op.RESET,10,-1,0.98864072,3
fake_fez,Op.RESET,11,-1,0.98178378,3
fake_fez,Op.RESET,12,-1,0.98004187,3
fake_fez,Op.RESET,13,-1,0.9931331200686689,3
fake_fez,Op.RESET,14,-1,0.97953417,3
fake_fez,Op.RESET,15,-1,0.99122607,3
fake_fez,Op.RESET,16,-1,0.98808137,3
fake_fez,Op.RESET,17,-1,0.9877363,3
fake_fez,Op.RESET,18,-1,0.98352913,3
fake_fez,Op.RESET,19,-1,0.98920789,3
fake_fez,Op.RESET,20,-1,0.9895289401047106,3
fake_fez,Op.RESET,21,-1,0.9923139699231397,3
fake_fez,Op.RESET,22,-1,0.98285793,3
fake_fez,Op.RESET,23,-1,0.9890797600000001,3
fake_fez,Op.RESET,24,-1,0.0,3
fake_fez,Op.RESET,25,-1,0.9877521800000001,3
fake_fez,Op.RESET,26,-1,0.98563348,3
fake_fez,Op.RESET,27,-1,0.0,3
fake_fez,Op.RESET,28,-1,0.99065701,3
fake_fez,Op.RESET,29,-1,0.9809062700000001,3
fake_fez,Op.RESET,30,-1,0.9883617301163827,3
fake_fez,Op.RESET,31,-1,0.98353776,3
fake_fez,Op.RESET,32,-1,0.98421859,3
fake_fez,Op.RESET,33,-1,0.98435768,3
fake_fez,Op.RESET,34,-1,0.97895103,3
fake_fez,Op.RESET,35,-1,0.9793115502068845,3
fake_fez,Op.RESET,36,-1,0.9881530301184698,3
fake_fez,Op.RESET,37,-1,0.99224415,3
fake_fez,Op.RESET,38,-1,0.0,3
fake_fez,Op.RESET,39,-1,0.9828983701710163,3
fake_fez,Op.RESET,40,-1,0.98845395,3
fake_fez,Op.RESET,41,-1,0.9908690100913099,3
fake_fez,Op.RESET,42,-1,0.97500012,3
fake_fez,Op.RESET,43,-1,0.9841627401583727,3
fake_fez,Op.RESET,44,-1,0.0,3
fake_fez,Op.RESET,45,-1,0.0,3
fake_fez,Op.RESET,46,-1,0.92843879,3
fake_fez,Op.RESET,47,-1,0.9849855601501445,3
fake_fez,Op.RESET,48,-1,0.9574287800000001,3
fake_fez,Op.RESET,49,-1,0.95508692,3
fake_fez,Op.RESET,50,-1,0.9885711901142882,3
fake_fez,Op.RESET,51,-1,0.98757836,3
fake_fez,Op.RESET,52,-1,0.9788675397886754,3
fake_fez,Op.RESET,53,-1,0.9581240400000001,3
fake_fez,Op.RESET,54,-1,0.98994702,3
fake_fez,Op.RESET,55,-1,0.0,3
fake_fez,Op.RESET,56,-1,0.0,3
fake_fez,Op.RESET,57,-1,0.98079689,3
fake_fez,Op.RESET,58,-1,0.97556407,3
fake_fez,Op.RESET,59,-1,0.0,3
fake_fez,Op.RESET,60,-1,0.96747371,3
fake_fez,Op.RESET,61,-1,0.9846799,3
fake_fez,Op.RESET,62,-1,0.9728159200000001,3
fake_fez,Op.RESET,63,-1,0.92127529,3
fake_fez,Op.RESET,64,-1,0.98332427,3
fake_fez,Op.RESET,65,-1,0.98619049,3
fake_fez,Op.RESET,66,-1,0.94614014,3
fake_fez,Op.RESET,67,-1,0.98288175,3
fake_fez,Op.RESET,68,-1,0.98306038,3
fake_fez,Op.RESET,69,-1,0.982954799829548,3
fake_fez,Op.RESET,70,-1,0.9843049700000001,3
fake_fez,Op.RESET,71,-1,0.99069906,3
fake_fez,Op.RESET,72,-1,0.9851869501481305,3
fake_fez,Op.RESET,73,-1,0.9814861098148611,3
fake_fez,Op.RESET,74,-1,0.98801346,3
fake_fez,Op.RESET,75,-1,0.98877907,3
fake_fez,Op.RESET,76,-1,0.98066127,3
fake_fez,Op.RESET,77,-1,0.98083279,3
fake_fez,Op.RESET,78,-1,0.97410991,3
fake_fez,Op.RESET,79,-1,0.97739655,3
fake_fez,Op.RESET,80,-1,0.0,3
fake_fez,Op.RESET,81,-1,0.95894678,3
fake_fez,Op.RESET,82,-1,0.9701758702982414,3
fake_fez,Op.RESET,83,-1,0.99205867,3
fake_fez,Op.RESET,84,-1,0.985423,3
fake_fez,Op.RESET,85,-1,0.9606531703934683,3
fake_fez,Op.RESET,86,-1,0.98397338,3
fake_fez,Op.RESET,87,-1,0.0,2
fake_fez,Op.RESET,88,-1,0.98593849,3
fake_fez,Op.RESET,89,-1,0.9863871401361286,3
fake_fez,Op.RESET,90,-1,0.98327871,3
fake_fez,Op.RESET,91,-1,0.9490085605099143,3
fake_fez,Op.RESET,92,-1,0.98368883,3
fake_fez,Op.RESET,93,-1,0.98351618,3
fake_fez,Op.RESET,94,-1,0.8936527689365277,3
fake_fez,Op.RESET,95,-1,0.97560375,3
fake_fez,Op.RESET,96,-1,0.98553175,3
fake_fez,Op.RESET,97,-1,0.0,3
fake_fez,Op.RESET,98,-1,0.9561559,3
fake_fez,Op.RESET,99,-1,0.9495085494950855,3
fake_fez,Op.RESET,100,-1,0.96852512,3
fake_fez,Op.RESET,101,-1,0.94941007,3
fake_fez,Op.RESET,102,-1,0.9891551,3
fake_fez,Op.RESET,103,-1,0.98800708,3
fake_fez,Op.RESET,104,-1,0.98555005,3
fake_fez,Op.RESET,105,-1,0.98900278,3
fake_fez,Op.RESET,106,-1,0.0,3
fake_fez,Op.RESET,107,-1,0.95989553,3
fake_fez,Op.RESET,108,-1,0.9881478,3
fake_fez,Op.RESET,109,-1,0.9829536698295367,3
fake_fez,Op.RESET,110,-1,0.98921884,3
fake_fez,Op.RESET,111,-1,0.98036433,3
fake_fez,Op.RESET,112,-1,0.9562761,3
fake_fez,Op.RESET,113,-1,0.9615832303841677,3
fake_fez,Op.RESET,114,-1,0.97733241,3
fake_fez,Op.RESET,115,-1,0.98727694,3
fake_fez,Op.RESET,116,-1,0.0,3
fake_fez,Op.RESET,117,-1,0.98710745,3
fake_fez,Op.RESET,118,-1,0.98101814,3
fake_fez,Op.RESET,119,-1,0.97744186,3
fake_fez,Op.RESET,120,-1,0.9740387097403871,3
fake_fez,Op.RESET,121,-1,0.9902010199020101,3
fake_fez,Op.RESET,122,-1,0.98356411,3
fake_fez,Op.RESET,123,-1,0.98799576,3
fake_fez,Op.RESET,124,-1,0.0,3
fake_fez,Op.RESET,125,-1,0.97939638,3
fake_fez,Op.RESET,126,-1,0.97774626,3
fake_fez,Op.RESET,127,-1,0.98677137,3
fake_fez,Op.RESET,128,-1,0.97499241,3
fake_fez,Op.RESET,129,-1,0.9861613,3
fake_fez,Op.RESET,130,-1,0.0,3
fake_fez,Op.RESET,131,-1,0.0,3
fake_fez,Op.RESET,132,-1,0.0,3
fake_fez,Op.RESET,133,-1,0.9797116100000001,3
fake_fez,Op.RESET,134,-1,0.96106194,3
fake_fez,Op.RESET,135,-1,0.98711665,3
fake_fez,Op.RESET,136,-1,0.98339522,3
fake_fez,Op.RESET,137,-1,0.0,3
fake_fez,Op.RESET,138,-1,0.0,3
fake_fez,Op.RESET,139,-1,0.9765310197653102,3
fake_fez,Op.RESET,140,-1,0.96353979,3
fake_fez,Op.RESET,141,-1,0.98672834,3
fake_fez,Op.RESET,142,-1,0.9898139898981398,3
fake_fez,Op.RESET,143,-1,0.98831959,3
fake_fez,Op.RESET,144,-1,0.0,3
fake_fez,Op.RESET,145,-1,0.9891188,3
fake_fez,Op.RESET,146,-1,0.95525284,3
fake_fez,Op.RESET,147,-1,0.9856259,3
fake_fez,Op.RESET,148,-1,0.0,3
fake_fez,Op.RESET,149,-1,0.88322546,3
fake_fez,Op.RESET,150,-1,0.87205057,3
fake_fez,Op.RESET,151,-1,0.9853937100000001,3
fake_fez,Op.RESET,152,-1,0.98789674,3
fake_fez,Op.RESET,153,-1,0.97891497,3
fake_fez,Op.RESET,154,-1,0.9879610798796107,3
fake_fez,Op.RESET,155,-1,0.9564301304356988,3
fake_fez,Op.SX,0,-1,0.9987310099619302,6
fake_fez,Op.SX,1,-1,0.0,10
fake_fez,Op.SX,2,-1,0.9996817599936351,5
fake_fez,Op.SX,3,-1,0.9996139599806981,5
fake_fez,Op.SX,4,-1,0.9996500699860027,5
fake_fez,Op.SX,5,-1,0.0,10
fake_fez,Op.SX,6,-1,0.9995933399837338,5
fake_fez,Op.SX,7,-1,0.9995085499705131,5
fake_fez,Op.SX,8,-1,0.9995064499901292,5
fake_fez,Op.SX,9,-1,0.999619149984766,5
fake_fez,Op.SX,10,-1,0.9996022899840916,5
fake_fez,Op.SX,11,-1,0.99964749999295,5
fake_fez,Op.SX,12,-1,0.9995403599908071,5
fake_fez,Op.SX,13,-1,0.9997252199945045,5
fake_fez,Op.SX,14,-1,0.9996853300031467,3
fake_fez,Op.SX,15,-1,0.9994659499679569,5
fake_fez,Op.SX,16,-1,0.998962549834008,5
fake_fez,Op.SX,17,-1,0.9996230999849239,5
fake_fez,Op.SX,18,-1,0.9995170099758507,5
fake_fez,Op.SX,19,-1,0.9995599799823991,5
fake_fez,Op.SX,20,-1,0.9997745099954902,5
fake_fez,Op.SX,21,-1,0.9994065099762605,5
fake_fez,Op.SX,22,-1,0.9996740199999998,5
fake_fez,Op.SX,23,-1,0.999743719997437,5
fake_fez,Op.SX,24,-1,0.0,10
fake_fez,Op.SX,25,-1,0.9996887899906638,5
fake_fez,Op.SX,26,-1,0.9996137399806869,5
fake_fez,Op.SX,27,-1,0.0,10
fake_fez,Op.SX,28,-1,0.999738049994761,5
fake_fez,Op.SX,29,-1,0.9996501900000001,5
fake_fez,Op.SX,30,-1,0.9996309199852368,5
fake_fez,Op.SX,31,-1,0.9990394498367065,5
fake_fez,Op.SX,32,-1,0.9996202599886079,5
fake_fez,Op.SX,33,-1,0.999637099992742,5
fake_fez,Op.SX,34,-1,0.9995240899809634,5
fake_fez,Op.SX,35,-1,0.99968224,3
fake_fez,Op.SX,36,-1,0.9996534999896051,5
fake_fez,Op.SX,37,-1,0.9996767699935354,5
fake_fez,Op.SX,38,-1,0.0,10
fake_fez,Op.SX,39,-1,0.9996071599882147,5
fake_fez,Op.SX,40,-1,0.9996116599922332,5
fake_fez,Op.SX,41,-1,0.9996896599937931,5
fake_fez,Op.SX,42,-1,0.9995241599809664,5
fake_fez,Op.SX,43,-1,0.9996493399894804,5
fake_fez,Op.SX,44,-1,0.0,10
fake_fez,Op.SX,45,-1,0.0,10
fake_fez,Op.SX,46,-1,0.99884194,3
fake_fez,Op.SX,47,-1,0.9995617099780857,5
fake_fez,Op.SX,48,-1,0.99933601,3
fake_fez,Op.SX,49,-1,0.9992964,3
fake_fez,Op.SX,50,-1,0.9996773799870952,5
fake_fez,Op.SX,51,-1,0.999619049992381,5
fake_fez,Op.SX,52,-1,0.9996089499960896,5
fake_fez,Op.SX,53,-1,0.9993440100000001,3
fake_fez,Op.SX,54,-1,0.9994267099713353,5
fake_fez,Op.SX,55,-1,0.0,10
fake_fez,Op.SX,56,-1,0.0,10
fake_fez,Op.SX,57,-1,0.9992060198809027,5
fake_fez,Op.SX,58,-1,0.9995788799957888,5
fake_fez,Op.SX,59,-1,0.0,10
fake_fez,Op.SX,60,-1,0.99949625,3
fake_fez,Op.SX,61,-1,0.9994338199547056,5
fake_fez,Op.SX,62,-1,0.9995056499901129,5
fake_fez,Op.SX,63,-1,0.9987240799872408,3
fake_fez,Op.SX,64,-1,0.9997092699970925,5
fake_fez,Op.SX,65,-1,0.9994568999619831,5
fake_fez,Op.SX,66,-1,0.99914951,3
fake_fez,Op.SX,67,-1,0.9993552999484242,5
fake_fez,Op.SX,68,-1,0.999539449981578,5
fake_fez,Op.SX,69,-1,0.9996089799882694,5
fake_fez,Op.SX,70,-1,0.9994477599613432,5
fake_fez,Op.SX,71,-1,0.9997558200000001,5
fake_fez,Op.SX,72,-1,0.999570249974215,5
fake_fez,Op.SX,73,-1,0.99967897,5
fake_fez,Op.SX,74,-1,0.9996497199859888,5
fake_fez,Op.SX,75,-1,0.99622593,6
fake_fez,Op.SX,76,-1,0.9995904999877152,5
fake_fez,Op.SX,77,-1,0.9996702199901066,5
fake_fez,Op.SX,78,-1,0.9994986699849601,5
fake_fez,Op.SX,79,-1,0.9995419599862587,5
fake_fez,Op.SX,80,-1,0.0,10
fake_fez,Op.SX,81,-1,0.999355700006443,3
fake_fez,Op.SX,82,-1,0.9993176999385929,5
fake_fez,Op.SX,83,-1,0.9987841898176285,5
fake_fez,Op.SX,84,-1,0.9995889899835596,5
fake_fez,Op.SX,85,-1,0.99938526,3
fake_fez,Op.SX,86,-1,0.9995725799786288,5
fake_fez,Op.SX,87,-1,0.0,2
fake_fez,Op.SX,88,-1,0.9996159899884796,5
fake_fez,Op.SX,89,-1,0.9997615399976154,5
fake_fez,Op.SX,90,-1,0.9995722899786145,5
fake_fez,Op.SX,91,-1,0.99919406,3
fake_fez,Op.SX,92,-1,0.9995838399875152,5
fake_fez,Op.SX,93,-1,0.9997233800027663,5
fake_fez,Op.SX,94,-1,0.9982161199286448,3
fake_fez,Op.SX,95,-1,0.99962414,3
fake_fez,Op.SX,96,-1,0.9997071099941424,5
fake_fez,Op.SX,97,-1,0.0,10
fake_fez,Op.SX,98,-1,0.99931351,3
fake_fez,Op.SX,99,-1,0.9991710199834203,5
fake_fez,Op.SX,100,-1,0.99951196,3
fake_fez,Op.SX,101,-1,0.9990923599183122,5
fake_fez,Op.SX,102,-1,0.999714729991442,5
fake_fez,Op.SX,103,-1,0.9996066299881988,5
fake_fez,Op.SX,104,-1,0.9996314799889444,5
fake_fez,Op.SX,105,-1,0.9996638899899168,5
fake_fez,Op.SX,106,-1,0.0,10
fake_fez,Op.SX,107,-1,0.9993745099937451,3
fake_fez,Op.SX,108,-1,0.999571359987141,5
fake_fez,Op.SX,109,-1,0.9994611799676708,5
fake_fez,Op.SX,110,-1,0.9996306499852261,5
fake_fez,Op.SX,111,-1,0.999678919996789,5
fake_fez,Op.SX,112,-1,0.9992400199620011,5
fake_fez,Op.SX,113,-1,0.99940041,3
fake_fez,Op.SX,114,-1,0.9995992299959923,5
fake_fez,Op.SX,115,-1,0.9996750399902514,5
fake_fez,Op.SX,116,-1,0.0,10
fake_fez,Op.SX,117,-1,0.9996800999968011,5
fake_fez,Op.SX,118,-1,0.9996845900000001,5
fake_fez,Op.SX,119,-1,0.9993819599443764,5
fake_fez,Op.SX,120,-1,0.9994426199554096,5
fake_fez,Op.SX,121,-1,0.9997173199943465,5
fake_fez,Op.SX,122,-1,0.99948266996896,5
fake_fez,Op.SX,123,-1,0.9995276799811074,5
fake_fez,Op.SX,124,-1,0.0,10
fake_fez,Op.SX,125,-1,0.9996836500031635,3
fake_fez,Op.SX,126,-1,0.999568029987041,5
fake_fez,Op.SX,127,-1,0.9996652599899578,5
fake_fez,Op.SX,128,-1,0.99961594,3
fake_fez,Op.SX,129,-1,0.9996229399924588,5
fake_fez,Op.SX,130,-1,0.0,10
fake_fez,Op.SX,131,-1,0.0,10
fake_fez,Op.SX,132,-1,0.0,10
fake_fez,Op.SX,133,-1,0.9996883200031169,3
fake_fez,Op.SX,134,-1,0.9993790099937903,5
fake_fez,Op.SX,135,-1,0.9997516199975164,5
fake_fez,Op.SX,136,-1,0.9996167899885039,5
fake_fez,Op.SX,137,-1,0.0,10
fake_fez,Op.SX,138,-1,0.0,10
fake_fez,Op.SX,139,-1,0.9994294699486523,5
fake_fez,Op.SX,140,-1,0.9994341800000001,3
fake_fez,Op.SX,141,-1,0.9997497900000001,5
fake_fez,Op.SX,142,-1,0.9994974499648214,5
fake_fez,Op.SX,143,-1,0.9998096599980967,5
fake_fez,Op.SX,144,-1,0.0,10
fake_fez,Op.SX,145,-1,0.9997251799917555,5
fake_fez,Op.SX,146,-1,0.99930337,3
fake_fez,Op.SX,147,-1,0.9992055198967176,5
fake_fez,Op.SX,148,-1,0.0,10
fake_fez,Op.SX,149,-1,0.99803302,3
fake_fez,Op.SX,150,-1,0.99781998,3
fake_fez,Op.SX,151,-1,0.9996196799923935,5
fake_fez,Op.SX,152,-1,0.9995940499878216,5
fake_fez,Op.SX,153,-1,0.9996389799927796,5
fake_fez,Op.SX,154,-1,0.9997606900023931,5
fake_fez,Op.SX,155,-1,0.99931494,3
fake_fez,Op.X,0,-1,0.9987310099619302,6
fake_fez,Op.X,1,-1,0.0,10
fake_fez,Op.X,2,-1,0.9996817599936351,5
fake_fez,Op.X,3,-1,0.9996139599806981,5
fake_fez,Op.X,4,-1,0.9996500699860027,5
fake_fez,Op.X,5,-1,0.0,10
fake_fez,Op.X,6,-1,0.9995933399837338,5
fake_fez,Op.X,7,-1,0.9995085499705131,5
fake_fez,Op.X,8,-1,0.9995064499901292,5
fake_fez,Op.X,9,-1,0.999619149984766,5
fake_fez,Op.X,10,-1,0.9996022899840916,5
fake_fez,Op.X,11,-1,0.99964749999295,5
fake_fez,Op.X,12,-1,0.9995403599908071,5
fake_fez,Op.X,13,-1,0.9997252199945045,5
fake_fez,Op.X,14,-1,0.9996853300031467,3
fake_fez,Op.X,15,-1,0.9994659499679569,5
fake_fez,Op.X,16,-1,0.998962549834008,5
fake_fez,Op.X,17,-1,0.9996230999849239,5
fake_fez,Op.X,18,-1,0.9995170099758507,5
fake_fez,Op.X,19,-1,0.9995599799823991,5
fake_fez,Op.X,20,-1,0.9997745099954902,5
fake_fez,Op.X,21,-1,0.9994065099762605,5
fake_fez,Op.X,22,-1,0.9996740199999998,5
fake_fez,Op.X,23,-1,0.999743719997437,5
fake_fez,Op.X,24,-1,0.0,10
fake_fez,Op.X,25,-1,0.9996887899906638,5
fake_fez,Op.X,26,-1,0.9996137399806869,5
fake_fez,Op.X,27,-1,0.0,10
fake_fez,Op.X,28,-1,0.999738049994761,5
fake_fez,Op.X,29,-1,0.9996501900000001,5
fake_fez,Op.X,30,-1,0.9996309199852368,5
fake_fez,Op.X,31,-1,0.9990394498367065,5
fake_fez,Op.X,32,-1,0.9996202599886079,5
fake_fez,Op.X,33,-1,0.999637099992742,5
fake_fez,Op.X,34,-1,0.9995240899809634,5
fake_fez,Op.X,35,-1,0.99968224,3
fake_fez,Op.X,36,-1,0.9996534999896051,5
fake_fez,Op.X,37,-1,0.9996767699935354,5
fake_fez,Op.X,38,-1,0.0,10
fake_fez,Op.X,39,-1,0.9996071599882147,5
fake_fez,Op.X,40,-1,0.9996116599922332,5
fake_fez,Op.X,41,-1,0.9996896599937931,5
fake_fez,Op.X,42,-1,0.9995241599809664,5
fake_fez,Op.X,43,-1,0.9996493399894804,5
fake_fez,Op.X,44,-1,0.0,10
fake_fez,Op.X,45,-1,0.0,10
fake_fez,Op.X,46,-1,0.99884194,3
fake_fez,Op.X,47,-1,0.9995617099780857,5
fake_fez,Op.X,48,-1,0.99933601,3
fake_fez,Op.X,49,-1,0.9992964,3
fake_fez,Op.X,50,-1,0.9996773799870952,5
fake_fez,Op.X,51,-1,0.999619049992381,5
fake_fez,Op.X,52,-1,0.9996089499960896,5
fake_fez,Op.X,53,-1,0.9993440100000001,3
fake_fez,Op.X,54,-1,0.9994267099713353,5
fake_fez,Op.X,55,-1,0.0,10
fake_fez,Op.X,56,-1,0.0,10
fake_fez,Op.X,57,-1,0.9992060198809027,5
fake_fez,Op.X,58,-1,0.9995788799957888,5
fake_fez,Op.X,59,-1,0.0,10
fake_fez,Op.X,60,-1,0.99949625,3
fake_fez,Op.X,61,-1,0.9994338199547056,5
fake_fez,Op.X,62,-1,0.9995056499901129,5
fake_fez,Op.X,63,-1,0.9987240799872408,3
fake_fez,Op.X,64,-1,0.9997092699970925,5
fake_fez,Op.X,65,-1,0.9994568999619831,5
fake_fez,Op.X,66,-1,0.99914951,3
fake_fez,Op.X,67,-1,0.9993552999484242,5
fake_fez,Op.X,68,-1,0.999539449981578,5
fake_fez,Op.X,69,-1,0.9996089799882694,5
fake_fez,Op.X,70,-1,0.9994477599613432,5
fake_fez,Op.X,71,-1,0.9997558200000001,5
fake_fez,Op.X,72,-1,0.999570249974215,5
fake_fez,Op.X,73,-1,0.99967897,5
fake_fez,Op.X,74,-1,0.9996497199859888,5
fake_fez,Op.X,75,-1,0.99622593,6
fake_fez,Op.X,76,-1,0.9995904999877152,5
fake_fez,Op.X,77,-1,0.9996702199901066,5
fake_fez,Op.X,78,-1,0.9994986699849601,5
fake_fez,Op.X,79,-1,0.9995419599862587,5
fake_fez,Op.X,80,-1,0.0,10
fake_fez,Op.X,81,-1,0.999355700006443,3
fake_fez,Op.X,82,-1,0.9993176999385929,5
fake_fez,Op.X,83,-1,0.9987841898176285,5
fake_fez,Op.X,84,-1,0.9995889899835596,5
fake_fez,Op.X,85,-1,0.99938526,3
fake_fez,Op.X,86,-1,0.9995725799786288,5
fake_fez,Op.X,87,-1,0.0,2
fake_fez,Op.X,88,-1,0.9996159899884796,5
fake_fez,Op.X,89,-1,0.9997615399976154,5
fake_fez,Op.X,90,-1,0.9995722899786145,5
fake_fez,Op.X,91,-1,0.99919406,3
fake_fez,Op.X,92,-1,0.9995838399875152,5
fake_fez,Op.X,93,-1,0.9997233800027663,5
fake_fez,Op.X,94,-1,0.9982161199286448,3
fake_fez,Op.X,95,-1,0.99962414,3
fake_fez,Op.X,96,-1,0.9997071099941424,5
fake_fez,Op.X,97,-1,0.0,10
fake_fez,Op.X,98,-1,0.99931351,3
fake_fez,Op.X,99,-1,0.9991710199834203,5
fake_fez,Op.X,100,-1,0.99951196,3
fake_fez,Op.X,101,-1,0.9990923599183122,5
fake_fez,Op.X,102,-1,0.999714729991442,5
fake_fez,Op.X,103,-1,0.9996066299881988,5
fake_fez,Op.X,104,-1,0.9996314799889444,5
fake_fez,Op.X,105,-1,0.9996638899899168,5
fake_fez,Op.X,106,-1,0.0,10
fake_fez,Op.X,107,-1,0.9993745099937451,3
fake_fez,Op.X,108,-1,0.999571359987141,5
fake_fez,Op.X,109,-1,0.9994611799676708,5
fake_fez,Op.X,110,-1,0.9996306499852261,5
fake_fez,Op.X,111,-1,0.999678919996789,5
fake_fez,Op.X,112,-1,0.9992400199620011,5
fake_fez,Op.X,113,-1,0.99940041,3
fake_fez,Op.X,114,-1,0.9995992299959923,5
fake_fez,Op.X,115,-1,0.9996750399902514,5
fake_fez,Op.X,116,-1,0.0,10
fake_fez,Op.X,117,-1,0.9996800999968011,5
fake_fez,Op.X,118,-1,0.9996845900000001,5
fake_fez,Op.X,119,-1,0.9993819599443764,5
fake_fez,Op.X,120,-1,0.9994426199554096,5
fake_fez,Op.X,121,-1,0.9997173199943465,5
fake_fez,Op.X,122,-1,0.99948266996896,5
fake_fez,Op.X,123,-1,0.9995276799811074,5
fake_fez,Op.X,124,-1,0.0,10
fake_fez,Op.X,125,-1,0.9996836500031635,3
fake_fez,Op.X,126,-1,0.999568029987041,5
fake_fez,Op.X,127,-1,0.9996652599899578,5
fake_fez,Op.X,128,-1,0.99961594,3
fake_fez,Op.X,129,-1,0.9996229399924588,5
fake_fez,Op.X,130,-1,0.0,10
fake_fez,Op.X,131,-1,0.0,10
fake_fez,Op.X,132,-1,0.0,10
fake_fez,Op.X,133,-1,0.9996883200031169,3
fake_fez,Op.X,134,-1,0.9993790099937903,5
fake_fez,Op.X,135,-1,0.9997516199975164,5
fake_fez,Op.X,136,-1,0.9996167899885039,5
fake_fez,Op.X,137,-1,0.0,10
fake_fez,Op.X,138,-1,0.0,10
fake_fez,Op.X,139,-1,0.9994294699486523,5
fake_fez,Op.X,140,-1,0.9994341800000001,3
fake_fez,Op.X,141,-1,0.9997497900000001,5
fake_fez,Op.X,142,-1,0.9994974499648214,5
fake_fez,Op.X,143,-1,0.9998096599980967,5
fake_fez,Op.X,144,-1,0.0,10
fake_fez,Op.X,145,-1,0.9997251799917555,5
fake_fez,Op.X,146,-1,0.99930337,3
fake_fez,Op.X,147,-1,0.9992055198967176,5
fake_fez,Op.X,148,-1,0.0,10
fake_fez,Op.X,149,-1,0.99803302,3
fake_fez,Op.X,150,-1,0.99781998,3
fake_fez,Op.X,151,-1,0.9996196799923935,5
fake_fez,Op.X,152,-1,0.9995940499878216,5
fake_fez,Op.X,153,-1,0.9996389799927796,5
fake_fez,Op.X,154,-1,0.9997606900023931,5
fake_fez,Op.X,155,-1,0.99931494,3
fake_fez,Op.MEAS,0,-1,1.97705078,2
fake_fez,Op.MEAS,1,-1,1.9765625,2
fake_fez,Op.MEAS,2,-1,1.99023438,2
fake_fez,Op.MEAS,3,-1,1.96826172,2
fake_fez,Op.MEAS,4,-1,1.99707032,2
fake_fez,Op.MEAS,5,-1,1.98486328,2
fake_fez,Op.MEAS,6,-1,1.98632812,2
fake_fez,Op.MEAS,7,-1,1.95800782,2
fake_fez,Op.MEAS,8,-1,1.99169922,2
fake_fez,Op.MEAS,9,-1,1.98583984,2
fake_fez,Op.MEAS,10,-1,1.99365234,2
fake_fez,Op.MEAS,11,-1,1.97949218,2
fake_fez,Op.MEAS,12,-1,1.95263672,2
fake_fez,Op.MEAS,13,-1,1.9790039,2
fake_fez,Op.MEAS,14,-1,1.99267578,2
fake_fez,Op.MEAS,15,-1,1.93408204,2
fake_fez,Op.MEAS,16,-1,1.9741211,2
fake_fez,Op.MEAS,17,-1,1.98925782,2
fake_fez,Op.MEAS,18,-1,1.99121094,2
fake_fez,Op.MEAS,19,-1,1.98535156,2
fake_fez,Op.MEAS,20,-1,1.9897461,2
fake_fez,Op.MEAS,21,-1,1.98632812,2
fake_fez,Op.MEAS,22,-1,1.9790039,2
fake_fez,Op.MEAS,23,-1,1.99511718,2
fake_fez,Op.MEAS,24,-1,1.984375,2
fake_fez,Op.MEAS,25,-1,1.97851562,2
fake_fez,Op.MEAS,26,-1,1.98535156,2
fake_fez,Op.MEAS,27,-1,1.98925782,2
fake_fez,Op.MEAS,28,-1,1.99316406,2
fake_fez,Op.MEAS,29,-1,1.98095704,2
fake_fez,Op.MEAS,30,-1,1.99121094,2
fake_fez,Op.MEAS,31,-1,1.984375,2
fake_fez,Op.MEAS,32,-1,1.95751954,2
fake_fez,Op.MEAS,33,-1,1.98144532,2
fake_fez,Op.MEAS,34,-1,1.99072266,2
fake_fez,Op.MEAS,35,-1,1.98632812,2
fake_fez,Op.MEAS,36,-1,1.99365234,2
fake_fez,Op.MEAS,37,-1,1.9819336,2
fake_fez,Op.MEAS,38,-1,1.98876954,2
fake_fez,Op.MEAS,39,-1,1.9868164,2
fake_fez,Op.MEAS,40,-1,1.9819336,2
fake_fez,Op.MEAS,41,-1,1.90820312,2
fake_fez,Op.MEAS,42,-1,1.98486328,2
fake_fez,Op.MEAS,43,-1,1.93457032,2
fake_fez,Op.MEAS,44,-1,1.99121094,2
fake_fez,Op.MEAS,45,-1,1.95996094,2
fake_fez,Op.MEAS,46,-1,1.98632812,2
fake_fez,Op.MEAS,47,-1,1.96777344,2
fake_fez,Op.MEAS,48,-1,1.9921875,2
fake_fez,Op.MEAS,49,-1,1.94433594,2
fake_fez,Op.MEAS,50,-1,1.9921875,2
fake_fez,Op.MEAS,51,-1,1.88476562,2
fake_fez,Op.MEAS,52,-1,1.98486328,2
fake_fez,Op.MEAS,53,-1,1.97265624,2
fake_fez,Op.MEAS,54,-1,1.9946289,2
fake_fez,Op.MEAS,55,-1,1.9633789,2
fake_fez,Op.MEAS,56,-1,1.9946289,2
fake_fez,Op.MEAS,57,-1,1.99023438,2
fake_fez,Op.MEAS,58,-1,1.98486328,2
fake_fez,Op.MEAS,59,-1,1.99023438,2
fake_fez,Op.MEAS,60,-1,1.98583984,2
fake_fez,Op.MEAS,61,-1,1.9741211,2
fake_fez,Op.MEAS,62,-1,1.984375,2
fake_fez,Op.MEAS,63,-1,1.97705078,2
fake_fez,Op.MEAS,64,-1,1.98632812,2
fake_fez,Op.MEAS,65,-1,1.91552734,2
fake_fez,Op.MEAS,66,-1,1.99365234,2
fake_fez,Op.MEAS,67,-1,1.8461914,2
fake_fez,Op.MEAS,68,-1,1.97802734,2
fake_fez,Op.MEAS,69,-1,1.95458984,2
fake_fez,Op.MEAS,70,-1,1.98779296,2
fake_fez,Op.MEAS,71,-1,1.98144532,2
fake_fez,Op.MEAS,72,-1,1.98486328,2
fake_fez,Op.MEAS,73,-1,1.97705078,2
fake_fez,Op.MEAS,74,-1,1.98535156,2
fake_fez,Op.MEAS,75,-1,1.9921875,2
fake_fez,Op.MEAS,76,-1,1.96435546,2
fake_fez,Op.MEAS,77,-1,1.98291016,2
fake_fez,Op.MEAS,78,-1,1.95458984,2
fake_fez,Op.MEAS,79,-1,1.98535156,2
fake_fez,Op.MEAS,80,-1,1.99023438,2
fake_fez,Op.MEAS,81,-1,1.97949218,2
fake_fez,Op.MEAS,82,-1,1.99560546,2
fake_fez,Op.MEAS,83,-1,1.85839844,2
fake_fez,Op.MEAS,84,-1,1.99511718,2
fake_fez,Op.MEAS,85,-1,1.97460938,2
fake_fez,Op.MEAS,86,-1,1.99169922,2
fake_fez,Op.MEAS,87,-1,1.96240234,2
fake_fez,Op.MEAS,88,-1,1.99121094,2
fake_fez,Op.MEAS,89,-1,1.9663086,2
fake_fez,Op.MEAS,90,-1,1.9946289,2
fake_fez,Op.MEAS,91,-1,1.96142578,2
fake_fez,Op.MEAS,92,-1,1.98095704,2
fake_fez,Op.MEAS,93,-1,1.89550782,2
fake_fez,Op.MEAS,94,-1,1.97363282,2
fake_fez,Op.MEAS,95,-1,1.91992188,2
fake_fez,Op.MEAS,96,-1,1.99511718,2
fake_fez,Op.MEAS,97,-1,1.99169922,2
fake_fez,Op.MEAS,98,-1,1.9897461,2
fake_fez,Op.MEAS,99,-1,1.96191406,2
fake_fez,Op.MEAS,100,-1,1.98535156,2
fake_fez,Op.MEAS,101,-1,1.8852539,2
fake_fez,Op.MEAS,102,-1,1.98779296,2
fake_fez,Op.MEAS,103,-1,1.99414062,2
fake_fez,Op.MEAS,104,-1,1.98730468,2
fake_fez,Op.MEAS,105,-1,1.97998046,2
fake_fez,Op.MEAS,106,-1,1.98632812,2
fake_fez,Op.MEAS,107,-1,1.98535156,2
fake_fez,Op.MEAS,108,-1,1.99072266,2
fake_fez,Op.MEAS,109,-1,1.98291016,2
fake_fez,Op.MEAS,110,-1,1.98583984,2
fake_fez,Op.MEAS,111,-1,1.99023438,2
fake_fez,Op.MEAS,112,-1,1.95458984,2
fake_fez,Op.MEAS,113,-1,1.78808594,2
fake_fez,Op.MEAS,114,-1,1.98632812,2
fake_fez,Op.MEAS,115,-1,1.94824218,2
fake_fez,Op.MEAS,116,-1,1.97802734,2
fake_fez,Op.MEAS,117,-1,1.98291016,2
fake_fez,Op.MEAS,118,-1,1.99267578,2
fake_fez,Op.MEAS,119,-1,1.95166016,2
fake_fez,Op.MEAS,120,-1,1.98583984,2
fake_fez,Op.MEAS,121,-1,1.96582032,2
fake_fez,Op.MEAS,122,-1,1.98730468,2
fake_fez,Op.MEAS,123,-1,1.98730468,2
fake_fez,Op.MEAS,124,-1,1.99072266,2
fake_fez,Op.MEAS,125,-1,1.97509766,2
fake_fez,Op.MEAS,126,-1,1.99414062,2
fake_fez,Op.MEAS,127,-1,1.96679688,2
fake_fez,Op.MEAS,128,-1,1.99316406,2
fake_fez,Op.MEAS,129,-1,1.97216796,2
fake_fez,Op.MEAS,130,-1,1.98925782,2
fake_fez,Op.MEAS,131,-1,1.88916016,2
fake_fez,Op.MEAS,132,-1,1.97314454,2
fake_fez,Op.MEAS,133,-1,1.96728516,2
fake_fez,Op.MEAS,134,-1,1.98925782,2
fake_fez,Op.MEAS,135,-1,1.87988282,2
fake_fez,Op.MEAS,136,-1,1.99072266,2
fake_fez,Op.MEAS,137,-1,1.9897461,2
fake_fez,Op.MEAS,138,-1,1.99072266,2
fake_fez,Op.MEAS,139,-1,1.9868164,2
fake_fez,Op.MEAS,140,-1,1.98388672,2
fake_fez,Op.MEAS,141,-1,1.99023438,2
fake_fez,Op.MEAS,142,-1,1.98779296,2
fake_fez,Op.MEAS,143,-1,1.99121094,2
fake_fez,Op.MEAS,144,-1,1.97851562,2
fake_fez,Op.MEAS,145,-1,1.97216796,2
fake_fez,Op.MEAS,146,-1,1.98828124,2
fake_fez,Op.MEAS,147,-1,1.9819336,2
fake_fez,Op.MEAS,148,-1,1.99072266,2
fake_fez,Op.MEAS,149,-1,1.94482422,2
fake_fez,Op.MEAS,150,-1,1.99169922,2
fake_fez,Op.MEAS,151,-1,1.97607422,2
fake_fez,Op.MEAS,152,-1,1.98095704,2
fake_fez,Op.MEAS,153,-1,1.97705078,2
fake_fez,Op.MEAS,154,-1,1.90673828,2
fake_fez,Op.MEAS,155,-1,1.98144532,2
fake_kawasaki,Op.RESET,0,-1,0.0,3
fake_kawasaki,Op.RESET,1,-1,0.0,3
fake_kawasaki,Op.RESET,2,-1,0.0,3
fake_kawasaki,Op.RESET,3,-1,0.9864197100000001,3
fake_kawasaki,Op.RESET,4,-1,0.98142242,3
fake_kawasaki,Op.RESET,5,-1,0.0,3
fake_kawasaki,Op.RESET,6,-1,0.0,3
fake_kawasaki,Op.RESET,7,-1,0.96035483,3
fake_kawasaki,Op.RESET,8,-1,0.98782238,3
fake_kawasaki,Op.RESET,9,-1,0.98180694,3
fake_kawasaki,Op.RESET,10,-1,0.0,3
fake_kawasaki,Op.RESET,11,-1,0.0,3
fake_kawasaki,Op.RESET,12,-1,0.0,3
fake_kawasaki,Op.RESET,13,-1,0.9822971500000001,3
fake_kawasaki,Op.RESET,14,-1,0.9820211098202112,3
fake_kawasaki,Op.RESET,15,-1,0.98126837,3
fake_kawasaki,Op.RESET,16,-1,0.0,3
fake_kawasaki,Op.RESET,17,-1,0.9735046900000001,3
fake_kawasaki,Op.RESET,18,-1,0.97591538,3
fake_kawasaki,Op.RESET,19,-1,0.9836430798364308,3
fake_kawasaki,Op.RESET,20,-1,0.9699012296990124,3
fake_kawasaki,Op.RESET,21,-1,0.0,3
fake_kawasaki,Op.RESET,22,-1,0.9817739400000001,3
fake_kawasaki,Op.RESET,23,-1,0.9791059000000001,3
fake_kawasaki,Op.RESET,24,-1,0.0,3
fake_kawasaki,Op.RESET,25,-1,0.0,3
fake_kawasaki,Op.RESET,26,-1,0.0,3
fake_kawasaki,Op.RESET,27,-1,0.94349849,3
fake_kawasaki,Op.RESET,28,-1,0.95752364,3
fake_kawasaki,Op.RESET,29,-1,0.0,3
fake_kawasaki,Op.RESET,30,-1,0.0,3
fake_kawasaki,Op.RESET,31,-1,0.98257879,3
fake_kawasaki,Op.RESET,32,-1,0.0,3
fake_kawasaki,Op.RESET,33,-1,0.0,3
fake_kawasaki,Op.RESET,34,-1,0.98706453,3
fake_kawasaki,Op.RESET,35,-1,0.0,3
fake_kawasaki,Op.RESET,36,-1,0.97979497,3
fake_kawasaki,Op.RESET,37,-1,0.9884020698840207,3
fake_kawasaki,Op.RESET,38,-1,0.0,3
fake_kawasaki,Op.RESET,39,-1,0.97770922,3
fake_kawasaki,Op.RESET,40,-1,0.9809489201905109,3
fake_kawasaki,Op.RESET,41,-1,0.0,3
fake_kawasaki,Op.RESET,42,-1,0.98372503,3
fake_kawasaki,Op.RESET,43,-1,0.98676128,3
fake_kawasaki,Op.RESET,44,-1,0.95951708,3
fake_kawasaki,Op.RESET,45,-1,0.0,3
fake_kawasaki,Op.RESET,46,-1,0.98459945,3
fake_kawasaki,Op.RESET,47,-1,0.90109205,3
fake_kawasaki,Op.RESET,48,-1,0.98251955,3
fake_kawasaki,Op.RESET,49,-1,0.97765013,3
fake_kawasaki,Op.RESET,50,-1,0.0,2
fake_kawasaki,Op.RESET,51,-1,0.98019888,3
fake_kawasaki,Op.RESET,52,-1,0.9468409894684099,3
fake_kawasaki,Op.RESET,53,-1,0.0,3
fake_kawasaki,Op.RESET,54,-1,0.0,3
fake_kawasaki,Op.RESET,55,-1,0.97243424,3
fake_kawasaki,Op.RESET,56,-1,0.0,3
fake_kawasaki,Op.RESET,57,-1,0.98288341,3
fake_kawasaki,Op.RESET,58,-1,0.97826857,3
fake_kawasaki,Op.RESET,59,-1,0.97401859,3
fake_kawasaki,Op.RESET,60,-1,0.9750742602492575,3
fake_kawasaki,Op.RESET,61,-1,0.9797858397978584,3
fake_kawasaki,Op.RESET,62,-1,0.0,3
fake_kawasaki,Op.RESET,63,-1,0.0,3
fake_kawasaki,Op.RESET,64,-1,0.0,3
fake_kawasaki,Op.RESET,65,-1,0.0,3
fake_kawasaki,Op.RESET,66,-1,0.0,3
fake_kawasaki,Op.RESET,67,-1,0.9763498297634983,3
fake_kawasaki,Op.RESET,68,-1,0.93049931,3
fake_kawasaki,Op.RESET,69,-1,0.97434739,3
fake_kawasaki,Op.RESET,70,-1,0.9814297000000001,3
fake_kawasaki,Op.RESET,71,-1,0.0,3
fake_kawasaki,Op.RESET,72,-1,0.97789747,3
fake_kawasaki,Op.RESET,73,-1,0.98556454,3
fake_kawasaki,Op.RESET,74,-1,0.0,3
fake_kawasaki,Op.RESET,75,-1,0.9667752496677525,3
fake_kawasaki,Op.RESET,76,-1,0.9780567697805677,3
fake_kawasaki,Op.RESET,77,-1,0.98545884,3
fake_kawasaki,Op.RESET,78,-1,0.97939938,3
fake_kawasaki,Op.RESET,79,-1,0.977667110223329,3
fake_kawasaki,Op.RESET,80,-1,0.0,3
fake_kawasaki,Op.RESET,81,-1,0.96719437,3
fake_kawasaki,Op.RESET,82,-1,0.98719077,3
fake_kawasaki,Op.RESET,83,-1,0.98538399,3
fake_kawasaki,Op.RESET,84,-1,0.0,3
fake_kawasaki,Op.RESET,85,-1,0.95079683,3
fake_kawasaki,Op.RESET,86,-1,0.987369799873698,3
fake_kawasaki,Op.RESET,87,-1,0.9733174602668255,3
fake_kawasaki,Op.RESET,88,-1,0.98257002,3
fake_kawasaki,Op.RESET,89,-1,0.95410535,3
fake_kawasaki,Op.RESET,90,-1,0.0,3
fake_kawasaki,Op.RESET,91,-1,0.96549965,3
fake_kawasaki,Op.RESET,92,-1,0.97849448,3
fake_kawasaki,Op.RESET,93,-1,0.0,3
fake_kawasaki,Op.RESET,94,-1,0.98576926,3
fake_kawasaki,Op.RESET,95,-1,0.0,3
fake_kawasaki,Op.RESET,96,-1,0.96834946,3
fake_kawasaki,Op.RESET,97,-1,0.96641278,3
fake_kawasaki,Op.RESET,98,-1,0.9835741,3
fake_kawasaki,Op.RESET,99,-1,0.94574479,3
fake_kawasaki,Op.RESET,100,-1,0.98415495,3
fake_kawasaki,Op.RESET,101,-1,0.9702695,3
fake_kawasaki,Op.RESET,102,-1,0.9567638695676387,3
fake_kawasaki,Op.RESET,103,-1,0.9614003,3
fake_kawasaki,Op.RESET,104,-1,0.0,2
fake_kawasaki,Op.RESET,105,-1,0.973328389733284,3
fake_kawasaki,Op.RESET,106,-1,0.9861416,3
fake_kawasaki,Op.RESET,107,-1,0.97392833,3
fake_kawasaki,Op.RESET,108,-1,0.9541025200000001,3
fake_kawasaki,Op.RESET,109,-1,0.9725697802743023,3
fake_kawasaki,Op.RESET,110,-1,0.98435978,3
fake_kawasaki,Op.RESET,111,-1,0.98203654,3
fake_kawasaki,Op.RESET,112,-1,0.9786796497867966,3
fake_kawasaki,Op.RESET,113,-1,0.97979231,3
fake_kawasaki,Op.RESET,114,-1,0.97929593,3
fake_kawasaki,Op.RESET,115,-1,0.0,3
fake_kawasaki,Op.RESET,116,-1,0.9797646202023539,3
fake_kawasaki,Op.RESET,117,-1,0.9774246002257541,3
fake_kawasaki,Op.RESET,118,-1,0.0,3
fake_kawasaki,Op.RESET,119,-1,0.9782692402173077,3
fake_kawasaki,Op.RESET,120,-1,0.0,3
fake_kawasaki,Op.RESET,121,-1,0.98890836,3
fake_kawasaki,Op.RESET,122,-1,0.9838420701615793,3
fake_kawasaki,Op.RESET,123,-1,0.9820073801799261,3
fake_kawasaki,Op.RESET,124,-1,0.0,3
fake_kawasaki,Op.RESET,125,-1,0.9811176301888238,3
fake_kawasaki,Op.RESET,126,-1,0.0,2
fake_kawasaki,Op.SX,0,-1,0.0,10
fake_kawasaki,Op.SX,1,-1,0.0,10
fake_kawasaki,Op.SX,2,-1,0.0,10
fake_kawasaki,Op.SX,3,-1,0.9993900199329022,5
fake_kawasaki,Op.SX,4,-1,0.9996795599967956,3
fake_kawasaki,Op.SX,5,-1,0.0,10
fake_kawasaki,Op.SX,6,-1,0.0,10
fake_kawasaki,Op.SX,7,-1,0.99930458,3
fake_kawasaki,Op.SX,8,-1,0.9997468099974682,5
fake_kawasaki,Op.SX,9,-1,0.9994867199640706,5
fake_kawasaki,Op.SX,10,-1,0.0,10
fake_kawasaki,Op.SX,11,-1,0.0,10
fake_kawasaki,Op.SX,12,-1,0.0,10
fake_kawasaki,Op.SX,13,-1,0.9995978599839145,5
fake_kawasaki,Op.SX,14,-1,0.9996750599935013,5
fake_kawasaki,Op.SX,15,-1,0.9992039198726271,5
fake_kawasaki,Op.SX,16,-1,0.0,10
fake_kawasaki,Op.SX,17,-1,0.9995183099951831,5
fake_kawasaki,Op.SX,18,-1,0.99958328,3
fake_kawasaki,Op.SX,19,-1,0.999294009922341,5
fake_kawasaki,Op.SX,20,-1,0.9990606997933541,5
fake_kawasaki,Op.SX,21,-1,0.0,3
fake_kawasaki,Op.SX,22,-1,0.9995990399879711,5
fake_kawasaki,Op.SX,23,-1,0.9996353699963537,5
fake_kawasaki,Op.SX,24,-1,0.0,10
fake_kawasaki,Op.SX,25,-1,0.0,10
fake_kawasaki,Op.SX,26,-1,0.0,10
fake_kawasaki,Op.SX,27,-1,0.9989932600100675,3
fake_kawasaki,Op.SX,28,-1,0.99925491,3
fake_kawasaki,Op.SX,29,-1,0.0,10
fake_kawasaki,Op.SX,30,-1,0.0,10
fake_kawasaki,Op.SX,31,-1,0.9996263399887901,5
fake_kawasaki,Op.SX,32,-1,0.0,10
fake_kawasaki,Op.SX,33,-1,0.0,10
fake_kawasaki,Op.SX,34,-1,0.9994690799681447,5
fake_kawasaki,Op.SX,35,-1,0.0,10
fake_kawasaki,Op.SX,36,-1,0.999497099974855,5
fake_kawasaki,Op.SX,37,-1,0.999713599994272,5
fake_kawasaki,Op.SX,38,-1,0.0,10
fake_kawasaki,Op.SX,39,-1,0.99961449,3
fake_kawasaki,Op.SX,40,-1,0.99967075,3
fake_kawasaki,Op.SX,41,-1,0.0,10
fake_kawasaki,Op.SX,42,-1,0.9982086399641729,6
fake_kawasaki,Op.SX,43,-1,0.9994731099683867,5
fake_kawasaki,Op.SX,44,-1,0.99928907,3
fake_kawasaki,Op.SX,45,-1,0.0,10
fake_kawasaki,Op.SX,46,-1,0.9996411999856478,5
fake_kawasaki,Op.SX,47,-1,0.99814808,3
fake_kawasaki,Op.SX,48,-1,0.9996718999967191,5
fake_kawasaki,Op.SX,49,-1,0.99947124997885,5
fake_kawasaki,Op.SX,50,-1,0.0,6
fake_kawasaki,Op.SX,51,-1,0.9992189298828396,5
fake_kawasaki,Op.SX,52,-1,0.99905194,3
fake_kawasaki,Op.SX,53,-1,0.0,10
fake_kawasaki,Op.SX,54,-1,0.0,10
fake_kawasaki,Op.SX,55,-1,0.99951984,3
fake_kawasaki,Op.SX,56,-1,0.0,10
fake_kawasaki,Op.SX,57,-1,0.99970491,3
fake_kawasaki,Op.SX,58,-1,0.9994205699594397,5
fake_kawasaki,Op.SX,59,-1,0.9994527599781106,5
fake_kawasaki,Op.SX,60,-1,0.9995004999850148,5
fake_kawasaki,Op.SX,61,-1,0.9994618399515656,5
fake_kawasaki,Op.SX,62,-1,0.0,10
fake_kawasaki,Op.SX,63,-1,0.0,10
fake_kawasaki,Op.SX,64,-1,0.0,10
fake_kawasaki,Op.SX,65,-1,0.0,10
fake_kawasaki,Op.SX,66,-1,0.0,10
fake_kawasaki,Op.SX,67,-1,0.9990857097897132,5
fake_kawasaki,Op.SX,68,-1,0.99874805,3
fake_kawasaki,Op.SX,69,-1,0.999330479939743,5
fake_kawasaki,Op.SX,70,-1,0.9992814899065936,5
fake_kawasaki,Op.SX,71,-1,0.0,10
fake_kawasaki,Op.SX,72,-1,0.99961737,3
fake_kawasaki,Op.SX,73,-1,0.9992463398944875,5
fake_kawasaki,Op.SX,74,-1,0.0,10
fake_kawasaki,Op.SX,75,-1,0.999052729782128,5
fake_kawasaki,Op.SX,76,-1,0.9977200696580104,6
fake_kawasaki,Op.SX,77,-1,0.9975649598051968,6
fake_kawasaki,Op.SX,78,-1,0.9995211199808449,5
fake_kawasaki,Op.SX,79,-1,0.9993330099132911,5
fake_kawasaki,Op.SX,80,-1,0.0,10
fake_kawasaki,Op.SX,81,-1,0.9994074599881492,5
fake_kawasaki,Op.SX,82,-1,0.9997082499912474,5
fake_kawasaki,Op.SX,83,-1,0.9997079099912374,5
fake_kawasaki,Op.SX,84,-1,0.0,10
fake_kawasaki,Op.SX,85,-1,0.99913606,3
fake_kawasaki,Op.SX,86,-1,0.999633099985324,5
fake_kawasaki,Op.SX,87,-1,0.99911439982288,5
fake_kawasaki,Op.SX,88,-1,0.999328059912648,5
fake_kawasaki,Op.SX,89,-1,0.9990063298509495,5
fake_kawasaki,Op.SX,90,-1,0.0,10
fake_kawasaki,Op.SX,91,-1,0.998741439521747,5
fake_kawasaki,Op.SX,92,-1,0.99962839,3
fake_kawasaki,Op.SX,93,-1,0.0,10
fake_kawasaki,Op.SX,94,-1,0.999705849994117,5
fake_kawasaki,Op.SX,95,-1,0.0,10
fake_kawasaki,Op.SX,96,-1,0.99944966,3
fake_kawasaki,Op.SX,97,-1,0.9992887199573233,5
fake_kawasaki,Op.SX,98,-1,0.9995973299919466,5
fake_kawasaki,Op.SX,99,-1,0.9986301994657778,5
fake_kawasaki,Op.SX,100,-1,0.9995500299730019,5
fake_kawasaki,Op.SX,101,-1,0.9990703598047754,5
fake_kawasaki,Op.SX,102,-1,0.99923657,3
fake_kawasaki,Op.SX,103,-1,0.99932766,3
fake_kawasaki,Op.SX,104,-1,0.0,2
fake_kawasaki,Op.SX,105,-1,0.9993597699423793,5
fake_kawasaki,Op.SX,106,-1,0.9996138699922773,5
fake_kawasaki,Op.SX,107,-1,0.9983870197257932,6
fake_kawasaki,Op.SX,108,-1,0.998691379476552,5
fake_kawasaki,Op.SX,109,-1,0.9992651298971184,5
fake_kawasaki,Op.SX,110,-1,0.999415349941535,5
fake_kawasaki,Op.SX,111,-1,0.9993720399309244,5
fake_kawasaki,Op.SX,112,-1,0.999540199981608,5
fake_kawasaki,Op.SX,113,-1,0.9984882993953199,5
fake_kawasaki,Op.SX,114,-1,0.9995108499804338,5
fake_kawasaki,Op.SX,115,-1,0.0,10
fake_kawasaki,Op.SX,116,-1,0.9992474798946472,5
fake_kawasaki,Op.SX,117,-1,0.9996089299960894,3
fake_kawasaki,Op.SX,118,-1,0.0,10
fake_kawasaki,Op.SX,119,-1,0.9995586599911732,5
fake_kawasaki,Op.SX,120,-1,0.0,10
fake_kawasaki,Op.SX,121,-1,0.9997569599951392,5
fake_kawasaki,Op.SX,122,-1,0.9987628896783514,5
fake_kawasaki,Op.SX,123,-1,0.9988298396723552,5
fake_kawasaki,Op.SX,124,-1,0.0,10
fake_kawasaki,Op.SX,125,-1,0.9994026099522089,5
fake_kawasaki,Op.SX,126,-1,0.0,2
fake_kawasaki,Op.X,0,-1,0.0,10
fake_kawasaki,Op.X,1,-1,0.0,10
fake_kawasaki,Op.X,2,-1,0.0,10
fake_kawasaki,Op.X,3,-1,0.9993900199329022,5
fake_kawasaki,Op.X,4,-1,0.9996795599967956,3
fake_kawasaki,Op.X,5,-1,0.0,10
fake_kawasaki,Op.X,6,-1,0.0,10
fake_kawasaki,Op.X,7,-1,0.99930458,3
fake_kawasaki,Op.X,8,-1,0.9997468099974682,5
fake_kawasaki,Op.X,9,-1,0.9994867199640706,5
fake_kawasaki,Op.X,10,-1,0.0,10
fake_kawasaki,Op.X,11,-1,0.0,10
fake_kawasaki,Op.X,12,-1,0.0,10
fake_kawasaki,Op.X,13,-1,0.9995978599839145,5
fake_kawasaki,Op.X,14,-1,0.9996750599935013,5
fake_kawasaki,Op.X,15,-1,0.9992039198726271,5
fake_kawasaki,Op.X,16,-1,0.0,10
fake_kawasaki,Op.X,17,-1,0.9995183099951831,5
fake_kawasaki,Op.X,18,-1,0.99958328,3
fake_kawasaki,Op.X,19,-1,0.999294009922341,5
fake_kawasaki,Op.X,20,-1,0.9990606997933541,5
fake_kawasaki,Op.X,21,-1,0.0,3
fake_kawasaki,Op.X,22,-1,0.9995990399879711,5
fake_kawasaki,Op.X,23,-1,0.9996353699963537,5
fake_kawasaki,Op.X,24,-1,0.0,10
fake_kawasaki,Op.X,25,-1,0.0,10
fake_kawasaki,Op.X,26,-1,0.0,10
fake_kawasaki,Op.X,27,-1,0.9989932600100675,3
fake_kawasaki,Op.X,28,-1,0.99925491,3
fake_kawasaki,Op.X,29,-1,0.0,10
fake_kawasaki,Op.X,30,-1,0.0,10
fake_kawasaki,Op.X,31,-1,0.9996263399887901,5
fake_kawasaki,Op.X,32,-1,0.0,10
fake_kawasaki,Op.X,33,-1,0.0,10
fake_kawasaki,Op.X,34,-1,0.9994690799681447,5
fake_kawasaki,Op.X,35,-1,0.0,10
fake_kawasaki,Op.X,36,-1,0.999497099974855,5
fake_kawasaki,Op.X,37,-1,0.999713599994272,5
fake_kawasaki,Op.X,38,-1,0.0,10
fake_kawasaki,Op.X,39,-1,0.99961449,3
fake_kawasaki,Op.X,40,-1,0.99967075,3
fake_kawasaki,Op.X,41,-1,0.0,10
fake_kawasaki,Op.X,42,-1,0.9982086399641729,6
fake_kawasaki,Op.X,43,-1,0.9994731099683867,5
fake_kawasaki,Op.X,44,-1,0.99928907,3
fake_kawasaki,Op.X,45,-1,0.0,10
fake_kawasaki,Op.X,46,-1,0.9996411999856478,5
fake_kawasaki,Op.X,47,-1,0.99814808,3
fake_kawasaki,Op.X,48,-1,0.9996718999967191,5
fake_kawasaki,Op.X,49,-1,0.99947124997885,5
fake_kawasaki,Op.X,50,-1,0.0,6
fake_kawasaki,Op.X,51,-1,0.9992189298828396,5
fake_kawasaki,Op.X,52,-1,0.99905194,3
fake_kawasaki,Op.X,53,-1,0.0,10
fake_kawasaki,Op.X,54,-1,0.0,10
fake_kawasaki,Op.X,55,-1,0.99951984,3
fake_kawasaki,Op.X,56,-1,0.0,10
fake_kawasaki,Op.X,57,-1,0.99970491,3
fake_kawasaki,Op.X,58,-1,0.9994205699594397,5
fake_kawasaki,Op.X,59,-1,0.9994527599781106,5
fake_kawasaki,Op.X,60,-1,0.9995004999850148,5
fake_kawasaki,Op.X,61,-1,0.9994618399515656,5
fake_kawasaki,Op.X,62,-1,0.0,10
fake_kawasaki,Op.X,63,-1,0.0,10
fake_kawasaki,Op.X,64,-1,0.0,10
fake_kawasaki,Op.X,65,-1,0.0,10
fake_kawasaki,Op.X,66,-1,0.0,10
fake_kawasaki,Op.X,67,-1,0.9990857097897132,5
fake_kawasaki,Op.X,68,-1,0.99874805,3
fake_kawasaki,Op.X,69,-1,0.999330479939743,5
fake_kawasaki,Op.X,70,-1,0.9992814899065936,5
fake_kawasaki,Op.X,71,-1,0.0,10
fake_kawasaki,Op.X,72,-1,0.99961737,3
fake_kawasaki,Op.X,73,-1,0.9992463398944875,5
fake_kawasaki,Op.X,74,-1,0.0,10
fake_kawasaki,Op.X,75,-1,0.999052729782128,5
fake_kawasaki,Op.X,76,-1,0.9977200696580104,6
fake_kawasaki,Op.X,77,-1,0.9975649598051968,6
fake_kawasaki,Op.X,78,-1,0.9995211199808449,5
fake_kawasaki,Op.X,79,-1,0.9993330099132911,5
fake_kawasaki,Op.X,80,-1,0.0,10
fake_kawasaki,Op.X,81,-1,0.9994074599881492,5
fake_kawasaki,Op.X,82,-1,0.9997082499912474,5
fake_kawasaki,Op.X,83,-1,0.9997079099912374,5
fake_kawasaki,Op.X,84,-1,0.0,10
fake_kawasaki,Op.X,85,-1,0.99913606,3
fake_kawasaki,Op.X,86,-1,0.999633099985324,5
fake_kawasaki,Op.X,87,-1,0.99911439982288,5
fake_kawasaki,Op.X,88,-1,0.999328059912648,5
fake_kawasaki,Op.X,89,-1,0.9990063298509495,5
fake_kawasaki,Op.X,90,-1,0.0,10
fake_kawasaki,Op.X,91,-1,0.998741439521747,5
fake_kawasaki,Op.X,92,-1,0.99962839,3
fake_kawasaki,Op.X,93,-1,0.0,10
fake_kawasaki,Op.X,94,-1,0.999705849994117,5
fake_kawasaki,Op.X,95,-1,0.0,10
fake_kawasaki,Op.X,96,-1,0.99944966,3
fake_kawasaki,Op.X,97,-1,0.9992887199573233,5
fake_kawasaki,Op.X,98,-1,0.9995973299919466,5
fake_kawasaki,Op.X,99,-1,0.9986301994657778,5
fake_kawasaki,Op.X,100,-1,0.9995500299730019,5
fake_kawasaki,Op.X,101,-1,0.9990703598047754,5
fake_kawasaki,Op.X,102,-1,0.99923657,3
fake_kawasaki,Op.X,103,-1,0.99932766,3
fake_kawasaki,Op.X,104,-1,0.0,2
fake_kawasaki,Op.X,105,-1,0.9993597699423793,5
fake_kawasaki,Op.X,106,-1,0.9996138699922773,5
fake_kawasaki,Op.X,107,-1,0.9983870197257932,6
fake_kawasaki,Op.X,108,-1,0.998691379476552,5
fake_kawasaki,Op.X,109,-1,0.9992651298971184,5
fake_kawasaki,Op.X,110,-1,0.999415349941535,5
fake_kawasaki,Op.X,111,-1,0.9993720399309244,5
fake_kawasaki,Op.X,112,-1,0.999540199981608,5
fake_kawasaki,Op.X,113,-1,0.9984882993953199,5
fake_kawasaki,Op.X,114,-1,0.9995108499804338,5
fake_kawasaki,Op.X,115,-1,0.0,10
fake_kawasaki,Op.X,116,-1,0.9992474798946472,5
fake_kawasaki,Op.X,117,-1,0.9996089299960894,3
fake_kawasaki,Op.X,118,-1,0.0,10
fake_kawasaki,Op.X,119,-1,0.9995586599911732,5
fake_kawasaki,Op.X,120,-1,0.0,10
fake_kawasaki,Op.X,121,-1,0.9997569599951392,5
fake_kawasaki,Op.X,122,-1,0.9987628896783514,5
fake_kawasaki,Op.X,123,-1,0.9988298396723552,5
fake_kawasaki,Op.X,124,-1,0.0,10
fake_kawasaki,Op.X,125,-1,0.9994026099522089,5
fake_kawasaki,Op.X,126,-1,0.0,2
fake_kawasaki,Op.ECR,1,0,0.0,100
fake_kawasaki,Op.ECR,14,0,0.0,60
fake_kawasaki,Op.ECR,2,1,0.0,100
fake_kawasaki,Op.ECR,3,2,0.0,60
fake_kawasaki,Op.ECR,3,4,0.9853719150264504,33
fake_kawasaki,Op.ECR,5,4,0.0,60
fake_kawasaki,Op.ECR,15,4,0.9833376978338993,33
fake_kawasaki,Op.ECR,5,6,0.0,100
fake_kawasaki,Op.ECR,7,6,0.0,60
fake_kawasaki,Op.ECR,8,7,0.0003147703619859164,36
fake_kawasaki,Op.ECR,9,8,0.9894749180002343,33
fake_kawasaki,Op.ECR,9,10,0.0,60
fake_kawasaki,Op.ECR,10,11,0.0,100
fake_kawasaki,Op.ECR,12,11,0.0,100
fake_kawasaki,Op.ECR,12,13,0.0,60
fake_kawasaki,Op.ECR,22,15,0.981775646172885,33
fake_kawasaki,Op.ECR,8,16,0.0,60
fake_kawasaki,Op.ECR,12,17,0.0,60
fake_kawasaki,Op.ECR,30,17,0.0,60
fake_kawasaki,Op.ECR,14,18,0.9920369300000002,9
fake_kawasaki,Op.ECR,19,18,0.9898635662495198,33
fake_kawasaki,Op.ECR,20,19,0.9647790206284617,33
fake_kawasaki,Op.ECR,20,21,0.0,60
fake_kawasaki,Op.ECR,21,22,0.0,60
fake_kawasaki,Op.ECR,23,22,0.9897798302044035,33
fake_kawasaki,Op.ECR,24,23,0.0,60
fake_kawasaki,Op.ECR,25,24,0.0,100
fake_kawasaki,Op.ECR,26,25,0.0,100
fake_kawasaki,Op.ECR,16,26,0.0,100
fake_kawasaki,Op.ECR,26,27,0.0,9
fake_kawasaki,Op.ECR,27,28,0.9809386800000001,9
fake_kawasaki,Op.ECR,28,29,0.0,60
fake_kawasaki,Op.ECR,30,29,0.0,100
fake_kawasaki,Op.ECR,30,31,0.0,60
fake_kawasaki,Op.ECR,31,32,0.0,60
fake_kawasaki,Op.ECR,20,33,0.0,60
fake_kawasaki,Op.ECR,24,34,0.0,60
fake_kawasaki,Op.ECR,28,35,0.0,60
fake_kawasaki,Op.ECR,47,35,0.0,9
fake_kawasaki,Op.ECR,32,36,0.0,60
fake_kawasaki,Op.ECR,37,38,0.0,60
fake_kawasaki,Op.ECR,33,39,0.0,60
fake_kawasaki,Op.ECR,38,39,0.0,60
fake_kawasaki,Op.ECR,40,39,0.9891832384856525,33
fake_kawasaki,Op.ECR,40,41,0.0,60
fake_kawasaki,Op.ECR,42,41,0.0,60
fake_kawasaki,Op.ECR,34,43,0.9913042090433021,33
fake_kawasaki,Op.ECR,42,43,0.9899679536477641,33
fake_kawasaki,Op.ECR,43,44,0.988267555893645,33
fake_kawasaki,Op.ECR,45,44,0.0,60
fake_kawasaki,Op.ECR,45,46,0.0,60
fake_kawasaki,Op.ECR,46,47,0.9771017697710177,9
fake_kawasaki,Op.ECR,47,48,0.9767132199999998,9
fake_kawasaki,Op.ECR,49,48,0.9912733446767398,33
fake_kawasaki,Op.ECR,50,49,0.0,36
fake_kawasaki,Op.ECR,36,51,0.9895082664985164,33
fake_kawasaki,Op.ECR,50,51,0.0,6
fake_kawasaki,Op.ECR,37,52,0.9874822898748229,9
fake_kawasaki,Op.ECR,41,53,0.0,100
fake_kawasaki,Op.ECR,60,53,0.0,60
fake_kawasaki,Op.ECR,45,54,0.0,100
fake_kawasaki,Op.ECR,49,55,0.9905125400000001,9
fake_kawasaki,Op.ECR,52,56,0.0,9
fake_kawasaki,Op.ECR,57,56,0.0,60
fake_kawasaki,Op.ECR,58,57,0.9893443855083652,33
fake_kawasaki,Op.ECR,71,58,0.0,60
fake_kawasaki,Op.ECR,58,59,0.9842618170097448,33
fake_kawasaki,Op.ECR,60,59,0.9861039761039767,33
fake_kawasaki,Op.ECR,61,60,0.9854173260844145,33
fake_kawasaki,Op.ECR,62,61,0.0,60
fake_kawasaki,Op.ECR,62,63,0.0,9
fake_kawasaki,Op.ECR,64,63,0.0,9
fake_kawasaki,Op.ECR,54,64,0.0,100
fake_kawasaki,Op.ECR,65,64,0.0,100
fake_kawasaki,Op.ECR,66,65,0.0,100
fake_kawasaki,Op.ECR,67,66,0.0,60
fake_kawasaki,Op.ECR,73,66,0.0,60
fake_kawasaki,Op.ECR,68,67,0.9810890099999987,33
fake_kawasaki,Op.ECR,55,68,0.98116401,9
fake_kawasaki,Op.ECR,68,69,0.9809221313036891,33
fake_kawasaki,Op.ECR,70,69,0.9802119846572364,33
fake_kawasaki,Op.ECR,77,71,0.0,60
fake_kawasaki,Op.ECR,62,72,0.0,60
fake_kawasaki,Op.ECR,70,74,0.0,60
fake_kawasaki,Op.ECR,89,74,0.0,60
fake_kawasaki,Op.ECR,76,75,0.9718779673450854,33
fake_kawasaki,Op.ECR,76,77,0.9828331793133274,33
fake_kawasaki,Op.ECR,77,78,0.9919847785382342,33
fake_kawasaki,Op.ECR,79,78,0.9912883319852657,33
fake_kawasaki,Op.ECR,91,79,0.9560865118953671,33
fake_kawasaki,Op.ECR,79,80,0.0,60
fake_kawasaki,Op.ECR,81,80,0.0,60
fake_kawasaki,Op.ECR,72,81,0.9894415546902539,21
fake_kawasaki,Op.ECR,81,82,0.9862832090133123,33
fake_kawasaki,Op.ECR,82,83,0.9935931037853101,33
fake_kawasaki,Op.ECR,83,84,0.0,60
fake_kawasaki,Op.ECR,85,84,0.0,60
fake_kawasaki,Op.ECR,73,85,0.9598128134764564,33
fake_kawasaki,Op.ECR,85,86,0.9768941269962377,33
fake_kawasaki,Op.ECR,87,86,0.9807412361482474,33
fake_kawasaki,Op.ECR,93,87,0.0,60
fake_kawasaki,Op.ECR,87,88,0.9867672043098973,33
fake_kawasaki,Op.ECR,89,88,0.9752682147735792,33
fake_kawasaki,Op.ECR,75,90,0.0,60
fake_kawasaki,Op.ECR,94,90,0.0,60
fake_kawasaki,Op.ECR,83,92,0.9909981170372893,33
fake_kawasaki,Op.ECR,102,92,0.9876049901239501,9
fake_kawasaki,Op.ECR,94,95,0.0,60
fake_kawasaki,Op.ECR,96,95,0.0,60
fake_kawasaki,Op.ECR,109,96,0.9819017669233016,33
fake_kawasaki,Op.ECR,96,97,0.9875845798758457,9
fake_kawasaki,Op.ECR,98,97,0.00027877002787700275,36
fake_kawasaki,Op.ECR,91,98,0.0003592299820385009,36
fake_kawasaki,Op.ECR,99,98,0.000564050141012535,36
fake_kawasaki,Op.ECR,99,100,0.9727453247373846,33
fake_kawasaki,Op.ECR,101,100,0.9899275109629956,33
fake_kawasaki,Op.ECR,102,101,0.9852697602780405,33
fake_kawasaki,Op.ECR,103,102,0.9843413101565869,9
fake_kawasaki,Op.ECR,103,104,0.0,36
fake_kawasaki,Op.ECR,105,104,0.0,36
fake_kawasaki,Op.ECR,111,104,0.0,6
fake_kawasaki,Op.ECR,93,106,0.0,60
fake_kawasaki,Op.ECR,105,106,0.9873153842919214,33
fake_kawasaki,Op.ECR,107,106,0.972563934210097,33
fake_kawasaki,Op.ECR,108,107,0.000431729978413501,36
fake_kawasaki,Op.ECR,112,108,0.0003885599805720012,36
fake_kawasaki,Op.ECR,100,110,0.9908664899062773,33
fake_kawasaki,Op.ECR,126,112,0.0,6
fake_kawasaki,Op.ECR,109,114,0.9817751574485208,33
fake_kawasaki,Op.ECR,113,114,0.00017510025389536827,36
fake_kawasaki,Op.ECR,115,114,0.0,60
fake_kawasaki,Op.ECR,115,116,0.0,60
fake_kawasaki,Op.ECR,117,116,0.9804218245332406,33
fake_kawasaki,Op.ECR,110,118,0.0,60
fake_kawasaki,Op.ECR,117,118,0.0,60
fake_kawasaki,Op.ECR,118,119,0.0,60
fake_kawasaki,Op.ECR,120,119,0.0,60
fake_kawasaki,Op.ECR,121,120,0.0,60
fake_kawasaki,Op.ECR,122,121,0.9904880976345277,33
fake_kawasaki,Op.ECR,111,122,0.9909494875102921,33
fake_kawasaki,Op.ECR,123,122,0.9760847537820352,33
fake_kawasaki,Op.ECR,124,123,0.0,60
fake_kawasaki,Op.ECR,125,124,0.0,60
fake_kawasaki,Op.ECR,125,126,0.0,6
fake_kawasaki,Op.MEAS,0,-1,1.92822266,2
fake_kawasaki,Op.MEAS,1,-1,1.98242188,2
fake_kawasaki,Op.MEAS,2,-1,1.984375,2
fake_kawasaki,Op.MEAS,3,-1,1.97705078,2
fake_kawasaki,Op.MEAS,4,-1,1.94726562,2
fake_kawasaki,Op.MEAS,5,-1,1.94628906,2
fake_kawasaki,Op.MEAS,6,-1,1.99023438,2
fake_kawasaki,Op.MEAS,7,-1,1.72167968,2
fake_kawasaki,Op.MEAS,8,-1,1.96826172,2
fake_kawasaki,Op.MEAS,9,-1,1.96826172,2
fake_kawasaki,Op.MEAS,10,-1,1.95751954,2
fake_kawasaki,Op.MEAS,11,-1,1.96435546,2
fake_kawasaki,Op.MEAS,12,-1,1.84033204,2
fake_kawasaki,Op.MEAS,13,-1,1.97851562,2
fake_kawasaki,Op.MEAS,14,-1,1.98925782,2
fake_kawasaki,Op.MEAS,15,-1,1.95458984,2
fake_kawasaki,Op.MEAS,16,-1,1.95703124,2
fake_kawasaki,Op.MEAS,17,-1,1.95117188,2
fake_kawasaki,Op.MEAS,18,-1,1.9086914,2
fake_kawasaki,Op.MEAS,19,-1,1.97705078,2
fake_kawasaki,Op.MEAS,20,-1,1.81396484,2
fake_kawasaki,Op.MEAS,21,-1,1.82763672,2
fake_kawasaki,Op.MEAS,22,-1,1.95947266,2
fake_kawasaki,Op.MEAS,23,-1,1.96923828,2
fake_kawasaki,Op.MEAS,24,-1,1.94970704,2
fake_kawasaki,Op.MEAS,25,-1,1.93457032,2
fake_kawasaki,Op.MEAS,26,-1,1.97558594,2
fake_kawasaki,Op.MEAS,27,-1,1.96533204,2
fake_kawasaki,Op.MEAS,28,-1,1.98291016,2
fake_kawasaki,Op.MEAS,29,-1,1.85791016,2
fake_kawasaki,Op.MEAS,30,-1,1.96582032,2
fake_kawasaki,Op.MEAS,31,-1,1.97998046,2
fake_kawasaki,Op.MEAS,32,-1,1.97851562,2
fake_kawasaki,Op.MEAS,33,-1,1.734375,2
fake_kawasaki,Op.MEAS,34,-1,1.99316406,2
fake_kawasaki,Op.MEAS,35,-1,1.98242188,2
fake_kawasaki,Op.MEAS,36,-1,1.86767578,2
fake_kawasaki,Op.MEAS,37,-1,1.87451172,2
fake_kawasaki,Op.MEAS,38,-1,1.97705078,2
fake_kawasaki,Op.MEAS,39,-1,1.98583984,2
fake_kawasaki,Op.MEAS,40,-1,1.86328124,2
fake_kawasaki,Op.MEAS,41,-1,1.80175782,2
fake_kawasaki,Op.MEAS,42,-1,1.96875,2
fake_kawasaki,Op.MEAS,43,-1,1.91064454,2
fake_kawasaki,Op.MEAS,44,-1,1.92041016,2
fake_kawasaki,Op.MEAS,45,-1,1.91259766,2
fake_kawasaki,Op.MEAS,46,-1,1.97607422,2
fake_kawasaki,Op.MEAS,47,-1,1.984375,2
fake_kawasaki,Op.MEAS,48,-1,1.97705078,2
fake_kawasaki,Op.MEAS,49,-1,1.97998046,2
fake_kawasaki,Op.MEAS,50,-1,1.9350586,2
fake_kawasaki,Op.MEAS,51,-1,1.79003906,2
fake_kawasaki,Op.MEAS,52,-1,1.98632812,2
fake_kawasaki,Op.MEAS,53,-1,1.9633789,2
fake_kawasaki,Op.MEAS,54,-1,1.98046876,2
fake_kawasaki,Op.MEAS,55,-1,1.9741211,2
fake_kawasaki,Op.MEAS,56,-1,1.97265624,2
fake_kawasaki,Op.MEAS,57,-1,1.90820312,2
fake_kawasaki,Op.MEAS,58,-1,1.96728516,2
fake_kawasaki,Op.MEAS,59,-1,1.96142578,2
fake_kawasaki,Op.MEAS,60,-1,1.9609375,2
fake_kawasaki,Op.MEAS,61,-1,1.9790039,2
fake_kawasaki,Op.MEAS,62,-1,1.97753906,2
fake_kawasaki,Op.MEAS,63,-1,1.96777344,2
fake_kawasaki,Op.MEAS,64,-1,1.9663086,2
fake_kawasaki,Op.MEAS,65,-1,1.97998046,2
fake_kawasaki,Op.MEAS,66,-1,1.9790039,2
fake_kawasaki,Op.MEAS,67,-1,1.98388672,2
fake_kawasaki,Op.MEAS,68,-1,1.96289062,2
fake_kawasaki,Op.MEAS,69,-1,1.97607422,2
fake_kawasaki,Op.MEAS,70,-1,1.984375,2
fake_kawasaki,Op.MEAS,71,-1,1.9765625,2
fake_kawasaki,Op.MEAS,72,-1,1.98242188,2
fake_kawasaki,Op.MEAS,73,-1,1.96777344,2
fake_kawasaki,Op.MEAS,74,-1,1.98144532,2
fake_kawasaki,Op.MEAS,75,-1,1.71875,2
fake_kawasaki,Op.MEAS,76,-1,1.81982422,2
fake_kawasaki,Op.MEAS,77,-1,1.9609375,2
fake_kawasaki,Op.MEAS,78,-1,1.98535156,2
fake_kawasaki,Op.MEAS,79,-1,1.97167968,2
fake_kawasaki,Op.MEAS,80,-1,1.98876954,2
fake_kawasaki,Op.MEAS,81,-1,1.98242188,2
fake_kawasaki,Op.MEAS,82,-1,1.98095704,2
fake_kawasaki,Op.MEAS,83,-1,1.93896484,2
fake_kawasaki,Op.MEAS,84,-1,1.98828124,2
fake_kawasaki,Op.MEAS,85,-1,1.99072266,2
fake_kawasaki,Op.MEAS,86,-1,1.96923828,2
fake_kawasaki,Op.MEAS,87,-1,1.91992188,2
fake_kawasaki,Op.MEAS,88,-1,1.97265624,2
fake_kawasaki,Op.MEAS,89,-1,1.98632812,2
fake_kawasaki,Op.MEAS,90,-1,1.9506836,2
fake_kawasaki,Op.MEAS,91,-1,1.78613282,2
fake_kawasaki,Op.MEAS,92,-1,1.97363282,2
fake_kawasaki,Op.MEAS,93,-1,1.89501954,2
fake_kawasaki,Op.MEAS,94,-1,1.9819336,2
fake_kawasaki,Op.MEAS,95,-1,1.83154296,2
fake_kawasaki,Op.MEAS,96,-1,1.94482422,2
fake_kawasaki,Op.MEAS,97,-1,1.88232422,2
fake_kawasaki,Op.MEAS,98,-1,1.34521484,2
fake_kawasaki,Op.MEAS,99,-1,1.91552734,2
fake_kawasaki,Op.MEAS,100,-1,1.96191406,2
fake_kawasaki,Op.MEAS,101,-1,1.97314454,2
fake_kawasaki,Op.MEAS,102,-1,1.96044922,2
fake_kawasaki,Op.MEAS,103,-1,1.90820312,2
fake_kawasaki,Op.MEAS,104,-1,1.93652344,2
fake_kawasaki,Op.MEAS,105,-1,1.97265624,2
fake_kawasaki,Op.MEAS,106,-1,1.98242188,2
fake_kawasaki,Op.MEAS,107,-1,1.70605468,2
fake_kawasaki,Op.MEAS,108,-1,1.8540039,2
fake_kawasaki,Op.MEAS,109,-1,1.96875,2
fake_kawasaki,Op.MEAS,110,-1,1.96728516,2
fake_kawasaki,Op.MEAS,111,-1,1.98144532,2
fake_kawasaki,Op.MEAS,112,-1,1.85498046,2
fake_kawasaki,Op.MEAS,113,-1,1.73339844,2
fake_kawasaki,Op.MEAS,114,-1,1.97851562,2
fake_kawasaki,Op.MEAS,115,-1,1.984375,2
fake_kawasaki,Op.MEAS,116,-1,1.97851562,2
fake_kawasaki,Op.MEAS,117,-1,1.98046876,2
fake_kawasaki,Op.MEAS,118,-1,1.98632812,2
fake_kawasaki,Op.MEAS,119,-1,1.98632812,2
fake_kawasaki,Op.MEAS,120,-1,1.9741211,2
fake_kawasaki,Op.MEAS,121,-1,1.96484376,2
fake_kawasaki,Op.MEAS,122,-1,1.9765625,2
fake_kawasaki,Op.MEAS,123,-1,1.87304688,2
fake_kawasaki,Op.MEAS,124,-1,1.9819336,2
fake_kawasaki,Op.MEAS,125,-1,1.96826172,2
fake_kawasaki,Op.MEAS,126,-1,1.93652344,2
fake_kyiv,Op.RESET,0,-1,0.0,3
fake_kyiv,Op.RESET,1,-1,0.99486764,3
fake_kyiv,Op.RESET,2,-1,0.99180705,3
fake_kyiv,Op.RESET,3,-1,0.99403445,3
fake_kyiv,Op.RESET,4,-1,0.99291571,3
fake_kyiv,Op.RESET,5,-1,0.9961959100000001,3
fake_kyiv,Op.RESET,6,-1,0.994509100054909,3
fake_kyiv,Op.RESET,7,-1,0.99737796,3
fake_kyiv,Op.RESET,8,-1,0.99549919,3
fake_kyiv,Op.RESET,9,-1,0.0,3
fake_kyiv,Op.RESET,10,-1,0.99130122,3
fake_kyiv,Op.RESET,11,-1,0.0,3
fake_kyiv,Op.RESET,12,-1,0.99710897,3
fake_kyiv,Op.RESET,13,-1,0.9910632,3
fake_kyiv,Op.RESET,14,-1,0.0,3
fake_kyiv,Op.RESET,15,-1,0.98804893,3
fake_kyiv,Op.RESET,16,-1,0.9926662500733375,3
fake_kyiv,Op.RESET,17,-1,0.98790558,3
fake_kyiv,Op.RESET,18,-1,0.9834335601656644,3
fake_kyiv,Op.RESET,19,-1,0.9957646599576465,3
fake_kyiv,Op.RESET,20,-1,0.0,3
fake_kyiv,Op.RESET,21,-1,0.9950277299502773,3
fake_kyiv,Op.RESET,22,-1,0.9902213899022139,3
fake_kyiv,Op.RESET,23,-1,0.9929620199296202,3
fake_kyiv,Op.RESET,24,-1,0.9876514700000001,3
fake_kyiv,Op.RESET,25,-1,0.0,3
fake_kyiv,Op.RESET,26,-1,0.99230972,3
fake_kyiv,Op.RESET,27,-1,0.9875002901249972,3
fake_kyiv,Op.RESET,28,-1,0.94783368,3
fake_kyiv,Op.RESET,29,-1,0.995626410043736,3
fake_kyiv,Op.RESET,30,-1,0.99267272,3
fake_kyiv,Op.RESET,31,-1,0.99372613,3
fake_kyiv,Op.RESET,32,-1,0.9928629800000001,3
fake_kyiv,Op.RESET,33,-1,0.99561844,3
fake_kyiv,Op.RESET,34,-1,0.9943711000000001,3
fake_kyiv,Op.RESET,35,-1,0.9883978298839783,3
fake_kyiv,Op.RESET,36,-1,0.99328532,3
fake_kyiv,Op.RESET,37,-1,0.99573478,3
fake_kyiv,Op.RESET,38,-1,0.9970734499707344,3
fake_kyiv,Op.RESET,39,-1,0.988312509883125,3
fake_kyiv,Op.RESET,40,-1,0.9721256797212567,3
fake_kyiv,Op.RESET,41,-1,0.0,3
fake_kyiv,Op.RESET,42,-1,0.9665728100000001,3
fake_kyiv,Op.RESET,43,-1,0.99572866,3
fake_kyiv,Op.RESET,44,-1,0.0,3
fake_kyiv,Op.RESET,45,-1,0.99320855,3
fake_kyiv,Op.RESET,46,-1,0.9868624798686247,3
fake_kyiv,Op.RESET,47,-1,0.99263517,3
fake_kyiv,Op.RESET,48,-1,0.9889533201104668,3
fake_kyiv,Op.RESET,49,-1,0.9900727499007275,3
fake_kyiv,Op.RESET,50,-1,0.9910236099102362,3
fake_kyiv,Op.RESET,51,-1,0.98789095,3
fake_kyiv,Op.RESET,52,-1,0.97734299,3
fake_kyiv,Op.RESET,53,-1,0.0,3
fake_kyiv,Op.RESET,54,-1,0.96767664,3
fake_kyiv,Op.RESET,55,-1,0.98036294,3
fake_kyiv,Op.RESET,56,-1,0.99511815,3
fake_kyiv,Op.RESET,57,-1,0.98715386,3
fake_kyiv,Op.RESET,58,-1,0.9792398,3
fake_kyiv,Op.RESET,59,-1,0.98893251,3
fake_kyiv,Op.RESET,60,-1,0.0,3
fake_kyiv,Op.RESET,61,-1,0.99409623,3
fake_kyiv,Op.RESET,62,-1,0.9735091402649085,3
fake_kyiv,Op.RESET,63,-1,0.9938682600613175,3
fake_kyiv,Op.RESET,64,-1,0.98151486,3
fake_kyiv,Op.RESET,65,-1,0.0,3
fake_kyiv,Op.RESET,66,-1,0.99105916,3
fake_kyiv,Op.RESET,67,-1,0.990885889908859,3
fake_kyiv,Op.RESET,68,-1,0.9906558400000001,3
fake_kyiv,Op.RESET,69,-1,0.99169044,3
fake_kyiv,Op.RESET,70,-1,0.98929427,3
fake_kyiv,Op.RESET,71,-1,0.9857837301421628,3
fake_kyiv,Op.RESET,72,-1,0.9910330900896691,3
fake_kyiv,Op.RESET,73,-1,0.99234455,3
fake_kyiv,Op.RESET,74,-1,0.0,3
fake_kyiv,Op.RESET,75,-1,0.9945541000544591,3
fake_kyiv,Op.RESET,76,-1,0.0,3
fake_kyiv,Op.RESET,77,-1,0.99450093,3
fake_kyiv,Op.RESET,78,-1,0.99668577,3
fake_kyiv,Op.RESET,79,-1,0.98746968,3
fake_kyiv,Op.RESET,80,-1,0.0,3
fake_kyiv,Op.RESET,81,-1,0.9878174001218261,3
fake_kyiv,Op.RESET,82,-1,0.9917168799171688,3
fake_kyiv,Op.RESET,83,-1,0.991120500088795,3
fake_kyiv,Op.RESET,84,-1,0.9946855000531452,3
fake_kyiv,Op.RESET,85,-1,0.9955031899550318,3
fake_kyiv,Op.RESET,86,-1,0.0,3
fake_kyiv,Op.RESET,87,-1,0.98545268,3
fake_kyiv,Op.RESET,88,-1,0.98234928,3
fake_kyiv,Op.RESET,89,-1,0.9956412799564127,3
fake_kyiv,Op.RESET,90,-1,0.99476575,3
fake_kyiv,Op.RESET,91,-1,0.99060419,3
fake_kyiv,Op.RESET,92,-1,0.9906664499066645,3
fake_kyiv,Op.RESET,93,-1,0.99255424,3
fake_kyiv,Op.RESET,94,-1,0.99078536,3
fake_kyiv,Op.RESET,95,-1,0.95672283,3
fake_kyiv,Op.RESET,96,-1,0.9937955199379551,3
fake_kyiv,Op.RESET,97,-1,0.0,3
fake_kyiv,Op.RESET,98,-1,0.97869911,3
fake_kyiv,Op.RESET,99,-1,0.9893841401061587,3
fake_kyiv,Op.RESET,100,-1,0.98917721,3
fake_kyiv,Op.RESET,101,-1,0.0,3
fake_kyiv,Op.RESET,102,-1,0.99530461,3
fake_kyiv,Op.RESET,103,-1,0.99415367,3
fake_kyiv,Op.RESET,104,-1,0.97642785,3
fake_kyiv,Op.RESET,105,-1,0.9860103798601038,3
fake_kyiv,Op.RESET,106,-1,0.9748365800000001,3
fake_kyiv,Op.RESET,107,-1,0.98122668,3
fake_kyiv,Op.RESET,108,-1,0.0,3
fake_kyiv,Op.RESET,109,-1,0.95315934,3
fake_kyiv,Op.RESET,110,-1,0.9878266,3
fake_kyiv,Op.RESET,111,-1,0.99197784,3
fake_kyiv,Op.RESET,112,-1,0.0,3
fake_kyiv,Op.RESET,113,-1,0.99210576,3
fake_kyiv,Op.RESET,114,-1,0.9501822495018225,3
fake_kyiv,Op.RESET,115,-1,0.991049,3
fake_kyiv,Op.RESET,116,-1,0.9875707300000001,3
fake_kyiv,Op.RESET,117,-1,0.9874303,3
fake_kyiv,Op.RESET,118,-1,0.0,3
fake_kyiv,Op.RESET,119,-1,0.996254,3
fake_kyiv,Op.RESET,120,-1,0.99431247,3
fake_kyiv,Op.RESET,121,-1,0.9888977298889773,3
fake_kyiv,Op.RESET,122,-1,0.99251176,3
fake_kyiv,Op.RESET,123,-1,0.0,3
fake_kyiv,Op.RESET,124,-1,0.98758678,3
fake_kyiv,Op.RESET,125,-1,0.0,3
fake_kyiv,Op.RESET,126,-1,0.99012817,3
fake_kyiv,Op.SX,0,-1,0.0,10
fake_kyiv,Op.SX,1,-1,0.99980204,3
fake_kyiv,Op.SX,2,-1,0.9990545397919988,5
fake_kyiv,Op.SX,3,-1,0.99976972,3
fake_kyiv,Op.SX,4,-1,0.9990169098033819,5
fake_kyiv,Op.SX,5,-1,0.99979673,5
fake_kyiv,Op.SX,6,-1,0.999788200002118,3
fake_kyiv,Op.SX,7,-1,0.9997613599976135,5
fake_kyiv,Op.SX,8,-1,0.9994232899596304,5
fake_kyiv,Op.SX,9,-1,0.0,10
fake_kyiv,Op.SX,10,-1,0.99966358,3
fake_kyiv,Op.SX,11,-1,0.0,10
fake_kyiv,Op.SX,12,-1,0.9997704899954099,5
fake_kyiv,Op.SX,13,-1,0.99965415,3
fake_kyiv,Op.SX,14,-1,0.0,10
fake_kyiv,Op.SX,15,-1,0.999262799896792,5
fake_kyiv,Op.SX,16,-1,0.999541549972493,5
fake_kyiv,Op.SX,17,-1,0.998856009633923,5
fake_kyiv,Op.SX,18,-1,0.99935493,3
fake_kyiv,Op.SX,19,-1,0.99983618,5
fake_kyiv,Op.SX,20,-1,0.0,10
fake_kyiv,Op.SX,21,-1,0.9997136899942738,5
fake_kyiv,Op.SX,22,-1,0.99962124,3
fake_kyiv,Op.SX,23,-1,0.9995762699872881,5
fake_kyiv,Op.SX,24,-1,0.9979196693134909,5
fake_kyiv,Op.SX,25,-1,0.0,10
fake_kyiv,Op.SX,26,-1,0.9993281799193814,5
fake_kyiv,Op.SX,27,-1,0.9994624499838733,5
fake_kyiv,Op.SX,28,-1,0.99790012,3
fake_kyiv,Op.SX,29,-1,0.9996810299968103,5
fake_kyiv,Op.SX,30,-1,0.9977818795341945,6
fake_kyiv,Op.SX,31,-1,0.9993745299437078,5
fake_kyiv,Op.SX,32,-1,0.99972429,3
fake_kyiv,Op.SX,33,-1,0.9997847400000002,5
fake_kyiv,Op.SX,34,-1,0.99936429993643,5
fake_kyiv,Op.SX,35,-1,0.99955013,3
fake_kyiv,Op.SX,36,-1,0.9997176599971764,5
fake_kyiv,Op.SX,37,-1,0.9967931498396574,6
fake_kyiv,Op.SX,38,-1,0.9977745894436473,5
fake_kyiv,Op.SX,39,-1,0.9986137694039208,5
fake_kyiv,Op.SX,40,-1,0.998901610010984,3
fake_kyiv,Op.SX,41,-1,0.0,10
fake_kyiv,Op.SX,42,-1,0.9986407099320356,5
fake_kyiv,Op.SX,43,-1,0.9996901499969014,5
fake_kyiv,Op.SX,44,-1,0.0,10
fake_kyiv,Op.SX,45,-1,0.9995218599760931,5
fake_kyiv,Op.SX,46,-1,0.9990463097711142,5
fake_kyiv,Op.SX,47,-1,0.9984829594690359,5
fake_kyiv,Op.SX,48,-1,0.99957195,3
fake_kyiv,Op.SX,49,-1,0.99961586,3
fake_kyiv,Op.SX,50,-1,0.99965271,3
fake_kyiv,Op.SX,51,-1,0.9995305800000001,3
fake_kyiv,Op.SX,52,-1,0.99911253,3
fake_kyiv,Op.SX,53,-1,0.0,10
fake_kyiv,Op.SX,54,-1,0.99872004,3
fake_kyiv,Op.SX,55,-1,0.9992329800076702,3
fake_kyiv,Op.SX,56,-1,0.9991968499116535,5
fake_kyiv,Op.SX,57,-1,0.9975782292734688,5
fake_kyiv,Op.SX,58,-1,0.9991889099918891,3
fake_kyiv,Op.SX,59,-1,0.999340259934026,5
fake_kyiv,Op.SX,60,-1,0.0,10
fake_kyiv,Op.SX,61,-1,0.9995221399713283,5
fake_kyiv,Op.SX,62,-1,0.9988312098597452,5
fake_kyiv,Op.SX,63,-1,0.9995012899601032,5
fake_kyiv,Op.SX,64,-1,0.99927875,3
fake_kyiv,Op.SX,65,-1,0.0,10
fake_kyiv,Op.SX,66,-1,0.9974032,6
fake_kyiv,Op.SX,67,-1,0.9996472900000001,3
fake_kyiv,Op.SX,68,-1,0.99963855,3
fake_kyiv,Op.SX,69,-1,0.99938359993836,5
fake_kyiv,Op.SX,70,-1,0.9995852000041479,3
fake_kyiv,Op.SX,71,-1,0.9989445496939195,5
fake_kyiv,Op.SX,72,-1,0.9984490693641185,5
fake_kyiv,Op.SX,73,-1,0.99970432,3
fake_kyiv,Op.SX,74,-1,0.0,10
fake_kyiv,Op.SX,75,-1,0.9996535099861403,5
fake_kyiv,Op.SX,76,-1,0.0,10
fake_kyiv,Op.SX,77,-1,0.998963069823722,5
fake_kyiv,Op.SX,78,-1,0.999809779998098,5
fake_kyiv,Op.SX,79,-1,0.9988709096386911,5
fake_kyiv,Op.SX,80,-1,0.0,10
fake_kyiv,Op.SX,81,-1,0.99952807,3
fake_kyiv,Op.SX,82,-1,0.9992433598865039,5
fake_kyiv,Op.SX,83,-1,0.9996271299888141,5
fake_kyiv,Op.SX,84,-1,0.9997080599912418,5
fake_kyiv,Op.SX,85,-1,0.9997707799954155,5
fake_kyiv,Op.SX,86,-1,0.0,10
fake_kyiv,Op.SX,87,-1,0.9992232599067913,5
fake_kyiv,Op.SX,88,-1,0.9993134200068658,3
fake_kyiv,Op.SX,89,-1,0.9997379599921389,5
fake_kyiv,Op.SX,90,-1,0.9994642199624953,5
fake_kyiv,Op.SX,91,-1,0.9996148099922961,5
fake_kyiv,Op.SX,92,-1,0.99963894,3
fake_kyiv,Op.SX,93,-1,0.9991187898501943,5
fake_kyiv,Op.SX,94,-1,0.9996440099964401,3
fake_kyiv,Op.SX,95,-1,0.99826897,3
fake_kyiv,Op.SX,96,-1,0.999537849972271,5
fake_kyiv,Op.SX,97,-1,0.0,10
fake_kyiv,Op.SX,98,-1,0.99916629,3
fake_kyiv,Op.SX,99,-1,0.9993353399335341,5
fake_kyiv,Op.SX,100,-1,0.99958097,3
fake_kyiv,Op.SX,101,-1,0.0,10
fake_kyiv,Op.SX,102,-1,0.9996671999866882,5
fake_kyiv,Op.SX,103,-1,0.9995912599836504,5
fake_kyiv,Op.SX,104,-1,0.9990772,3
fake_kyiv,Op.SX,105,-1,0.9988817796421695,5
fake_kyiv,Op.SX,106,-1,0.9985053897907544,6
fake_kyiv,Op.SX,107,-1,0.99926875,3
fake_kyiv,Op.SX,108,-1,0.0,10
fake_kyiv,Op.SX,109,-1,0.9978248397172295,5
fake_kyiv,Op.SX,110,-1,0.9993465499477241,5
fake_kyiv,Op.SX,111,-1,0.9996478699929574,5
fake_kyiv,Op.SX,112,-1,0.0,10
fake_kyiv,Op.SX,113,-1,0.9991499998469999,5
fake_kyiv,Op.SX,114,-1,0.99799728,3
fake_kyiv,Op.SX,115,-1,0.9993103399103441,5
fake_kyiv,Op.SX,116,-1,0.9993902799573197,5
fake_kyiv,Op.SX,117,-1,0.99951273,3
fake_kyiv,Op.SX,118,-1,0.0,10
fake_kyiv,Op.SX,119,-1,0.9997938099979381,5
fake_kyiv,Op.SX,120,-1,0.9997372099973719,5
fake_kyiv,Op.SX,121,-1,0.99957028,3
fake_kyiv,Op.SX,122,-1,0.99971082,3
fake_kyiv,Op.SX,123,-1,0.0,10
fake_kyiv,Op.SX,124,-1,0.9993715899560112,5
fake_kyiv,Op.SX,125,-1,0.0,10
fake_kyiv,Op.SX,126,-1,0.9995850900000001,5
fake_kyiv,Op.X,0,-1,0.0,10
fake_kyiv,Op.X,1,-1,0.99980204,3
fake_kyiv,Op.X,2,-1,0.9990545397919988,5
fake_kyiv,Op.X,3,-1,0.99976972,3
fake_kyiv,Op.X,4,-1,0.9990169098033819,5
fake_kyiv,Op.X,5,-1,0.99979673,5
fake_kyiv,Op.X,6,-1,0.999788200002118,3
fake_kyiv,Op.X,7,-1,0.9997613599976135,5
fake_kyiv,Op.X,8,-1,0.9994232899596304,5
fake_kyiv,Op.X,9,-1,0.0,10
fake_kyiv,Op.X,10,-1,0.99966358,3
fake_kyiv,Op.X,11,-1,0.0,10
fake_kyiv,Op.X,12,-1,0.9997704899954099,5
fake_kyiv,Op.X,13,-1,0.99965415,3
fake_kyiv,Op.X,14,-1,0.0,10
fake_kyiv,Op.X,15,-1,0.999262799896792,5
fake_kyiv,Op.X,16,-1,0.999541549972493,5
fake_kyiv,Op.X,17,-1,0.998856009633923,5
fake_kyiv,Op.X,18,-1,0.99935493,3
fake_kyiv,Op.X,19,-1,0.99983618,5
fake_kyiv,Op.X,20,-1,0.0,10
fake_kyiv,Op.X,21,-1,0.9997136899942738,5
fake_kyiv,Op.X,22,-1,0.99962124,3
fake_kyiv,Op.X,23,-1,0.9995762699872881,5
fake_kyiv,Op.X,24,-1,0.9979196693134909,5
fake_kyiv,Op.X,25,-1,0.0,10
fake_kyiv,Op.X,26,-1,0.9993281799193814,5
fake_kyiv,Op.X,27,-1,0.9994624499838733,5
fake_kyiv,Op.X,28,-1,0.99790012,3
fake_kyiv,Op.X,29,-1,0.9996810299968103,5
fake_kyiv,Op.X,30,-1,0.9977818795341945,6
fake_kyiv,Op.X,31,-1,0.9993745299437078,5
fake_kyiv,Op.X,32,-1,0.99972429,3
fake_kyiv,Op.X,33,-1,0.9997847400000002,5
fake_kyiv,Op.X,34,-1,0.99936429993643,5
fake_kyiv,Op.X,35,-1,0.99955013,3
fake_kyiv,Op.X,36,-1,0.9997176599971764,5
fake_kyiv,Op.X,37,-1,0.9967931498396574,6
fake_kyiv,Op.X,38,-1,0.9977745894436473,5
fake_kyiv,Op.X,39,-1,0.9986137694039208,5
fake_kyiv,Op.X,40,-1,0.998901610010984,3
fake_kyiv,Op.X,41,-1,0.0,10
fake_kyiv,Op.X,42,-1,0.9986407099320356,5
fake_kyiv,Op.X,43,-1,0.9996901499969014,5
fake_kyiv,Op.X,44,-1,0.0,10
fake_kyiv,Op.X,45,-1,0.9995218599760931,5
fake_kyiv,Op.X,46,-1,0.9990463097711142,5
fake_kyiv,Op.X,47,-1,0.9984829594690359,5
fake_kyiv,Op.X,48,-1,0.99957195,3
fake_kyiv,Op.X,49,-1,0.99961586,3
fake_kyiv,Op.X,50,-1,0.99965271,3
fake_kyiv,Op.X,51,-1,0.9995305800000001,3
fake_kyiv,Op.X,52,-1,0.99911253,3
fake_kyiv,Op.X,53,-1,0.0,10
fake_kyiv,Op.X,54,-1,0.99872004,3
fake_kyiv,Op.X,55,-1,0.9992329800076702,3
fake_kyiv,Op.X,56,-1,0.9991968499116535,5
fake_kyiv,Op.X,57,-1,0.9975782292734688,5
fake_kyiv,Op.X,58,-1,0.9991889099918891,3
fake_kyiv,Op.X,59,-1,0.999340259934026,5
fake_kyiv,Op.X,60,-1,0.0,10
fake_kyiv,Op.X,61,-1,0.9995221399713283,5
fake_kyiv,Op.X,62,-1,0.9988312098597452,5
fake_kyiv,Op.X,63,-1,0.9995012899601032,5
fake_kyiv,Op.X,64,-1,0.99927875,3
fake_kyiv,Op.X,65,-1,0.0,10
fake_kyiv,Op.X,66,-1,0.9974032,6
fake_kyiv,Op.X,67,-1,0.9996472900000001,3
fake_kyiv,Op.X,68,-1,0.99963855,3
fake_kyiv,Op.X,69,-1,0.99938359993836,5
fake_kyiv,Op.X,70,-1,0.9995852000041479,3
fake_kyiv,Op.X,71,-1,0.9989445496939195,5
fake_kyiv,Op.X,72,-1,0.9984490693641185,5
fake_kyiv,Op.X,73,-1,0.99970432,3
fake_kyiv,Op.X,74,-1,0.0,10
fake_kyiv,Op.X,75,-1,0.9996535099861403,5
fake_kyiv,Op.X,76,-1,0.0,10
fake_kyiv,Op.X,77,-1,0.998963069823722,5
fake_kyiv,Op.X,78,-1,0.999809779998098,5
fake_kyiv,Op.X,79,-1,0.9988709096386911,5
fake_kyiv,Op.X,80,-1,0.0,10
fake_kyiv,Op.X,81,-1,0.99952807,3
fake_kyiv,Op.X,82,-1,0.9992433598865039,5
fake_kyiv,Op.X,83,-1,0.9996271299888141,5
fake_kyiv,Op.X,84,-1,0.9997080599912418,5
fake_kyiv,Op.X,85,-1,0.9997707799954155,5
fake_kyiv,Op.X,86,-1,0.0,10
fake_kyiv,Op.X,87,-1,0.9992232599067913,5
fake_kyiv,Op.X,88,-1,0.9993134200068658,3
fake_kyiv,Op.X,89,-1,0.9997379599921389,5
fake_kyiv,Op.X,90,-1,0.9994642199624953,5
fake_kyiv,Op.X,91,-1,0.9996148099922961,5
fake_kyiv,Op.X,92,-1,0.99963894,3
fake_kyiv,Op.X,93,-1,0.9991187898501943,5
fake_kyiv,Op.X,94,-1,0.9996440099964401,3
fake_kyiv,Op.X,95,-1,0.99826897,3
fake_kyiv,Op.X,96,-1,0.999537849972271,5
fake_kyiv,Op.X,97,-1,0.0,10
fake_kyiv,Op.X,98,-1,0.99916629,3
fake_kyiv,Op.X,99,-1,0.9993353399335341,5
fake_kyiv,Op.X,100,-1,0.99958097,3
fake_kyiv,Op.X,101,-1,0.0,10
fake_kyiv,Op.X,102,-1,0.9996671999866882,5
fake_kyiv,Op.X,103,-1,0.9995912599836504,5
fake_kyiv,Op.X,104,-1,0.9990772,3
fake_kyiv,Op.X,105,-1,0.9988817796421695,5
fake_kyiv,Op.X,106,-1,0.9985053897907544,6
fake_kyiv,Op.X,107,-1,0.99926875,3
fake_kyiv,Op.X,108,-1,0.0,10
fake_kyiv,Op.X,109,-1,0.9978248397172295,5
fake_kyiv,Op.X,110,-1,0.9993465499477241,5
fake_kyiv,Op.X,111,-1,0.9996478699929574,5
fake_kyiv,Op.X,112,-1,0.0,10
fake_kyiv,Op.X,113,-1,0.9991499998469999,5
fake_kyiv,Op.X,114,-1,0.99799728,3
fake_kyiv,Op.X,115,-1,0.9993103399103441,5
fake_kyiv,Op.X,116,-1,0.9993902799573197,5
fake_kyiv,Op.X,117,-1,0.99951273,3
fake_kyiv,Op.X,118,-1,0.0,10
fake_kyiv,Op.X,119,-1,0.9997938099979381,5
fake_kyiv,Op.X,120,-1,0.9997372099973719,5
fake_kyiv,Op.X,121,-1,0.99957028,3
fake_kyiv,Op.X,122,-1,0.99971082,3
fake_kyiv,Op.X,123,-1,0.0,10
fake_kyiv,Op.X,124,-1,0.9993715899560112,5
fake_kyiv,Op.X,125,-1,0.0,10
fake_kyiv,Op.X,126,-1,0.9995850900000001,5
fake_kyiv,Op.ECR,1,0,0.0,60
fake_kyiv,Op.ECR,14,0,0.0,100
fake_kyiv,Op.ECR,2,1,0.9822985484068686,33
fake_kyiv,Op.ECR,3,2,0.9819382667488884,33
fake_kyiv,Op.ECR,3,4,0.9896898903093024,33
fake_kyiv,Op.ECR,15,4,0.9865953274531131,33
fake_kyiv,Op.ECR,4,5,0.9899764340860981,33
fake_kyiv,Op.ECR,5,6,0.9921456457586485,33
fake_kyiv,Op.ECR,6,7,0.9859335831074553,33
fake_kyiv,Op.ECR,8,7,0.9875612857708375,33
fake_kyiv,Op.ECR,9,8,0.0,60
fake_kyiv,Op.ECR,9,10,0.0,60
fake_kyiv,Op.ECR,11,10,0.0,60
fake_kyiv,Op.ECR,12,11,0.0,60
fake_kyiv,Op.ECR,12,13,0.9921475163093328,33
fake_kyiv,Op.ECR,18,14,0.0,9
fake_kyiv,Op.ECR,8,16,0.9858232400000019,33
fake_kyiv,Op.ECR,12,17,0.9840354990865032,33
fake_kyiv,Op.ECR,30,17,0.8799548719142569,33
fake_kyiv,Op.ECR,18,19,0.9909291800000001,9
fake_kyiv,Op.ECR,19,20,0.0,60
fake_kyiv,Op.ECR,20,21,0.0,60
fake_kyiv,Op.ECR,22,21,0.982800327936038,33
fake_kyiv,Op.ECR,15,22,0.9774093436746178,33
fake_kyiv,Op.ECR,23,22,0.9857289677166365,33
fake_kyiv,Op.ECR,24,23,0.9450247087685306,33
fake_kyiv,Op.ECR,25,24,0.0,60
fake_kyiv,Op.ECR,16,26,0.9848666587893338,33
fake_kyiv,Op.ECR,25,26,0.0,60
fake_kyiv,Op.ECR,27,26,0.9832655400000011,33
fake_kyiv,Op.ECR,27,28,0.9714162199999998,9
fake_kyiv,Op.ECR,28,29,0.9748870802511292,9
fake_kyiv,Op.ECR,30,29,0.9804586811724786,33
fake_kyiv,Op.ECR,30,31,0.9811652000000002,33
fake_kyiv,Op.ECR,32,31,0.9884973209202135,33
fake_kyiv,Op.ECR,20,33,0.0,60
fake_kyiv,Op.ECR,39,33,0.9828262693130501,33
fake_kyiv,Op.ECR,24,34,0.9624325964757345,33
fake_kyiv,Op.ECR,28,35,0.97180121,9
fake_kyiv,Op.ECR,47,35,0.9824016796480337,33
fake_kyiv,Op.ECR,32,36,0.9920812001583762,33
fake_kyiv,Op.ECR,51,36,0.9856922972815355,33
fake_kyiv,Op.ECR,38,37,0.971058252764562,33
fake_kyiv,Op.ECR,52,37,0.9699388445889922,33
fake_kyiv,Op.ECR,38,39,0.9619013159034857,33
fake_kyiv,Op.ECR,39,40,0.9758540779270372,33
fake_kyiv,Op.ECR,41,40,0.0,60
fake_kyiv,Op.ECR,41,42,0.0,9
fake_kyiv,Op.ECR,43,42,0.9834113000000001,9
fake_kyiv,Op.ECR,34,43,0.9893070201069311,33
fake_kyiv,Op.ECR,43,44,0.0,60
fake_kyiv,Op.ECR,44,45,0.0,60
fake_kyiv,Op.ECR,46,45,0.97883653915346,33
fake_kyiv,Op.ECR,47,46,0.9645210548099491,33
fake_kyiv,Op.ECR,47,48,0.9767734639610998,33
fake_kyiv,Op.ECR,49,48,0.99053588,9
fake_kyiv,Op.ECR,49,50,0.9821744741175761,33
fake_kyiv,Op.ECR,51,50,0.9826566479187964,33
fake_kyiv,Op.ECR,41,53,0.0,100
fake_kyiv,Op.ECR,60,53,0.0,100
fake_kyiv,Op.ECR,45,54,0.9828155198281552,9
fake_kyiv,Op.ECR,64,54,0.97692018,9
fake_kyiv,Op.ECR,49,55,0.9871112701288872,9
fake_kyiv,Op.ECR,52,56,0.986110756527689,33
fake_kyiv,Op.ECR,56,57,0.9765061468736677,33
fake_kyiv,Op.ECR,58,57,0.961049432480309,33
fake_kyiv,Op.ECR,59,58,0.9815709842870076,33
fake_kyiv,Op.ECR,71,58,0.9769520487065053,33
fake_kyiv,Op.ECR,60,59,0.0,60
fake_kyiv,Op.ECR,61,60,0.0,60
fake_kyiv,Op.ECR,62,61,0.9858142300000001,9
fake_kyiv,Op.ECR,62,63,0.9816978951091372,33
fake_kyiv,Op.ECR,64,63,0.9892635,9
fake_kyiv,Op.ECR,65,64,0.0,60
fake_kyiv,Op.ECR,65,66,0.0,60
fake_kyiv,Op.ECR,67,66,0.9664994022446837,33
fake_kyiv,Op.ECR,68,67,0.9846947663267435,33
fake_kyiv,Op.ECR,55,68,0.9873639102527217,9
fake_kyiv,Op.ECR,69,68,0.9819896896397948,33
fake_kyiv,Op.ECR,70,69,0.9877941102441176,33
fake_kyiv,Op.ECR,74,70,0.0,60
fake_kyiv,Op.ECR,62,72,0.9764287503357888,33
fake_kyiv,Op.ECR,81,72,0.979005178530361,33
fake_kyiv,Op.ECR,66,73,0.9772556965883528,33
fake_kyiv,Op.ECR,85,73,0.9867811184137326,33
fake_kyiv,Op.ECR,76,75,0.0,60
fake_kyiv,Op.ECR,90,75,0.9907302059912343,33
fake_kyiv,Op.ECR,77,76,0.0,60
fake_kyiv,Op.ECR,71,77,0.9855297587287455,33
fake_kyiv,Op.ECR,78,77,0.9868060224794326,33
fake_kyiv,Op.ECR,78,79,0.9846939409694253,33
fake_kyiv,Op.ECR,79,80,0.0,60
fake_kyiv,Op.ECR,81,80,0.0,60
fake_kyiv,Op.ECR,81,82,0.9844261071966972,33
fake_kyiv,Op.ECR,83,82,0.9746248428949569,33
fake_kyiv,Op.ECR,83,84,0.9921386667768529,33
fake_kyiv,Op.ECR,84,85,0.9843596685923712,33
fake_kyiv,Op.ECR,86,85,0.0,60
fake_kyiv,Op.ECR,86,87,0.0,60
fake_kyiv,Op.ECR,93,87,0.9779150035953502,33
fake_kyiv,Op.ECR,87,88,0.9788361298413422,33
fake_kyiv,Op.ECR,89,88,0.973751632650458,33
fake_kyiv,Op.ECR,74,89,0.0,60
fake_kyiv,Op.ECR,79,91,0.9781084610244689,33
fake_kyiv,Op.ECR,98,91,0.9854688075296973,33
fake_kyiv,Op.ECR,83,92,0.9905532782051224,33
fake_kyiv,Op.ECR,102,92,0.9448761058158396,33
fake_kyiv,Op.ECR,106,93,0.9807226489634655,33
fake_kyiv,Op.ECR,90,94,0.989682379364758,33
fake_kyiv,Op.ECR,95,94,0.9768447402315524,9
fake_kyiv,Op.ECR,95,96,0.9781318099999998,9
fake_kyiv,Op.ECR,97,96,0.0,60
fake_kyiv,Op.ECR,109,96,0.7664554915505204,36
fake_kyiv,Op.ECR,98,97,0.0,60
fake_kyiv,Op.ECR,99,98,0.9806323480632354,33
fake_kyiv,Op.ECR,99,100,0.9781377238785612,33
fake_kyiv,Op.ECR,110,100,0.980498697659843,33
fake_kyiv,Op.ECR,100,101,0.0,60
fake_kyiv,Op.ECR,102,101,0.0,60
fake_kyiv,Op.ECR,102,103,0.9882146769358169,33
fake_kyiv,Op.ECR,104,103,0.9871455,9
fake_kyiv,Op.ECR,104,105,0.9819733462144019,33
fake_kyiv,Op.ECR,106,105,0.9775787819283626,33
fake_kyiv,Op.ECR,106,107,0.9703094303094298,33
fake_kyiv,Op.ECR,108,107,0.0,43
fake_kyiv,Op.ECR,112,108,0.0,100
fake_kyiv,Op.ECR,114,109,0.002390659880467005,36
fake_kyiv,Op.ECR,118,110,0.0,60
fake_kyiv,Op.ECR,104,111,0.9788641649274002,33
fake_kyiv,Op.ECR,122,111,0.9885450794272539,33
fake_kyiv,Op.ECR,113,114,0.973498310265017,9
fake_kyiv,Op.ECR,115,114,0.9739985900000001,9
fake_kyiv,Op.ECR,115,116,0.9867373209813772,33
fake_kyiv,Op.ECR,117,116,0.9884001786563287,27
fake_kyiv,Op.ECR,118,117,0.0,60
fake_kyiv,Op.ECR,119,118,0.0,60
fake_kyiv,Op.ECR,120,119,0.9952072161488553,21
fake_kyiv,Op.ECR,120,121,0.00015472020113626157,36
fake_kyiv,Op.ECR,121,122,0.00021924998903750047,36
fake_kyiv,Op.ECR,123,122,0.0,60
fake_kyiv,Op.ECR,124,123,0.0,60
fake_kyiv,Op.ECR,124,125,0.0,60
fake_kyiv,Op.ECR,126,125,0.0,60
fake_kyiv,Op.ECR,112,126,0.0,60
fake_kyiv,Op.MEAS,0,-1,1.98583984,2
fake_kyiv,Op.MEAS,1,-1,1.98095704,2
fake_kyiv,Op.MEAS,2,-1,1.97607422,2
fake_kyiv,Op.MEAS,3,-1,1.98291016,2
fake_kyiv,Op.MEAS,4,-1,1.83544922,2
fake_kyiv,Op.MEAS,5,-1,1.9765625,2
fake_kyiv,Op.MEAS,6,-1,1.97753906,2
fake_kyiv,Op.MEAS,7,-1,1.99169922,2
fake_kyiv,Op.MEAS,8,-1,1.67382812,2
fake_kyiv,Op.MEAS,9,-1,1.97363282,2
fake_kyiv,Op.MEAS,10,-1,1.9868164,2
fake_kyiv,Op.MEAS,11,-1,1.99316406,2
fake_kyiv,Op.MEAS,12,-1,1.96435546,2
fake_kyiv,Op.MEAS,13,-1,1.94091796,2
fake_kyiv,Op.MEAS,14,-1,1.98388672,2
fake_kyiv,Op.MEAS,15,-1,1.95947266,2
fake_kyiv,Op.MEAS,16,-1,1.94189454,2
fake_kyiv,Op.MEAS,17,-1,1.84814454,2
fake_kyiv,Op.MEAS,18,-1,1.99414062,2
fake_kyiv,Op.MEAS,19,-1,1.91894532,2
fake_kyiv,Op.MEAS,20,-1,1.9008789,2
fake_kyiv,Op.MEAS,21,-1,1.9819336,2
fake_kyiv,Op.MEAS,22,-1,1.94970704,2
fake_kyiv,Op.MEAS,23,-1,1.95751954,2
fake_kyiv,Op.MEAS,24,-1,1.96240234,2
fake_kyiv,Op.MEAS,25,-1,1.97070312,2
fake_kyiv,Op.MEAS,26,-1,1.96923828,2
fake_kyiv,Op.MEAS,27,-1,1.92480468,2
fake_kyiv,Op.MEAS,28,-1,1.96533204,2
fake_kyiv,Op.MEAS,29,-1,1.98046876,2
fake_kyiv,Op.MEAS,30,-1,1.83251954,2
fake_kyiv,Op.MEAS,31,-1,1.97949218,2
fake_kyiv,Op.MEAS,32,-1,1.85009766,2
fake_kyiv,Op.MEAS,33,-1,1.99365234,2
fake_kyiv,Op.MEAS,34,-1,1.97021484,2
fake_kyiv,Op.MEAS,35,-1,1.98828124,2
fake_kyiv,Op.MEAS,36,-1,1.99072266,2
fake_kyiv,Op.MEAS,37,-1,1.98779296,2
fake_kyiv,Op.MEAS,38,-1,1.97363282,2
fake_kyiv,Op.MEAS,39,-1,1.97802734,2
fake_kyiv,Op.MEAS,40,-1,1.96044922,2
fake_kyiv,Op.MEAS,41,-1,1.98632812,2
fake_kyiv,Op.MEAS,42,-1,1.99267578,2
fake_kyiv,Op.MEAS,43,-1,1.98925782,2
fake_kyiv,Op.MEAS,44,-1,1.89404296,2
fake_kyiv,Op.MEAS,45,-1,1.99365234,2
fake_kyiv,Op.MEAS,46,-1,1.98291016,2
fake_kyiv,Op.MEAS,47,-1,1.95361328,2
fake_kyiv,Op.MEAS,48,-1,1.9946289,2
fake_kyiv,Op.MEAS,49,-1,1.97363282,2
fake_kyiv,Op.MEAS,50,-1,1.95117188,2
fake_kyiv,Op.MEAS,51,-1,1.83984376,2
fake_kyiv,Op.MEAS,52,-1,1.84960938,2
fake_kyiv,Op.MEAS,53,-1,1.98486328,2
fake_kyiv,Op.MEAS,54,-1,1.98291016,2
fake_kyiv,Op.MEAS,55,-1,1.95507812,2
fake_kyiv,Op.MEAS,56,-1,1.98632812,2
fake_kyiv,Op.MEAS,57,-1,1.97558594,2
fake_kyiv,Op.MEAS,58,-1,1.98730468,2
fake_kyiv,Op.MEAS,59,-1,1.97460938,2
fake_kyiv,Op.MEAS,60,-1,1.99169922,2
fake_kyiv,Op.MEAS,61,-1,1.98291016,2
fake_kyiv,Op.MEAS,62,-1,1.9140625,2
fake_kyiv,Op.MEAS,63,-1,1.9921875,2
fake_kyiv,Op.MEAS,64,-1,1.94042968,2
fake_kyiv,Op.MEAS,65,-1,1.96923828,2
fake_kyiv,Op.MEAS,66,-1,1.95751954,2
fake_kyiv,Op.MEAS,67,-1,1.98583984,2
fake_kyiv,Op.MEAS,68,-1,1.97314454,2
fake_kyiv,Op.MEAS,69,-1,1.97851562,2
fake_kyiv,Op.MEAS,70,-1,1.97802734,2
fake_kyiv,Op.MEAS,71,-1,1.86328124,2
fake_kyiv,Op.MEAS,72,-1,1.98828124,2
fake_kyiv,Op.MEAS,73,-1,1.89404296,2
fake_kyiv,Op.MEAS,74,-1,1.90039062,2
fake_kyiv,Op.MEAS,75,-1,1.99511718,2
fake_kyiv,Op.MEAS,76,-1,1.98144532,2
fake_kyiv,Op.MEAS,77,-1,1.96142578,2
fake_kyiv,Op.MEAS,78,-1,1.98339844,2
fake_kyiv,Op.MEAS,79,-1,1.86523438,2
fake_kyiv,Op.MEAS,80,-1,1.2866211,2
fake_kyiv,Op.MEAS,81,-1,1.93945312,2
fake_kyiv,Op.MEAS,82,-1,1.97558594,2
fake_kyiv,Op.MEAS,83,-1,1.98095704,2
fake_kyiv,Op.MEAS,84,-1,1.9790039,2
fake_kyiv,Op.MEAS,85,-1,1.99511718,2
fake_kyiv,Op.MEAS,86,-1,1.90673828,2
fake_kyiv,Op.MEAS,87,-1,1.97216796,2
fake_kyiv,Op.MEAS,88,-1,1.97460938,2
fake_kyiv,Op.MEAS,89,-1,1.90234376,2
fake_kyiv,Op.MEAS,90,-1,1.97363282,2
fake_kyiv,Op.MEAS,91,-1,1.99023438,2
fake_kyiv,Op.MEAS,92,-1,1.95019532,2
fake_kyiv,Op.MEAS,93,-1,1.97363282,2
fake_kyiv,Op.MEAS,94,-1,1.95947266,2
fake_kyiv,Op.MEAS,95,-1,1.96533204,2
fake_kyiv,Op.MEAS,96,-1,1.99316406,2
fake_kyiv,Op.MEAS,97,-1,1.99609376,2
fake_kyiv,Op.MEAS,98,-1,1.9921875,2
fake_kyiv,Op.MEAS,99,-1,1.95996094,2
fake_kyiv,Op.MEAS,100,-1,1.9897461,2
fake_kyiv,Op.MEAS,101,-1,1.91210938,2
fake_kyiv,Op.MEAS,102,-1,1.9663086,2
fake_kyiv,Op.MEAS,103,-1,1.99658204,2
fake_kyiv,Op.MEAS,104,-1,1.99072266,2
fake_kyiv,Op.MEAS,105,-1,1.99072266,2
fake_kyiv,Op.MEAS,106,-1,1.84521484,2
fake_kyiv,Op.MEAS,107,-1,1.99316406,2
fake_kyiv,Op.MEAS,108,-1,1.97949218,2
fake_kyiv,Op.MEAS,109,-1,1.12597656,2
fake_kyiv,Op.MEAS,110,-1,1.98730468,2
fake_kyiv,Op.MEAS,111,-1,1.96826172,2
fake_kyiv,Op.MEAS,112,-1,1.99169922,2
fake_kyiv,Op.MEAS,113,-1,1.92822266,2
fake_kyiv,Op.MEAS,114,-1,1.97363282,2
fake_kyiv,Op.MEAS,115,-1,1.9868164,2
fake_kyiv,Op.MEAS,116,-1,1.99023438,2
fake_kyiv,Op.MEAS,117,-1,1.95410156,2
fake_kyiv,Op.MEAS,118,-1,1.99414062,2
fake_kyiv,Op.MEAS,119,-1,1.96582032,2
fake_kyiv,Op.MEAS,120,-1,1.91699218,2
fake_kyiv,Op.MEAS,121,-1,1.00634766,2
fake_kyiv,Op.MEAS,122,-1,1.984375,2
fake_kyiv,Op.MEAS,123,-1,1.77734376,2
fake_kyiv,Op.MEAS,124,-1,1.9790039,2
fake_kyiv,Op.MEAS,125,-1,1.97949218,2
fake_kyiv,Op.MEAS,126,-1,1.953125,2
fake_kyoto,Op.RESET,0,-1,0.9643339103566609,3
fake_kyoto,Op.RESET,1,-1,0.98435082,3
fake_kyoto,Op.RESET,2,-1,0.9820333,3
fake_kyoto,Op.RESET,3,-1,0.98358665,3
fake_kyoto,Op.RESET,4,-1,0.9793301000000001,3
fake_kyoto,Op.RESET,5,-1,0.0,3
fake_kyoto,Op.RESET,6,-1,0.99562251,3
fake_kyoto,Op.RESET,7,-1,0.99275231,3
fake_kyoto,Op.RESET,8,-1,0.99042905,3
fake_kyoto,Op.RESET,9,-1,0.9932003600679965,3
fake_kyoto,Op.RESET,10,-1,0.9849191298491913,3
fake_kyoto,Op.RESET,11,-1,0.9930605600000001,3
fake_kyoto,Op.RESET,12,-1,0.99065996,3
fake_kyoto,Op.RESET,13,-1,0.0,3
fake_kyoto,Op.RESET,14,-1,0.98968984,3
fake_kyoto,Op.RESET,15,-1,0.99065823,3
fake_kyoto,Op.RESET,16,-1,0.9914273699142737,3
fake_kyoto,Op.RESET,17,-1,0.0,3
fake_kyoto,Op.RESET,18,-1,0.0,3
fake_kyoto,Op.RESET,19,-1,0.99491268,3
fake_kyoto,Op.RESET,20,-1,0.99309161,3
fake_kyoto,Op.RESET,21,-1,0.9920492399204924,3
fake_kyoto,Op.RESET,22,-1,0.9587355004126449,3
fake_kyoto,Op.RESET,23,-1,0.9927840299278403,3
fake_kyoto,Op.RESET,24,-1,0.9844154300000001,3
fake_kyoto,Op.RESET,25,-1,0.0,3
fake_kyoto,Op.RESET,26,-1,0.0,3
fake_kyoto,Op.RESET,27,-1,0.9929612799296128,3
fake_kyoto,Op.RESET,28,-1,0.97558947,3
fake_kyoto,Op.RESET,29,-1,0.0,3
fake_kyoto,Op.RESET,30,-1,0.9916826700831733,3
fake_kyoto,Op.RESET,31,-1,0.0,3
fake_kyoto,Op.RESET,32,-1,0.0,3
fake_kyoto,Op.RESET,33,-1,0.9733027197330273,3
fake_kyoto,Op.RESET,34,-1,0.9862707,3
fake_kyoto,Op.RESET,35,-1,0.99388728,3
fake_kyoto,Op.RESET,36,-1,0.9919476300805238,3
fake_kyoto,Op.RESET,37,-1,0.98814557,3
fake_kyoto,Op.RESET,38,-1,0.99163328,3
fake_kyoto,Op.RESET,39,-1,0.9894876300000001,3
fake_kyoto,Op.RESET,40,-1,0.9719008200000001,3
fake_kyoto,Op.RESET,41,-1,0.9827205,3
fake_kyoto,Op.RESET,42,-1,0.93773677,3
fake_kyoto,Op.RESET,43,-1,0.0,2
fake_kyoto,Op.RESET,44,-1,0.99342227,3
fake_kyoto,Op.RESET,45,-1,0.0,3
fake_kyoto,Op.RESET,46,-1,0.98697179,3
fake_kyoto,Op.RESET,47,-1,0.9806652801933473,3
fake_kyoto,Op.RESET,48,-1,0.9945468599454685,3
fake_kyoto,Op.RESET,49,-1,0.98758849,3
fake_kyoto,Op.RESET,50,-1,0.98938398,3
fake_kyoto,Op.RESET,51,-1,0.9936521,3
fake_kyoto,Op.RESET,52,-1,0.0,3
fake_kyoto,Op.RESET,53,-1,0.9943086399430864,3
fake_kyoto,Op.RESET,54,-1,0.0,3
fake_kyoto,Op.RESET,55,-1,0.0,3
fake_kyoto,Op.RESET,56,-1,0.96676984,3
fake_kyoto,Op.RESET,57,-1,0.9835713498357136,3
fake_kyoto,Op.RESET,58,-1,0.97116306,3
fake_kyoto,Op.RESET,59,-1,0.9719790700000001,3
fake_kyoto,Op.RESET,60,-1,0.9927911700000001,3
fake_kyoto,Op.RESET,61,-1,0.98714975,3
fake_kyoto,Op.RESET,62,-1,0.99286042,3
fake_kyoto,Op.RESET,63,-1,0.9648511500000001,3
fake_kyoto,Op.RESET,64,-1,0.99213421,3
fake_kyoto,Op.RESET,65,-1,0.9911936499119365,3
fake_kyoto,Op.RESET,66,-1,0.99447337,3
fake_kyoto,Op.RESET,67,-1,0.99332872,3
fake_kyoto,Op.RESET,68,-1,0.97907748,3
fake_kyoto,Op.RESET,69,-1,0.98159835,3
fake_kyoto,Op.RESET,70,-1,0.99255276,3
fake_kyoto,Op.RESET,71,-1,0.98851372,3
fake_kyoto,Op.RESET,72,-1,0.99029495,3
fake_kyoto,Op.RESET,73,-1,0.98832621,3
fake_kyoto,Op.RESET,74,-1,0.0,3
fake_kyoto,Op.RESET,75,-1,0.99124201,3
fake_kyoto,Op.RESET,76,-1,0.98689627,3
fake_kyoto,Op.RESET,77,-1,0.97913191,3
fake_kyoto,Op.RESET,78,-1,0.9909673800000001,3
fake_kyoto,Op.RESET,79,-1,0.97438466,3
fake_kyoto,Op.RESET,80,-1,0.99132829,3
fake_kyoto,Op.RESET,81,-1,0.97195511,3
fake_kyoto,Op.RESET,82,-1,0.0,3
fake_kyoto,Op.RESET,83,-1,0.99270548,3
fake_kyoto,Op.RESET,84,-1,0.0,3
fake_kyoto,Op.RESET,85,-1,0.9809613,3
fake_kyoto,Op.RESET,86,-1,0.0,3
fake_kyoto,Op.RESET,87,-1,0.99065751,3
fake_kyoto,Op.RESET,88,-1,0.9871957901280421,3
fake_kyoto,Op.RESET,89,-1,0.9927904599279046,3
fake_kyoto,Op.RESET,90,-1,0.97869984,3
fake_kyoto,Op.RESET,91,-1,0.99153802,3
fake_kyoto,Op.RESET,92,-1,0.96527415,3
fake_kyoto,Op.RESET,93,-1,0.9817036301829637,3
fake_kyoto,Op.RESET,94,-1,0.0,3
fake_kyoto,Op.RESET,95,-1,0.97625538,3
fake_kyoto,Op.RESET,96,-1,0.98826567,3
fake_kyoto,Op.RESET,97,-1,0.987733290122667,3
fake_kyoto,Op.RESET,98,-1,0.91642568,3
fake_kyoto,Op.RESET,99,-1,0.9943587099435871,3
fake_kyoto,Op.RESET,100,-1,0.0,3
fake_kyoto,Op.RESET,101,-1,0.96264182,3
fake_kyoto,Op.RESET,102,-1,0.99310087,3
fake_kyoto,Op.RESET,103,-1,0.9910718500892816,3
fake_kyoto,Op.RESET,104,-1,0.96452647,3
fake_kyoto,Op.RESET,105,-1,0.97427428,3
fake_kyoto,Op.RESET,106,-1,0.0,3
fake_kyoto,Op.RESET,107,-1,0.98952087,3
fake_kyoto,Op.RESET,108,-1,0.95679788,3
fake_kyoto,Op.RESET,109,-1,0.9741118697411187,3
fake_kyoto,Op.RESET,110,-1,0.0,3
fake_kyoto,Op.RESET,111,-1,0.98691523,3
fake_kyoto,Op.RESET,112,-1,0.9822114601778854,3
fake_kyoto,Op.RESET,113,-1,0.95505543,3
fake_kyoto,Op.RESET,114,-1,0.97511129,3
fake_kyoto,Op.RESET,115,-1,0.98212392,3
fake_kyoto,Op.RESET,116,-1,0.98986646,3
fake_kyoto,Op.RESET,117,-1,0.0,2
fake_kyoto,Op.RESET,118,-1,0.99021647,3
fake_kyoto,Op.RESET,119,-1,0.9860409801395903,3
fake_kyoto,Op.RESET,120,-1,0.98443365,3
fake_kyoto,Op.RESET,121,-1,0.9840619100000001,3
fake_kyoto,Op.RESET,122,-1,0.98227765,3
fake_kyoto,Op.RESET,123,-1,0.9929246800707531,3
fake_kyoto,Op.RESET,124,-1,0.99121301,3
fake_kyoto,Op.RESET,125,-1,0.93032216,3
fake_kyoto,Op.RESET,126,-1,0.0,3
fake_kyoto,Op.SX,0,-1,0.9985290200147099,3
fake_kyoto,Op.SX,1,-1,0.9992486899549212,5
fake_kyoto,Op.SX,2,-1,0.9992358699923587,5
fake_kyoto,Op.SX,3,-1,0.9992862799928628,5
fake_kyoto,Op.SX,4,-1,0.99914999,3
fake_kyoto,Op.SX,5,-1,0.0,10
fake_kyoto,Op.SX,6,-1,0.99981211,5
fake_kyoto,Op.SX,7,-1,0.9996931600030685,5
fake_kyoto,Op.SX,8,-1,0.9996024099920481,5
fake_kyoto,Op.SX,9,-1,0.99971958,3
fake_kyoto,Op.SX,10,-1,0.99937413,3
fake_kyoto,Op.SX,11,-1,0.9996832399968324,5
fake_kyoto,Op.SX,12,-1,0.99961412,3
fake_kyoto,Op.SX,13,-1,0.0,10
fake_kyoto,Op.SX,14,-1,0.9991728798759321,5
fake_kyoto,Op.SX,15,-1,0.9996139599961397,3
fake_kyoto,Op.SX,16,-1,0.9995643599869306,5
fake_kyoto,Op.SX,17,-1,0.0,10
fake_kyoto,Op.SX,18,-1,0.0,10
fake_kyoto,Op.SX,19,-1,0.9997188499971885,5
fake_kyoto,Op.SX,20,-1,0.9995859299875778,5
fake_kyoto,Op.SX,21,-1,0.9996719200032809,3
fake_kyoto,Op.SX,22,-1,0.9972281600554368,6
fake_kyoto,Op.SX,23,-1,0.99970554,3
fake_kyoto,Op.SX,24,-1,0.9986423993755036,5
fake_kyoto,Op.SX,25,-1,0.0,10
fake_kyoto,Op.SX,26,-1,0.0,10
fake_kyoto,Op.SX,27,-1,0.999408249940825,5
fake_kyoto,Op.SX,28,-1,0.99897945,3
fake_kyoto,Op.SX,29,-1,0.0,10
fake_kyoto,Op.SX,30,-1,0.999597749991955,5
fake_kyoto,Op.SX,31,-1,0.0,3
fake_kyoto,Op.SX,32,-1,0.0,10
fake_kyoto,Op.SX,33,-1,0.9988380999651431,5
fake_kyoto,Op.SX,34,-1,0.9993898799938987,5
fake_kyoto,Op.SX,35,-1,0.9997142400000001,5
fake_kyoto,Op.SX,36,-1,0.99966745,3
fake_kyoto,Op.SX,37,-1,0.999286359928636,5
fake_kyoto,Op.SX,38,-1,0.9996546500034535,3
fake_kyoto,Op.SX,39,-1,0.9993823199629394,5
fake_kyoto,Op.SX,40,-1,0.9988199200118009,3
fake_kyoto,Op.SX,41,-1,0.99928211,3
fake_kyoto,Op.SX,42,-1,0.99728859,3
fake_kyoto,Op.SX,43,-1,0.0,2
fake_kyoto,Op.SX,44,-1,0.99973174,3
fake_kyoto,Op.SX,45,-1,0.0,10
fake_kyoto,Op.SX,46,-1,0.9994600800053993,3
fake_kyoto,Op.SX,47,-1,0.9990318098644534,5
fake_kyoto,Op.SX,48,-1,0.9938342095683945,6
fake_kyoto,Op.SX,49,-1,0.9994715000000001,5
fake_kyoto,Op.SX,50,-1,0.9995506699955069,5
fake_kyoto,Op.SX,51,-1,0.9996670299933406,5
fake_kyoto,Op.SX,52,-1,0.0,10
fake_kyoto,Op.SX,53,-1,0.99973926,5
fake_kyoto,Op.SX,54,-1,0.0,10
fake_kyoto,Op.SX,55,-1,0.0,10
fake_kyoto,Op.SX,56,-1,0.99859721,3
fake_kyoto,Op.SX,57,-1,0.9987489195245893,5
fake_kyoto,Op.SX,58,-1,0.9987855,3
fake_kyoto,Op.SX,59,-1,0.99882274,3
fake_kyoto,Op.SX,60,-1,0.9996558399931167,5
fake_kyoto,Op.SX,61,-1,0.9994676599946766,3
fake_kyoto,Op.SX,62,-1,0.99968194,5
fake_kyoto,Op.SX,63,-1,0.99854405,3
fake_kyoto,Op.SX,64,-1,0.9992391399010884,5
fake_kyoto,Op.SX,65,-1,0.999628410007432,5
fake_kyoto,Op.SX,66,-1,0.99974654,5
fake_kyoto,Op.SX,67,-1,0.9993001899090248,5
fake_kyoto,Op.SX,68,-1,0.9991268100087319,3
fake_kyoto,Op.SX,69,-1,0.99923388,3
fake_kyoto,Op.SX,70,-1,0.9992930399151648,5
fake_kyoto,Op.SX,71,-1,0.9988365896160748,5
fake_kyoto,Op.SX,72,-1,0.9995992899959929,3
fake_kyoto,Op.SX,73,-1,0.99952184,3
fake_kyoto,Op.SX,74,-1,0.0,10
fake_kyoto,Op.SX,75,-1,0.9992934899081538,5
fake_kyoto,Op.SX,76,-1,0.9754777800000002,6
fake_kyoto,Op.SX,77,-1,0.9991283600087164,3
fake_kyoto,Op.SX,78,-1,0.9994745099789802,5
fake_kyoto,Op.SX,79,-1,0.998931389989314,3
fake_kyoto,Op.SX,80,-1,0.9996420299964203,3
fake_kyoto,Op.SX,81,-1,0.9988222400000001,3
fake_kyoto,Op.SX,82,-1,0.0,10
fake_kyoto,Op.SX,83,-1,0.9996469199964693,5
fake_kyoto,Op.SX,84,-1,0.0,10
fake_kyoto,Op.SX,85,-1,0.99920731,3
fake_kyoto,Op.SX,86,-1,0.0,3
fake_kyoto,Op.SX,87,-1,0.9996141899961418,3
fake_kyoto,Op.SX,88,-1,0.9994350799830523,5
fake_kyoto,Op.SX,89,-1,0.9996807799999998,5
fake_kyoto,Op.SX,90,-1,0.9982663697226191,5
fake_kyoto,Op.SX,91,-1,0.9992436798865518,5
fake_kyoto,Op.SX,92,-1,0.99853097,3
fake_kyoto,Op.SX,93,-1,0.99923951,3
fake_kyoto,Op.SX,94,-1,0.0,10
fake_kyoto,Op.SX,95,-1,0.9988085597736264,5
fake_kyoto,Op.SX,96,-1,0.9995043400049567,5
fake_kyoto,Op.SX,97,-1,0.9992349599081954,5
fake_kyoto,Op.SX,98,-1,0.9962777900372222,3
fake_kyoto,Op.SX,99,-1,0.9994387099607097,5
fake_kyoto,Op.SX,100,-1,0.0,10
fake_kyoto,Op.SX,101,-1,0.9975526694371138,5
fake_kyoto,Op.SX,102,-1,0.9996715499967156,5
fake_kyoto,Op.SX,103,-1,0.9992342398851362,5
fake_kyoto,Op.SX,104,-1,0.9985343,3
fake_kyoto,Op.SX,105,-1,0.99892367,3
fake_kyoto,Op.SX,106,-1,0.0,10
fake_kyoto,Op.SX,107,-1,0.998887039688371,5
fake_kyoto,Op.SX,108,-1,0.9942713000572874,6
fake_kyoto,Op.SX,109,-1,0.998915799989158,3
fake_kyoto,Op.SX,110,-1,0.0,10
fake_kyoto,Op.SX,111,-1,0.9994696799946968,3
fake_kyoto,Op.SX,112,-1,0.9992616599926166,3
fake_kyoto,Op.SX,113,-1,0.9980869400191305,3
fake_kyoto,Op.SX,114,-1,0.99895785,3
fake_kyoto,Op.SX,115,-1,0.99925553,3
fake_kyoto,Op.SX,116,-1,0.99958133,3
fake_kyoto,Op.SX,117,-1,0.0,6
fake_kyoto,Op.SX,118,-1,0.99959591,3
fake_kyoto,Op.SX,119,-1,0.9993899199877984,5
fake_kyoto,Op.SX,120,-1,0.999354310006457,3
fake_kyoto,Op.SX,121,-1,0.9990648398316713,5
fake_kyoto,Op.SX,122,-1,0.99926345,3
fake_kyoto,Op.SX,123,-1,0.9996951299969513,5
fake_kyoto,Op.SX,124,-1,0.9989870897670309,5
fake_kyoto,Op.SX,125,-1,0.9969464499694646,3
fake_kyoto,Op.SX,126,-1,0.0,10
fake_kyoto,Op.X,0,-1,0.9985290200147099,3
fake_kyoto,Op.X,1,-1,0.9992486899549212,5
fake_kyoto,Op.X,2,-1,0.9992358699923587,5
fake_kyoto,Op.X,3,-1,0.9992862799928628,5
fake_kyoto,Op.X,4,-1,0.99914999,3
fake_kyoto,Op.X,5,-1,0.0,10
fake_kyoto,Op.X,6,-1,0.99981211,5
fake_kyoto,Op.X,7,-1,0.9996931600030685,5
fake_kyoto,Op.X,8,-1,0.9996024099920481,5
fake_kyoto,Op.X,9,-1,0.99971958,3
fake_kyoto,Op.X,10,-1,0.99937413,3
fake_kyoto,Op.X,11,-1,0.9996832399968324,5
fake_kyoto,Op.X,12,-1,0.99961412,3
fake_kyoto,Op.X,13,-1,0.0,10
fake_kyoto,Op.X,14,-1,0.9991728798759321,5
fake_kyoto,Op.X,15,-1,0.9996139599961397,3
fake_kyoto,Op.X,16,-1,0.9995643599869306,5
fake_kyoto,Op.X,17,-1,0.0,10
fake_kyoto,Op.X,18,-1,0.0,10
fake_kyoto,Op.X,19,-1,0.9997188499971885,5
fake_kyoto,Op.X,20,-1,0.9995859299875778,5
fake_kyoto,Op.X,21,-1,0.9996719200032809,3
fake_kyoto,Op.X,22,-1,0.9972281600554368,6
fake_kyoto,Op.X,23,-1,0.99970554,3
fake_kyoto,Op.X,24,-1,0.9986423993755036,5
fake_kyoto,Op.X,25,-1,0.0,10
fake_kyoto,Op.X,26,-1,0.0,10
fake_kyoto,Op.X,27,-1,0.999408249940825,5
fake_kyoto,Op.X,28,-1,0.99897945,3
fake_kyoto,Op.X,29,-1,0.0,10
fake_kyoto,Op.X,30,-1,0.999597749991955,5
fake_kyoto,Op.X,31,-1,0.0,3
fake_kyoto,Op.X,32,-1,0.0,10
fake_kyoto,Op.X,33,-1,0.9988380999651431,5
fake_kyoto,Op.X,34,-1,0.9993898799938987,5
fake_kyoto,Op.X,35,-1,0.9997142400000001,5
fake_kyoto,Op.X,36,-1,0.99966745,3
fake_kyoto,Op.X,37,-1,0.999286359928636,5
fake_kyoto,Op.X,38,-1,0.9996546500034535,3
fake_kyoto,Op.X,39,-1,0.9993823199629394,5
fake_kyoto,Op.X,40,-1,0.9988199200118009,3
fake_kyoto,Op.X,41,-1,0.99928211,3
fake_kyoto,Op.X,42,-1,0.99728859,3
fake_kyoto,Op.X,43,-1,0.0,2
fake_kyoto,Op.X,44,-1,0.99973174,3
fake_kyoto,Op.X,45,-1,0.0,10
fake_kyoto,Op.X,46,-1,0.9994600800053993,3
fake_kyoto,Op.X,47,-1,0.9990318098644534,5
fake_kyoto,Op.X,48,-1,0.9938342095683945,6
fake_kyoto,Op.X,49,-1,0.9994715000000001,5
fake_kyoto,Op.X,50,-1,0.9995506699955069,5
fake_kyoto,Op.X,51,-1,0.9996670299933406,5
fake_kyoto,Op.X,52,-1,0.0,10
fake_kyoto,Op.X,53,-1,0.99973926,5
fake_kyoto,Op.X,54,-1,0.0,10
fake_kyoto,Op.X,55,-1,0.0,10
fake_kyoto,Op.X,56,-1,0.99859721,3
fake_kyoto,Op.X,57,-1,0.9987489195245893,5
fake_kyoto,Op.X,58,-1,0.9987855,3
fake_kyoto,Op.X,59,-1,0.99882274,3
fake_kyoto,Op.X,60,-1,0.9996558399931167,5
fake_kyoto,Op.X,61,-1,0.9994676599946766,3
fake_kyoto,Op.X,62,-1,0.99968194,5
fake_kyoto,Op.X,63,-1,0.99854405,3
fake_kyoto,Op.X,64,-1,0.9992391399010884,5
fake_kyoto,Op.X,65,-1,0.999628410007432,5
fake_kyoto,Op.X,66,-1,0.99974654,5
fake_kyoto,Op.X,67,-1,0.9993001899090248,5
fake_kyoto,Op.X,68,-1,0.9991268100087319,3
fake_kyoto,Op.X,69,-1,0.99923388,3
fake_kyoto,Op.X,70,-1,0.9992930399151648,5
fake_kyoto,Op.X,71,-1,0.9988365896160748,5
fake_kyoto,Op.X,72,-1,0.9995992899959929,3
fake_kyoto,Op.X,73,-1,0.99952184,3
fake_kyoto,Op.X,74,-1,0.0,10
fake_kyoto,Op.X,75,-1,0.9992934899081538,5
fake_kyoto,Op.X,76,-1,0.9754777800000002,6
fake_kyoto,Op.X,77,-1,0.9991283600087164,3
fake_kyoto,Op.X,78,-1,0.9994745099789802,5
fake_kyoto,Op.X,79,-1,0.998931389989314,3
fake_kyoto,Op.X,80,-1,0.9996420299964203,3
fake_kyoto,Op.X,81,-1,0.9988222400000001,3
fake_kyoto,Op.X,82,-1,0.0,10
fake_kyoto,Op.X,83,-1,0.9996469199964693,5
fake_kyoto,Op.X,84,-1,0.0,10
fake_kyoto,Op.X,85,-1,0.99920731,3
fake_kyoto,Op.X,86,-1,0.0,3
fake_kyoto,Op.X,87,-1,0.9996141899961418,3
fake_kyoto,Op.X,88,-1,0.9994350799830523,5
fake_kyoto,Op.X,89,-1,0.9996807799999998,5
fake_kyoto,Op.X,90,-1,0.9982663697226191,5
fake_kyoto,Op.X,91,-1,0.9992436798865518,5
fake_kyoto,Op.X,92,-1,0.99853097,3
fake_kyoto,Op.X,93,-1,0.99923951,3
fake_kyoto,Op.X,94,-1,0.0,10
fake_kyoto,Op.X,95,-1,0.9988085597736264,5
fake_kyoto,Op.X,96,-1,0.9995043400049567,5
fake_kyoto,Op.X,97,-1,0.9992349599081954,5
fake_kyoto,Op.X,98,-1,0.9962777900372222,3
fake_kyoto,Op.X,99,-1,0.9994387099607097,5
fake_kyoto,Op.X,100,-1,0.0,10
fake_kyoto,Op.X,101,-1,0.9975526694371138,5
fake_kyoto,Op.X,102,-1,0.9996715499967156,5
fake_kyoto,Op.X,103,-1,0.9992342398851362,5
fake_kyoto,Op.X,104,-1,0.9985343,3
fake_kyoto,Op.X,105,-1,0.99892367,3
fake_kyoto,Op.X,106,-1,0.0,10
fake_kyoto,Op.X,107,-1,0.998887039688371,5
fake_kyoto,Op.X,108,-1,0.9942713000572874,6
fake_kyoto,Op.X,109,-1,0.998915799989158,3
fake_kyoto,Op.X,110,-1,0.0,10
fake_kyoto,Op.X,111,-1,0.9994696799946968,3
fake_kyoto,Op.X,112,-1,0.9992616599926166,3
fake_kyoto,Op.X,113,-1,0.9980869400191305,3
fake_kyoto,Op.X,114,-1,0.99895785,3
fake_kyoto,Op.X,115,-1,0.99925553,3
fake_kyoto,Op.X,116,-1,0.99958133,3
fake_kyoto,Op.X,117,-1,0.0,6
fake_kyoto,Op.X,118,-1,0.99959591,3
fake_kyoto,Op.X,119,-1,0.9993899199877984,5
fake_kyoto,Op.X,120,-1,0.999354310006457,3
fake_kyoto,Op.X,121,-1,0.9990648398316713,5
fake_kyoto,Op.X,122,-1,0.99926345,3
fake_kyoto,Op.X,123,-1,0.9996951299969513,5
fake_kyoto,Op.X,124,-1,0.9989870897670309,5
fake_kyoto,Op.X,125,-1,0.9969464499694646,3
fake_kyoto,Op.X,126,-1,0.0,10
fake_kyoto,Op.ECR,14,0,0.0008003599599820024,36
fake_kyoto,Op.ECR,0,1,0.0008422200842220077,36
fake_kyoto,Op.ECR,2,1,0.00048115997594200103,36
fake_kyoto,Op.ECR,2,3,0.0006251900625190068,36
fake_kyoto,Op.ECR,3,4,0.0005222898955420205,36
fake_kyoto,Op.ECR,5,4,0.0,60
fake_kyoto,Op.ECR,5,6,0.0,60
fake_kyoto,Op.ECR,6,7,8.318000831800077e-05,36
fake_kyoto,Op.ECR,7,8,0.00018363999081800068,36
fake_kyoto,Op.ECR,9,8,0.00015774020506226656,36
fake_kyoto,Op.ECR,16,8,0.00019000996199800758,36
fake_kyoto,Op.ECR,10,9,0.00032242993551401304,36
fake_kyoto,Op.ECR,10,11,0.00027912036285647143,36
fake_kyoto,Op.ECR,12,11,0.00013029009120306393,36
fake_kyoto,Op.ECR,13,12,0.0,60
fake_kyoto,Op.ECR,4,15,0.0003781500378150037,36
fake_kyoto,Op.ECR,26,16,0.0,60
fake_kyoto,Op.ECR,12,17,0.0,60
fake_kyoto,Op.ECR,30,17,0.0,60
fake_kyoto,Op.ECR,14,18,0.0,60
fake_kyoto,Op.ECR,19,18,0.0,60
fake_kyoto,Op.ECR,20,19,8.584006008804206e-05,36
fake_kyoto,Op.ECR,20,21,0.00012728012728012737,36
fake_kyoto,Op.ECR,15,22,0.0010519499474025032,36
fake_kyoto,Op.ECR,21,22,0.0009759700975970097,36
fake_kyoto,Op.ECR,23,22,0.000985080098508011,36
fake_kyoto,Op.ECR,24,23,0.00035090003509000373,36
fake_kyoto,Op.ECR,24,25,0.0,60
fake_kyoto,Op.ECR,26,25,0.0,96
fake_kyoto,Op.ECR,26,27,0.0,60
fake_kyoto,Op.ECR,28,27,0.0005153405926416812,36
fake_kyoto,Op.ECR,29,28,0.0,60
fake_kyoto,Op.ECR,35,28,0.0005599100559910056,36
fake_kyoto,Op.ECR,29,30,0.0,60
fake_kyoto,Op.ECR,31,30,0.0,60
fake_kyoto,Op.ECR,32,31,0.0,96
fake_kyoto,Op.ECR,36,32,0.0,60
fake_kyoto,Op.ECR,20,33,0.0007008898598220276,36
fake_kyoto,Op.ECR,39,33,0.0007610600761060078,36
fake_kyoto,Op.ECR,24,34,0.0004930199753490009,36
fake_kyoto,Op.ECR,43,34,0.0,36
fake_kyoto,Op.ECR,38,37,0.00013437013437013433,36
fake_kyoto,Op.ECR,39,38,0.00020270998986450045,36
fake_kyoto,Op.ECR,40,39,0.0007783100778310071,36
fake_kyoto,Op.ECR,41,40,0.0009340699532965029,36
fake_kyoto,Op.ECR,41,42,0.0020565998971700046,36
fake_kyoto,Op.ECR,42,43,0.0,36
fake_kyoto,Op.ECR,43,44,0.0,36
fake_kyoto,Op.ECR,45,44,0.0,60
fake_kyoto,Op.ECR,45,46,0.0,60
fake_kyoto,Op.ECR,35,47,0.0005078900507890059,36
fake_kyoto,Op.ECR,46,47,0.0006677800667780062,36
fake_kyoto,Op.ECR,47,48,0.0004522505879257645,36
fake_kyoto,Op.ECR,48,49,8.904008904008901e-05,36
fake_kyoto,Op.ECR,55,49,0.0,60
fake_kyoto,Op.ECR,49,50,0.0001523901981072575,36
fake_kyoto,Op.ECR,51,50,9.018010370711927e-05,36
fake_kyoto,Op.ECR,36,51,0.0001425500997850697,36
fake_kyoto,Op.ECR,37,52,0.0,60
fake_kyoto,Op.ECR,41,53,0.00031667998416600086,36
fake_kyoto,Op.ECR,60,53,3.302005283208453e-05,36
fake_kyoto,Op.ECR,45,54,0.0,96
fake_kyoto,Op.ECR,64,54,0.0,60
fake_kyoto,Op.ECR,68,55,0.0,60
fake_kyoto,Op.ECR,52,56,0.0,60
fake_kyoto,Op.ECR,56,57,0.0011265799436710035,36
fake_kyoto,Op.ECR,58,57,0.0010659899467005032,36
fake_kyoto,Op.ECR,58,59,0.001414059929297003,36
fake_kyoto,Op.ECR,60,59,0.0006701103685607025,36
fake_kyoto,Op.ECR,60,61,0.00021321005330251372,36
fake_kyoto,Op.ECR,61,62,0.00025394998730250045,36
fake_kyoto,Op.ECR,63,62,0.0009295000929500095,36
fake_kyoto,Op.ECR,64,63,0.0008922814276502854,36
fake_kyoto,Op.ECR,65,64,6.556001639000412e-05,36
fake_kyoto,Op.ECR,66,65,9.659003863601539e-05,36
fake_kyoto,Op.ECR,66,67,6.920017300043248e-05,36
fake_kyoto,Op.ECR,68,67,0.00048634063224282237,36
fake_kyoto,Op.ECR,69,68,0.0008291799585410018,36
fake_kyoto,Op.ECR,69,70,0.00041748004174800416,36
fake_kyoto,Op.ECR,58,71,0.0007791706622950631,36
fake_kyoto,Op.ECR,62,72,6.705007710758868e-05,36
fake_kyoto,Op.ECR,66,73,0.00024380031694041195,36
fake_kyoto,Op.ECR,85,73,0.0005751201437800362,36
fake_kyoto,Op.ECR,70,74,0.0,60
fake_kyoto,Op.ECR,90,75,0.0006188600618860061,36
fake_kyoto,Op.ECR,75,76,0.00025913002591300253,36
fake_kyoto,Op.ECR,77,76,0.0006405499679725015,36
fake_kyoto,Op.ECR,71,77,0.0005162605162605163,36
fake_kyoto,Op.ECR,78,77,0.0005782899710855021,36
fake_kyoto,Op.ECR,78,79,0.00044095991180801737,36
fake_kyoto,Op.ECR,91,79,0.00037729998113500104,36
fake_kyoto,Op.ECR,79,80,0.0004243999787800014,36
fake_kyoto,Op.ECR,72,81,0.0006719805711834858,36
fake_kyoto,Op.ECR,80,81,0.0007210100721010066,36
fake_kyoto,Op.ECR,81,82,0.0,60
fake_kyoto,Op.ECR,83,82,0.0,60
fake_kyoto,Op.ECR,92,83,0.0009039607683666544,36
fake_kyoto,Op.ECR,83,84,0.0,60
fake_kyoto,Op.ECR,85,84,0.0,60
fake_kyoto,Op.ECR,85,86,0.0,60
fake_kyoto,Op.ECR,86,87,0.0,60
fake_kyoto,Op.ECR,93,87,0.00037493003749300316,36
fake_kyoto,Op.ECR,87,88,0.00019015999049200048,36
fake_kyoto,Op.ECR,74,89,0.0,60
fake_kyoto,Op.ECR,88,89,0.00016864024452835466,36
fake_kyoto,Op.ECR,106,93,0.0,60
fake_kyoto,Op.ECR,90,94,0.0,60
fake_kyoto,Op.ECR,95,94,0.0,60
fake_kyoto,Op.ECR,95,96,0.0005905601476400367,36
fake_kyoto,Op.ECR,97,96,0.00017623999118800056,36
fake_kyoto,Op.ECR,109,96,0.0006223199688840016,36
fake_kyoto,Op.ECR,98,97,0.002556420255642025,36
fake_kyoto,Op.ECR,91,98,0.0024773228489212767,36
fake_kyoto,Op.ECR,99,98,0.002479862479862479,36
fake_kyoto,Op.ECR,100,99,0.0,60
fake_kyoto,Op.ECR,100,101,0.0,60
fake_kyoto,Op.ECR,102,101,0.0009880400988040107,36
fake_kyoto,Op.ECR,92,102,0.0009348199532590027,36
fake_kyoto,Op.ECR,103,102,0.00010491004196401681,36
fake_kyoto,Op.ECR,103,104,0.0008419400841940079,36
fake_kyoto,Op.ECR,111,104,0.0009732700973270107,36
fake_kyoto,Op.ECR,104,105,0.0012918501291850132,36
fake_kyoto,Op.ECR,106,105,0.0,60
fake_kyoto,Op.ECR,107,106,0.0,60
fake_kyoto,Op.ECR,108,107,0.00025281002528100257,36
fake_kyoto,Op.ECR,114,109,0.0011071202767800696,36
fake_kyoto,Op.ECR,100,110,0.0,96
fake_kyoto,Op.ECR,108,112,0.0004122399793880009,36
fake_kyoto,Op.ECR,114,113,0.001596419920179004,36
fake_kyoto,Op.ECR,114,115,0.0009496299525185022,36
fake_kyoto,Op.ECR,115,116,0.0004877000487700049,36
fake_kyoto,Op.ECR,116,117,0.0,36
fake_kyoto,Op.ECR,110,118,0.0,60
fake_kyoto,Op.ECR,117,118,0.0,36
fake_kyoto,Op.ECR,118,119,0.0002100099894995006,36
fake_kyoto,Op.ECR,119,120,0.0003613199819340011,36
fake_kyoto,Op.ECR,120,121,0.000524490131122533,36
fake_kyoto,Op.ECR,111,122,0.0004852300485230045,36
fake_kyoto,Op.ECR,121,122,0.0005947499702625015,36
fake_kyoto,Op.ECR,123,122,0.00031263054710345726,36
fake_kyoto,Op.ECR,123,124,3.3100057925101366e-05,36
fake_kyoto,Op.ECR,124,125,0.0019822916849479314,36
fake_kyoto,Op.ECR,126,125,0.0,60
fake_kyoto,Op.ECR,112,126,0.0,60
fake_kyoto,Op.MEAS,0,-1,1.6776,2
fake_kyoto,Op.MEAS,1,-1,1.839,2
fake_kyoto,Op.MEAS,2,-1,1.9904,2
fake_kyoto,Op.MEAS,3,-1,1.6166,2
fake_kyoto,Op.MEAS,4,-1,1.8034,2
fake_kyoto,Op.MEAS,5,-1,1.9776,2
fake_kyoto,Op.MEAS,6,-1,1.9752,2
fake_kyoto,Op.MEAS,7,-1,1.971,2
fake_kyoto,Op.MEAS,8,-1,1.9518,2
fake_kyoto,Op.MEAS,9,-1,1.9874,2
fake_kyoto,Op.MEAS,10,-1,1.9586,2
fake_kyoto,Op.MEAS,11,-1,1.9818,2
fake_kyoto,Op.MEAS,12,-1,1.9868,2
fake_kyoto,Op.MEAS,13,-1,1.989,2
fake_kyoto,Op.MEAS,14,-1,1.7844,2
fake_kyoto,Op.MEAS,15,-1,1.9814,2
fake_kyoto,Op.MEAS,16,-1,1.9838,2
fake_kyoto,Op.MEAS,17,-1,1.9844,2
fake_kyoto,Op.MEAS,18,-1,1.7644,2
fake_kyoto,Op.MEAS,19,-1,1.9804,2
fake_kyoto,Op.MEAS,20,-1,1.977,2
fake_kyoto,Op.MEAS,21,-1,1.9822,2
fake_kyoto,Op.MEAS,22,-1,1.9334,2
fake_kyoto,Op.MEAS,23,-1,1.987,2
fake_kyoto,Op.MEAS,24,-1,1.9404,2
fake_kyoto,Op.MEAS,25,-1,1.8936,2
fake_kyoto,Op.MEAS,26,-1,1.9884,2
fake_kyoto,Op.MEAS,27,-1,1.9324,2
fake_kyoto,Op.MEAS,28,-1,1.922,2
fake_kyoto,Op.MEAS,29,-1,1.96,2
fake_kyoto,Op.MEAS,30,-1,1.9774,2
fake_kyoto,Op.MEAS,31,-1,1.9864,2
fake_kyoto,Op.MEAS,32,-1,1.9786,2
fake_kyoto,Op.MEAS,33,-1,1.9564,2
fake_kyoto,Op.MEAS,34,-1,1.9282,2
fake_kyoto,Op.MEAS,35,-1,1.966,2
fake_kyoto,Op.MEAS,36,-1,1.9876,2
fake_kyoto,Op.MEAS,37,-1,1.7056,2
fake_kyoto,Op.MEAS,38,-1,1.9216,2
fake_kyoto,Op.MEAS,39,-1,1.8592,2
fake_kyoto,Op.MEAS,40,-1,1.9782,2
fake_kyoto,Op.MEAS,41,-1,1.9808,2
fake_kyoto,Op.MEAS,42,-1,1.9912,2
fake_kyoto,Op.MEAS,43,-1,1.9718,2
fake_kyoto,Op.MEAS,44,-1,1.9914,2
fake_kyoto,Op.MEAS,45,-1,1.985,2
fake_kyoto,Op.MEAS,46,-1,1.9804,2
fake_kyoto,Op.MEAS,47,-1,1.9748,2
fake_kyoto,Op.MEAS,48,-1,1.8846,2
fake_kyoto,Op.MEAS,49,-1,1.988,2
fake_kyoto,Op.MEAS,50,-1,1.9884,2
fake_kyoto,Op.MEAS,51,-1,1.9656,2
fake_kyoto,Op.MEAS,52,-1,1.973,2
fake_kyoto,Op.MEAS,53,-1,1.9808,2
fake_kyoto,Op.MEAS,54,-1,1.9794,2
fake_kyoto,Op.MEAS,55,-1,1.9894,2
fake_kyoto,Op.MEAS,56,-1,1.975,2
fake_kyoto,Op.MEAS,57,-1,1.7732,2
fake_kyoto,Op.MEAS,58,-1,1.9214,2
fake_kyoto,Op.MEAS,59,-1,1.9852,2
fake_kyoto,Op.MEAS,60,-1,1.9786,2
fake_kyoto,Op.MEAS,61,-1,1.9654,2
fake_kyoto,Op.MEAS,62,-1,1.9802,2
fake_kyoto,Op.MEAS,63,-1,1.9878,2
fake_kyoto,Op.MEAS,64,-1,1.9814,2
fake_kyoto,Op.MEAS,65,-1,1.9906,2
fake_kyoto,Op.MEAS,66,-1,1.9758,2
fake_kyoto,Op.MEAS,67,-1,1.9886,2
fake_kyoto,Op.MEAS,68,-1,1.8922,2
fake_kyoto,Op.MEAS,69,-1,1.9658,2
fake_kyoto,Op.MEAS,70,-1,1.9764,2
fake_kyoto,Op.MEAS,71,-1,1.9428,2
fake_kyoto,Op.MEAS,72,-1,1.9696,2
fake_kyoto,Op.MEAS,73,-1,1.9892,2
fake_kyoto,Op.MEAS,74,-1,1.9888,2
fake_kyoto,Op.MEAS,75,-1,1.9166,2
fake_kyoto,Op.MEAS,76,-1,1.7868,2
fake_kyoto,Op.MEAS,77,-1,1.7946,2
fake_kyoto,Op.MEAS,78,-1,1.9718,2
fake_kyoto,Op.MEAS,79,-1,1.964,2
fake_kyoto,Op.MEAS,80,-1,1.9672,2
fake_kyoto,Op.MEAS,81,-1,1.962,2
fake_kyoto,Op.MEAS,82,-1,1.9906,2
fake_kyoto,Op.MEAS,83,-1,1.9726,2
fake_kyoto,Op.MEAS,84,-1,1.9796,2
fake_kyoto,Op.MEAS,85,-1,1.9912,2
fake_kyoto,Op.MEAS,86,-1,1.9792,2
fake_kyoto,Op.MEAS,87,-1,1.9538,2
fake_kyoto,Op.MEAS,88,-1,1.9906,2
fake_kyoto,Op.MEAS,89,-1,1.9868,2
fake_kyoto,Op.MEAS,90,-1,1.8796,2
fake_kyoto,Op.MEAS,91,-1,1.8534,2
fake_kyoto,Op.MEAS,92,-1,1.9728,2
fake_kyoto,Op.MEAS,93,-1,1.9052,2
fake_kyoto,Op.MEAS,94,-1,1.9628,2
fake_kyoto,Op.MEAS,95,-1,1.9832,2
fake_kyoto,Op.MEAS,96,-1,1.9708,2
fake_kyoto,Op.MEAS,97,-1,1.9262,2
fake_kyoto,Op.MEAS,98,-1,1.8556,2
fake_kyoto,Op.MEAS,99,-1,1.9762,2
fake_kyoto,Op.MEAS,100,-1,1.9816,2
fake_kyoto,Op.MEAS,101,-1,1.8884,2
fake_kyoto,Op.MEAS,102,-1,1.9782,2
fake_kyoto,Op.MEAS,103,-1,1.9696,2
fake_kyoto,Op.MEAS,104,-1,1.9082,2
fake_kyoto,Op.MEAS,105,-1,1.8658,2
fake_kyoto,Op.MEAS,106,-1,1.9536,2
fake_kyoto,Op.MEAS,107,-1,1.159,2
fake_kyoto,Op.MEAS,108,-1,1.4866,2
fake_kyoto,Op.MEAS,109,-1,1.9808,2
fake_kyoto,Op.MEAS,110,-1,1.9506,2
fake_kyoto,Op.MEAS,111,-1,1.914,2
fake_kyoto,Op.MEAS,112,-1,1.8842,2
fake_kyoto,Op.MEAS,113,-1,1.8652,2
fake_kyoto,Op.MEAS,114,-1,1.982,2
fake_kyoto,Op.MEAS,115,-1,1.9592,2
fake_kyoto,Op.MEAS,116,-1,1.974,2
fake_kyoto,Op.MEAS,117,-1,1.3694,2
fake_kyoto,Op.MEAS,118,-1,1.9398,2
fake_kyoto,Op.MEAS,119,-1,1.9066,2
fake_kyoto,Op.MEAS,120,-1,1.9652,2
fake_kyoto,Op.MEAS,121,-1,1.9724,2
fake_kyoto,Op.MEAS,122,-1,1.9052,2
fake_kyoto,Op.MEAS,123,-1,1.8744,2
fake_kyoto,Op.MEAS,124,-1,1.9702,2
fake_kyoto,Op.MEAS,125,-1,1.985,2
fake_kyoto,Op.MEAS,126,-1,1.6468,2
fake_makarresh,Op.CZ,1,0,0.0,43
fake_makarresh,Op.CZ,0,1,0.0,43
fake_makarresh,Op.CZ,2,1,0.0,100
fake_makarresh,Op.CZ,1,2,0.0,100
fake_makarresh,Op.CZ,3,2,0.0,43
fake_makarresh,Op.CZ,2,3,0.0,43
fake_makarresh,Op.CZ,4,3,0.99480147534016,18
fake_makarresh,Op.CZ,16,3,0.0,43
fake_makarresh,Op.CZ,3,4,0.99480147534016,18
fake_makarresh,Op.CZ,5,4,0.0,43
fake_makarresh,Op.CZ,4,5,0.0,43
fake_makarresh,Op.CZ,6,5,0.0,43
fake_makarresh,Op.CZ,5,6,0.0,43
fake_makarresh,Op.CZ,7,6,0.9970247449718198,18
fake_makarresh,Op.CZ,6,7,0.9970247449718198,18
fake_makarresh,Op.CZ,8,7,0.9970767435980687,18
fake_makarresh,Op.CZ,17,7,0.9965418794181504,19
fake_makarresh,Op.CZ,7,8,0.9970767435980687,18
fake_makarresh,Op.CZ,9,8,0.0,43
fake_makarresh,Op.CZ,8,9,0.0,43
fake_makarresh,Op.CZ,10,9,0.0,43
fake_makarresh,Op.CZ,9,10,0.0,43
fake_makarresh,Op.CZ,11,10,0.9968315947087634,18
fake_makarresh,Op.CZ,10,11,0.9968315947087634,18
fake_makarresh,Op.CZ,12,11,0.9983299086305255,18
fake_makarresh,Op.CZ,18,11,0.0,43
fake_makarresh,Op.CZ,11,12,0.9983299086305255,18
fake_makarresh,Op.CZ,13,12,0.0,43
fake_makarresh,Op.CZ,12,13,0.0,43
fake_makarresh,Op.CZ,14,13,0.0,43
fake_makarresh,Op.CZ,13,14,0.0,43
fake_makarresh,Op.CZ,15,14,0.998314439561754,19
fake_makarresh,Op.CZ,14,15,0.998314439561754,19
fake_makarresh,Op.CZ,19,15,0.9975704197813378,8
fake_makarresh,Op.CZ,3,16,0.0,43
fake_makarresh,Op.CZ,23,16,0.0,43
fake_makarresh,Op.CZ,7,17,0.9965418794181504,19
fake_makarresh,Op.CZ,27,17,0.0,60
fake_makarresh,Op.CZ,11,18,0.0,43
fake_makarresh,Op.CZ,31,18,0.0,43
fake_makarresh,Op.CZ,15,19,0.9975704197813378,8
fake_makarresh,Op.CZ,35,19,0.0,43
fake_makarresh,Op.CZ,21,20,0.0,43
fake_makarresh,Op.CZ,20,21,0.0,43
fake_makarresh,Op.CZ,22,21,0.9933591502379494,26
fake_makarresh,Op.CZ,36,21,0.9959473193009233,18
fake_makarresh,Op.CZ,21,22,0.9933591502379494,26
fake_makarresh,Op.CZ,23,22,0.9900339848176722,32
fake_makarresh,Op.CZ,16,23,0.0,43
fake_makarresh,Op.CZ,22,23,0.9900339848176722,32
fake_makarresh,Op.CZ,24,23,0.010431705737438172,32
fake_makarresh,Op.CZ,23,24,0.01043170573743817,32
fake_makarresh,Op.CZ,25,24,0.010431841996618306,32
fake_makarresh,Op.CZ,24,25,0.010431841996618306,32
fake_makarresh,Op.CZ,26,25,0.0,60
fake_makarresh,Op.CZ,37,25,0.9949655957022924,20
fake_makarresh,Op.CZ,25,26,0.0,60
fake_makarresh,Op.CZ,27,26,0.0,100
fake_makarresh,Op.CZ,17,27,0.0,60
fake_makarresh,Op.CZ,26,27,0.0,100
fake_makarresh,Op.CZ,28,27,0.0,43
fake_makarresh,Op.CZ,27,28,0.0,43
fake_makarresh,Op.CZ,29,28,0.0,43
fake_makarresh,Op.CZ,28,29,0.0,43
fake_makarresh,Op.CZ,30,29,0.0,43
fake_makarresh,Op.CZ,38,29,0.0,100
fake_makarresh,Op.CZ,29,30,0.0,43
fake_makarresh,Op.CZ,31,30,0.9960310050765787,20
fake_makarresh,Op.CZ,18,31,0.0,43
fake_makarresh,Op.CZ,30,31,0.9960310050765787,20
fake_makarresh,Op.CZ,32,31,0.9954271288421956,20
fake_makarresh,Op.CZ,31,32,0.9954271288421956,20
fake_makarresh,Op.CZ,33,32,0.9965398217993772,21
fake_makarresh,Op.CZ,32,33,0.9965398217993772,21
fake_makarresh,Op.CZ,34,33,0.0,43
fake_makarresh,Op.CZ,39,33,0.0,43
fake_makarresh,Op.CZ,33,34,0.0,43
fake_makarresh,Op.CZ,35,34,0.0,100
fake_makarresh,Op.CZ,19,35,0.0,43
fake_makarresh,Op.CZ,34,35,0.0,100
fake_makarresh,Op.CZ,21,36,0.9959473193009233,18
fake_makarresh,Op.CZ,41,36,0.995478988516631,20
fake_makarresh,Op.CZ,25,37,0.9949655957022924,20
fake_makarresh,Op.CZ,45,37,0.9931892465265166,33
fake_makarresh,Op.CZ,29,38,0.0,100
fake_makarresh,Op.CZ,49,38,0.0,43
fake_makarresh,Op.CZ,33,39,0.0,43
fake_makarresh,Op.CZ,53,39,0.0,100
fake_makarresh,Op.CZ,41,40,0.991548371379338,33
fake_makarresh,Op.CZ,36,41,0.995478988516631,20
fake_makarresh,Op.CZ,40,41,0.991548371379338,33
fake_makarresh,Op.CZ,42,41,0.9903644043149996,33
fake_makarresh,Op.CZ,41,42,0.9903644043149996,33
fake_makarresh,Op.CZ,43,42,0.9783015189711732,33
fake_makarresh,Op.CZ,42,43,0.9783015189711732,33
fake_makarresh,Op.CZ,44,43,0.9957136668838208,19
fake_makarresh,Op.CZ,56,43,0.9953683592545931,26
fake_makarresh,Op.CZ,43,44,0.9957136668838208,19
fake_makarresh,Op.CZ,45,44,0.9958863682761501,19
fake_makarresh,Op.CZ,37,45,0.9931892465265166,33
fake_makarresh,Op.CZ,44,45,0.9958863682761501,19
fake_makarresh,Op.CZ,46,45,0.9972639054033614,19
fake_makarresh,Op.CZ,45,46,0.9972639054033614,19
fake_makarresh,Op.CZ,47,46,0.9977674068073917,18
fake_makarresh,Op.CZ,46,47,0.9977674068073917,18
fake_makarresh,Op.CZ,48,47,0.0,43
fake_makarresh,Op.CZ,57,47,0.0,43
fake_makarresh,Op.CZ,47,48,0.0,43
fake_makarresh,Op.CZ,49,48,0.0,43
fake_makarresh,Op.CZ,38,49,0.0,43
fake_makarresh,Op.CZ,48,49,0.0,43
fake_makarresh,Op.CZ,50,49,0.9956929343577433,26
fake_makarresh,Op.CZ,49,50,0.9956929343577433,26
fake_makarresh,Op.CZ,51,50,0.0,43
fake_makarresh,Op.CZ,50,51,0.0,43
fake_makarresh,Op.CZ,52,51,0.0,60
fake_makarresh,Op.CZ,58,51,0.0,100
fake_makarresh,Op.CZ,51,52,0.0,60
fake_makarresh,Op.CZ,53,52,0.0,43
fake_makarresh,Op.CZ,39,53,0.0,100
fake_makarresh,Op.CZ,52,53,0.0,43
fake_makarresh,Op.CZ,54,53,0.0,100
fake_makarresh,Op.CZ,53,54,0.0,100
fake_makarresh,Op.CZ,55,54,0.0,43
fake_makarresh,Op.CZ,54,55,0.0,43
fake_makarresh,Op.CZ,59,55,0.0,43
fake_makarresh,Op.CZ,43,56,0.9953683592545931,26
fake_makarresh,Op.CZ,63,56,0.996277070283153,19
fake_makarresh,Op.CZ,47,57,0.0,43
fake_makarresh,Op.CZ,67,57,0.0,60
fake_makarresh,Op.CZ,51,58,0.0,100
fake_makarresh,Op.CZ,71,58,0.0,60
fake_makarresh,Op.CZ,55,59,0.0,43
fake_makarresh,Op.CZ,75,59,0.0,43
fake_makarresh,Op.CZ,61,60,0.0,60
fake_makarresh,Op.CZ,60,61,0.0,60
fake_makarresh,Op.CZ,62,61,0.9792448771318245,33
fake_makarresh,Op.CZ,76,61,0.9723707817647153,32
fake_makarresh,Op.CZ,61,62,0.9792448771318245,33
fake_makarresh,Op.CZ,63,62,0.9975689763777749,20
fake_makarresh,Op.CZ,56,63,0.996277070283153,19
fake_makarresh,Op.CZ,62,63,0.9975689763777749,20
fake_makarresh,Op.CZ,64,63,0.9857233438737203,33
fake_makarresh,Op.CZ,63,64,0.9857233438737203,33
fake_makarresh,Op.CZ,65,64,0.9909506111772718,32
fake_makarresh,Op.CZ,64,65,0.9909506111772718,32
fake_makarresh,Op.CZ,66,65,0.0,43
fake_makarresh,Op.CZ,77,65,0.9960460201545903,18
fake_makarresh,Op.CZ,65,66,0.0,43
fake_makarresh,Op.CZ,67,66,0.0,43
fake_makarresh,Op.CZ,57,67,0.0,60
fake_makarresh,Op.CZ,66,67,0.0,43
fake_makarresh,Op.CZ,68,67,0.9930281474506648,27
fake_makarresh,Op.CZ,67,68,0.9930281474506648,27
fake_makarresh,Op.CZ,69,68,0.9938340496523644,21
fake_makarresh,Op.CZ,68,69,0.9938340496523644,21
fake_makarresh,Op.CZ,70,69,0.9964296040017346,21
fake_makarresh,Op.CZ,78,69,0.0,43
fake_makarresh,Op.CZ,69,70,0.9964296040017346,21
fake_makarresh,Op.CZ,71,70,0.9959910545879248,20
fake_makarresh,Op.CZ,58,71,0.0,60
fake_makarresh,Op.CZ,70,71,0.9959910545879248,20
fake_makarresh,Op.CZ,72,71,0.9963001275314293,20
fake_makarresh,Op.CZ,71,72,0.9963001275314293,20
fake_makarresh,Op.CZ,73,72,0.0,60
fake_makarresh,Op.CZ,72,73,0.0,60
fake_makarresh,Op.CZ,74,73,0.0,9
fake_makarresh,Op.CZ,79,73,0.0,43
fake_makarresh,Op.CZ,73,74,0.0,9
fake_makarresh,Op.CZ,75,74,0.99679796,7
fake_makarresh,Op.CZ,59,75,0.0,43
fake_makarresh,Op.CZ,74,75,0.99679796,7
fake_makarresh,Op.CZ,61,76,0.9723707817647153,32
fake_makarresh,Op.CZ,81,76,0.9937065764756842,33
fake_makarresh,Op.CZ,65,77,0.9960460201545903,18
fake_makarresh,Op.CZ,85,77,0.9959610293775079,19
fake_makarresh,Op.CZ,69,78,0.0,43
fake_makarresh,Op.CZ,89,78,0.0,100
fake_makarresh,Op.CZ,73,79,0.0,43
fake_makarresh,Op.CZ,93,79,0.9949725753244953,27
fake_makarresh,Op.CZ,81,80,0.9962971474473293,20
fake_makarresh,Op.CZ,76,81,0.9937065764756842,33
fake_makarresh,Op.CZ,80,81,0.9962971474473293,20
fake_makarresh,Op.CZ,82,81,0.8037006028881428,33
fake_makarresh,Op.CZ,81,82,0.8037006028881428,33
fake_makarresh,Op.CZ,83,82,0.0,60
fake_makarresh,Op.CZ,82,83,0.0,60
fake_makarresh,Op.CZ,84,83,0.0,43
fake_makarresh,Op.CZ,96,83,0.0,60
fake_makarresh,Op.CZ,83,84,0.0,43
fake_makarresh,Op.CZ,85,84,0.9932956274733069,25
fake_makarresh,Op.CZ,77,85,0.9959610293775079,19
fake_makarresh,Op.CZ,84,85,0.9932956274733069,25
fake_makarresh,Op.CZ,86,85,0.9961345272439401,19
fake_makarresh,Op.CZ,85,86,0.9961345272439401,19
fake_makarresh,Op.CZ,87,86,0.9958673163208172,18
fake_makarresh,Op.CZ,86,87,0.9958673163208172,18
fake_makarresh,Op.CZ,88,87,0.0,43
fake_makarresh,Op.CZ,97,87,0.9957810062882708,19
fake_makarresh,Op.CZ,87,88,0.0,43
fake_makarresh,Op.CZ,89,88,0.0,100
fake_makarresh,Op.CZ,78,89,0.0,100
fake_makarresh,Op.CZ,88,89,0.0,100
fake_makarresh,Op.CZ,90,89,0.0,43
fake_makarresh,Op.CZ,89,90,0.0,43
fake_makarresh,Op.CZ,91,90,0.0,60
fake_makarresh,Op.CZ,90,91,0.0,60
fake_makarresh,Op.CZ,92,91,0.0,100
fake_makarresh,Op.CZ,98,91,0.0,43
fake_makarresh,Op.CZ,91,92,0.0,100
fake_makarresh,Op.CZ,93,92,0.0,43
fake_makarresh,Op.CZ,79,93,0.9949725753244953,27
fake_makarresh,Op.CZ,92,93,0.0,43
fake_makarresh,Op.CZ,94,93,0.9961025625169204,18
fake_makarresh,Op.CZ,93,94,0.9961025625169204,18
fake_makarresh,Op.CZ,95,94,0.0,43
fake_makarresh,Op.CZ,94,95,0.0,43
fake_makarresh,Op.CZ,99,95,0.0,60
fake_makarresh,Op.CZ,83,96,0.0,60
fake_makarresh,Op.CZ,103,96,0.9870633759896459,33
fake_makarresh,Op.CZ,87,97,0.9957810062882708,19
fake_makarresh,Op.CZ,107,97,0.0,60
fake_makarresh,Op.CZ,91,98,0.0,43
fake_makarresh,Op.CZ,111,98,0.9977329266900722,19
fake_makarresh,Op.CZ,95,99,0.0,60
fake_makarresh,Op.CZ,115,99,0.995095384256184,21
fake_makarresh,Op.CZ,101,100,0.0,36
fake_makarresh,Op.CZ,100,101,0.0,36
fake_makarresh,Op.CZ,102,101,2.6480014564007996e-05,32
fake_makarresh,Op.CZ,116,101,0.0,60
fake_makarresh,Op.CZ,101,102,2.6480014564007996e-05,32
fake_makarresh,Op.CZ,103,102,1.049000419600168e-05,32
fake_makarresh,Op.CZ,96,103,0.9870633759896459,33
fake_makarresh,Op.CZ,102,103,1.049000419600168e-05,32
fake_makarresh,Op.CZ,104,103,0.0,60
fake_makarresh,Op.CZ,103,104,0.0,60
fake_makarresh,Op.CZ,105,104,0.0,60
fake_makarresh,Op.CZ,104,105,0.0,60
fake_makarresh,Op.CZ,106,105,0.9891308353262598,32
fake_makarresh,Op.CZ,117,105,0.9952765368352806,20
fake_makarresh,Op.CZ,105,106,0.9891308353262598,32
fake_makarresh,Op.CZ,107,106,0.0,43
fake_makarresh,Op.CZ,97,107,0.0,60
fake_makarresh,Op.CZ,106,107,0.0,43
fake_makarresh,Op.CZ,108,107,0.0,43
fake_makarresh,Op.CZ,107,108,0.0,43
fake_makarresh,Op.CZ,109,108,0.9958502991692803,18
fake_makarresh,Op.CZ,108,109,0.9958502991692803,18
fake_makarresh,Op.CZ,110,109,0.0,43
fake_makarresh,Op.CZ,118,109,6.726003699302037e-05,32
fake_makarresh,Op.CZ,109,110,0.0,43
fake_makarresh,Op.CZ,111,110,0.0,43
fake_makarresh,Op.CZ,98,111,0.9977329266900722,19
fake_makarresh,Op.CZ,110,111,0.0,43
fake_makarresh,Op.CZ,112,111,0.997290575041752,18
fake_makarresh,Op.CZ,111,112,0.997290575041752,18
fake_makarresh,Op.CZ,113,112,8.749999562500021e-06,32
fake_makarresh,Op.CZ,112,113,8.749999562500021e-06,32
fake_makarresh,Op.CZ,114,113,0.0,60
fake_makarresh,Op.CZ,119,113,9.197006437904507e-05,32
fake_makarresh,Op.CZ,113,114,0.0,60
fake_makarresh,Op.CZ,115,114,0.0,43
fake_makarresh,Op.CZ,99,115,0.995095384256184,21
fake_makarresh,Op.CZ,114,115,0.0,43
fake_makarresh,Op.CZ,101,116,0.0,60
fake_makarresh,Op.CZ,121,116,0.0,100
fake_makarresh,Op.CZ,105,117,0.9952765368352806,20
fake_makarresh,Op.CZ,125,117,0.9942079077207646,20
fake_makarresh,Op.CZ,109,118,6.726003699302037e-05,32
fake_makarresh,Op.CZ,129,118,0.9957400017356031,20
fake_makarresh,Op.CZ,113,119,9.197006437904507e-05,32
fake_makarresh,Op.CZ,133,119,0.9028172193098931,32
fake_makarresh,Op.CZ,121,120,0.0,43
fake_makarresh,Op.CZ,116,121,0.0,100
fake_makarresh,Op.CZ,120,121,0.0,43
fake_makarresh,Op.CZ,122,121,0.0,43
fake_makarresh,Op.CZ,121,122,0.0,43
fake_makarresh,Op.CZ,123,122,0.9969148133359976,20
fake_makarresh,Op.CZ,122,123,0.9969148133359976,20
fake_makarresh,Op.CZ,124,123,0.0,60
fake_makarresh,Op.CZ,136,123,0.0,43
fake_makarresh,Op.CZ,123,124,0.0,60
fake_makarresh,Op.CZ,125,124,0.0,60
fake_makarresh,Op.CZ,117,125,0.9942079077207646,20
fake_makarresh,Op.CZ,124,125,0.0,60
fake_makarresh,Op.CZ,126,125,0.9950950490619582,21
fake_makarresh,Op.CZ,125,126,0.9950950490619582,21
fake_makarresh,Op.CZ,127,126,0.9903789000000006,33
fake_makarresh,Op.CZ,126,127,0.9903789000000006,33
fake_makarresh,Op.CZ,128,127,0.0,43
fake_makarresh,Op.CZ,137,127,0.9958659742123637,20
fake_makarresh,Op.CZ,127,128,0.0,43
fake_makarresh,Op.CZ,129,128,0.0,43
fake_makarresh,Op.CZ,118,129,0.9957400017356031,20
fake_makarresh,Op.CZ,128,129,0.0,43
fake_makarresh,Op.CZ,130,129,2.5980006495001635e-05,32
fake_makarresh,Op.CZ,129,130,2.5980006495001635e-05,32
fake_makarresh,Op.CZ,131,130,0.0,43
fake_makarresh,Op.CZ,130,131,0.0,43
fake_makarresh,Op.CZ,132,131,0.0,43
fake_makarresh,Op.CZ,138,131,0.0,43
fake_makarresh,Op.CZ,131,132,0.0,43
fake_makarresh,Op.CZ,133,132,0.9969857627959726,19
fake_makarresh,Op.CZ,119,133,0.9028172193098931,32
fake_makarresh,Op.CZ,132,133,0.9969857627959726,19
fake_makarresh,Op.CZ,134,133,0.9947776529229237,26
fake_makarresh,Op.CZ,133,134,0.9947776529229237,26
fake_makarresh,Op.CZ,135,134,0.9898084074765805,25
fake_makarresh,Op.CZ,134,135,0.9898084074765805,25
fake_makarresh,Op.CZ,139,135,0.0,43
fake_makarresh,Op.CZ,123,136,0.0,43
fake_makarresh,Op.CZ,143,136,0.0,43
fake_makarresh,Op.CZ,127,137,0.9958659742123637,20
fake_makarresh,Op.CZ,147,137,0.9950435032470416,26
fake_makarresh,Op.CZ,131,138,0.0,43
fake_makarresh,Op.CZ,151,138,0.995721416821963,18
fake_makarresh,Op.CZ,135,139,0.0,43
fake_makarresh,Op.CZ,155,139,0.0,60
fake_makarresh,Op.CZ,141,140,0.0,43
fake_makarresh,Op.CZ,140,141,0.0,43
fake_makarresh,Op.CZ,142,141,0.0,43
fake_makarresh,Op.CZ,141,142,0.0,43
fake_makarresh,Op.CZ,143,142,0.9969732737044098,19
fake_makarresh,Op.CZ,136,143,0.0,43
fake_makarresh,Op.CZ,142,143,0.9969732737044098,19
fake_makarresh,Op.CZ,144,143,0.9959837236939186,21
fake_makarresh,Op.CZ,143,144,0.9959837236939186,21
fake_makarresh,Op.CZ,145,144,0.0,60
fake_makarresh,Op.CZ,144,145,0.0,60
fake_makarresh,Op.CZ,146,145,0.0,43
fake_makarresh,Op.CZ,145,146,0.0,43
fake_makarresh,Op.CZ,147,146,0.9968267915275334,20
fake_makarresh,Op.CZ,137,147,0.9950435032470416,26
fake_makarresh,Op.CZ,146,147,0.9968267915275334,20
fake_makarresh,Op.CZ,148,147,0.993502816680773,25
fake_makarresh,Op.CZ,147,148,0.993502816680773,25
fake_makarresh,Op.CZ,149,148,0.9962463105031651,18
fake_makarresh,Op.CZ,148,149,0.9962463105031651,18
fake_makarresh,Op.CZ,150,149,0.0,43
fake_makarresh,Op.CZ,149,150,0.0,43
fake_makarresh,Op.CZ,151,150,0.0,43
fake_makarresh,Op.CZ,138,151,0.995721416821963,18
fake_makarresh,Op.CZ,150,151,0.0,43
fake_makarresh,Op.CZ,152,151,0.9417606936929953,32
fake_makarresh,Op.CZ,151,152,0.9417606936929953,32
fake_makarresh,Op.CZ,153,152,0.0,43
fake_makarresh,Op.CZ,152,153,0.0,43
fake_makarresh,Op.CZ,154,153,0.0,60
fake_makarresh,Op.CZ,153,154,0.0,60
fake_makarresh,Op.CZ,155,154,0.9964566279802771,19
fake_makarresh,Op.CZ,139,155,0.0,60
fake_makarresh,Op.CZ,154,155,0.9964566279802771,19
fake_makarresh,Op.RESET,0,-1,0.97463679,3
fake_makarresh,Op.RESET,1,-1,0.0,3
fake_makarresh,Op.RESET,2,-1,0.0,3
fake_makarresh,Op.RESET,3,-1,0.9915808699158087,3
fake_makarresh,Op.RESET,4,-1,0.98831874,3
fake_makarresh,Op.RESET,5,-1,0.0,3
fake_makarresh,Op.RESET,6,-1,0.9888531700000001,3
fake_makarresh,Op.RESET,7,-1,0.9827881500000001,3
fake_makarresh,Op.RESET,8,-1,0.9827051,3
fake_makarresh,Op.RESET,9,-1,0.0,3
fake_makarresh,Op.RESET,10,-1,0.98754379,3
fake_makarresh,Op.RESET,11,-1,0.98732118,3
fake_makarresh,Op.RESET,12,-1,0.98667022,3
fake_makarresh,Op.RESET,13,-1,0.0,3
fake_makarresh,Op.RESET,14,-1,0.9840077,3
fake_makarresh,Op.RESET,15,-1,0.95263851,3
fake_makarresh,Op.RESET,16,-1,0.0,3
fake_makarresh,Op.RESET,17,-1,0.96123457,3
fake_makarresh,Op.RESET,18,-1,0.0,3
fake_makarresh,Op.RESET,19,-1,0.9535496800000001,3
fake_makarresh,Op.RESET,20,-1,0.0,3
fake_makarresh,Op.RESET,21,-1,0.99007849,3
fake_makarresh,Op.RESET,22,-1,0.95715731,3
fake_makarresh,Op.RESET,23,-1,0.98951039,3
fake_makarresh,Op.RESET,24,-1,0.45633261,3
fake_makarresh,Op.RESET,25,-1,0.97490493,3
fake_makarresh,Op.RESET,26,-1,0.0,3
fake_makarresh,Op.RESET,27,-1,0.0,3
fake_makarresh,Op.RESET,28,-1,0.98754828,3
fake_makarresh,Op.RESET,29,-1,0.0,3
fake_makarresh,Op.RESET,30,-1,0.97599055,3
fake_makarresh,Op.RESET,31,-1,0.97040554,3
fake_makarresh,Op.RESET,32,-1,0.93574188,3
fake_makarresh,Op.RESET,33,-1,0.96589711,3
fake_makarresh,Op.RESET,34,-1,0.0,3
fake_makarresh,Op.RESET,35,-1,0.0,3
fake_makarresh,Op.RESET,36,-1,0.98062626,3
fake_makarresh,Op.RESET,37,-1,0.9319683200000001,3
fake_makarresh,Op.RESET,38,-1,0.0,3
fake_makarresh,Op.RESET,39,-1,0.0,3
fake_makarresh,Op.RESET,40,-1,0.97956403,3
fake_makarresh,Op.RESET,41,-1,0.9416691194166912,3
fake_makarresh,Op.RESET,42,-1,0.9856517,3
fake_makarresh,Op.RESET,43,-1,0.978615610213844,3
fake_makarresh,Op.RESET,44,-1,0.98619623,3
fake_makarresh,Op.RESET,45,-1,0.9805244200000001,3
fake_makarresh,Op.RESET,46,-1,0.98683818,3
fake_makarresh,Op.RESET,47,-1,0.9787936500000001,3
fake_makarresh,Op.RESET,48,-1,0.0,3
fake_makarresh,Op.RESET,49,-1,0.9895426,3
fake_makarresh,Op.RESET,50,-1,0.97392387,3
fake_makarresh,Op.RESET,51,-1,0.0,3
fake_makarresh,Op.RESET,52,-1,0.97419995,3
fake_makarresh,Op.RESET,53,-1,0.0,3
fake_makarresh,Op.RESET,54,-1,0.0,3
fake_makarresh,Op.RESET,55,-1,0.9749450302505498,3
fake_makarresh,Op.RESET,56,-1,0.9787646802123533,3
fake_makarresh,Op.RESET,57,-1,0.0,3
fake_makarresh,Op.RESET,58,-1,0.0,3
fake_makarresh,Op.RESET,59,-1,0.0,3
fake_makarresh,Op.RESET,60,-1,0.0,3
fake_makarresh,Op.RESET,61,-1,0.99003266,3
fake_makarresh,Op.RESET,62,-1,0.95983278,3
fake_makarresh,Op.RESET,63,-1,0.9838991100000001,3
fake_makarresh,Op.RESET,64,-1,0.98152633,3
fake_makarresh,Op.RESET,65,-1,0.9842164698421647,3
fake_makarresh,Op.RESET,66,-1,0.0,3
fake_makarresh,Op.RESET,67,-1,0.9819653101803469,3
fake_makarresh,Op.RESET,68,-1,0.9002902509970976,3
fake_makarresh,Op.RESET,69,-1,0.97113756,3
fake_makarresh,Op.RESET,70,-1,0.93147463,3
fake_makarresh,Op.RESET,71,-1,0.98081892,3
fake_makarresh,Op.RESET,72,-1,0.9581975604180245,3
fake_makarresh,Op.RESET,73,-1,0.0,3
fake_makarresh,Op.RESET,74,-1,0.89317298,3
fake_makarresh,Op.RESET,75,-1,0.9888551901114482,3
fake_makarresh,Op.RESET,76,-1,0.96495829,3
fake_makarresh,Op.RESET,77,-1,0.9865371298653712,3
fake_makarresh,Op.RESET,78,-1,0.0,3
fake_makarresh,Op.RESET,79,-1,0.95693051,3
fake_makarresh,Op.RESET,80,-1,0.96064368,3
fake_makarresh,Op.RESET,81,-1,0.98242784,3
fake_makarresh,Op.RESET,82,-1,0.92141339,3
fake_makarresh,Op.RESET,83,-1,0.0,3
fake_makarresh,Op.RESET,84,-1,0.98150507,3
fake_makarresh,Op.RESET,85,-1,0.98232826,3
fake_makarresh,Op.RESET,86,-1,0.97407476,3
fake_makarresh,Op.RESET,87,-1,0.98618463,3
fake_makarresh,Op.RESET,88,-1,0.0,3
fake_makarresh,Op.RESET,89,-1,0.0,3
fake_makarresh,Op.RESET,90,-1,0.97750161,3
fake_makarresh,Op.RESET,91,-1,0.0,3
fake_makarresh,Op.RESET,92,-1,0.0,3
fake_makarresh,Op.RESET,93,-1,0.99033798,3
fake_makarresh,Op.RESET,94,-1,0.98698801,3
fake_makarresh,Op.RESET,95,-1,0.0,3
fake_makarresh,Op.RESET,96,-1,0.9621247303787526,3
fake_makarresh,Op.RESET,97,-1,0.9751774902482252,3
fake_makarresh,Op.RESET,98,-1,0.9747596402524036,3
fake_makarresh,Op.RESET,99,-1,0.94996472,3
fake_makarresh,Op.RESET,100,-1,0.0,2
fake_makarresh,Op.RESET,101,-1,0.96993077,3
fake_makarresh,Op.RESET,102,-1,0.96674067,3
fake_makarresh,Op.RESET,103,-1,0.97335552,3
fake_makarresh,Op.RESET,104,-1,0.0,3
fake_makarresh,Op.RESET,105,-1,0.9828968101710319,3
fake_makarresh,Op.RESET,106,-1,0.991379409913794,3
fake_makarresh,Op.RESET,107,-1,0.0,3
fake_makarresh,Op.RESET,108,-1,0.98859707,3
fake_makarresh,Op.RESET,109,-1,0.9828066,3
fake_makarresh,Op.RESET,110,-1,0.0,3
fake_makarresh,Op.RESET,111,-1,0.97651513,3
fake_makarresh,Op.RESET,112,-1,0.9884137,3
fake_makarresh,Op.RESET,113,-1,0.981872,3
fake_makarresh,Op.RESET,114,-1,0.0,3
fake_makarresh,Op.RESET,115,-1,0.97394994,3
fake_makarresh,Op.RESET,116,-1,0.0,3
fake_makarresh,Op.RESET,117,-1,0.8837516588375165,3
fake_makarresh,Op.RESET,118,-1,0.9522084000000001,3
fake_makarresh,Op.RESET,119,-1,0.94073549,3
fake_makarresh,Op.RESET,120,-1,0.9779080202209199,3
fake_makarresh,Op.RESET,121,-1,0.0,3
fake_makarresh,Op.RESET,122,-1,0.94557464,3
fake_makarresh,Op.RESET,123,-1,0.97595503,3
fake_makarresh,Op.RESET,124,-1,0.0,3
fake_makarresh,Op.RESET,125,-1,0.95970121,3
fake_makarresh,Op.RESET,126,-1,0.95515636,3
fake_makarresh,Op.RESET,127,-1,0.9219642492196424,3
fake_makarresh,Op.RESET,128,-1,0.0,3
fake_makarresh,Op.RESET,129,-1,0.98530789,3
fake_makarresh,Op.RESET,130,-1,0.97802798,3
fake_makarresh,Op.RESET,131,-1,0.0,3
fake_makarresh,Op.RESET,132,-1,0.96932502,3
fake_makarresh,Op.RESET,133,-1,0.976866809768668,3
fake_makarresh,Op.RESET,134,-1,0.98073173,3
fake_makarresh,Op.RESET,135,-1,0.9832634800000001,3
fake_makarresh,Op.RESET,136,-1,0.0,3
fake_makarresh,Op.RESET,137,-1,0.9742082700000001,3
fake_makarresh,Op.RESET,138,-1,0.9875729601242704,3
fake_makarresh,Op.RESET,139,-1,0.0,3
fake_makarresh,Op.RESET,140,-1,0.9660298,3
fake_makarresh,Op.RESET,141,-1,0.0,3
fake_makarresh,Op.RESET,142,-1,0.98590366,3
fake_makarresh,Op.RESET,143,-1,0.9759789,3
fake_makarresh,Op.RESET,144,-1,0.94879413,3
fake_makarresh,Op.RESET,145,-1,0.0,3
fake_makarresh,Op.RESET,146,-1,0.9650930703490694,3
fake_makarresh,Op.RESET,147,-1,0.97241642,3
fake_makarresh,Op.RESET,148,-1,0.98625419,3
fake_makarresh,Op.RESET,149,-1,0.98181472,3
fake_makarresh,Op.RESET,150,-1,0.0,3
fake_makarresh,Op.RESET,151,-1,0.97837626,3
fake_makarresh,Op.RESET,152,-1,0.9880330801196692,3
fake_makarresh,Op.RESET,153,-1,0.0,3
fake_makarresh,Op.RESET,154,-1,0.9129472308705278,3
fake_makarresh,Op.RESET,155,-1,0.987242400127576,3
fake_makarresh,Op.SX,0,-1,0.99965782,3
fake_makarresh,Op.SX,1,-1,0.0,10
fake_makarresh,Op.SX,2,-1,0.0,10
fake_makarresh,Op.SX,3,-1,0.99982319,5
fake_makarresh,Op.SX,4,-1,0.9994337099546967,5
fake_makarresh,Op.SX,5,-1,0.0,10
fake_makarresh,Op.SX,6,-1,0.9996802099968023,5
fake_makarresh,Op.SX,7,-1,0.9997412099922364,5
fake_makarresh,Op.SX,8,-1,0.9997688200023119,3
fake_makarresh,Op.SX,9,-1,0.0,10
fake_makarresh,Op.SX,10,-1,0.999752099995042,5
fake_makarresh,Op.SX,11,-1,0.9997770899955417,5
fake_makarresh,Op.SX,12,-1,0.99982239,3
fake_makarresh,Op.SX,13,-1,0.0,10
fake_makarresh,Op.SX,14,-1,0.99978662,3
fake_makarresh,Op.SX,15,-1,0.9993468200065319,3
fake_makarresh,Op.SX,16,-1,0.0,10
fake_makarresh,Op.SX,17,-1,0.9994737,3
fake_makarresh,Op.SX,18,-1,0.0,10
fake_makarresh,Op.SX,19,-1,0.99936553,3
fake_makarresh,Op.SX,20,-1,0.0,10
fake_makarresh,Op.SX,21,-1,0.9996578399897351,5
fake_makarresh,Op.SX,22,-1,0.99941608,3
fake_makarresh,Op.SX,23,-1,0.9996221399924428,5
fake_makarresh,Op.SX,24,-1,0.9087807709121923,3
fake_makarresh,Op.SX,25,-1,0.9994997299699836,5
fake_makarresh,Op.SX,26,-1,0.0,10
fake_makarresh,Op.SX,27,-1,0.0,10
fake_makarresh,Op.SX,28,-1,0.9994999399799975,5
fake_makarresh,Op.SX,29,-1,0.0,10
fake_makarresh,Op.SX,30,-1,0.9995607799912154,5
fake_makarresh,Op.SX,31,-1,0.999420419965225,5
fake_makarresh,Op.SX,32,-1,0.9991016899910168,3
fake_makarresh,Op.SX,33,-1,0.9994303099715156,5
fake_makarresh,Op.SX,34,-1,0.0,10
fake_makarresh,Op.SX,35,-1,0.0,10
fake_makarresh,Op.SX,36,-1,0.9992288599074634,5
fake_makarresh,Op.SX,37,-1,0.9990263899902637,5
fake_makarresh,Op.SX,38,-1,0.0,10
fake_makarresh,Op.SX,39,-1,0.0,10
fake_makarresh,Op.SX,40,-1,0.9997002999940062,5
fake_makarresh,Op.SX,41,-1,0.9991947000080529,3
fake_makarresh,Op.SX,42,-1,0.9996148199807412,5
fake_makarresh,Op.SX,43,-1,0.999383149938315,5
fake_makarresh,Op.SX,44,-1,0.9996334899890046,5
fake_makarresh,Op.SX,45,-1,0.9995911499836458,5
fake_makarresh,Op.SX,46,-1,0.999603479984139,5
fake_makarresh,Op.SX,47,-1,0.9997006900029931,5
fake_makarresh,Op.SX,48,-1,0.0,10
fake_makarresh,Op.SX,49,-1,0.9996790499903715,5
fake_makarresh,Op.SX,50,-1,0.9991760098764014,5
fake_makarresh,Op.SX,51,-1,0.0,10
fake_makarresh,Op.SX,52,-1,0.99920399988856,5
fake_makarresh,Op.SX,53,-1,0.0,10
fake_makarresh,Op.SX,54,-1,0.0,10
fake_makarresh,Op.SX,55,-1,0.9996632400000001,3
fake_makarresh,Op.SX,56,-1,0.9996137799806892,5
fake_makarresh,Op.SX,57,-1,0.0,10
fake_makarresh,Op.SX,58,-1,0.0,10
fake_makarresh,Op.SX,59,-1,0.0,10
fake_makarresh,Op.SX,60,-1,0.0,10
fake_makarresh,Op.SX,61,-1,0.9998082700000002,5
fake_makarresh,Op.SX,62,-1,0.9994545699890915,5
fake_makarresh,Op.SX,63,-1,0.9997263899972639,5
fake_makarresh,Op.SX,64,-1,0.9963223197057857,6
fake_makarresh,Op.SX,65,-1,0.9997169499971693,5
fake_makarresh,Op.SX,66,-1,0.0,10
fake_makarresh,Op.SX,67,-1,0.9996165699923314,5
fake_makarresh,Op.SX,68,-1,0.9985581699855817,3
fake_makarresh,Op.SX,69,-1,0.99961183,3
fake_makarresh,Op.SX,70,-1,0.999038799990388,3
fake_makarresh,Op.SX,71,-1,0.9994621599623511,5
fake_makarresh,Op.SX,72,-1,0.9993564399678221,5
fake_makarresh,Op.SX,73,-1,0.0,10
fake_makarresh,Op.SX,74,-1,0.9984509500154906,3
fake_makarresh,Op.SX,75,-1,0.9995751499787574,5
fake_makarresh,Op.SX,76,-1,0.99952596,3
fake_makarresh,Op.SX,77,-1,0.9994510999780438,5
fake_makarresh,Op.SX,78,-1,0.0,10
fake_makarresh,Op.SX,79,-1,0.9994139,3
fake_makarresh,Op.SX,80,-1,0.9973665299736653,6
fake_makarresh,Op.SX,81,-1,0.9993396099339612,5
fake_makarresh,Op.SX,82,-1,0.93692371,6
fake_makarresh,Op.SX,83,-1,0.0,10
fake_makarresh,Op.SX,84,-1,0.9996262099850484,5
fake_makarresh,Op.SX,85,-1,0.9997639600023605,3
fake_makarresh,Op.SX,86,-1,0.9990280897958987,5
fake_makarresh,Op.SX,87,-1,0.9994558399619089,5
fake_makarresh,Op.SX,88,-1,0.0,10
fake_makarresh,Op.SX,89,-1,0.0,10
fake_makarresh,Op.SX,90,-1,0.9993835299445177,5
fake_makarresh,Op.SX,91,-1,0.0,10
fake_makarresh,Op.SX,92,-1,0.0,10
fake_makarresh,Op.SX,93,-1,0.9995620399824815,5
fake_makarresh,Op.SX,94,-1,0.99976492,5
fake_makarresh,Op.SX,95,-1,0.0,10
fake_makarresh,Op.SX,96,-1,0.9994033899642034,5
fake_makarresh,Op.SX,97,-1,0.9995454799818193,5
fake_makarresh,Op.SX,98,-1,0.99965991,3
fake_makarresh,Op.SX,99,-1,0.99931316,3
fake_makarresh,Op.SX,100,-1,0.0,6
fake_makarresh,Op.SX,101,-1,0.9991119998312799,5
fake_makarresh,Op.SX,102,-1,0.9988569696342303,5
fake_makarresh,Op.SX,103,-1,0.9990411597890552,5
fake_makarresh,Op.SX,104,-1,0.0,10
fake_makarresh,Op.SX,105,-1,0.9993759799375979,5
fake_makarresh,Op.SX,106,-1,0.9997971099959421,5
fake_makarresh,Op.SX,107,-1,0.0,10
fake_makarresh,Op.SX,108,-1,0.9996058599881757,5
fake_makarresh,Op.SX,109,-1,0.999410259941026,5
fake_makarresh,Op.SX,110,-1,0.0,10
fake_makarresh,Op.SX,111,-1,0.99968486,3
fake_makarresh,Op.SX,112,-1,0.9994348299547863,5
fake_makarresh,Op.SX,113,-1,0.9812562499999998,6
fake_makarresh,Op.SX,114,-1,0.0,10
fake_makarresh,Op.SX,115,-1,0.99964977,3
fake_makarresh,Op.SX,116,-1,0.0,10
fake_makarresh,Op.SX,117,-1,0.99827422,3
fake_makarresh,Op.SX,118,-1,0.9993436600000001,3
fake_makarresh,Op.SX,119,-1,0.9715602794312056,6
fake_makarresh,Op.SX,120,-1,0.9854332098543321,6
fake_makarresh,Op.SX,121,-1,0.0,10
fake_makarresh,Op.SX,122,-1,0.99924562,3
fake_makarresh,Op.SX,123,-1,0.9994903599745182,5
fake_makarresh,Op.SX,124,-1,0.0,10
fake_makarresh,Op.SX,125,-1,0.99945054,3
fake_makarresh,Op.SX,126,-1,0.9993885200061147,3
fake_makarresh,Op.SX,127,-1,0.9988922300110777,3
fake_makarresh,Op.SX,128,-1,0.0,10
fake_makarresh,Op.SX,129,-1,0.9995164499661516,5
fake_makarresh,Op.SX,130,-1,0.99970455,3
fake_makarresh,Op.SX,131,-1,0.0,10
fake_makarresh,Op.SX,132,-1,0.99958385,3
fake_makarresh,Op.SX,133,-1,0.999638789996388,5
fake_makarresh,Op.SX,134,-1,0.9992664999046451,5
fake_makarresh,Op.SX,135,-1,0.9994953399697206,5
fake_makarresh,Op.SX,136,-1,0.0,10
fake_makarresh,Op.SX,137,-1,0.999028809786338,5
fake_makarresh,Op.SX,138,-1,0.9997768500022316,5
fake_makarresh,Op.SX,139,-1,0.0,10
fake_makarresh,Op.SX,140,-1,0.99954025,3
fake_makarresh,Op.SX,141,-1,0.0,10
fake_makarresh,Op.SX,142,-1,0.9996307099926142,5
fake_makarresh,Op.SX,143,-1,0.99967764,3
fake_makarresh,Op.SX,144,-1,0.9989900697778153,5
fake_makarresh,Op.SX,145,-1,0.0,10
fake_makarresh,Op.SX,146,-1,0.9916956901660862,6
fake_makarresh,Op.SX,147,-1,0.9996279800037203,5
fake_makarresh,Op.SX,148,-1,0.9997029899910895,5
fake_makarresh,Op.SX,149,-1,0.99973548,5
fake_makarresh,Op.SX,150,-1,0.0,10
fake_makarresh,Op.SX,151,-1,0.9996887599968877,5
fake_makarresh,Op.SX,152,-1,0.999467099973355,5
fake_makarresh,Op.SX,153,-1,0.0,10
fake_makarresh,Op.SX,154,-1,0.9987492399874924,3
fake_makarresh,Op.SX,155,-1,0.999729219997292,5
fake_makarresh,Op.X,0,-1,0.99965782,3
fake_makarresh,Op.X,1,-1,0.0,10
fake_makarresh,Op.X,2,-1,0.0,10
fake_makarresh,Op.X,3,-1,0.99982319,5
fake_makarresh,Op.X,4,-1,0.9994337099546967,5
fake_makarresh,Op.X,5,-1,0.0,10
fake_makarresh,Op.X,6,-1,0.9996802099968023,5
fake_makarresh,Op.X,7,-1,0.9997412099922364,5
fake_makarresh,Op.X,8,-1,0.9997688200023119,3
fake_makarresh,Op.X,9,-1,0.0,10
fake_makarresh,Op.X,10,-1,0.999752099995042,5
fake_makarresh,Op.X,11,-1,0.9997770899955417,5
fake_makarresh,Op.X,12,-1,0.99982239,3
fake_makarresh,Op.X,13,-1,0.0,10
fake_makarresh,Op.X,14,-1,0.99978662,3
fake_makarresh,Op.X,15,-1,0.9993468200065319,3
fake_makarresh,Op.X,16,-1,0.0,10
fake_makarresh,Op.X,17,-1,0.9994737,3
fake_makarresh,Op.X,18,-1,0.0,10
fake_makarresh,Op.X,19,-1,0.99936553,3
fake_makarresh,Op.X,20,-1,0.0,10
fake_makarresh,Op.X,21,-1,0.9996578399897351,5
fake_makarresh,Op.X,22,-1,0.99941608,3
fake_makarresh,Op.X,23,-1,0.9996221399924428,5
fake_makarresh,Op.X,24,-1,0.9087807709121923,3
fake_makarresh,Op.X,25,-1,0.9994997299699836,5
fake_makarresh,Op.X,26,-1,0.0,10
fake_makarresh,Op.X,27,-1,0.0,10
fake_makarresh,Op.X,28,-1,0.9994999399799975,5
fake_makarresh,Op.X,29,-1,0.0,10
fake_makarresh,Op.X,30,-1,0.9995607799912154,5
fake_makarresh,Op.X,31,-1,0.999420419965225,5
fake_makarresh,Op.X,32,-1,0.9991016899910168,3
fake_makarresh,Op.X,33,-1,0.9994303099715156,5
fake_makarresh,Op.X,34,-1,0.0,10
fake_makarresh,Op.X,35,-1,0.0,10
fake_makarresh,Op.X,36,-1,0.9992288599074634,5
fake_makarresh,Op.X,37,-1,0.9990263899902637,5
fake_makarresh,Op.X,38,-1,0.0,10
fake_makarresh,Op.X,39,-1,0.0,10
fake_makarresh,Op.X,40,-1,0.9997002999940062,5
fake_makarresh,Op.X,41,-1,0.9991947000080529,3
fake_makarresh,Op.X,42,-1,0.9996148199807412,5
fake_makarresh,Op.X,43,-1,0.999383149938315,5
fake_makarresh,Op.X,44,-1,0.9996334899890046,5
fake_makarresh,Op.X,45,-1,0.9995911499836458,5
fake_makarresh,Op.X,46,-1,0.999603479984139,5
fake_makarresh,Op.X,47,-1,0.9997006900029931,5
fake_makarresh,Op.X,48,-1,0.0,10
fake_makarresh,Op.X,49,-1,0.9996790499903715,5
fake_makarresh,Op.X,50,-1,0.9991760098764014,5
fake_makarresh,Op.X,51,-1,0.0,10
fake_makarresh,Op.X,52,-1,0.99920399988856,5
fake_makarresh,Op.X,53,-1,0.0,10
fake_makarresh,Op.X,54,-1,0.0,10
fake_makarresh,Op.X,55,-1,0.9996632400000001,3
fake_makarresh,Op.X,56,-1,0.9996137799806892,5
fake_makarresh,Op.X,57,-1,0.0,10
fake_makarresh,Op.X,58,-1,0.0,10
fake_makarresh,Op.X,59,-1,0.0,10
fake_makarresh,Op.X,60,-1,0.0,10
fake_makarresh,Op.X,61,-1,0.9998082700000002,5
fake_makarresh,Op.X,62,-1,0.9994545699890915,5
fake_makarresh,Op.X,63,-1,0.9997263899972639,5
fake_makarresh,Op.X,64,-1,0.9963223197057857,6
fake_makarresh,Op.X,65,-1,0.9997169499971693,5
fake_makarresh,Op.X,66,-1,0.0,10
fake_makarresh,Op.X,67,-1,0.9996165699923314,5
fake_makarresh,Op.X,68,-1,0.9985581699855817,3
fake_makarresh,Op.X,69,-1,0.99961183,3
fake_makarresh,Op.X,70,-1,0.999038799990388,3
fake_makarresh,Op.X,71,-1,0.9994621599623511,5
fake_makarresh,Op.X,72,-1,0.9993564399678221,5
fake_makarresh,Op.X,73,-1,0.0,10
fake_makarresh,Op.X,74,-1,0.9984509500154906,3
fake_makarresh,Op.X,75,-1,0.9995751499787574,5
fake_makarresh,Op.X,76,-1,0.99952596,3
fake_makarresh,Op.X,77,-1,0.9994510999780438,5
fake_makarresh,Op.X,78,-1,0.0,10
fake_makarresh,Op.X,79,-1,0.9994139,3
fake_makarresh,Op.X,80,-1,0.9973665299736653,6
fake_makarresh,Op.X,81,-1,0.9993396099339612,5
fake_makarresh,Op.X,82,-1,0.93692371,6
fake_makarresh,Op.X,83,-1,0.0,10
fake_makarresh,Op.X,84,-1,0.9996262099850484,5
fake_makarresh,Op.X,85,-1,0.9997639600023605,3
fake_makarresh,Op.X,86,-1,0.9990280897958987,5
fake_makarresh,Op.X,87,-1,0.9994558399619089,5
fake_makarresh,Op.X,88,-1,0.0,10
fake_makarresh,Op.X,89,-1,0.0,10
fake_makarresh,Op.X,90,-1,0.9993835299445177,5
fake_makarresh,Op.X,91,-1,0.0,10
fake_makarresh,Op.X,92,-1,0.0,10
fake_makarresh,Op.X,93,-1,0.9995620399824815,5
fake_makarresh,Op.X,94,-1,0.99976492,5
fake_makarresh,Op.X,95,-1,0.0,10
fake_makarresh,Op.X,96,-1,0.9994033899642034,5
fake_makarresh,Op.X,97,-1,0.9995454799818193,5
fake_makarresh,Op.X,98,-1,0.99965991,3
fake_makarresh,Op.X,99,-1,0.99931316,3
fake_makarresh,Op.X,100,-1,0.0,6
fake_makarresh,Op.X,101,-1,0.9991119998312799,5
fake_makarresh,Op.X,102,-1,0.9988569696342303,5
fake_makarresh,Op.X,103,-1,0.9990411597890552,5
fake_makarresh,Op.X,104,-1,0.0,10
fake_makarresh,Op.X,105,-1,0.9993759799375979,5
fake_makarresh,Op.X,106,-1,0.9997971099959421,5
fake_makarresh,Op.X,107,-1,0.0,10
fake_makarresh,Op.X,108,-1,0.9996058599881757,5
fake_makarresh,Op.X,109,-1,0.999410259941026,5
fake_makarresh,Op.X,110,-1,0.0,10
fake_makarresh,Op.X,111,-1,0.99968486,3
fake_makarresh,Op.X,112,-1,0.9994348299547863,5
fake_makarresh,Op.X,113,-1,0.9812562499999998,6
fake_makarresh,Op.X,114,-1,0.0,10
fake_makarresh,Op.X,115,-1,0.99964977,3
fake_makarresh,Op.X,116,-1,0.0,10
fake_makarresh,Op.X,117,-1,0.99827422,3
fake_makarresh,Op.X,118,-1,0.9993436600000001,3
fake_makarresh,Op.X,119,-1,0.9715602794312056,6
fake_makarresh,Op.X,120,-1,0.9854332098543321,6
fake_makarresh,Op.X,121,-1,0.0,10
fake_makarresh,Op.X,122,-1,0.99924562,3
fake_makarresh,Op.X,123,-1,0.9994903599745182,5
fake_makarresh,Op.X,124,-1,0.0,10
fake_makarresh,Op.X,125,-1,0.99945054,3
fake_makarresh,Op.X,126,-1,0.9993885200061147,3
fake_makarresh,Op.X,127,-1,0.9988922300110777,3
fake_makarresh,Op.X,128,-1,0.0,10
fake_makarresh,Op.X,129,-1,0.9995164499661516,5
fake_makarresh,Op.X,130,-1,0.99970455,3
fake_makarresh,Op.X,131,-1,0.0,10
fake_makarresh,Op.X,132,-1,0.99958385,3
fake_makarresh,Op.X,133,-1,0.999638789996388,5
fake_makarresh,Op.X,134,-1,0.9992664999046451,5
fake_makarresh,Op.X,135,-1,0.9994953399697206,5
fake_makarresh,Op.X,136,-1,0.0,10
fake_makarresh,Op.X,137,-1,0.999028809786338,5
fake_makarresh,Op.X,138,-1,0.9997768500022316,5
fake_makarresh,Op.X,139,-1,0.0,10
fake_makarresh,Op.X,140,-1,0.99954025,3
fake_makarresh,Op.X,141,-1,0.0,10
fake_makarresh,Op.X,142,-1,0.9996307099926142,5
fake_makarresh,Op.X,143,-1,0.99967764,3
fake_makarresh,Op.X,144,-1,0.9989900697778153,5
fake_makarresh,Op.X,145,-1,0.0,10
fake_makarresh,Op.X,146,-1,0.9916956901660862,6
fake_makarresh,Op.X,147,-1,0.9996279800037203,5
fake_makarresh,Op.X,148,-1,0.9997029899910895,5
fake_makarresh,Op.X,149,-1,0.99973548,5
fake_makarresh,Op.X,150,-1,0.0,10
fake_makarresh,Op.X,151,-1,0.9996887599968877,5
fake_makarresh,Op.X,152,-1,0.999467099973355,5
fake_makarresh,Op.X,153,-1,0.0,10
fake_makarresh,Op.X,154,-1,0.9987492399874924,3
fake_makarresh,Op.X,155,-1,0.999729219997292,5
fake_makarresh,Op.MEAS,0,-1,1.97753906,2
fake_makarresh,Op.MEAS,1,-1,1.98925782,2
fake_makarresh,Op.MEAS,2,-1,1.99169922,2
fake_makarresh,Op.MEAS,3,-1,1.97998046,2
fake_makarresh,Op.MEAS,4,-1,1.9609375,2
fake_makarresh,Op.MEAS,5,-1,1.98876954,2
fake_makarresh,Op.MEAS,6,-1,1.9946289,2
fake_makarresh,Op.MEAS,7,-1,1.98925782,2
fake_makarresh,Op.MEAS,8,-1,1.98730468,2
fake_makarresh,Op.MEAS,9,-1,1.9819336,2
fake_makarresh,Op.MEAS,10,-1,1.9897461,2
fake_makarresh,Op.MEAS,11,-1,1.98339844,2
fake_makarresh,Op.MEAS,12,-1,1.9921875,2
fake_makarresh,Op.MEAS,13,-1,1.9897461,2
fake_makarresh,Op.MEAS,14,-1,1.9921875,2
fake_makarresh,Op.MEAS,15,-1,1.98046876,2
fake_makarresh,Op.MEAS,16,-1,1.97705078,2
fake_makarresh,Op.MEAS,17,-1,1.9790039,2
fake_makarresh,Op.MEAS,18,-1,1.98779296,2
fake_makarresh,Op.MEAS,19,-1,1.99121094,2
fake_makarresh,Op.MEAS,20,-1,1.99023438,2
fake_makarresh,Op.MEAS,21,-1,1.98876954,2
fake_makarresh,Op.MEAS,22,-1,1.9711914,2
fake_makarresh,Op.MEAS,23,-1,1.9375,2
fake_makarresh,Op.MEAS,24,-1,1.6381836,2
fake_makarresh,Op.MEAS,25,-1,1.9663086,2
fake_makarresh,Op.MEAS,26,-1,1.84863282,2
fake_makarresh,Op.MEAS,27,-1,1.96240234,2
fake_makarresh,Op.MEAS,28,-1,1.96533204,2
fake_makarresh,Op.MEAS,29,-1,1.99169922,2
fake_makarresh,Op.MEAS,30,-1,1.9819336,2
fake_makarresh,Op.MEAS,31,-1,1.96923828,2
fake_makarresh,Op.MEAS,32,-1,1.97021484,2
fake_makarresh,Op.MEAS,33,-1,1.98242188,2
fake_makarresh,Op.MEAS,34,-1,1.9897461,2
fake_makarresh,Op.MEAS,35,-1,1.98828124,2
fake_makarresh,Op.MEAS,36,-1,1.97509766,2
fake_makarresh,Op.MEAS,37,-1,1.94873046,2
fake_makarresh,Op.MEAS,38,-1,1.9946289,2
fake_makarresh,Op.MEAS,39,-1,1.984375,2
fake_makarresh,Op.MEAS,40,-1,1.9711914,2
fake_makarresh,Op.MEAS,41,-1,1.98828124,2
fake_makarresh,Op.MEAS,42,-1,1.97998046,2
fake_makarresh,Op.MEAS,43,-1,1.98046876,2
fake_makarresh,Op.MEAS,44,-1,1.99316406,2
fake_makarresh,Op.MEAS,45,-1,1.99316406,2
fake_makarresh,Op.MEAS,46,-1,1.9868164,2
fake_makarresh,Op.MEAS,47,-1,1.99023438,2
fake_makarresh,Op.MEAS,48,-1,1.89111328,2
fake_makarresh,Op.MEAS,49,-1,1.93945312,2
fake_makarresh,Op.MEAS,50,-1,1.65625,2
fake_makarresh,Op.MEAS,51,-1,1.76757812,2
fake_makarresh,Op.MEAS,52,-1,1.9633789,2
fake_makarresh,Op.MEAS,53,-1,1.99072266,2
fake_makarresh,Op.MEAS,54,-1,1.95751954,2
fake_makarresh,Op.MEAS,55,-1,1.99023438,2
fake_makarresh,Op.MEAS,56,-1,1.9819336,2
fake_makarresh,Op.MEAS,57,-1,1.89111328,2
fake_makarresh,Op.MEAS,58,-1,1.62597656,2
fake_makarresh,Op.MEAS,59,-1,1.98583984,2
fake_makarresh,Op.MEAS,60,-1,1.98291016,2
fake_makarresh,Op.MEAS,61,-1,1.98535156,2
fake_makarresh,Op.MEAS,62,-1,1.98583984,2
fake_makarresh,Op.MEAS,63,-1,1.9633789,2
fake_makarresh,Op.MEAS,64,-1,1.98632812,2
fake_makarresh,Op.MEAS,65,-1,1.99414062,2
fake_makarresh,Op.MEAS,66,-1,1.93896484,2
fake_makarresh,Op.MEAS,67,-1,1.95800782,2
fake_makarresh,Op.MEAS,68,-1,1.9741211,2
fake_makarresh,Op.MEAS,69,-1,1.93652344,2
fake_makarresh,Op.MEAS,70,-1,1.72460938,2
fake_makarresh,Op.MEAS,71,-1,1.93017578,2
fake_makarresh,Op.MEAS,72,-1,1.93798828,2
fake_makarresh,Op.MEAS,73,-1,1.9296875,2
fake_makarresh,Op.MEAS,74,-1,1.984375,2
fake_makarresh,Op.MEAS,75,-1,1.97363282,2
fake_makarresh,Op.MEAS,76,-1,1.98095704,2
fake_makarresh,Op.MEAS,77,-1,1.98828124,2
fake_makarresh,Op.MEAS,78,-1,1.96240234,2
fake_makarresh,Op.MEAS,79,-1,1.98730468,2
fake_makarresh,Op.MEAS,80,-1,1.97021484,2
fake_makarresh,Op.MEAS,81,-1,1.97753906,2
fake_makarresh,Op.MEAS,82,-1,1.50976562,2
fake_makarresh,Op.MEAS,83,-1,1.58544922,2
fake_makarresh,Op.MEAS,84,-1,1.9897461,2
fake_makarresh,Op.MEAS,85,-1,1.96142578,2
fake_makarresh,Op.MEAS,86,-1,1.96777344,2
fake_makarresh,Op.MEAS,87,-1,1.98876954,2
fake_makarresh,Op.MEAS,88,-1,1.7890625,2
fake_makarresh,Op.MEAS,89,-1,1.9946289,2
fake_makarresh,Op.MEAS,90,-1,1.98388672,2
fake_makarresh,Op.MEAS,91,-1,1.96875,2
fake_makarresh,Op.MEAS,92,-1,1.98339844,2
fake_makarresh,Op.MEAS,93,-1,1.98486328,2
fake_makarresh,Op.MEAS,94,-1,1.99072266,2
fake_makarresh,Op.MEAS,95,-1,1.9921875,2
fake_makarresh,Op.MEAS,96,-1,1.96875,2
fake_makarresh,Op.MEAS,97,-1,1.99023438,2
fake_makarresh,Op.MEAS,98,-1,1.9921875,2
fake_makarresh,Op.MEAS,99,-1,1.98144532,2
fake_makarresh,Op.MEAS,100,-1,1.98535156,2
fake_makarresh,Op.MEAS,101,-1,1.9790039,2
fake_makarresh,Op.MEAS,102,-1,1.87060546,2
fake_makarresh,Op.MEAS,103,-1,1.85595704,2
fake_makarresh,Op.MEAS,104,-1,1.97314454,2
fake_makarresh,Op.MEAS,105,-1,1.93164062,2
fake_makarresh,Op.MEAS,106,-1,1.89501954,2
fake_makarresh,Op.MEAS,107,-1,1.98632812,2
fake_makarresh,Op.MEAS,108,-1,1.984375,2
fake_makarresh,Op.MEAS,109,-1,1.98828124,2
fake_makarresh,Op.MEAS,110,-1,1.984375,2
fake_makarresh,Op.MEAS,111,-1,1.98730468,2
fake_makarresh,Op.MEAS,112,-1,1.99365234,2
fake_makarresh,Op.MEAS,113,-1,1.0522461,2
fake_makarresh,Op.MEAS,114,-1,1.97802734,2
fake_makarresh,Op.MEAS,115,-1,1.98486328,2
fake_makarresh,Op.MEAS,116,-1,1.98388672,2
fake_makarresh,Op.MEAS,117,-1,1.97802734,2
fake_makarresh,Op.MEAS,118,-1,1.98583984,2
fake_makarresh,Op.MEAS,119,-1,1.92919922,2
fake_makarresh,Op.MEAS,120,-1,1.98730468,2
fake_makarresh,Op.MEAS,121,-1,1.9584961,2
fake_makarresh,Op.MEAS,122,-1,1.97558594,2
fake_makarresh,Op.MEAS,123,-1,1.87890624,2
fake_makarresh,Op.MEAS,124,-1,1.98095704,2
fake_makarresh,Op.MEAS,125,-1,1.9663086,2
fake_makarresh,Op.MEAS,126,-1,1.98291016,2
fake_makarresh,Op.MEAS,127,-1,1.98339844,2
fake_makarresh,Op.MEAS,128,-1,1.97314454,2
fake_makarresh,Op.MEAS,129,-1,1.98242188,2
fake_makarresh,Op.MEAS,130,-1,1.6328125,2
fake_makarresh,Op.MEAS,131,-1,1.98144532,2
fake_makarresh,Op.MEAS,132,-1,1.98291016,2
fake_makarresh,Op.MEAS,133,-1,1.86914062,2
fake_makarresh,Op.MEAS,134,-1,1.9819336,2
fake_makarresh,Op.MEAS,135,-1,1.90966796,2
fake_makarresh,Op.MEAS,136,-1,1.9921875,2
fake_makarresh,Op.MEAS,137,-1,1.97753906,2
fake_makarresh,Op.MEAS,138,-1,1.99169922,2
fake_makarresh,Op.MEAS,139,-1,1.9921875,2
fake_makarresh,Op.MEAS,140,-1,1.98925782,2
fake_makarresh,Op.MEAS,141,-1,1.98876954,2
fake_makarresh,Op.MEAS,142,-1,1.9741211,2
fake_makarresh,Op.MEAS,143,-1,1.90966796,2
fake_makarresh,Op.MEAS,144,-1,1.98144532,2
fake_makarresh,Op.MEAS,145,-1,1.95898438,2
fake_makarresh,Op.MEAS,146,-1,1.97314454,2
fake_makarresh,Op.MEAS,147,-1,1.93115234,2
fake_makarresh,Op.MEAS,148,-1,1.99072266,2
fake_makarresh,Op.MEAS,149,-1,1.9633789,2
fake_makarresh,Op.MEAS,150,-1,1.98046876,2
fake_makarresh,Op.MEAS,151,-1,1.94970704,2
fake_makarresh,Op.MEAS,152,-1,1.984375,2
fake_makarresh,Op.MEAS,153,-1,1.79052734,2
fake_makarresh,Op.MEAS,154,-1,1.97998046,2
fake_makarresh,Op.MEAS,155,-1,1.98486328,2
fake_osaka,Op.RESET,0,-1,0.9874771598747716,3
fake_osaka,Op.RESET,1,-1,0.0,3
fake_osaka,Op.RESET,2,-1,0.0,3
fake_osaka,Op.RESET,3,-1,0.9901604099016043,3
fake_osaka,Op.RESET,4,-1,0.9890793,3
fake_osaka,Op.RESET,5,-1,0.0,3
fake_osaka,Op.RESET,6,-1,0.9824498700000001,3
fake_osaka,Op.RESET,7,-1,0.97832701,3
fake_osaka,Op.RESET,8,-1,0.88592067,3
fake_osaka,Op.RESET,9,-1,0.96780332,3
fake_osaka,Op.RESET,10,-1,0.0,3
fake_osaka,Op.RESET,11,-1,0.9893372401066276,3
fake_osaka,Op.RESET,12,-1,0.9806949401930506,3
fake_osaka,Op.RESET,13,-1,0.97173712,3
fake_osaka,Op.RESET,14,-1,0.92824293,3
fake_osaka,Op.RESET,15,-1,0.98815955,3
fake_osaka,Op.RESET,16,-1,0.0,2
fake_osaka,Op.RESET,17,-1,0.9861005100000001,3
fake_osaka,Op.RESET,18,-1,0.97995901020041,3
fake_osaka,Op.RESET,19,-1,0.9828726201712736,3
fake_osaka,Op.RESET,20,-1,0.98270363,3
fake_osaka,Op.RESET,21,-1,0.98081223,3
fake_osaka,Op.RESET,22,-1,0.9854467,3
fake_osaka,Op.RESET,23,-1,0.98300997,3
fake_osaka,Op.RESET,24,-1,0.98392684,3
fake_osaka,Op.RESET,25,-1,0.0,3
fake_osaka,Op.RESET,26,-1,0.89962366,3
fake_osaka,Op.RESET,27,-1,0.98136042,3
fake_osaka,Op.RESET,28,-1,0.94490839,3
fake_osaka,Op.RESET,29,-1,0.9884192,3
fake_osaka,Op.RESET,30,-1,0.9783216600000001,3
fake_osaka,Op.RESET,31,-1,0.98818175,3
fake_osaka,Op.RESET,32,-1,0.98623935,3
fake_osaka,Op.RESET,33,-1,0.8413980784139808,3
fake_osaka,Op.RESET,34,-1,0.9840317201596829,3
fake_osaka,Op.RESET,35,-1,0.9857683,3
fake_osaka,Op.RESET,36,-1,0.9838412298384122,3
fake_osaka,Op.RESET,37,-1,0.95275758,3
fake_osaka,Op.RESET,38,-1,0.98465601,3
fake_osaka,Op.RESET,39,-1,0.97914234,3
fake_osaka,Op.RESET,40,-1,0.82262976,3
fake_osaka,Op.RESET,41,-1,0.97580026,3
fake_osaka,Op.RESET,42,-1,0.8113974418860256,3
fake_osaka,Op.RESET,43,-1,0.98454319,3
fake_osaka,Op.RESET,44,-1,0.9183841908161582,3
fake_osaka,Op.RESET,45,-1,0.989120700108793,3
fake_osaka,Op.RESET,46,-1,0.98765683,3
fake_osaka,Op.RESET,47,-1,0.9565856500000001,3
fake_osaka,Op.RESET,48,-1,0.9857964100000001,3
fake_osaka,Op.RESET,49,-1,0.9601534303984658,3
fake_osaka,Op.RESET,50,-1,0.0,3
fake_osaka,Op.RESET,51,-1,0.9278518707214813,3
fake_osaka,Op.RESET,52,-1,0.95952604,3
fake_osaka,Op.RESET,53,-1,0.90410471,3
fake_osaka,Op.RESET,54,-1,0.9819593101804069,3
fake_osaka,Op.RESET,55,-1,0.97866233,3
fake_osaka,Op.RESET,56,-1,0.9543118,3
fake_osaka,Op.RESET,57,-1,0.97623093,3
fake_osaka,Op.RESET,58,-1,0.9218444507815555,3
fake_osaka,Op.RESET,59,-1,0.98775875,3
fake_osaka,Op.RESET,60,-1,0.98882585,3
fake_osaka,Op.RESET,61,-1,0.98699574,3
fake_osaka,Op.RESET,62,-1,0.98747572,3
fake_osaka,Op.RESET,63,-1,0.98239781,3
fake_osaka,Op.RESET,64,-1,0.97274209,3
fake_osaka,Op.RESET,65,-1,0.9891652900000001,3
fake_osaka,Op.RESET,66,-1,0.88661098,3
fake_osaka,Op.RESET,67,-1,0.9775950400000001,3
fake_osaka,Op.RESET,68,-1,0.0,3
fake_osaka,Op.RESET,69,-1,0.9851047,3
fake_osaka,Op.RESET,70,-1,0.9604730100000001,3
fake_osaka,Op.RESET,71,-1,0.9333953,3
fake_osaka,Op.RESET,72,-1,0.97735125,3
fake_osaka,Op.RESET,73,-1,0.97457685,3
fake_osaka,Op.RESET,74,-1,0.98790251,3
fake_osaka,Op.RESET,75,-1,0.97952355,3
fake_osaka,Op.RESET,76,-1,0.98479984,3
fake_osaka,Op.RESET,77,-1,0.98023069,3
fake_osaka,Op.RESET,78,-1,0.0,3
fake_osaka,Op.RESET,79,-1,0.98856067,3
fake_osaka,Op.RESET,80,-1,0.0,3
fake_osaka,Op.RESET,81,-1,0.91262597,3
fake_osaka,Op.RESET,82,-1,0.98331312,3
fake_osaka,Op.RESET,83,-1,0.97888506,3
fake_osaka,Op.RESET,84,-1,0.9734212600000001,3
fake_osaka,Op.RESET,85,-1,0.9738106,3
fake_osaka,Op.RESET,86,-1,0.96965377,3
fake_osaka,Op.RESET,87,-1,0.98579404,3
fake_osaka,Op.RESET,88,-1,0.0,3
fake_osaka,Op.RESET,89,-1,0.9611657796116577,3
fake_osaka,Op.RESET,90,-1,0.0,3
fake_osaka,Op.RESET,91,-1,0.0,2
fake_osaka,Op.RESET,92,-1,0.97510891,3
fake_osaka,Op.RESET,93,-1,0.85447138,3
fake_osaka,Op.RESET,94,-1,0.986175810138242,3
fake_osaka,Op.RESET,95,-1,0.9845685401543146,3
fake_osaka,Op.RESET,96,-1,0.98679592,3
fake_osaka,Op.RESET,97,-1,0.98792247,3
fake_osaka,Op.RESET,98,-1,0.94590972,3
fake_osaka,Op.RESET,99,-1,0.98592612,3
fake_osaka,Op.RESET,100,-1,0.0,3
fake_osaka,Op.RESET,101,-1,0.98642012,3
fake_osaka,Op.RESET,102,-1,0.98555285,3
fake_osaka,Op.RESET,103,-1,0.9727042,3
fake_osaka,Op.RESET,104,-1,0.97877724,3
fake_osaka,Op.RESET,105,-1,0.9855609,3
fake_osaka,Op.RESET,106,-1,0.0,2
fake_osaka,Op.RESET,107,-1,0.0,3
fake_osaka,Op.RESET,108,-1,0.0,3
fake_osaka,Op.RESET,109,-1,0.9665021003349791,3
fake_osaka,Op.RESET,110,-1,0.0,3
fake_osaka,Op.RESET,111,-1,0.8142045,3
fake_osaka,Op.RESET,112,-1,0.98838033,3
fake_osaka,Op.RESET,113,-1,0.98989933,3
fake_osaka,Op.RESET,114,-1,0.9648057400000001,3
fake_osaka,Op.RESET,115,-1,0.98525736,3
fake_osaka,Op.RESET,116,-1,0.98749134,3
fake_osaka,Op.RESET,117,-1,0.8911004910889951,3
fake_osaka,Op.RESET,118,-1,0.88615919,3
fake_osaka,Op.RESET,119,-1,0.89359812,3
fake_osaka,Op.RESET,120,-1,0.97803713,3
fake_osaka,Op.RESET,121,-1,0.9768631200000001,3
fake_osaka,Op.RESET,122,-1,0.9755007802449923,3
fake_osaka,Op.RESET,123,-1,0.98124947,3
fake_osaka,Op.RESET,124,-1,0.9810334901896651,3
fake_osaka,Op.RESET,125,-1,0.97321363,3
fake_osaka,Op.RESET,126,-1,0.9606590703934094,3
fake_osaka,Op.SX,0,-1,0.9996982399939649,5
fake_osaka,Op.SX,1,-1,0.0,10
fake_osaka,Op.SX,2,-1,0.0,10
fake_osaka,Op.SX,3,-1,0.9996595799965959,5
fake_osaka,Op.SX,4,-1,0.9996617299898518,5
fake_osaka,Op.SX,5,-1,0.0,10
fake_osaka,Op.SX,6,-1,0.99970965,3
fake_osaka,Op.SX,7,-1,0.9995078399803136,5
fake_osaka,Op.SX,8,-1,0.99791643,3
fake_osaka,Op.SX,9,-1,0.9993228199458256,5
fake_osaka,Op.SX,10,-1,0.0,10
fake_osaka,Op.SX,11,-1,0.9992543499179786,5
fake_osaka,Op.SX,12,-1,0.9996799,3
fake_osaka,Op.SX,13,-1,0.9992915099149811,5
fake_osaka,Op.SX,14,-1,0.9987484,3
fake_osaka,Op.SX,15,-1,0.9993905099512408,5
fake_osaka,Op.SX,16,-1,0.0,6
fake_osaka,Op.SX,17,-1,0.9997041899970421,5
fake_osaka,Op.SX,18,-1,0.9996674000033259,3
fake_osaka,Op.SX,19,-1,0.9995289799764491,5
fake_osaka,Op.SX,20,-1,0.9979911289955645,5
fake_osaka,Op.SX,21,-1,0.9994660499626234,5
fake_osaka,Op.SX,22,-1,0.9997597,3
fake_osaka,Op.SX,23,-1,0.9997185000000001,3
fake_osaka,Op.SX,24,-1,0.9997342200026578,3
fake_osaka,Op.SX,25,-1,0.0,10
fake_osaka,Op.SX,26,-1,0.99819284,3
fake_osaka,Op.SX,27,-1,0.9996910800000001,3
fake_osaka,Op.SX,28,-1,0.99905947,3
fake_osaka,Op.SX,29,-1,0.9997638799952777,5
fake_osaka,Op.SX,30,-1,0.9995531399821255,5
fake_osaka,Op.SX,31,-1,0.9997828000000001,5
fake_osaka,Op.SX,32,-1,0.99977277,3
fake_osaka,Op.SX,33,-1,0.99712168,3
fake_osaka,Op.SX,34,-1,0.9989348497763184,5
fake_osaka,Op.SX,35,-1,0.9984740595269586,5
fake_osaka,Op.SX,36,-1,0.9997328300026718,3
fake_osaka,Op.SX,37,-1,0.99920101,3
fake_osaka,Op.SX,38,-1,0.9996835900000001,5
fake_osaka,Op.SX,39,-1,0.9996227599999998,5
fake_osaka,Op.SX,40,-1,0.9964887800000001,3
fake_osaka,Op.SX,41,-1,0.99959825,3
fake_osaka,Op.SX,42,-1,0.9962238600377614,3
fake_osaka,Op.SX,43,-1,0.999671399993428,5
fake_osaka,Op.SX,44,-1,0.9985578700000001,3
fake_osaka,Op.SX,45,-1,0.9996224799886745,5
fake_osaka,Op.SX,46,-1,0.9997122199942443,5
fake_osaka,Op.SX,47,-1,0.9992622599926225,3
fake_osaka,Op.SX,48,-1,0.9995880799835233,5
fake_osaka,Op.SX,49,-1,0.99932914,3
fake_osaka,Op.SX,50,-1,0.0,10
fake_osaka,Op.SX,51,-1,0.9980105799602115,6
fake_osaka,Op.SX,52,-1,0.99931603,3
fake_osaka,Op.SX,53,-1,0.998276889982769,3
fake_osaka,Op.SX,54,-1,0.9994714099735704,5
fake_osaka,Op.SX,55,-1,0.9993396599207591,5
fake_osaka,Op.SX,56,-1,0.99923314,3
fake_osaka,Op.SX,57,-1,0.9995341999860259,5
fake_osaka,Op.SX,58,-1,0.9984046095213828,5
fake_osaka,Op.SX,59,-1,0.9997754599955093,5
fake_osaka,Op.SX,60,-1,0.999642869989286,5
fake_osaka,Op.SX,61,-1,0.9911402476078669,6
fake_osaka,Op.SX,62,-1,0.9996863599905906,5
fake_osaka,Op.SX,63,-1,0.9991862098860694,5
fake_osaka,Op.SX,64,-1,0.9994073999703701,5
fake_osaka,Op.SX,65,-1,0.99978337,5
fake_osaka,Op.SX,66,-1,0.997969,3
fake_osaka,Op.SX,67,-1,0.9994424199665451,5
fake_osaka,Op.SX,68,-1,0.0,10
fake_osaka,Op.SX,69,-1,0.999503629965254,5
fake_osaka,Op.SX,70,-1,0.9993337399933374,3
fake_osaka,Op.SX,71,-1,0.99884892,3
fake_osaka,Op.SX,72,-1,0.9798678397986782,6
fake_osaka,Op.SX,73,-1,0.9992639699116763,5
fake_osaka,Op.SX,74,-1,0.9997649599976497,5
fake_osaka,Op.SX,75,-1,0.9996601200033989,3
fake_osaka,Op.SX,76,-1,0.9995975499879265,5
fake_osaka,Op.SX,77,-1,0.9996483900035161,5
fake_osaka,Op.SX,78,-1,0.0,10
fake_osaka,Op.SX,79,-1,0.9997375899973758,5
fake_osaka,Op.SX,80,-1,0.0,10
fake_osaka,Op.SX,81,-1,0.9984524700154753,3
fake_osaka,Op.SX,82,-1,0.9996063599842542,5
fake_osaka,Op.SX,83,-1,0.9996251999925041,5
fake_osaka,Op.SX,84,-1,0.9995008399900168,5
fake_osaka,Op.SX,85,-1,0.9995638500043615,3
fake_osaka,Op.SX,86,-1,0.9993431399540199,5
fake_osaka,Op.SX,87,-1,0.999647299985892,5
fake_osaka,Op.SX,88,-1,0.0,10
fake_osaka,Op.SX,89,-1,0.999033119806624,5
fake_osaka,Op.SX,90,-1,0.0,10
fake_osaka,Op.SX,91,-1,0.0,2
fake_osaka,Op.SX,92,-1,0.9991841398694623,5
fake_osaka,Op.SX,93,-1,0.99722844,3
fake_osaka,Op.SX,94,-1,0.9997625500047489,5
fake_osaka,Op.SX,95,-1,0.9996840399968403,5
fake_osaka,Op.SX,96,-1,0.9997375999973761,5
fake_osaka,Op.SX,97,-1,0.9996754999902651,5
fake_osaka,Op.SX,98,-1,0.99907296,3
fake_osaka,Op.SX,99,-1,0.9988869597773917,5
fake_osaka,Op.SX,100,-1,0.0,10
fake_osaka,Op.SX,101,-1,0.9997034299940687,5
fake_osaka,Op.SX,102,-1,0.99976109,3
fake_osaka,Op.SX,103,-1,0.9992132398898537,5
fake_osaka,Op.SX,104,-1,0.99964765,3
fake_osaka,Op.SX,105,-1,0.9996571199931426,5
fake_osaka,Op.SX,106,-1,0.0,6
fake_osaka,Op.SX,107,-1,0.0,10
fake_osaka,Op.SX,108,-1,0.0,10
fake_osaka,Op.SX,109,-1,0.9994388000000001,3
fake_osaka,Op.SX,110,-1,0.0,10
fake_osaka,Op.SX,111,-1,0.99633188,3
fake_osaka,Op.SX,112,-1,0.9990865298721141,5
fake_osaka,Op.SX,113,-1,0.99983358,3
fake_osaka,Op.SX,114,-1,0.9989530797068623,5
fake_osaka,Op.SX,115,-1,0.999742189997422,5
fake_osaka,Op.SX,116,-1,0.999725399997254,5
fake_osaka,Op.SX,117,-1,0.99802145,3
fake_osaka,Op.SX,118,-1,0.99792826,3
fake_osaka,Op.SX,119,-1,0.998066699980667,3
fake_osaka,Op.SX,120,-1,0.9963874200722518,6
fake_osaka,Op.SX,121,-1,0.99961498,3
fake_osaka,Op.SX,122,-1,0.9982772197760386,6
fake_osaka,Op.SX,123,-1,0.9995699899870996,5
fake_osaka,Op.SX,124,-1,0.9996578499965784,5
fake_osaka,Op.SX,125,-1,0.9995547799955478,3
fake_osaka,Op.SX,126,-1,0.99933989,3
fake_osaka,Op.X,0,-1,0.9996982399939649,5
fake_osaka,Op.X,1,-1,0.0,10
fake_osaka,Op.X,2,-1,0.0,10
fake_osaka,Op.X,3,-1,0.9996595799965959,5
fake_osaka,Op.X,4,-1,0.9996617299898518,5
fake_osaka,Op.X,5,-1,0.0,10
fake_osaka,Op.X,6,-1,0.99970965,3
fake_osaka,Op.X,7,-1,0.9995078399803136,5
fake_osaka,Op.X,8,-1,0.99791643,3
fake_osaka,Op.X,9,-1,0.9993228199458256,5
fake_osaka,Op.X,10,-1,0.0,10
fake_osaka,Op.X,11,-1,0.9992543499179786,5
fake_osaka,Op.X,12,-1,0.9996799,3
fake_osaka,Op.X,13,-1,0.9992915099149811,5
fake_osaka,Op.X,14,-1,0.9987484,3
fake_osaka,Op.X,15,-1,0.9993905099512408,5
fake_osaka,Op.X,16,-1,0.0,6
fake_osaka,Op.X,17,-1,0.9997041899970421,5
fake_osaka,Op.X,18,-1,0.9996674000033259,3
fake_osaka,Op.X,19,-1,0.9995289799764491,5
fake_osaka,Op.X,20,-1,0.9979911289955645,5
fake_osaka,Op.X,21,-1,0.9994660499626234,5
fake_osaka,Op.X,22,-1,0.9997597,3
fake_osaka,Op.X,23,-1,0.9997185000000001,3
fake_osaka,Op.X,24,-1,0.9997342200026578,3
fake_osaka,Op.X,25,-1,0.0,10
fake_osaka,Op.X,26,-1,0.99819284,3
fake_osaka,Op.X,27,-1,0.9996910800000001,3
fake_osaka,Op.X,28,-1,0.99905947,3
fake_osaka,Op.X,29,-1,0.9997638799952777,5
fake_osaka,Op.X,30,-1,0.9995531399821255,5
fake_osaka,Op.X,31,-1,0.9997828000000001,5
fake_osaka,Op.X,32,-1,0.99977277,3
fake_osaka,Op.X,33,-1,0.99712168,3
fake_osaka,Op.X,34,-1,0.9989348497763184,5
fake_osaka,Op.X,35,-1,0.9984740595269586,5
fake_osaka,Op.X,36,-1,0.9997328300026718,3
fake_osaka,Op.X,37,-1,0.99920101,3
fake_osaka,Op.X,38,-1,0.9996835900000001,5
fake_osaka,Op.X,39,-1,0.9996227599999998,5
fake_osaka,Op.X,40,-1,0.9964887800000001,3
fake_osaka,Op.X,41,-1,0.99959825,3
fake_osaka,Op.X,42,-1,0.9962238600377614,3
fake_osaka,Op.X,43,-1,0.999671399993428,5
fake_osaka,Op.X,44,-1,0.9985578700000001,3
fake_osaka,Op.X,45,-1,0.9996224799886745,5
fake_osaka,Op.X,46,-1,0.9997122199942443,5
fake_osaka,Op.X,47,-1,0.9992622599926225,3
fake_osaka,Op.X,48,-1,0.9995880799835233,5
fake_osaka,Op.X,49,-1,0.99932914,3
fake_osaka,Op.X,50,-1,0.0,10
fake_osaka,Op.X,51,-1,0.9980105799602115,6
fake_osaka,Op.X,52,-1,0.99931603,3
fake_osaka,Op.X,53,-1,0.998276889982769,3
fake_osaka,Op.X,54,-1,0.9994714099735704,5
fake_osaka,Op.X,55,-1,0.9993396599207591,5
fake_osaka,Op.X,56,-1,0.99923314,3
fake_osaka,Op.X,57,-1,0.9995341999860259,5
fake_osaka,Op.X,58,-1,0.9984046095213828,5
fake_osaka,Op.X,59,-1,0.9997754599955093,5
fake_osaka,Op.X,60,-1,0.999642869989286,5
fake_osaka,Op.X,61,-1,0.9911402476078669,6
fake_osaka,Op.X,62,-1,0.9996863599905906,5
fake_osaka,Op.X,63,-1,0.9991862098860694,5
fake_osaka,Op.X,64,-1,0.9994073999703701,5
fake_osaka,Op.X,65,-1,0.99978337,5
fake_osaka,Op.X,66,-1,0.997969,3
fake_osaka,Op.X,67,-1,0.9994424199665451,5
fake_osaka,Op.X,68,-1,0.0,10
fake_osaka,Op.X,69,-1,0.999503629965254,5
fake_osaka,Op.X,70,-1,0.9993337399933374,3
fake_osaka,Op.X,71,-1,0.99884892,3
fake_osaka,Op.X,72,-1,0.9798678397986782,6
fake_osaka,Op.X,73,-1,0.9992639699116763,5
fake_osaka,Op.X,74,-1,0.9997649599976497,5
fake_osaka,Op.X,75,-1,0.9996601200033989,3
fake_osaka,Op.X,76,-1,0.9995975499879265,5
fake_osaka,Op.X,77,-1,0.9996483900035161,5
fake_osaka,Op.X,78,-1,0.0,10
fake_osaka,Op.X,79,-1,0.9997375899973758,5
fake_osaka,Op.X,80,-1,0.0,10
fake_osaka,Op.X,81,-1,0.9984524700154753,3
fake_osaka,Op.X,82,-1,0.9996063599842542,5
fake_osaka,Op.X,83,-1,0.9996251999925041,5
fake_osaka,Op.X,84,-1,0.9995008399900168,5
fake_osaka,Op.X,85,-1,0.9995638500043615,3
fake_osaka,Op.X,86,-1,0.9993431399540199,5
fake_osaka,Op.X,87,-1,0.999647299985892,5
fake_osaka,Op.X,88,-1,0.0,10
fake_osaka,Op.X,89,-1,0.999033119806624,5
fake_osaka,Op.X,90,-1,0.0,10
fake_osaka,Op.X,91,-1,0.0,2
fake_osaka,Op.X,92,-1,0.9991841398694623,5
fake_osaka,Op.X,93,-1,0.99722844,3
fake_osaka,Op.X,94,-1,0.9997625500047489,5
fake_osaka,Op.X,95,-1,0.9996840399968403,5
fake_osaka,Op.X,96,-1,0.9997375999973761,5
fake_osaka,Op.X,97,-1,0.9996754999902651,5
fake_osaka,Op.X,98,-1,0.99907296,3
fake_osaka,Op.X,99,-1,0.9988869597773917,5
fake_osaka,Op.X,100,-1,0.0,10
fake_osaka,Op.X,101,-1,0.9997034299940687,5
fake_osaka,Op.X,102,-1,0.99976109,3
fake_osaka,Op.X,103,-1,0.9992132398898537,5
fake_osaka,Op.X,104,-1,0.99964765,3
fake_osaka,Op.X,105,-1,0.9996571199931426,5
fake_osaka,Op.X,106,-1,0.0,6
fake_osaka,Op.X,107,-1,0.0,10
fake_osaka,Op.X,108,-1,0.0,10
fake_osaka,Op.X,109,-1,0.9994388000000001,3
fake_osaka,Op.X,110,-1,0.0,10
fake_osaka,Op.X,111,-1,0.99633188,3
fake_osaka,Op.X,112,-1,0.9990865298721141,5
fake_osaka,Op.X,113,-1,0.99983358,3
fake_osaka,Op.X,114,-1,0.9989530797068623,5
fake_osaka,Op.X,115,-1,0.999742189997422,5
fake_osaka,Op.X,116,-1,0.999725399997254,5
fake_osaka,Op.X,117,-1,0.99802145,3
fake_osaka,Op.X,118,-1,0.99792826,3
fake_osaka,Op.X,119,-1,0.998066699980667,3
fake_osaka,Op.X,120,-1,0.9963874200722518,6
fake_osaka,Op.X,121,-1,0.99961498,3
fake_osaka,Op.X,122,-1,0.9982772197760386,6
fake_osaka,Op.X,123,-1,0.9995699899870996,5
fake_osaka,Op.X,124,-1,0.9996578499965784,5
fake_osaka,Op.X,125,-1,0.9995547799955478,3
fake_osaka,Op.X,126,-1,0.99933989,3
fake_osaka,Op.ECR,0,1,0.0,60
fake_osaka,Op.ECR,1,2,0.0,100
fake_osaka,Op.ECR,3,2,0.0,60
fake_osaka,Op.ECR,4,3,0.9687365062311077,33
fake_osaka,Op.ECR,4,5,0.0,60
fake_osaka,Op.ECR,5,6,0.0,43
fake_osaka,Op.ECR,7,6,0.9908937474333718,33
fake_osaka,Op.ECR,8,7,0.9681459534358963,33
fake_osaka,Op.ECR,16,8,0.0,36
fake_osaka,Op.ECR,8,9,0.9717112202828877,9
fake_osaka,Op.ECR,10,9,0.0,43
fake_osaka,Op.ECR,10,11,0.0,60
fake_osaka,Op.ECR,11,12,0.9803341452210259,33
fake_osaka,Op.ECR,12,13,0.9905980160249418,27
fake_osaka,Op.ECR,0,14,0.9841356098413562,9
fake_osaka,Op.ECR,18,14,0.982774309827743,9
fake_osaka,Op.ECR,4,15,0.9830880984999075,33
fake_osaka,Op.ECR,26,16,0.0,36
fake_osaka,Op.ECR,12,17,0.9936894085778301,21
fake_osaka,Op.ECR,30,17,0.9921138770821342,33
fake_osaka,Op.ECR,19,18,0.9851081685108162,33
fake_osaka,Op.ECR,19,20,0.9711454461498145,33
fake_osaka,Op.ECR,20,21,0.9557767367330188,33
fake_osaka,Op.ECR,22,21,0.9927811281952814,33
fake_osaka,Op.ECR,15,22,0.9912099874508981,33
fake_osaka,Op.ECR,22,23,0.9924353681088427,33
fake_osaka,Op.ECR,23,24,0.9732145438393465,33
fake_osaka,Op.ECR,25,24,0.0,60
fake_osaka,Op.ECR,34,24,0.9909101090001132,33
fake_osaka,Op.ECR,26,25,0.0,9
fake_osaka,Op.ECR,26,27,0.9771088002289121,9
fake_osaka,Op.ECR,28,27,0.9863673801363262,9
fake_osaka,Op.ECR,29,28,0.9876475898764759,9
fake_osaka,Op.ECR,35,28,0.9827784398392788,33
fake_osaka,Op.ECR,29,30,0.989829318913959,33
fake_osaka,Op.ECR,30,31,0.9923899369559748,33
fake_osaka,Op.ECR,32,31,0.9935504506481526,33
fake_osaka,Op.ECR,20,33,0.96583264,9
fake_osaka,Op.ECR,47,35,0.984852311668771,33
fake_osaka,Op.ECR,32,36,0.9945762100542378,9
fake_osaka,Op.ECR,38,37,0.988495509884955,9
fake_osaka,Op.ECR,52,37,0.9838369898383698,9
fake_osaka,Op.ECR,33,39,0.9483919480105274,33
fake_osaka,Op.ECR,38,39,0.9897093293825608,33
fake_osaka,Op.ECR,39,40,0.9589543904104562,9
fake_osaka,Op.ECR,41,40,0.9583646100000001,9
fake_osaka,Op.ECR,41,42,0.95563772,9
fake_osaka,Op.ECR,43,42,0.9571779400000001,9
fake_osaka,Op.ECR,34,43,0.993121232777294,33
fake_osaka,Op.ECR,44,43,0.98157472,9
fake_osaka,Op.ECR,44,45,0.9823963098239633,9
fake_osaka,Op.ECR,46,45,0.9926249623299593,33
fake_osaka,Op.ECR,54,45,0.988755339879807,33
fake_osaka,Op.ECR,47,46,0.9897143900000002,9
fake_osaka,Op.ECR,47,48,0.98937696,9
fake_osaka,Op.ECR,49,48,0.9861865005525402,33
fake_osaka,Op.ECR,50,49,0.0,43
fake_osaka,Op.ECR,51,50,0.0,60
fake_osaka,Op.ECR,36,51,0.9564179420597355,33
fake_osaka,Op.ECR,56,52,0.984175190158248,9
fake_osaka,Op.ECR,41,53,0.9770101900000001,9
fake_osaka,Op.ECR,49,55,0.988795710112043,9
fake_osaka,Op.ECR,56,57,0.98729933,9
fake_osaka,Op.ECR,58,57,0.9807398198073981,9
fake_osaka,Op.ECR,71,58,0.97264805,9
fake_osaka,Op.ECR,58,59,0.9828242901717571,9
fake_osaka,Op.ECR,60,59,0.9932890545641349,33
fake_osaka,Op.ECR,53,60,0.9793512600000001,9
fake_osaka,Op.ECR,60,61,3.416003928404516e-05,36
fake_osaka,Op.ECR,62,61,5.5080088128140996e-05,36
fake_osaka,Op.ECR,72,62,0.9417344150406495,33
fake_osaka,Op.ECR,62,63,0.9929668031074668,33
fake_osaka,Op.ECR,54,64,0.8340285525356907,33
fake_osaka,Op.ECR,63,64,0.9840613975678918,33
fake_osaka,Op.ECR,64,65,0.9881159065536138,33
fake_osaka,Op.ECR,65,66,0.975529795774497,27
fake_osaka,Op.ECR,73,66,0.9734537897345378,9
fake_osaka,Op.ECR,66,67,0.9737111081904405,27
fake_osaka,Op.ECR,55,68,0.0,60
fake_osaka,Op.ECR,67,68,0.0,43
fake_osaka,Op.ECR,69,68,0.0,60
fake_osaka,Op.ECR,70,69,0.99002226,9
fake_osaka,Op.ECR,77,71,0.9822595975163433,33
fake_osaka,Op.ECR,70,74,0.9892622571008097,33
fake_osaka,Op.ECR,76,75,0.9932407979686199,21
fake_osaka,Op.ECR,77,76,0.9931699183486414,21
fake_osaka,Op.ECR,77,78,0.0,60
fake_osaka,Op.ECR,79,78,0.0,60
fake_osaka,Op.ECR,80,79,0.0,60
fake_osaka,Op.ECR,72,81,0.9190030016821602,33
fake_osaka,Op.ECR,80,81,0.0,9
fake_osaka,Op.ECR,82,81,0.9762840576284062,33
fake_osaka,Op.ECR,82,83,0.9902282980456591,33
fake_osaka,Op.ECR,83,84,0.99130352,9
fake_osaka,Op.ECR,73,85,0.9905964100000001,9
fake_osaka,Op.ECR,84,85,0.9903722500962776,9
fake_osaka,Op.ECR,85,86,0.9894271513475803,21
fake_osaka,Op.ECR,86,87,0.98650319595096,33
fake_osaka,Op.ECR,88,87,0.0,60
fake_osaka,Op.ECR,93,87,0.96778233,9
fake_osaka,Op.ECR,89,88,0.0,60
fake_osaka,Op.ECR,74,89,0.9835239031439621,33
fake_osaka,Op.ECR,75,90,0.0,43
fake_osaka,Op.ECR,94,90,0.0,60
fake_osaka,Op.ECR,79,91,0.0,6
fake_osaka,Op.ECR,83,92,0.989639988964,33
fake_osaka,Op.ECR,102,92,0.9886144110247018,33
fake_osaka,Op.ECR,106,93,0.0,36
fake_osaka,Op.ECR,95,94,0.9946938501061231,9
fake_osaka,Op.ECR,95,96,0.993852611926678,27
fake_osaka,Op.ECR,97,96,0.9932690558941245,33
fake_osaka,Op.ECR,109,96,0.9893013467904032,33
fake_osaka,Op.ECR,98,97,0.98771182,9
fake_osaka,Op.ECR,91,98,0.0,6
fake_osaka,Op.ECR,98,99,0.98735147,9
fake_osaka,Op.ECR,99,100,0.0,60
fake_osaka,Op.ECR,110,100,0.0,100
fake_osaka,Op.ECR,100,101,0.0,60
fake_osaka,Op.ECR,102,101,0.9948573985600717,21
fake_osaka,Op.ECR,102,103,0.9923968799239687,9
fake_osaka,Op.ECR,104,103,0.991159599911596,9
fake_osaka,Op.ECR,105,104,0.9934588770564938,21
fake_osaka,Op.ECR,111,104,0.9572071395720714,9
fake_osaka,Op.ECR,106,105,0.0,36
fake_osaka,Op.ECR,107,106,0.0,58
fake_osaka,Op.ECR,107,108,0.0,100
fake_osaka,Op.ECR,112,108,0.0,60
fake_osaka,Op.ECR,114,109,0.98742412,9
fake_osaka,Op.ECR,118,110,0.0,9
fake_osaka,Op.ECR,113,114,0.9917178999171788,9
fake_osaka,Op.ECR,115,114,0.9888694393321652,33
fake_osaka,Op.ECR,116,115,0.9888801074424243,33
fake_osaka,Op.ECR,117,116,0.9763936492918095,8
fake_osaka,Op.ECR,118,117,0.9567029600000001,9
fake_osaka,Op.ECR,118,119,0.9571811000000002,9
fake_osaka,Op.ECR,119,120,0.9751846097518461,9
fake_osaka,Op.ECR,121,120,0.9824306349048834,33
fake_osaka,Op.ECR,122,121,0.9864759791885584,33
fake_osaka,Op.ECR,111,122,0.9566322195663224,9
fake_osaka,Op.ECR,122,123,0.9894659696839803,33
fake_osaka,Op.ECR,124,123,0.9926537550227664,21
fake_osaka,Op.ECR,124,125,0.9916807599168075,9
fake_osaka,Op.ECR,126,125,0.9879161498791614,9
fake_osaka,Op.ECR,112,126,0.9905501193216355,21
fake_osaka,Op.MEAS,0,-1,1.9488,2
fake_osaka,Op.MEAS,1,-1,1.9732,2
fake_osaka,Op.MEAS,2,-1,1.9358,2
fake_osaka,Op.MEAS,3,-1,1.9442,2
fake_osaka,Op.MEAS,4,-1,1.87666666,2
fake_osaka,Op.MEAS,5,-1,1.95,2
fake_osaka,Op.MEAS,6,-1,1.9872,2
fake_osaka,Op.MEAS,7,-1,1.983,2
fake_osaka,Op.MEAS,8,-1,1.1832,2
fake_osaka,Op.MEAS,9,-1,1.9744,2
fake_osaka,Op.MEAS,10,-1,1.8278,2
fake_osaka,Op.MEAS,11,-1,1.873,2
fake_osaka,Op.MEAS,12,-1,1.9544,2
fake_osaka,Op.MEAS,13,-1,1.9898,2
fake_osaka,Op.MEAS,14,-1,1.7906,2
fake_osaka,Op.MEAS,15,-1,1.9834,2
fake_osaka,Op.MEAS,16,-1,1.1226,2
fake_osaka,Op.MEAS,17,-1,1.9314,2
fake_osaka,Op.MEAS,18,-1,1.9892,2
fake_osaka,Op.MEAS,19,-1,1.982,2
fake_osaka,Op.MEAS,20,-1,1.934,2
fake_osaka,Op.MEAS,21,-1,1.9644,2
fake_osaka,Op.MEAS,22,-1,1.8514,2
fake_osaka,Op.MEAS,23,-1,1.986,2
fake_osaka,Op.MEAS,24,-1,1.9884,2
fake_osaka,Op.MEAS,25,-1,1.9928,2
fake_osaka,Op.MEAS,26,-1,1.9796,2
fake_osaka,Op.MEAS,27,-1,1.9766,2
fake_osaka,Op.MEAS,28,-1,1.99,2
fake_osaka,Op.MEAS,29,-1,1.9844,2
fake_osaka,Op.MEAS,30,-1,1.8736,2
fake_osaka,Op.MEAS,31,-1,1.98,2
fake_osaka,Op.MEAS,32,-1,1.9836,2
fake_osaka,Op.MEAS,33,-1,1.98333334,2
fake_osaka,Op.MEAS,34,-1,1.9406,2
fake_osaka,Op.MEAS,35,-1,1.9524,2
fake_osaka,Op.MEAS,36,-1,1.9724,2
fake_osaka,Op.MEAS,37,-1,1.9704,2
fake_osaka,Op.MEAS,38,-1,1.911,2
fake_osaka,Op.MEAS,39,-1,1.84,2
fake_osaka,Op.MEAS,40,-1,1.9866,2
fake_osaka,Op.MEAS,41,-1,1.9178,2
fake_osaka,Op.MEAS,42,-1,1.988,2
fake_osaka,Op.MEAS,43,-1,1.9644,2
fake_osaka,Op.MEAS,44,-1,1.9796,2
fake_osaka,Op.MEAS,45,-1,1.9358,2
fake_osaka,Op.MEAS,46,-1,1.6886,2
fake_osaka,Op.MEAS,47,-1,1.9808,2
fake_osaka,Op.MEAS,48,-1,1.9514,2
fake_osaka,Op.MEAS,49,-1,1.9834,2
fake_osaka,Op.MEAS,50,-1,1.9792,2
fake_osaka,Op.MEAS,51,-1,1.9124,2
fake_osaka,Op.MEAS,52,-1,1.9708,2
fake_osaka,Op.MEAS,53,-1,1.9816,2
fake_osaka,Op.MEAS,54,-1,1.9696,2
fake_osaka,Op.MEAS,55,-1,1.9772,2
fake_osaka,Op.MEAS,56,-1,1.9512,2
fake_osaka,Op.MEAS,57,-1,1.9848,2
fake_osaka,Op.MEAS,58,-1,1.7874,2
fake_osaka,Op.MEAS,59,-1,1.9612,2
fake_osaka,Op.MEAS,60,-1,1.932,2
fake_osaka,Op.MEAS,61,-1,1.39,2
fake_osaka,Op.MEAS,62,-1,1.9716,2
fake_osaka,Op.MEAS,63,-1,1.9902,2
fake_osaka,Op.MEAS,64,-1,1.9888,2
fake_osaka,Op.MEAS,65,-1,1.962,2
fake_osaka,Op.MEAS,66,-1,1.899,2
fake_osaka,Op.MEAS,67,-1,1.8926,2
fake_osaka,Op.MEAS,68,-1,1.871,2
fake_osaka,Op.MEAS,69,-1,1.9864,2
fake_osaka,Op.MEAS,70,-1,1.8228,2
fake_osaka,Op.MEAS,71,-1,1.9354,2
fake_osaka,Op.MEAS,72,-1,1.8846,2
fake_osaka,Op.MEAS,73,-1,1.9852,2
fake_osaka,Op.MEAS,74,-1,1.9166,2
fake_osaka,Op.MEAS,75,-1,1.9438,2
fake_osaka,Op.MEAS,76,-1,1.9672,2
fake_osaka,Op.MEAS,77,-1,1.6124,2
fake_osaka,Op.MEAS,78,-1,1.9444,2
fake_osaka,Op.MEAS,79,-1,1.9562,2
fake_osaka,Op.MEAS,80,-1,1.8086,2
fake_osaka,Op.MEAS,81,-1,1.7376,2
fake_osaka,Op.MEAS,82,-1,1.9796,2
fake_osaka,Op.MEAS,83,-1,1.9894,2
fake_osaka,Op.MEAS,84,-1,1.9708,2
fake_osaka,Op.MEAS,85,-1,1.97,2
fake_osaka,Op.MEAS,86,-1,1.9102,2
fake_osaka,Op.MEAS,87,-1,1.9066,2
fake_osaka,Op.MEAS,88,-1,1.9838,2
fake_osaka,Op.MEAS,89,-1,1.7464,2
fake_osaka,Op.MEAS,90,-1,1.9622,2
fake_osaka,Op.MEAS,91,-1,1.8432,2
fake_osaka,Op.MEAS,92,-1,1.966,2
fake_osaka,Op.MEAS,93,-1,1.9118,2
fake_osaka,Op.MEAS,94,-1,1.9804,2
fake_osaka,Op.MEAS,95,-1,1.9784,2
fake_osaka,Op.MEAS,96,-1,1.8594,2
fake_osaka,Op.MEAS,97,-1,1.9798,2
fake_osaka,Op.MEAS,98,-1,1.9806,2
fake_osaka,Op.MEAS,99,-1,1.9578,2
fake_osaka,Op.MEAS,100,-1,1.848,2
fake_osaka,Op.MEAS,101,-1,1.979,2
fake_osaka,Op.MEAS,102,-1,1.968,2
fake_osaka,Op.MEAS,103,-1,1.9806,2
fake_osaka,Op.MEAS,104,-1,1.9106,2
fake_osaka,Op.MEAS,105,-1,1.8766,2
fake_osaka,Op.MEAS,106,-1,1.5962,2
fake_osaka,Op.MEAS,107,-1,1.947,2
fake_osaka,Op.MEAS,108,-1,1.969,2
fake_osaka,Op.MEAS,109,-1,1.8742,2
fake_osaka,Op.MEAS,110,-1,1.8936,2
fake_osaka,Op.MEAS,111,-1,1.9262,2
fake_osaka,Op.MEAS,112,-1,1.9742,2
fake_osaka,Op.MEAS,113,-1,1.952,2
fake_osaka,Op.MEAS,114,-1,1.9714,2
fake_osaka,Op.MEAS,115,-1,1.9786,2
fake_osaka,Op.MEAS,116,-1,1.9098,2
fake_osaka,Op.MEAS,117,-1,1.97,2
fake_osaka,Op.MEAS,118,-1,1.851,2
fake_osaka,Op.MEAS,119,-1,1.9862,2
fake_osaka,Op.MEAS,120,-1,1.9204,2
fake_osaka,Op.MEAS,121,-1,1.9446,2
fake_osaka,Op.MEAS,122,-1,1.9464,2
fake_osaka,Op.MEAS,123,-1,1.9806,2
fake_osaka,Op.MEAS,124,-1,1.9414,2
fake_osaka,Op.MEAS,125,-1,1.911,2
fake_osaka,Op.MEAS,126,-1,1.959,2
fake_torino,Op.CZ,1,0,0.0,43
fake_torino,Op.CZ,15,0,0.0,60
fake_torino,Op.CZ,0,1,0.0,43
fake_torino,Op.CZ,2,1,0.9945965012463308,25
fake_torino,Op.CZ,1,2,0.9945965012463308,25
fake_torino,Op.CZ,3,2,0.9953851673092108,19
fake_torino,Op.CZ,2,3,0.9953851673092108,19
fake_torino,Op.CZ,4,3,0.0,43
fake_torino,Op.CZ,3,4,0.0,43
fake_torino,Op.CZ,5,4,0.0,43
fake_torino,Op.CZ,16,4,0.0,100
fake_torino,Op.CZ,4,5,0.0,43
fake_torino,Op.CZ,6,5,0.0,43
fake_torino,Op.CZ,5,6,0.0,43
fake_torino,Op.CZ,7,6,0.0,60
fake_torino,Op.CZ,6,7,0.0,60
fake_torino,Op.CZ,8,7,0.9940033544087208,20
fake_torino,Op.CZ,7,8,0.9940033544087208,20
fake_torino,Op.CZ,9,8,0.0,43
fake_torino,Op.CZ,17,8,0.992799462439436,33
fake_torino,Op.CZ,8,9,0.0,43
fake_torino,Op.CZ,10,9,0.0,100
fake_torino,Op.CZ,9,10,0.0,100
fake_torino,Op.CZ,11,10,0.0,100
fake_torino,Op.CZ,10,11,0.0,100
fake_torino,Op.CZ,12,11,0.0,100
fake_torino,Op.CZ,11,12,0.0,100
fake_torino,Op.CZ,13,12,0.0,100
fake_torino,Op.CZ,18,12,0.0,100
fake_torino,Op.CZ,12,13,0.0,100
fake_torino,Op.CZ,14,13,0.0,60
fake_torino,Op.CZ,13,14,0.0,60
fake_torino,Op.CZ,0,15,0.0,60
fake_torino,Op.CZ,19,15,0.00010345018103781683,32
fake_torino,Op.CZ,4,16,0.0,100
fake_torino,Op.CZ,23,16,0.0,60
fake_torino,Op.CZ,8,17,0.992799462439436,33
fake_torino,Op.CZ,27,17,0.9905982193418742,33
fake_torino,Op.CZ,12,18,0.0,100
fake_torino,Op.CZ,31,18,0.0,43
fake_torino,Op.CZ,15,19,0.00010345018103781683,32
fake_torino,Op.CZ,20,19,8.301010791314026e-05,32
fake_torino,Op.CZ,19,20,8.301010791314026e-05,32
fake_torino,Op.CZ,21,20,0.95537464241369,33
fake_torino,Op.CZ,20,21,0.95537464241369,33
fake_torino,Op.CZ,22,21,0.0,60
fake_torino,Op.CZ,34,21,9.956008462607187e-05,32
fake_torino,Op.CZ,21,22,0.0,60
fake_torino,Op.CZ,23,22,0.0,60
fake_torino,Op.CZ,16,23,0.0,60
fake_torino,Op.CZ,22,23,0.0,60
fake_torino,Op.CZ,24,23,0.0,60
fake_torino,Op.CZ,23,24,0.0,60
fake_torino,Op.CZ,25,24,0.0,100
fake_torino,Op.CZ,24,25,0.0,100
fake_torino,Op.CZ,26,25,0.0,100
fake_torino,Op.CZ,35,25,0.0,43
fake_torino,Op.CZ,25,26,0.0,100
fake_torino,Op.CZ,27,26,0.0,60
fake_torino,Op.CZ,17,27,0.9905982193418742,33
fake_torino,Op.CZ,26,27,0.0,60
fake_torino,Op.CZ,28,27,0.0,60
fake_torino,Op.CZ,27,28,0.0,60
fake_torino,Op.CZ,29,28,0.0,60
fake_torino,Op.CZ,28,29,0.0,60
fake_torino,Op.CZ,30,29,0.0,60
fake_torino,Op.CZ,36,29,0.0,60
fake_torino,Op.CZ,29,30,0.0,60
fake_torino,Op.CZ,31,30,0.0,60
fake_torino,Op.CZ,18,31,0.0,43
fake_torino,Op.CZ,30,31,0.0,60
fake_torino,Op.CZ,32,31,0.9960405701806133,18
fake_torino,Op.CZ,31,32,0.9960405701806133,18
fake_torino,Op.CZ,33,32,0.9969455831275628,19
fake_torino,Op.CZ,32,33,0.9969455831275628,19
fake_torino,Op.CZ,37,33,0.9953161340280171,26
fake_torino,Op.CZ,21,34,9.956008462607187e-05,32
fake_torino,Op.CZ,40,34,0.0,43
fake_torino,Op.CZ,25,35,0.0,43
fake_torino,Op.CZ,44,35,0.0,26
fake_torino,Op.CZ,29,36,0.0,60
fake_torino,Op.CZ,48,36,0.0,100
fake_torino,Op.CZ,33,37,0.9953161340280171,26
fake_torino,Op.CZ,52,37,0.0,60
fake_torino,Op.CZ,39,38,0.0,43
fake_torino,Op.CZ,53,38,0.0,60
fake_torino,Op.CZ,38,39,0.0,43
fake_torino,Op.CZ,40,39,0.0,100
fake_torino,Op.CZ,34,40,0.0,43
fake_torino,Op.CZ,39,40,0.0,100
fake_torino,Op.CZ,41,40,0.0,100
fake_torino,Op.CZ,40,41,0.0,100
fake_torino,Op.CZ,42,41,0.0,60
fake_torino,Op.CZ,41,42,0.0,60
fake_torino,Op.CZ,43,42,0.0,43
fake_torino,Op.CZ,54,42,0.9963121190838731,19
fake_torino,Op.CZ,42,43,0.0,43
fake_torino,Op.CZ,44,43,0.0,60
fake_torino,Op.CZ,35,44,0.0,26
fake_torino,Op.CZ,43,44,0.0,60
fake_torino,Op.CZ,45,44,0.0,60
fake_torino,Op.CZ,44,45,0.0,60
fake_torino,Op.CZ,46,45,0.0,60
fake_torino,Op.CZ,45,46,0.0,60
fake_torino,Op.CZ,47,46,0.9916404870741712,32
fake_torino,Op.CZ,55,46,0.9848840970003219,32
fake_torino,Op.CZ,46,47,0.9916404870741712,32
fake_torino,Op.CZ,48,47,0.0,60
fake_torino,Op.CZ,36,48,0.0,100
fake_torino,Op.CZ,47,48,0.0,60
fake_torino,Op.CZ,49,48,0.0,60
fake_torino,Op.CZ,48,49,0.0,60
fake_torino,Op.CZ,50,49,0.9958020579099264,19
fake_torino,Op.CZ,49,50,0.9958020579099264,19
fake_torino,Op.CZ,51,50,0.9933890390083542,33
fake_torino,Op.CZ,56,50,0.9945048648334274,18
fake_torino,Op.CZ,50,51,0.9933890390083542,33
fake_torino,Op.CZ,52,51,0.0,43
fake_torino,Op.CZ,37,52,0.0,60
fake_torino,Op.CZ,51,52,0.0,43
fake_torino,Op.CZ,38,53,0.0,60
fake_torino,Op.CZ,57,53,0.0,100
fake_torino,Op.CZ,42,54,0.9963121190838731,19
fake_torino,Op.CZ,61,54,0.0,36
fake_torino,Op.CZ,46,55,0.9848840970003219,32
fake_torino,Op.CZ,65,55,0.0,36
fake_torino,Op.CZ,50,56,0.9945048648334274,18
fake_torino,Op.CZ,69,56,0.9942105782631714,33
fake_torino,Op.CZ,53,57,0.0,100
fake_torino,Op.CZ,58,57,0.0,60
fake_torino,Op.CZ,57,58,0.0,60
fake_torino,Op.CZ,59,58,0.0,60
fake_torino,Op.CZ,58,59,0.0,60
fake_torino,Op.CZ,60,59,0.0,100
fake_torino,Op.CZ,72,59,0.0,43
fake_torino,Op.CZ,59,60,0.0,100
fake_torino,Op.CZ,61,60,0.0,60
fake_torino,Op.CZ,54,61,0.0,36
fake_torino,Op.CZ,60,61,0.0,60
fake_torino,Op.CZ,62,61,0.0,26
fake_torino,Op.CZ,61,62,0.0,26
fake_torino,Op.CZ,63,62,0.0,60
fake_torino,Op.CZ,62,63,0.0,60
fake_torino,Op.CZ,64,63,0.0,43
fake_torino,Op.CZ,73,63,0.0,43
fake_torino,Op.CZ,63,64,0.0,43
fake_torino,Op.CZ,65,64,0.0,26
fake_torino,Op.CZ,55,65,0.0,36
fake_torino,Op.CZ,64,65,0.0,26
fake_torino,Op.CZ,66,65,0.0,60
fake_torino,Op.CZ,65,66,0.0,60
fake_torino,Op.CZ,67,66,0.0,100
fake_torino,Op.CZ,66,67,0.0,100
fake_torino,Op.CZ,68,67,0.0,43
fake_torino,Op.CZ,74,67,0.0,60
fake_torino,Op.CZ,67,68,0.0,43
fake_torino,Op.CZ,69,68,0.9949448355330048,18
fake_torino,Op.CZ,56,69,0.9942105782631714,33
fake_torino,Op.CZ,68,69,0.9949448355330048,18
fake_torino,Op.CZ,70,69,0.9933721120384236,27
fake_torino,Op.CZ,69,70,0.9933721120384236,27
fake_torino,Op.CZ,71,70,0.9950570788784273,27
fake_torino,Op.CZ,70,71,0.9950570788784273,27
fake_torino,Op.CZ,75,71,0.9937583860053667,33
fake_torino,Op.CZ,59,72,0.0,43
fake_torino,Op.CZ,78,72,0.0,60
fake_torino,Op.CZ,63,73,0.0,43
fake_torino,Op.CZ,82,73,0.9968294122637651,20
fake_torino,Op.CZ,67,74,0.0,60
fake_torino,Op.CZ,86,74,0.0,36
fake_torino,Op.CZ,71,75,0.9937583860053667,33
fake_torino,Op.CZ,90,75,0.0,60
fake_torino,Op.CZ,77,76,0.0,43
fake_torino,Op.CZ,91,76,0.0,60
fake_torino,Op.CZ,76,77,0.0,43
fake_torino,Op.CZ,78,77,0.0,43
fake_torino,Op.CZ,72,78,0.0,60
fake_torino,Op.CZ,77,78,0.0,43
fake_torino,Op.CZ,79,78,0.0,60
fake_torino,Op.CZ,78,79,0.0,60
fake_torino,Op.CZ,80,79,0.9728698267443807,33
fake_torino,Op.CZ,79,80,0.9728698267443807,33
fake_torino,Op.CZ,81,80,0.9951425187306441,20
fake_torino,Op.CZ,92,80,0.9959786422387805,20
fake_torino,Op.CZ,80,81,0.9951425187306441,20
fake_torino,Op.CZ,82,81,0.9947206711835217,26
fake_torino,Op.CZ,73,82,0.9968294122637651,20
fake_torino,Op.CZ,81,82,0.9947206711835217,26
fake_torino,Op.CZ,83,82,0.9915524547625231,33
fake_torino,Op.CZ,82,83,0.9915524547625231,33
fake_torino,Op.CZ,84,83,0.9895954921966195,33
fake_torino,Op.CZ,83,84,0.9895954921966195,33
fake_torino,Op.CZ,85,84,0.0,60
fake_torino,Op.CZ,93,84,0.9779283278431059,32
fake_torino,Op.CZ,84,85,0.0,60
fake_torino,Op.CZ,86,85,0.0,58
fake_torino,Op.CZ,74,86,0.0,36
fake_torino,Op.CZ,85,86,0.0,58
fake_torino,Op.CZ,87,86,0.0,58
fake_torino,Op.CZ,86,87,0.0,58
fake_torino,Op.CZ,88,87,0.0,43
fake_torino,Op.CZ,87,88,0.0,43
fake_torino,Op.CZ,89,88,0.9955579977400741,18
fake_torino,Op.CZ,94,88,0.0,43
fake_torino,Op.CZ,88,89,0.9955579977400741,18
fake_torino,Op.CZ,90,89,0.0,60
fake_torino,Op.CZ,75,90,0.0,60
fake_torino,Op.CZ,89,90,0.0,60
fake_torino,Op.CZ,76,91,0.0,60
fake_torino,Op.CZ,95,91,0.0,60
fake_torino,Op.CZ,80,92,0.9959786422387805,20
fake_torino,Op.CZ,99,92,0.9958398971868835,19
fake_torino,Op.CZ,84,93,0.9779283278431059,32
fake_torino,Op.CZ,103,93,0.9955579825818307,26
fake_torino,Op.CZ,88,94,0.0,43
fake_torino,Op.CZ,107,94,0.0,100
fake_torino,Op.CZ,91,95,0.0,60
fake_torino,Op.CZ,96,95,0.0,43
fake_torino,Op.CZ,95,96,0.0,43
fake_torino,Op.CZ,97,96,0.0,60
fake_torino,Op.CZ,96,97,0.0,60
fake_torino,Op.CZ,98,97,0.0,60
fake_torino,Op.CZ,110,97,0.0,60
fake_torino,Op.CZ,97,98,0.0,60
fake_torino,Op.CZ,99,98,0.9966484207831567,20
fake_torino,Op.CZ,92,99,0.9958398971868835,19
fake_torino,Op.CZ,98,99,0.9966484207831567,20
fake_torino,Op.CZ,100,99,0.9947571305628355,26
fake_torino,Op.CZ,99,100,0.9947571305628355,26
fake_torino,Op.CZ,101,100,0.9950267785615909,26
fake_torino,Op.CZ,100,101,0.9950267785615909,26
fake_torino,Op.CZ,102,101,0.9945837897092002,27
fake_torino,Op.CZ,111,101,0.9950030580073388,27
fake_torino,Op.CZ,101,102,0.9945837897092002,27
fake_torino,Op.CZ,103,102,0.9947455255336954,33
fake_torino,Op.CZ,93,103,0.9955579825818307,26
fake_torino,Op.CZ,102,103,0.9947455255336954,33
fake_torino,Op.CZ,104,103,0.0,60
fake_torino,Op.CZ,103,104,0.0,60
fake_torino,Op.CZ,105,104,0.0,100
fake_torino,Op.CZ,104,105,0.0,100
fake_torino,Op.CZ,106,105,0.0,60
fake_torino,Op.CZ,112,105,0.0,60
fake_torino,Op.CZ,105,106,0.0,60
fake_torino,Op.CZ,107,106,0.0,60
fake_torino,Op.CZ,94,107,0.0,100
fake_torino,Op.CZ,106,107,0.0,60
fake_torino,Op.CZ,108,107,0.0,100
fake_torino,Op.CZ,107,108,0.0,100
fake_torino,Op.CZ,109,108,0.0,100
fake_torino,Op.CZ,108,109,0.0,100
fake_torino,Op.CZ,113,109,0.0,43
fake_torino,Op.CZ,97,110,0.0,60
fake_torino,Op.CZ,116,110,0.9976411865325444,19
fake_torino,Op.CZ,101,111,0.9950030580073388,27
fake_torino,Op.CZ,120,111,0.9961618759524651,20
fake_torino,Op.CZ,105,112,0.0,60
fake_torino,Op.CZ,124,112,0.9924627670604793,33
fake_torino,Op.CZ,109,113,0.0,43
fake_torino,Op.CZ,128,113,0.9960049216103355,18
fake_torino,Op.CZ,115,114,0.0,60
fake_torino,Op.CZ,129,114,0.0,43
fake_torino,Op.CZ,114,115,0.0,60
fake_torino,Op.CZ,116,115,0.9947406865288528,33
fake_torino,Op.CZ,110,116,0.9976411865325444,19
fake_torino,Op.CZ,115,116,0.9947406865288528,33
fake_torino,Op.CZ,117,116,0.9960400014068025,20
fake_torino,Op.CZ,116,117,0.9960400014068025,20
fake_torino,Op.CZ,118,117,0.9876901086459123,33
fake_torino,Op.CZ,117,118,0.9876901086459123,33
fake_torino,Op.CZ,119,118,0.9896793389679343,33
fake_torino,Op.CZ,130,118,0.0,60
fake_torino,Op.CZ,118,119,0.9896793389679343,33
fake_torino,Op.CZ,120,119,0.9964672919100991,19
fake_torino,Op.CZ,111,120,0.9961618759524651,20
fake_torino,Op.CZ,119,120,0.9964672919100991,19
fake_torino,Op.CZ,121,120,0.9930427384694029,33
fake_torino,Op.CZ,120,121,0.9930427384694029,33
fake_torino,Op.CZ,122,121,0.0,60
fake_torino,Op.CZ,121,122,0.0,60
fake_torino,Op.CZ,123,122,0.0,100
fake_torino,Op.CZ,131,122,0.0,43
fake_torino,Op.CZ,122,123,0.0,100
fake_torino,Op.CZ,124,123,0.0,60
fake_torino,Op.CZ,112,124,0.9924627670604793,33
fake_torino,Op.CZ,123,124,0.0,60
fake_torino,Op.CZ,125,124,0.9857140799997111,33
fake_torino,Op.CZ,124,125,0.9857140799997111,33
fake_torino,Op.CZ,126,125,0.0,43
fake_torino,Op.CZ,125,126,0.0,43
fake_torino,Op.CZ,127,126,0.0,60
fake_torino,Op.CZ,132,126,0.0,100
fake_torino,Op.CZ,126,127,0.0,60
fake_torino,Op.CZ,128,127,0.9959040390228254,18
fake_torino,Op.CZ,113,128,0.9960049216103355,18
fake_torino,Op.CZ,127,128,0.9959040390228254,18
fake_torino,Op.CZ,114,129,0.0,43
fake_torino,Op.CZ,118,130,0.0,60
fake_torino,Op.CZ,122,131,0.0,43
fake_torino,Op.CZ,126,132,0.0,100
fake_torino,Op.RESET,0,-1,0.0,3
fake_torino,Op.RESET,1,-1,0.99263165,3
fake_torino,Op.RESET,2,-1,0.989533199895332,3
fake_torino,Op.RESET,3,-1,0.992671410073286,3
fake_torino,Op.RESET,4,-1,0.0,3
fake_torino,Op.RESET,5,-1,0.9894195698941958,3
fake_torino,Op.RESET,6,-1,0.0,3
fake_torino,Op.RESET,7,-1,0.9823523901764761,3
fake_torino,Op.RESET,8,-1,0.9685259,3
fake_torino,Op.RESET,9,-1,0.0,3
fake_torino,Op.RESET,10,-1,0.0,3
fake_torino,Op.RESET,11,-1,0.0,3
fake_torino,Op.RESET,12,-1,0.0,3
fake_torino,Op.RESET,13,-1,0.0,3
fake_torino,Op.RESET,14,-1,0.96936858,3
fake_torino,Op.RESET,15,-1,0.9737076,3
fake_torino,Op.RESET,16,-1,0.0,3
fake_torino,Op.RESET,17,-1,0.9844212098442121,3
fake_torino,Op.RESET,18,-1,0.0,3
fake_torino,Op.RESET,19,-1,0.96975946,3
fake_torino,Op.RESET,20,-1,0.98733697,3
fake_torino,Op.RESET,21,-1,0.9431624194316243,3
fake_torino,Op.RESET,22,-1,0.0,3
fake_torino,Op.RESET,23,-1,0.0,2
fake_torino,Op.RESET,24,-1,0.0,3
fake_torino,Op.RESET,25,-1,0.0,3
fake_torino,Op.RESET,26,-1,0.0,3
fake_torino,Op.RESET,27,-1,0.98757351,3
fake_torino,Op.RESET,28,-1,0.0,3
fake_torino,Op.RESET,29,-1,0.9888667800000001,3
fake_torino,Op.RESET,30,-1,0.0,3
fake_torino,Op.RESET,31,-1,0.99306222,3
fake_torino,Op.RESET,32,-1,0.98959453,3
fake_torino,Op.RESET,33,-1,0.9844630901553691,3
fake_torino,Op.RESET,34,-1,0.9893223198932232,3
fake_torino,Op.RESET,35,-1,0.9903031800000001,3
fake_torino,Op.RESET,36,-1,0.0,3
fake_torino,Op.RESET,37,-1,0.9863495898634959,3
fake_torino,Op.RESET,38,-1,0.9862255701377444,3
fake_torino,Op.RESET,39,-1,0.0,3
fake_torino,Op.RESET,40,-1,0.0,3
fake_torino,Op.RESET,41,-1,0.0,3
fake_torino,Op.RESET,42,-1,0.9862490598624906,3
fake_torino,Op.RESET,43,-1,0.0,3
fake_torino,Op.RESET,44,-1,0.0,2
fake_torino,Op.RESET,45,-1,0.0,3
fake_torino,Op.RESET,46,-1,0.98019219,3
fake_torino,Op.RESET,47,-1,0.98372541,3
fake_torino,Op.RESET,48,-1,0.0,3
fake_torino,Op.RESET,49,-1,0.98639615,3
fake_torino,Op.RESET,50,-1,0.99267499992675,3
fake_torino,Op.RESET,51,-1,0.9901425300985748,3
fake_torino,Op.RESET,52,-1,0.0,3
fake_torino,Op.RESET,53,-1,0.0,3
fake_torino,Op.RESET,54,-1,0.99220103,3
fake_torino,Op.RESET,55,-1,0.99158292,3
fake_torino,Op.RESET,56,-1,0.9935660899356609,3
fake_torino,Op.RESET,57,-1,0.0,3
fake_torino,Op.RESET,58,-1,0.98494256,3
fake_torino,Op.RESET,59,-1,0.0,3
fake_torino,Op.RESET,60,-1,0.0,3
fake_torino,Op.RESET,61,-1,0.0,2
fake_torino,Op.RESET,62,-1,0.989553299895533,3
fake_torino,Op.RESET,63,-1,0.0,3
fake_torino,Op.RESET,64,-1,0.98909365,3
fake_torino,Op.RESET,65,-1,0.0,2
fake_torino,Op.RESET,66,-1,0.0,3
fake_torino,Op.RESET,67,-1,0.0,3
fake_torino,Op.RESET,68,-1,0.98422753,3
fake_torino,Op.RESET,69,-1,0.9864828201351719,3
fake_torino,Op.RESET,70,-1,0.97158401,3
fake_torino,Op.RESET,71,-1,0.97551315,3
fake_torino,Op.RESET,72,-1,0.9872909901270902,3
fake_torino,Op.RESET,73,-1,0.98934221,3
fake_torino,Op.RESET,74,-1,0.9888106801118932,3
fake_torino,Op.RESET,75,-1,0.98881204,3
fake_torino,Op.RESET,76,-1,0.0,3
fake_torino,Op.RESET,77,-1,0.9925208600747915,3
fake_torino,Op.RESET,78,-1,0.0,3
fake_torino,Op.RESET,79,-1,0.89008838,3
fake_torino,Op.RESET,80,-1,0.9637941303620587,3
fake_torino,Op.RESET,81,-1,0.99187564,3
fake_torino,Op.RESET,82,-1,0.98711121,3
fake_torino,Op.RESET,83,-1,0.98082363,3
fake_torino,Op.RESET,84,-1,0.9902287699022878,3
fake_torino,Op.RESET,85,-1,0.0,3
fake_torino,Op.RESET,86,-1,0.0,2
fake_torino,Op.RESET,87,-1,0.0,3
fake_torino,Op.RESET,88,-1,0.9929505700704941,3
fake_torino,Op.RESET,89,-1,0.98910304,3
fake_torino,Op.RESET,90,-1,0.0,3
fake_torino,Op.RESET,91,-1,0.98812312,3
fake_torino,Op.RESET,92,-1,0.9894601,3
fake_torino,Op.RESET,93,-1,0.9927386399273864,3
fake_torino,Op.RESET,94,-1,0.0,3
fake_torino,Op.RESET,95,-1,0.0,3
fake_torino,Op.RESET,96,-1,0.99100252,3
fake_torino,Op.RESET,97,-1,0.0,3
fake_torino,Op.RESET,98,-1,0.98264083,3
fake_torino,Op.RESET,99,-1,0.98700561,3
fake_torino,Op.RESET,100,-1,0.9920958,3
fake_torino,Op.RESET,101,-1,0.9892627,3
fake_torino,Op.RESET,102,-1,0.9776307900000001,3
fake_torino,Op.RESET,103,-1,0.98430332,3
fake_torino,Op.RESET,104,-1,0.0,3
fake_torino,Op.RESET,105,-1,0.0,3
fake_torino,Op.RESET,106,-1,0.97153541,3
fake_torino,Op.RESET,107,-1,0.0,3
fake_torino,Op.RESET,108,-1,0.0,3
fake_torino,Op.RESET,109,-1,0.0,3
fake_torino,Op.RESET,110,-1,0.98790758,3
fake_torino,Op.RESET,111,-1,0.9831090898310909,3
fake_torino,Op.RESET,112,-1,0.9920736,3
fake_torino,Op.RESET,113,-1,0.9925739700742603,3
fake_torino,Op.RESET,114,-1,0.0,3
fake_torino,Op.RESET,115,-1,0.99019193,3
fake_torino,Op.RESET,116,-1,0.99066916,3
fake_torino,Op.RESET,117,-1,0.96464516,3
fake_torino,Op.RESET,118,-1,0.9830137501698625,3
fake_torino,Op.RESET,119,-1,0.9878677,3
fake_torino,Op.RESET,120,-1,0.99101132,3
fake_torino,Op.RESET,121,-1,0.98079966,3
fake_torino,Op.RESET,122,-1,0.0,3
fake_torino,Op.RESET,123,-1,0.0,3
fake_torino,Op.RESET,124,-1,0.98952616,3
fake_torino,Op.RESET,125,-1,0.99354535,3
fake_torino,Op.RESET,126,-1,0.0,3
fake_torino,Op.RESET,127,-1,0.98758168,3
fake_torino,Op.RESET,128,-1,0.99254341,3
fake_torino,Op.RESET,129,-1,0.98900836,3
fake_torino,Op.RESET,130,-1,0.0,3
fake_torino,Op.RESET,131,-1,0.9903865700000001,3
fake_torino,Op.RESET,132,-1,0.0,3
fake_torino,Op.SX,0,-1,0.0,10
fake_torino,Op.SX,1,-1,0.9997204899944099,5
fake_torino,Op.SX,2,-1,0.9993831399444825,5
fake_torino,Op.SX,3,-1,0.999687309996873,5
fake_torino,Op.SX,4,-1,0.0,10
fake_torino,Op.SX,5,-1,0.999623769984951,5
fake_torino,Op.SX,6,-1,0.0,10
fake_torino,Op.SX,7,-1,0.9988249296709805,5
fake_torino,Op.SX,8,-1,0.9987434195099335,5
fake_torino,Op.SX,9,-1,0.0,10
fake_torino,Op.SX,10,-1,0.0,10
fake_torino,Op.SX,11,-1,0.0,10
fake_torino,Op.SX,12,-1,0.0,10
fake_torino,Op.SX,13,-1,0.0,10
fake_torino,Op.SX,14,-1,0.9988325696030734,5
fake_torino,Op.SX,15,-1,0.9990799298067853,5
fake_torino,Op.SX,16,-1,0.0,10
fake_torino,Op.SX,17,-1,0.9992868599144232,5
fake_torino,Op.SX,18,-1,0.0,10
fake_torino,Op.SX,19,-1,0.998998779759707,5
fake_torino,Op.SX,20,-1,0.999535049972103,5
fake_torino,Op.SX,21,-1,0.9986345295903588,5
fake_torino,Op.SX,22,-1,0.0,10
fake_torino,Op.SX,23,-1,0.0,6
fake_torino,Op.SX,24,-1,0.0,10
fake_torino,Op.SX,25,-1,0.0,10
fake_torino,Op.SX,26,-1,0.0,10
fake_torino,Op.SX,27,-1,0.9995468799818751,5
fake_torino,Op.SX,28,-1,0.0,10
fake_torino,Op.SX,29,-1,0.9996107399883223,5
fake_torino,Op.SX,30,-1,0.0,10
fake_torino,Op.SX,31,-1,0.9996080999882431,5
fake_torino,Op.SX,32,-1,0.9995657599782881,5
fake_torino,Op.SX,33,-1,0.99968634,3
fake_torino,Op.SX,34,-1,0.9996517899860715,5
fake_torino,Op.SX,35,-1,0.9994880899692852,5
fake_torino,Op.SX,36,-1,0.0,10
fake_torino,Op.SX,37,-1,0.9995456499818258,5
fake_torino,Op.SX,38,-1,0.9996148299922964,5
fake_torino,Op.SX,39,-1,0.0,10
fake_torino,Op.SX,40,-1,0.0,10
fake_torino,Op.SX,41,-1,0.0,10
fake_torino,Op.SX,42,-1,0.9996671099933422,5
fake_torino,Op.SX,43,-1,0.0,10
fake_torino,Op.SX,44,-1,0.0,6
fake_torino,Op.SX,45,-1,0.0,10
fake_torino,Op.SX,46,-1,0.9992634699116164,5
fake_torino,Op.SX,47,-1,0.9994379299494135,5
fake_torino,Op.SX,48,-1,0.0,10
fake_torino,Op.SX,49,-1,0.9996315799889475,5
fake_torino,Op.SX,50,-1,0.999514599970876,5
fake_torino,Op.SX,51,-1,0.9992652999338771,5
fake_torino,Op.SX,52,-1,0.0,10
fake_torino,Op.SX,53,-1,0.0,10
fake_torino,Op.SX,54,-1,0.9997472299974722,5
fake_torino,Op.SX,55,-1,0.9989315798397371,5
fake_torino,Op.SX,56,-1,0.9995140099854203,5
fake_torino,Op.SX,57,-1,0.0,10
fake_torino,Op.SX,58,-1,0.9995112699706762,5
fake_torino,Op.SX,59,-1,0.0,10
fake_torino,Op.SX,60,-1,0.0,10
fake_torino,Op.SX,61,-1,0.0,6
fake_torino,Op.SX,62,-1,0.9996024199801212,5
fake_torino,Op.SX,63,-1,0.0,10
fake_torino,Op.SX,64,-1,0.99976602,5
fake_torino,Op.SX,65,-1,0.0,6
fake_torino,Op.SX,66,-1,0.0,10
fake_torino,Op.SX,67,-1,0.0,10
fake_torino,Op.SX,68,-1,0.9993172999112488,5
fake_torino,Op.SX,69,-1,0.9995548299821934,5
fake_torino,Op.SX,70,-1,0.9990498797909734,5
fake_torino,Op.SX,71,-1,0.9994920499898409,5
fake_torino,Op.SX,72,-1,0.9996699099933982,5
fake_torino,Op.SX,73,-1,0.999600449984018,5
fake_torino,Op.SX,74,-1,0.9996128899806445,5
fake_torino,Op.SX,75,-1,0.9995949899797496,5
fake_torino,Op.SX,76,-1,0.0,10
fake_torino,Op.SX,77,-1,0.9997177899915336,5
fake_torino,Op.SX,78,-1,0.0,10
fake_torino,Op.SX,79,-1,0.9952995700940082,6
fake_torino,Op.SX,80,-1,0.9993265699932657,3
fake_torino,Op.SX,81,-1,0.9996509899860395,5
fake_torino,Op.SX,82,-1,0.9995450799727047,5
fake_torino,Op.SX,83,-1,0.998579889474559,5
fake_torino,Op.SX,84,-1,0.9989433598309374,5
fake_torino,Op.SX,85,-1,0.0,3
fake_torino,Op.SX,86,-1,0.0,6
fake_torino,Op.SX,87,-1,0.0,10
fake_torino,Op.SX,88,-1,0.9995660799826431,5
fake_torino,Op.SX,89,-1,0.9995747999787401,5
fake_torino,Op.SX,90,-1,0.0,10
fake_torino,Op.SX,91,-1,0.99978415,3
fake_torino,Op.SX,92,-1,0.9994372099606048,5
fake_torino,Op.SX,93,-1,0.9997798399977983,5
fake_torino,Op.SX,94,-1,0.0,10
fake_torino,Op.SX,95,-1,0.0,10
fake_torino,Op.SX,96,-1,0.9997039099940782,5
fake_torino,Op.SX,97,-1,0.0,10
fake_torino,Op.SX,98,-1,0.999667100003329,3
fake_torino,Op.SX,99,-1,0.9996348199853928,5
fake_torino,Op.SX,100,-1,0.999731829991955,5
fake_torino,Op.SX,101,-1,0.9997046100000001,5
fake_torino,Op.SX,102,-1,0.9992832599211587,5
fake_torino,Op.SX,103,-1,0.99970064,3
fake_torino,Op.SX,104,-1,0.0,10
fake_torino,Op.SX,105,-1,0.0,10
fake_torino,Op.SX,106,-1,0.9980471197461258,6
fake_torino,Op.SX,107,-1,0.0,10
fake_torino,Op.SX,108,-1,0.0,10
fake_torino,Op.SX,109,-1,0.0,10
fake_torino,Op.SX,110,-1,0.9997097899970979,5
fake_torino,Op.SX,111,-1,0.9995800799916016,5
fake_torino,Op.SX,112,-1,0.9992942899364861,5
fake_torino,Op.SX,113,-1,0.9997540200000001,5
fake_torino,Op.SX,114,-1,0.0,10
fake_torino,Op.SX,115,-1,0.9990167897738615,5
fake_torino,Op.SX,116,-1,0.9996940399908211,5
fake_torino,Op.SX,117,-1,0.99931342,3
fake_torino,Op.SX,118,-1,0.9939268400000002,6
fake_torino,Op.SX,119,-1,0.9995664999869951,5
fake_torino,Op.SX,120,-1,0.9996063399763806,5
fake_torino,Op.SX,121,-1,0.9993559599484767,5
fake_torino,Op.SX,122,-1,0.0,10
fake_torino,Op.SX,123,-1,0.0,10
fake_torino,Op.SX,124,-1,0.9997013399970134,5
fake_torino,Op.SX,125,-1,0.9995211899760594,5
fake_torino,Op.SX,126,-1,0.0,10
fake_torino,Op.SX,127,-1,0.9994247999482319,5
fake_torino,Op.SX,128,-1,0.9997134999914049,5
fake_torino,Op.SX,129,-1,0.9996881299968813,5
fake_torino,Op.SX,130,-1,0.0,10
fake_torino,Op.SX,131,-1,0.9996588799829439,5
fake_torino,Op.SX,132,-1,0.0,10
fake_torino,Op.X,0,-1,0.0,10
fake_torino,Op.X,1,-1,0.9997204899944099,5
fake_torino,Op.X,2,-1,0.9993831399444825,5
fake_torino,Op.X,3,-1,0.999687309996873,5
fake_torino,Op.X,4,-1,0.0,10
fake_torino,Op.X,5,-1,0.999623769984951,5
fake_torino,Op.X,6,-1,0.0,10
fake_torino,Op.X,7,-1,0.9988249296709805,5
fake_torino,Op.X,8,-1,0.9987434195099335,5
fake_torino,Op.X,9,-1,0.0,10
fake_torino,Op.X,10,-1,0.0,10
fake_torino,Op.X,11,-1,0.0,10
fake_torino,Op.X,12,-1,0.0,10
fake_torino,Op.X,13,-1,0.0,10
fake_torino,Op.X,14,-1,0.9988325696030734,5
fake_torino,Op.X,15,-1,0.9990799298067853,5
fake_torino,Op.X,16,-1,0.0,10
fake_torino,Op.X,17,-1,0.9992868599144232,5
fake_torino,Op.X,18,-1,0.0,10
fake_torino,Op.X,19,-1,0.998998779759707,5
fake_torino,Op.X,20,-1,0.999535049972103,5
fake_torino,Op.X,21,-1,0.9986345295903588,5
fake_torino,Op.X,22,-1,0.0,10
fake_torino,Op.X,23,-1,0.0,6
fake_torino,Op.X,24,-1,0.0,10
fake_torino,Op.X,25,-1,0.0,10
fake_torino,Op.X,26,-1,0.0,10
fake_torino,Op.X,27,-1,0.9995468799818751,5
fake_torino,Op.X,28,-1,0.0,10
fake_torino,Op.X,29,-1,0.9996107399883223,5
fake_torino,Op.X,30,-1,0.0,10
fake_torino,Op.X,31,-1,0.9996080999882431,5
fake_torino,Op.X,32,-1,0.9995657599782881,5
fake_torino,Op.X,33,-1,0.99968634,3
fake_torino,Op.X,34,-1,0.9996517899860715,5
fake_torino,Op.X,35,-1,0.9994880899692852,5
fake_torino,Op.X,36,-1,0.0,10
fake_torino,Op.X,37,-1,0.9995456499818258,5
fake_torino,Op.X,38,-1,0.9996148299922964,5
fake_torino,Op.X,39,-1,0.0,10
fake_torino,Op.X,40,-1,0.0,10
fake_torino,Op.X,41,-1,0.0,10
fake_torino,Op.X,42,-1,0.9996671099933422,5
fake_torino,Op.X,43,-1,0.0,10
fake_torino,Op.X,44,-1,0.0,6
fake_torino,Op.X,45,-1,0.0,10
fake_torino,Op.X,46,-1,0.9992634699116164,5
fake_torino,Op.X,47,-1,0.9994379299494135,5
fake_torino,Op.X,48,-1,0.0,10
fake_torino,Op.X,49,-1,0.9996315799889475,5
fake_torino,Op.X,50,-1,0.999514599970876,5
fake_torino,Op.X,51,-1,0.9992652999338771,5
fake_torino,Op.X,52,-1,0.0,10
fake_torino,Op.X,53,-1,0.0,10
fake_torino,Op.X,54,-1,0.9997472299974722,5
fake_torino,Op.X,55,-1,0.9989315798397371,5
fake_torino,Op.X,56,-1,0.9995140099854203,5
fake_torino,Op.X,57,-1,0.0,10
fake_torino,Op.X,58,-1,0.9995112699706762,5
fake_torino,Op.X,59,-1,0.0,10
fake_torino,Op.X,60,-1,0.0,10
fake_torino,Op.X,61,-1,0.0,6
fake_torino,Op.X,62,-1,0.9996024199801212,5
fake_torino,Op.X,63,-1,0.0,10
fake_torino,Op.X,64,-1,0.99976602,5
fake_torino,Op.X,65,-1,0.0,6
fake_torino,Op.X,66,-1,0.0,10
fake_torino,Op.X,67,-1,0.0,10
fake_torino,Op.X,68,-1,0.9993172999112488,5
fake_torino,Op.X,69,-1,0.9995548299821934,5
fake_torino,Op.X,70,-1,0.9990498797909734,5
fake_torino,Op.X,71,-1,0.9994920499898409,5
fake_torino,Op.X,72,-1,0.9996699099933982,5
fake_torino,Op.X,73,-1,0.999600449984018,5
fake_torino,Op.X,74,-1,0.9996128899806445,5
fake_torino,Op.X,75,-1,0.9995949899797496,5
fake_torino,Op.X,76,-1,0.0,10
fake_torino,Op.X,77,-1,0.9997177899915336,5
fake_torino,Op.X,78,-1,0.0,10
fake_torino,Op.X,79,-1,0.9952995700940082,6
fake_torino,Op.X,80,-1,0.9993265699932657,3
fake_torino,Op.X,81,-1,0.9996509899860395,5
fake_torino,Op.X,82,-1,0.9995450799727047,5
fake_torino,Op.X,83,-1,0.998579889474559,5
fake_torino,Op.X,84,-1,0.9989433598309374,5
fake_torino,Op.X,85,-1,0.0,3
fake_torino,Op.X,86,-1,0.0,6
fake_torino,Op.X,87,-1,0.0,10
fake_torino,Op.X,88,-1,0.9995660799826431,5
fake_torino,Op.X,89,-1,0.9995747999787401,5
fake_torino,Op.X,90,-1,0.0,10
fake_torino,Op.X,91,-1,0.99978415,3
fake_torino,Op.X,92,-1,0.9994372099606048,5
fake_torino,Op.X,93,-1,0.9997798399977983,5
fake_torino,Op.X,94,-1,0.0,10
fake_torino,Op.X,95,-1,0.0,10
fake_torino,Op.X,96,-1,0.9997039099940782,5
fake_torino,Op.X,97,-1,0.0,10
fake_torino,Op.X,98,-1,0.999667100003329,3
fake_torino,Op.X,99,-1,0.9996348199853928,5
fake_torino,Op.X,100,-1,0.999731829991955,5
fake_torino,Op.X,101,-1,0.9997046100000001,5
fake_torino,Op.X,102,-1,0.9992832599211587,5
fake_torino,Op.X,103,-1,0.99970064,3
fake_torino,Op.X,104,-1,0.0,10
fake_torino,Op.X,105,-1,0.0,10
fake_torino,Op.X,106,-1,0.9980471197461258,6
fake_torino,Op.X,107,-1,0.0,10
fake_torino,Op.X,108,-1,0.0,10
fake_torino,Op.X,109,-1,0.0,10
fake_torino,Op.X,110,-1,0.9997097899970979,5
fake_torino,Op.X,111,-1,0.9995800799916016,5
fake_torino,Op.X,112,-1,0.9992942899364861,5
fake_torino,Op.X,113,-1,0.9997540200000001,5
fake_torino,Op.X,114,-1,0.0,10
fake_torino,Op.X,115,-1,0.9990167897738615,5
fake_torino,Op.X,116,-1,0.9996940399908211,5
fake_torino,Op.X,117,-1,0.99931342,3
fake_torino,Op.X,118,-1,0.9939268400000002,6
fake_torino,Op.X,119,-1,0.9995664999869951,5
fake_torino,Op.X,120,-1,0.9996063399763806,5
fake_torino,Op.X,121,-1,0.9993559599484767,5
fake_torino,Op.X,122,-1,0.0,10
fake_torino,Op.X,123,-1,0.0,10
fake_torino,Op.X,124,-1,0.9997013399970134,5
fake_torino,Op.X,125,-1,0.9995211899760594,5
fake_torino,Op.X,126,-1,0.0,10
fake_torino,Op.X,127,-1,0.9994247999482319,5
fake_torino,Op.X,128,-1,0.9997134999914049,5
fake_torino,Op.X,129,-1,0.9996881299968813,5
fake_torino,Op.X,130,-1,0.0,10
fake_torino,Op.X,131,-1,0.9996588799829439,5
fake_torino,Op.X,132,-1,0.0,10
fake_torino,Op.MEAS,0,-1,1.6665039,2
fake_torino,Op.MEAS,1,-1,1.95410156,2
fake_torino,Op.MEAS,2,-1,1.9038086,2
fake_torino,Op.MEAS,3,-1,1.96972656,2
fake_torino,Op.MEAS,4,-1,1.8803711,2
fake_torino,Op.MEAS,5,-1,1.98730468,2
fake_torino,Op.MEAS,6,-1,1.96289062,2
fake_torino,Op.MEAS,7,-1,1.96777344,2
fake_torino,Op.MEAS,8,-1,1.9633789,2
fake_torino,Op.MEAS,9,-1,1.94238282,2
fake_torino,Op.MEAS,10,-1,1.90966796,2
fake_torino,Op.MEAS,11,-1,1.98486328,2
fake_torino,Op.MEAS,12,-1,1.7084961,2
fake_torino,Op.MEAS,13,-1,1.97753906,2
fake_torino,Op.MEAS,14,-1,1.9116211,2
fake_torino,Op.MEAS,15,-1,1.96484376,2
fake_torino,Op.MEAS,16,-1,1.95703124,2
fake_torino,Op.MEAS,17,-1,1.97753906,2
fake_torino,Op.MEAS,18,-1,1.98339844,2
fake_torino,Op.MEAS,19,-1,1.48583984,2
fake_torino,Op.MEAS,20,-1,1.96875,2
fake_torino,Op.MEAS,21,-1,1.77832032,2
fake_torino,Op.MEAS,22,-1,1.89257812,2
fake_torino,Op.MEAS,23,-1,1.77978516,2
fake_torino,Op.MEAS,24,-1,1.95800782,2
fake_torino,Op.MEAS,25,-1,1.76074218,2
fake_torino,Op.MEAS,26,-1,1.91748046,2
fake_torino,Op.MEAS,27,-1,1.93896484,2
fake_torino,Op.MEAS,28,-1,1.98730468,2
fake_torino,Op.MEAS,29,-1,1.97607422,2
fake_torino,Op.MEAS,30,-1,1.98925782,2
fake_torino,Op.MEAS,31,-1,1.89941406,2
fake_torino,Op.MEAS,32,-1,1.97558594,2
fake_torino,Op.MEAS,33,-1,1.953125,2
fake_torino,Op.MEAS,34,-1,1.77050782,2
fake_torino,Op.MEAS,35,-1,1.95166016,2
fake_torino,Op.MEAS,36,-1,1.98583984,2
fake_torino,Op.MEAS,37,-1,1.98730468,2
fake_torino,Op.MEAS,38,-1,1.87011718,2
fake_torino,Op.MEAS,39,-1,1.9741211,2
fake_torino,Op.MEAS,40,-1,1.97167968,2
fake_torino,Op.MEAS,41,-1,1.93017578,2
fake_torino,Op.MEAS,42,-1,1.71728516,2
fake_torino,Op.MEAS,43,-1,1.98242188,2
fake_torino,Op.MEAS,44,-1,1.9663086,2
fake_torino,Op.MEAS,45,-1,1.98144532,2
fake_torino,Op.MEAS,46,-1,1.89794922,2
fake_torino,Op.MEAS,47,-1,1.97314454,2
fake_torino,Op.MEAS,48,-1,1.91845704,2
fake_torino,Op.MEAS,49,-1,1.96044922,2
fake_torino,Op.MEAS,50,-1,1.79199218,2
fake_torino,Op.MEAS,51,-1,1.9897461,2
fake_torino,Op.MEAS,52,-1,1.93701172,2
fake_torino,Op.MEAS,53,-1,1.79003906,2
fake_torino,Op.MEAS,54,-1,1.98291016,2
fake_torino,Op.MEAS,55,-1,1.9711914,2
fake_torino,Op.MEAS,56,-1,1.96191406,2
fake_torino,Op.MEAS,57,-1,1.95214844,2
fake_torino,Op.MEAS,58,-1,1.57861328,2
fake_torino,Op.MEAS,59,-1,1.64892578,2
fake_torino,Op.MEAS,60,-1,1.98779296,2
fake_torino,Op.MEAS,61,-1,1.95410156,2
fake_torino,Op.MEAS,62,-1,1.97607422,2
fake_torino,Op.MEAS,63,-1,1.91894532,2
fake_torino,Op.MEAS,64,-1,1.82666016,2
fake_torino,Op.MEAS,65,-1,1.97021484,2
fake_torino,Op.MEAS,66,-1,1.98828124,2
fake_torino,Op.MEAS,67,-1,1.92773438,2
fake_torino,Op.MEAS,68,-1,1.98583984,2
fake_torino,Op.MEAS,69,-1,1.92675782,2
fake_torino,Op.MEAS,70,-1,1.91992188,2
fake_torino,Op.MEAS,71,-1,1.92675782,2
fake_torino,Op.MEAS,72,-1,1.98046876,2
fake_torino,Op.MEAS,73,-1,1.97998046,2
fake_torino,Op.MEAS,74,-1,1.84960938,2
fake_torino,Op.MEAS,75,-1,1.984375,2
fake_torino,Op.MEAS,76,-1,1.7836914,2
fake_torino,Op.MEAS,77,-1,1.96875,2
fake_torino,Op.MEAS,78,-1,1.90136718,2
fake_torino,Op.MEAS,79,-1,1.93603516,2
fake_torino,Op.MEAS,80,-1,1.95410156,2
fake_torino,Op.MEAS,81,-1,1.98925782,2
fake_torino,Op.MEAS,82,-1,1.89208984,2
fake_torino,Op.MEAS,83,-1,1.96240234,2
fake_torino,Op.MEAS,84,-1,1.83642578,2
fake_torino,Op.MEAS,85,-1,1.9428711,2
fake_torino,Op.MEAS,86,-1,0.8696289,2
fake_torino,Op.MEAS,87,-1,1.98730468,2
fake_torino,Op.MEAS,88,-1,1.90722656,2
fake_torino,Op.MEAS,89,-1,1.97509766,2
fake_torino,Op.MEAS,90,-1,1.6352539,2
fake_torino,Op.MEAS,91,-1,1.97265624,2
fake_torino,Op.MEAS,92,-1,1.9819336,2
fake_torino,Op.MEAS,93,-1,1.98144532,2
fake_torino,Op.MEAS,94,-1,1.98046876,2
fake_torino,Op.MEAS,95,-1,1.96435546,2
fake_torino,Op.MEAS,96,-1,1.96679688,2
fake_torino,Op.MEAS,97,-1,1.46923828,2
fake_torino,Op.MEAS,98,-1,1.96191406,2
fake_torino,Op.MEAS,99,-1,1.98095704,2
fake_torino,Op.MEAS,100,-1,1.9321289,2
fake_torino,Op.MEAS,101,-1,1.90527344,2
fake_torino,Op.MEAS,102,-1,1.97607422,2
fake_torino,Op.MEAS,103,-1,1.96777344,2
fake_torino,Op.MEAS,104,-1,1.94921876,2
fake_torino,Op.MEAS,105,-1,1.7241211,2
fake_torino,Op.MEAS,106,-1,1.92919922,2
fake_torino,Op.MEAS,107,-1,1.96044922,2
fake_torino,Op.MEAS,108,-1,1.984375,2
fake_torino,Op.MEAS,109,-1,1.92138672,2
fake_torino,Op.MEAS,110,-1,1.98046876,2
fake_torino,Op.MEAS,111,-1,1.97802734,2
fake_torino,Op.MEAS,112,-1,1.96826172,2
fake_torino,Op.MEAS,113,-1,1.91894532,2
fake_torino,Op.MEAS,114,-1,1.87304688,2
fake_torino,Op.MEAS,115,-1,1.94189454,2
fake_torino,Op.MEAS,116,-1,1.93603516,2
fake_torino,Op.MEAS,117,-1,1.93798828,2
fake_torino,Op.MEAS,118,-1,1.74853516,2
fake_torino,Op.MEAS,119,-1,1.97607422,2
fake_torino,Op.MEAS,120,-1,1.87011718,2
fake_torino,Op.MEAS,121,-1,1.90917968,2
fake_torino,Op.MEAS,122,-1,1.79052734,2
fake_torino,Op.MEAS,123,-1,1.95898438,2
fake_torino,Op.MEAS,124,-1,1.75585938,2
fake_torino,Op.MEAS,125,-1,1.94628906,2
fake_torino,Op.MEAS,126,-1,1.89160156,2
fake_torino,Op.MEAS,127,-1,1.97070312,2
fake_torino,Op.MEAS,128,-1,1.87597656,2
fake_torino,Op.MEAS,129,-1,1.97802734,2
fake_torino,Op.MEAS,130,-1,1.97216796,2
fake_torino,Op.MEAS,131,-1,1.984375,2
fake_torino,Op.MEAS,132,-1,1.97021484,2
fake_valencia,Op.CNOT,1,0,0.9894969486346036,33
fake_valencia,Op.CNOT,0,1,0.9893151057260418,21
fake_valencia,Op.CNOT,2,1,0.9846850586216576,33
fake_valencia,Op.CNOT,3,1,0.983185310168147,9
fake_valencia,Op.CNOT,1,2,0.9848344368152324,33
fake_valencia,Op.CNOT,1,3,0.982089860179101,9
fake_valencia,Op.CNOT,4,3,0.0,60
fake_valencia,Op.CNOT,3,4,0.0,60
fake_valencia,Op.SX,0,-1,0.9991454399059984,5
fake_valencia,Op.SX,1,-1,0.9994034800059652,3
fake_valencia,Op.SX,2,-1,0.9986373795230828,5
fake_valencia,Op.SX,3,-1,0.9991086898395644,5
fake_valencia,Op.SX,4,-1,0.0,10
fake_valencia,Op.X,0,-1,0.9991454399059984,5
fake_valencia,Op.X,1,-1,0.9994034800059652,3
fake_valencia,Op.X,2,-1,0.9986373795230828,5
fake_valencia,Op.X,3,-1,0.9991086898395644,5
fake_valencia,Op.X,4,-1,0.0,10
fake_valencia,Op.MEAS,0,-1,1.9304,2
fake_valencia,Op.MEAS,1,-1,1.9532,2
fake_valencia,Op.MEAS,2,-1,1.9042,2
fake_valencia,Op.MEAS,3,-1,1.9394,2
fake_valencia,Op.MEAS,4,-1,1.8916,2
fake_johannesburg,Op.U3,0,-1,0.99744977,3
fake_johannesburg,Op.U3,1,-1,0.99691618,3
fake_johannesburg,Op.U3,2,-1,0.99676002,3
fake_johannesburg,Op.U3,3,-1,0.99685467,3
fake_johannesburg,Op.U3,4,-1,0.99725527,3
fake_johannesburg,Op.U3,5,-1,0.9955840399558404,3
fake_johannesburg,Op.U3,6,-1,0.9957388200852234,6
fake_johannesburg,Op.U3,7,-1,0.9961163699611637,3
fake_johannesburg,Op.U3,8,-1,0.9919203300807967,3
fake_johannesburg,Op.U3,9,-1,0.99654429,3
fake_johannesburg,Op.U3,10,-1,0.9948270500517296,3
fake_johannesburg,Op.U3,11,-1,0.99689286,3
fake_johannesburg,Op.U3,12,-1,0.9974866,3
fake_johannesburg,Op.U3,13,-1,0.9965695,3
fake_johannesburg,Op.U3,14,-1,0.99607572,3
fake_johannesburg,Op.U3,15,-1,0.99732215,3
fake_johannesburg,Op.U3,16,-1,0.9971940294388061,5
fake_johannesburg,Op.U3,17,-1,0.99673803,3
fake_johannesburg,Op.U3,18,-1,0.99705952,3
fake_johannesburg,Op.U3,19,-1,0.9974846091699209,5
fake_johannesburg,Op.CNOT,1,0,0.97606081,9
fake_johannesburg,Op.CNOT,5,0,0.9644950603550493,9
fake_johannesburg,Op.CNOT,0,1,0.9788107300000001,9
fake_johannesburg,Op.CNOT,2,1,0.9519428304805717,9
fake_johannesburg,Op.CNOT,1,2,0.9549428495494285,9
fake_johannesburg,Op.CNOT,3,2,0.92243293,9
fake_johannesburg,Op.CNOT,2,3,0.9253514600000001,9
fake_johannesburg,Op.CNOT,4,3,0.9535129099999998,9
fake_johannesburg,Op.CNOT,3,4,0.95072785,9
fake_johannesburg,Op.CNOT,9,4,0.9629560296295602,9
fake_johannesburg,Op.CNOT,0,5,0.9678387993567761,9
fake_johannesburg,Op.CNOT,6,5,0.9654945778639505,21
fake_johannesburg,Op.CNOT,10,5,0.9362520406374797,9
fake_johannesburg,Op.CNOT,5,6,0.965804588540222,33
fake_johannesburg,Op.CNOT,7,6,0.9392234200000001,9
fake_johannesburg,Op.CNOT,6,7,0.940960913249188,33
fake_johannesburg,Op.CNOT,8,7,0.9397690393976903,9
fake_johannesburg,Op.CNOT,12,7,0.9568681700000001,9
fake_johannesburg,Op.CNOT,7,8,0.94536894,9
fake_johannesburg,Op.CNOT,9,8,0.92907225,9
fake_johannesburg,Op.CNOT,4,9,0.9659283796592838,9
fake_johannesburg,Op.CNOT,8,9,0.9343871706561283,9
fake_johannesburg,Op.CNOT,14,9,0.9050472,9
fake_johannesburg,Op.CNOT,5,10,0.931832100681679,9
fake_johannesburg,Op.CNOT,11,10,0.9658508200000001,9
fake_johannesburg,Op.CNOT,15,10,0.9408126805918731,9
fake_johannesburg,Op.CNOT,10,11,0.9618819399999998,9
fake_johannesburg,Op.CNOT,12,11,0.9625866496258665,9
fake_johannesburg,Op.CNOT,7,12,0.9538266900000001,9
fake_johannesburg,Op.CNOT,11,12,0.9599042495990424,9
fake_johannesburg,Op.CNOT,13,12,0.9713162302868378,9
fake_johannesburg,Op.CNOT,12,13,0.97419761,9
fake_johannesburg,Op.CNOT,14,13,0.8562360185623602,9
fake_johannesburg,Op.CNOT,9,14,0.9083456799999998,9
fake_johannesburg,Op.CNOT,13,14,0.8593254200000001,9
fake_johannesburg,Op.CNOT,19,14,0.9593979704060204,9
fake_johannesburg,Op.CNOT,10,15,0.9444761305552388,9
fake_johannesburg,Op.CNOT,16,15,0.9692755698609378,33
fake_johannesburg,Op.CNOT,15,16,0.968598510314015,9
fake_johannesburg,Op.CNOT,17,16,0.9635377900000001,9
fake_johannesburg,Op.CNOT,16,17,0.9664205,9
fake_johannesburg,Op.CNOT,18,17,0.9104883,9
fake_johannesburg,Op.CNOT,17,18,0.9077055190770552,9
fake_johannesburg,Op.CNOT,19,18,0.9521908195219083,9
fake_johannesburg,Op.CNOT,14,19,0.9623181599999998,9
fake_johannesburg,Op.CNOT,18,19,0.95461286,9
fake_johannesburg,Op.U2,0,-1,0.99872381,3
fake_johannesburg,Op.U2,1,-1,0.9984566200154338,3
fake_johannesburg,Op.U2,2,-1,0.99837824,3
fake_johannesburg,Op.U2,3,-1,0.99842574,3
fake_johannesburg,Op.U2,4,-1,0.99862628,3
fake_johannesburg,Op.U2,5,-1,0.99778822,3
fake_johannesburg,Op.U2,6,-1,0.9978680700213192,6
fake_johannesburg,Op.U2,7,-1,0.9980558700000001,3
fake_johannesburg,Op.U2,8,-1,0.9959489999594899,3
fake_johannesburg,Op.U2,9,-1,0.9982699899826999,3
fake_johannesburg,Op.U2,10,-1,0.99740875,3
fake_johannesburg,Op.U2,11,-1,0.99844466,3
fake_johannesburg,Op.U2,12,-1,0.99874217,3
fake_johannesburg,Op.U2,13,-1,0.99828275,3
fake_johannesburg,Op.U2,14,-1,0.99803545,3
fake_johannesburg,Op.U2,15,-1,0.99865992,3
fake_johannesburg,Op.U2,16,-1,0.99859639992982,5
fake_johannesburg,Op.U2,17,-1,0.99836734,3
fake_johannesburg,Op.U2,18,-1,0.99852827,3
fake_johannesburg,Op.U2,19,-1,0.998741839748368,5
fake_johannesburg,Op.MEAS,0,-1,1.9332,2
fake_johannesburg,Op.MEAS,1,-1,1.8266,2
fake_johannesburg,Op.MEAS,2,-1,1.8148,2
fake_johannesburg,Op.MEAS,3,-1,1.847,2
fake_johannesburg,Op.MEAS,4,-1,1.8638,2
fake_johannesburg,Op.MEAS,5,-1,1.8598,2
fake_johannesburg,Op.MEAS,6,-1,1.8656,2
fake_johannesburg,Op.MEAS,7,-1,1.965,2
fake_johannesburg,Op.MEAS,8,-1,1.8196,2
fake_johannesburg,Op.MEAS,9,-1,1.806,2
fake_johannesburg,Op.MEAS,10,-1,1.8552,2
fake_johannesburg,Op.MEAS,11,-1,1.7974,2
fake_johannesburg,Op.MEAS,12,-1,1.8232,2
fake_johannesburg,Op.MEAS,13,-1,1.947,2
fake_johannesburg,Op.MEAS,14,-1,1.7654,2
fake_johannesburg,Op.MEAS,15,-1,1.8712,2
fake_johannesburg,Op.MEAS,16,-1,1.6546,2
fake_johannesburg,Op.MEAS,17,-1,1.8638,2
fake_johannesburg,Op.MEAS,18,-1,1.6644,2
fake_johannesburg,Op.MEAS,19,-1,1.7916,2
fake_perth,Op.X,0,-1,0.0,10
fake_perth,Op.X,1,-1,0.9993771899688594,5
fake_perth,Op.X,2,-1,0.999357379929312,5
fake_perth,Op.X,3,-1,0.0,10
fake_perth,Op.X,4,-1,0.0,10
fake_perth,Op.X,5,-1,0.0,10
fake_perth,Op.X,6,-1,0.0,10
fake_perth,Op.RESET,0,-1,0.0,3
fake_perth,Op.RESET,1,-1,0.98861422,3
fake_perth,Op.RESET,2,-1,0.9906864899068649,3
fake_perth,Op.RESET,3,-1,0.0,3
fake_perth,Op.RESET,4,-1,0.0,3
fake_perth,Op.RESET,5,-1,0.0,3
fake_perth,Op.RESET,6,-1,0.0,3
fake_perth,Op.SX,0,-1,0.0,10
fake_perth,Op.SX,1,-1,0.9993771899688594,5
fake_perth,Op.SX,2,-1,0.999357379929312,5
fake_perth,Op.SX,3,-1,0.0,10
fake_perth,Op.SX,4,-1,0.0,10
fake_perth,Op.SX,5,-1,0.0,10
fake_perth,Op.SX,6,-1,0.0,10
fake_perth,Op.CNOT,1,0,0.0,43
fake_perth,Op.CNOT,0,1,0.0,9
fake_perth,Op.CNOT,2,1,0.98389721,9
fake_perth,Op.CNOT,3,1,0.0,43
fake_perth,Op.CNOT,1,2,0.9847841801521582,9
fake_perth,Op.CNOT,1,3,0.0,60
fake_perth,Op.CNOT,5,3,0.0,100
fake_perth,Op.CNOT,5,4,0.0,100
fake_perth,Op.CNOT,3,5,0.0,100
fake_perth,Op.CNOT,4,5,0.0,100
fake_perth,Op.CNOT,6,5,0.0,100
fake_perth,Op.CNOT,5,6,0.0,100
fake_perth,Op.MEAS,0,-1,1.9426,2
fake_perth,Op.MEAS,1,-1,1.9492,2
fake_perth,Op.MEAS,2,-1,1.9348,2
fake_perth,Op.MEAS,3,-1,1.942,2
fake_perth,Op.MEAS,4,-1,1.9384,2
fake_perth,Op.MEAS,5,-1,1.9138,2
fake_perth,Op.MEAS,6,-1,1.961,2
fake_lagos,Op.X,0,-1,0.9993448600065515,3
fake_lagos,Op.X,1,-1,0.0,10
fake_lagos,Op.X,2,-1,0.9994869299692158,5
fake_lagos,Op.X,3,-1,0.9994841799793673,5
fake_lagos,Op.X,4,-1,0.9990958200000001,3
fake_lagos,Op.X,5,-1,0.9994547199727362,5
fake_lagos,Op.X,6,-1,0.9996351299817564,5
fake_lagos,Op.RESET,0,-1,0.98022164,3
fake_lagos,Op.RESET,1,-1,0.0,3
fake_lagos,Op.RESET,2,-1,0.98843706,3
fake_lagos,Op.RESET,3,-1,0.98952266,3
fake_lagos,Op.RESET,4,-1,0.9728325397283255,3
fake_lagos,Op.RESET,5,-1,0.98967409,3
fake_lagos,Op.RESET,6,-1,0.99279401,3
fake_lagos,Op.SX,0,-1,0.9993448600065515,3
fake_lagos,Op.SX,1,-1,0.0,10
fake_lagos,Op.SX,2,-1,0.9994869299692158,5
fake_lagos,Op.SX,3,-1,0.9994841799793673,5
fake_lagos,Op.SX,4,-1,0.9990958200000001,3
fake_lagos,Op.SX,5,-1,0.9994547199727362,5
fake_lagos,Op.SX,6,-1,0.9996351299817564,5
fake_lagos,Op.CNOT,1,0,0.0,9
fake_lagos,Op.CNOT,0,1,0.0,9
fake_lagos,Op.CNOT,2,1,0.0,60
fake_lagos,Op.CNOT,3,1,0.0,60
fake_lagos,Op.CNOT,1,2,0.0,60
fake_lagos,Op.CNOT,1,3,0.0,60
fake_lagos,Op.CNOT,5,3,0.95920799557247,33
fake_lagos,Op.CNOT,5,4,0.98631832,9
fake_lagos,Op.CNOT,3,5,0.9590386180061568,33
fake_lagos,Op.CNOT,4,5,0.9876499698764998,9
fake_lagos,Op.CNOT,6,5,0.9736768752618373,33
fake_lagos,Op.CNOT,5,6,0.9735300665589104,33
fake_lagos,Op.MEAS,0,-1,1.662,2
fake_lagos,Op.MEAS,1,-1,1.7276,2
fake_lagos,Op.MEAS,2,-1,1.0724,2
fake_lagos,Op.MEAS,3,-1,1.9666,2
fake_lagos,Op.MEAS,4,-1,1.9416,2
fake_lagos,Op.MEAS,5,-1,1.4762,2
fake_lagos,Op.MEAS,6,-1,1.304,2
fake_nairobi,Op.X,0,-1,0.9986758,3
fake_nairobi,Op.X,1,-1,0.0,10
fake_nairobi,Op.X,2,-1,0.9996311099889335,5
fake_nairobi,Op.X,3,-1,0.0,10
fake_nairobi,Op.X,4,-1,0.9991350898616145,5
fake_nairobi,Op.X,5,-1,0.99830557,3
fake_nairobi,Op.X,6,-1,0.0,10
fake_nairobi,Op.RESET,0,-1,0.8203388117966119,3
fake_nairobi,Op.RESET,1,-1,0.0,3
fake_nairobi,Op.RESET,2,-1,0.95790119,3
fake_nairobi,Op.RESET,3,-1,0.0,3
fake_nairobi,Op.RESET,4,-1,0.953441399534414,3
fake_nairobi,Op.RESET,5,-1,0.78063756,3
fake_nairobi,Op.RESET,6,-1,0.0,3
fake_nairobi,Op.SX,0,-1,0.9986758,3
fake_nairobi,Op.SX,1,-1,0.0,10
fake_nairobi,Op.SX,2,-1,0.9996311099889335,5
fake_nairobi,Op.SX,3,-1,0.0,10
fake_nairobi,Op.SX,4,-1,0.9991350898616145,5
fake_nairobi,Op.SX,5,-1,0.99830557,3
fake_nairobi,Op.SX,6,-1,0.0,10
fake_nairobi,Op.CNOT,1,0,0.0,43
fake_nairobi,Op.CNOT,0,1,0.0,9
fake_nairobi,Op.CNOT,2,1,0.0,60
fake_nairobi,Op.CNOT,3,1,0.0,100
fake_nairobi,Op.CNOT,1,2,0.0,60
fake_nairobi,Op.CNOT,1,3,0.0,100
fake_nairobi,Op.CNOT,5,3,0.0,9
fake_nairobi,Op.CNOT,5,4,0.98261707,9
fake_nairobi,Op.CNOT,3,5,0.0,9
fake_nairobi,Op.CNOT,4,5,0.9845710201542899,9
fake_nairobi,Op.CNOT,6,5,0.0,9
fake_nairobi,Op.CNOT,5,6,0.0,9
fake_nairobi,Op.MEAS,0,-1,1.884,2
fake_nairobi,Op.MEAS,1,-1,1.9602,2
fake_nairobi,Op.MEAS,2,-1,1.9614,2
fake_nairobi,Op.MEAS,3,-1,1.9554,2
fake_nairobi,Op.MEAS,4,-1,1.9634,2
fake_nairobi,Op.MEAS,5,-1,1.955,2
fake_nairobi,Op.MEAS,6,-1,1.9484,2
fake_hanoi,Op.X,0,-1,0.0,10
fake_hanoi,Op.X,1,-1,0.99972279,5
fake_hanoi,Op.X,2,-1,0.0,6
fake_hanoi,Op.X,3,-1,0.99921324,3
fake_hanoi,Op.X,4,-1,0.99909079,3
fake_hanoi,Op.X,5,-1,0.0,6
fake_hanoi,Op.X,6,-1,0.9994792699739635,5
fake_hanoi,Op.X,7,-1,0.0,10
fake_hanoi,Op.X,8,-1,0.0,10
fake_hanoi,Op.X,9,-1,0.0,10
fake_hanoi,Op.X,10,-1,0.0,6
fake_hanoi,Op.X,11,-1,0.0,6
fake_hanoi,Op.X,12,-1,0.9996510499895315,5
fake_hanoi,Op.X,13,-1,0.0,6
fake_hanoi,Op.X,14,-1,0.9992585899925859,3
fake_hanoi,Op.X,15,-1,0.9986717294819746,5
fake_hanoi,Op.X,16,-1,0.0,10
fake_hanoi,Op.X,17,-1,0.9995148799757441,5
fake_hanoi,Op.X,18,-1,0.9992204398908617,5
fake_hanoi,Op.X,19,-1,0.0,10
fake_hanoi,Op.X,20,-1,0.99966373,5
fake_hanoi,Op.X,21,-1,0.99941543,3
fake_hanoi,Op.X,22,-1,0.9993975699457811,5
fake_hanoi,Op.X,23,-1,0.0,10
fake_hanoi,Op.X,24,-1,0.99964738,3
fake_hanoi,Op.X,25,-1,0.9996699300000002,5
fake_hanoi,Op.X,26,-1,0.99936238,3
fake_hanoi,Op.RESET,0,-1,0.0,3
fake_hanoi,Op.RESET,1,-1,0.99279432,3
fake_hanoi,Op.RESET,2,-1,0.0,2
fake_hanoi,Op.RESET,3,-1,0.97941259,3
fake_hanoi,Op.RESET,4,-1,0.9763155002368449,3
fake_hanoi,Op.RESET,5,-1,0.0,2
fake_hanoi,Op.RESET,6,-1,0.98845576,3
fake_hanoi,Op.RESET,7,-1,0.0,3
fake_hanoi,Op.RESET,8,-1,0.0,3
fake_hanoi,Op.RESET,9,-1,0.0,3
fake_hanoi,Op.RESET,10,-1,0.0,2
fake_hanoi,Op.RESET,11,-1,0.0,2
fake_hanoi,Op.RESET,12,-1,0.9954597899545978,3
fake_hanoi,Op.RESET,13,-1,0.0,2
fake_hanoi,Op.RESET,14,-1,0.9806159900000001,3
fake_hanoi,Op.RESET,15,-1,0.9760406500000001,3
fake_hanoi,Op.RESET,16,-1,0.0,3
fake_hanoi,Op.RESET,17,-1,0.9900999,3
fake_hanoi,Op.RESET,18,-1,0.99364568,3
fake_hanoi,Op.RESET,19,-1,0.0,3
fake_hanoi,Op.RESET,20,-1,0.99155103,3
fake_hanoi,Op.RESET,21,-1,0.9846436598464366,3
fake_hanoi,Op.RESET,22,-1,0.99496177,3
fake_hanoi,Op.RESET,23,-1,0.0,3
fake_hanoi,Op.RESET,24,-1,0.9906851,3
fake_hanoi,Op.RESET,25,-1,0.99232208,3
fake_hanoi,Op.RESET,26,-1,0.9832571,3
fake_hanoi,Op.SX,0,-1,0.0,10
fake_hanoi,Op.SX,1,-1,0.99972279,5
fake_hanoi,Op.SX,2,-1,0.0,6
fake_hanoi,Op.SX,3,-1,0.99921324,3
fake_hanoi,Op.SX,4,-1,0.99909079,3
fake_hanoi,Op.SX,5,-1,0.0,6
fake_hanoi,Op.SX,6,-1,0.9994792699739635,5
fake_hanoi,Op.SX,7,-1,0.0,10
fake_hanoi,Op.SX,8,-1,0.0,10
fake_hanoi,Op.SX,9,-1,0.0,10
fake_hanoi,Op.SX,10,-1,0.0,6
fake_hanoi,Op.SX,11,-1,0.0,6
fake_hanoi,Op.SX,12,-1,0.9996510499895315,5
fake_hanoi,Op.SX,13,-1,0.0,6
fake_hanoi,Op.SX,14,-1,0.9992585899925859,3
fake_hanoi,Op.SX,15,-1,0.9986717294819746,5
fake_hanoi,Op.SX,16,-1,0.0,10
fake_hanoi,Op.SX,17,-1,0.9995148799757441,5
fake_hanoi,Op.SX,18,-1,0.9992204398908617,5
fake_hanoi,Op.SX,19,-1,0.0,10
fake_hanoi,Op.SX,20,-1,0.99966373,5
fake_hanoi,Op.SX,21,-1,0.99941543,3
fake_hanoi,Op.SX,22,-1,0.9993975699457811,5
fake_hanoi,Op.SX,23,-1,0.0,10
fake_hanoi,Op.SX,24,-1,0.99964738,3
fake_hanoi,Op.SX,25,-1,0.9996699300000002,5
fake_hanoi,Op.SX,26,-1,0.99936238,3
fake_hanoi,Op.CNOT,1,0,0.0,60
fake_hanoi,Op.CNOT,0,1,0.0,60
fake_hanoi,Op.CNOT,2,1,0.0,36
fake_hanoi,Op.CNOT,4,1,0.9933318299333183,9
fake_hanoi,Op.CNOT,1,2,0.0,36
fake_hanoi,Op.CNOT,3,2,0.0,36
fake_hanoi,Op.CNOT,2,3,0.0,36
fake_hanoi,Op.CNOT,5,3,0.0,6
fake_hanoi,Op.CNOT,1,4,0.9909931599099314,9
fake_hanoi,Op.CNOT,7,4,0.0,60
fake_hanoi,Op.CNOT,3,5,0.0,36
fake_hanoi,Op.CNOT,8,5,0.0,58
fake_hanoi,Op.CNOT,7,6,0.0,60
fake_hanoi,Op.CNOT,4,7,0.0,60
fake_hanoi,Op.CNOT,6,7,0.0,60
fake_hanoi,Op.CNOT,10,7,0.0,60
fake_hanoi,Op.CNOT,5,8,0.0,60
fake_hanoi,Op.CNOT,9,8,0.0,100
fake_hanoi,Op.CNOT,11,8,0.0,60
fake_hanoi,Op.CNOT,8,9,0.0,100
fake_hanoi,Op.CNOT,7,10,0.0,60
fake_hanoi,Op.CNOT,12,10,0.0,36
fake_hanoi,Op.CNOT,8,11,0.0,60
fake_hanoi,Op.CNOT,14,11,0.0,6
fake_hanoi,Op.CNOT,10,12,0.0,36
fake_hanoi,Op.CNOT,13,12,0.0,6
fake_hanoi,Op.CNOT,15,12,0.9844479436236557,33
fake_hanoi,Op.CNOT,12,13,0.0,6
fake_hanoi,Op.CNOT,14,13,0.0,6
fake_hanoi,Op.CNOT,11,14,0.0,6
fake_hanoi,Op.CNOT,13,14,0.0,6
fake_hanoi,Op.CNOT,16,14,0.0,60
fake_hanoi,Op.CNOT,12,15,0.9845798924441486,33
fake_hanoi,Op.CNOT,18,15,0.9690129561399754,33
fake_hanoi,Op.CNOT,14,16,0.0,60
fake_hanoi,Op.CNOT,19,16,0.0,100
fake_hanoi,Op.CNOT,18,17,0.9879742427845448,33
fake_hanoi,Op.CNOT,15,18,0.9691604899543161,33
fake_hanoi,Op.CNOT,17,18,0.98783411355208,33
fake_hanoi,Op.CNOT,21,18,0.9936493747289805,21
fake_hanoi,Op.CNOT,16,19,0.0,100
fake_hanoi,Op.CNOT,20,19,0.0,60
fake_hanoi,Op.CNOT,22,19,0.0,60
fake_hanoi,Op.CNOT,19,20,0.0,60
fake_hanoi,Op.CNOT,18,21,0.99215593,9
fake_hanoi,Op.CNOT,23,21,0.0,9
fake_hanoi,Op.CNOT,19,22,0.0,60
fake_hanoi,Op.CNOT,25,22,0.9910612349049047,33
fake_hanoi,Op.CNOT,21,23,0.0,9
fake_hanoi,Op.CNOT,24,23,0.0,60
fake_hanoi,Op.CNOT,23,24,0.0,60
fake_hanoi,Op.CNOT,25,24,0.9787851849084438,33
fake_hanoi,Op.CNOT,22,25,0.9911597346958424,33
fake_hanoi,Op.CNOT,24,25,0.9786799780607871,33
fake_hanoi,Op.CNOT,26,25,0.9925047200000001,9
fake_hanoi,Op.CNOT,25,26,0.9929282958984107,33
fake_hanoi,Op.MEAS,0,-1,1.9848,2
fake_hanoi,Op.MEAS,1,-1,1.9796,2
fake_hanoi,Op.MEAS,2,-1,1.9846,2
fake_hanoi,Op.MEAS,3,-1,1.9812,2
fake_hanoi,Op.MEAS,4,-1,1.9834,2
fake_hanoi,Op.MEAS,5,-1,1.9868,2
fake_hanoi,Op.MEAS,6,-1,1.9592,2
fake_hanoi,Op.MEAS,7,-1,1.9806,2
fake_hanoi,Op.MEAS,8,-1,1.9764,2
fake_hanoi,Op.MEAS,9,-1,1.974,2
fake_hanoi,Op.MEAS,10,-1,1.9516,2
fake_hanoi,Op.MEAS,11,-1,1.916,2
fake_hanoi,Op.MEAS,12,-1,1.9584,2
fake_hanoi,Op.MEAS,13,-1,1.8982,2
fake_hanoi,Op.MEAS,14,-1,1.9846,2
fake_hanoi,Op.MEAS,15,-1,1.922,2
fake_hanoi,Op.MEAS,16,-1,1.9822,2
fake_hanoi,Op.MEAS,17,-1,1.9516,2
fake_hanoi,Op.MEAS,18,-1,1.966,2
fake_hanoi,Op.MEAS,19,-1,1.9874,2
fake_hanoi,Op.MEAS,20,-1,1.989,2
fake_hanoi,Op.MEAS,21,-1,1.8314,2
fake_hanoi,Op.MEAS,22,-1,1.9736,2
fake_hanoi,Op.MEAS,23,-1,1.9686,2
fake_hanoi,Op.MEAS,24,-1,1.9866,2
fake_hanoi,Op.MEAS,25,-1,1.9816,2
fake_hanoi,Op.MEAS,26,-1,1.984,2
fake_cairo,Op.X,0,-1,0.0,6
fake_cairo,Op.X,1,-1,0.9996376599891298,5
fake_cairo,Op.X,2,-1,0.99965212,5
fake_cairo,Op.X,3,-1,0.0,2
fake_cairo,Op.X,4,-1,0.9992578900074212,3
fake_cairo,Op.X,5,-1,0.9987986995795449,5
fake_cairo,Op.X,6,-1,0.0,10
fake_cairo,Op.X,7,-1,0.0,10
fake_cairo,Op.X,8,-1,0.9994493099614518,5
fake_cairo,Op.X,9,-1,0.9967139700000001,6
fake_cairo,Op.X,10,-1,0.9990558299905583,3
fake_cairo,Op.X,11,-1,0.0,10
fake_cairo,Op.X,12,-1,0.0,10
fake_cairo,Op.X,13,-1,0.99946786,3
fake_cairo,Op.X,14,-1,0.0,10
fake_cairo,Op.X,15,-1,0.9996347899926957,5
fake_cairo,Op.X,16,-1,0.0,6
fake_cairo,Op.X,17,-1,0.9992604599038597,5
fake_cairo,Op.X,18,-1,0.9995553300000001,3
fake_cairo,Op.X,19,-1,0.98933227,6
fake_cairo,Op.X,20,-1,0.99732533,6
fake_cairo,Op.X,21,-1,0.9995006399700386,5
fake_cairo,Op.X,22,-1,0.0,10
fake_cairo,Op.X,23,-1,0.0,10
fake_cairo,Op.X,24,-1,0.0,10
fake_cairo,Op.X,25,-1,0.0,6
fake_cairo,Op.X,26,-1,0.9950026299500261,6
fake_cairo,Op.RESET,0,-1,0.0,2
fake_cairo,Op.RESET,1,-1,0.9900980900990192,3
fake_cairo,Op.RESET,2,-1,0.9873457498734575,3
fake_cairo,Op.RESET,3,-1,0.0,2
fake_cairo,Op.RESET,4,-1,0.97444471,3
fake_cairo,Op.RESET,5,-1,0.97818906,3
fake_cairo,Op.RESET,6,-1,0.0,3
fake_cairo,Op.RESET,7,-1,0.0,3
fake_cairo,Op.RESET,8,-1,0.98480411,3
fake_cairo,Op.RESET,9,-1,0.984450489844505,3
fake_cairo,Op.RESET,10,-1,0.9652427496524274,3
fake_cairo,Op.RESET,11,-1,0.0,3
fake_cairo,Op.RESET,12,-1,0.0,3
fake_cairo,Op.RESET,13,-1,0.98184981,3
fake_cairo,Op.RESET,14,-1,0.0,3
fake_cairo,Op.RESET,15,-1,0.99179989,3
fake_cairo,Op.RESET,16,-1,0.0,2
fake_cairo,Op.RESET,17,-1,0.9876619400000001,3
fake_cairo,Op.RESET,18,-1,0.9853288,3
fake_cairo,Op.RESET,19,-1,0.92942597,3
fake_cairo,Op.RESET,20,-1,0.97130734,3
fake_cairo,Op.RESET,21,-1,0.9871627901283722,3
fake_cairo,Op.RESET,22,-1,0.0,3
fake_cairo,Op.RESET,23,-1,0.0,3
fake_cairo,Op.RESET,24,-1,0.0,3
fake_cairo,Op.RESET,25,-1,0.0,2
fake_cairo,Op.RESET,26,-1,0.9650355896503559,3
fake_cairo,Op.SX,0,-1,0.0,6
fake_cairo,Op.SX,1,-1,0.9996376599891298,5
fake_cairo,Op.SX,2,-1,0.99965212,5
fake_cairo,Op.SX,3,-1,0.0,2
fake_cairo,Op.SX,4,-1,0.9992578900074212,3
fake_cairo,Op.SX,5,-1,0.9987986995795449,5
fake_cairo,Op.SX,6,-1,0.0,10
fake_cairo,Op.SX,7,-1,0.0,10
fake_cairo,Op.SX,8,-1,0.9994493099614518,5
fake_cairo,Op.SX,9,-1,0.9967139700000001,6
fake_cairo,Op.SX,10,-1,0.9990558299905583,3
fake_cairo,Op.SX,11,-1,0.0,10
fake_cairo,Op.SX,12,-1,0.0,10
fake_cairo,Op.SX,13,-1,0.99946786,3
fake_cairo,Op.SX,14,-1,0.0,10
fake_cairo,Op.SX,15,-1,0.9996347899926957,5
fake_cairo,Op.SX,16,-1,0.0,6
fake_cairo,Op.SX,17,-1,0.9992604599038597,5
fake_cairo,Op.SX,18,-1,0.9995553300000001,3
fake_cairo,Op.SX,19,-1,0.98933227,6
fake_cairo,Op.SX,20,-1,0.99732533,6
fake_cairo,Op.SX,21,-1,0.9995006399700386,5
fake_cairo,Op.SX,22,-1,0.0,10
fake_cairo,Op.SX,23,-1,0.0,10
fake_cairo,Op.SX,24,-1,0.0,10
fake_cairo,Op.SX,25,-1,0.0,6
fake_cairo,Op.SX,26,-1,0.9950026299500261,6
fake_cairo,Op.CNOT,5,3,0.0,6
fake_cairo,Op.CNOT,8,5,0.9901318102960457,33
fake_cairo,Op.CNOT,12,10,0.0,9
fake_cairo,Op.CNOT,14,13,0.0,60
fake_cairo,Op.CNOT,14,16,0.0,60
fake_cairo,Op.CNOT,19,16,0.0,36
fake_cairo,Op.CNOT,15,18,0.9896920568045376,33
fake_cairo,Op.CNOT,23,21,0.0,60
fake_cairo,Op.CNOT,19,22,0.0,9
fake_cairo,Op.CNOT,25,22,0.0,60
fake_cairo,Op.CNOT,25,24,0.0,60
fake_cairo,Op.CNOT,25,26,0.0,36
fake_cairo,Op.ECR,2,1,0.9887976211202392,33
fake_cairo,Op.ECR,4,1,0.9839225301607748,9
fake_cairo,Op.ECR,2,3,0.0,36
fake_cairo,Op.ECR,7,4,0.0,60
fake_cairo,Op.ECR,7,6,0.0,100
fake_cairo,Op.ECR,11,8,0.0,60
fake_cairo,Op.ECR,8,9,0.9845769493830774,33
fake_cairo,Op.ECR,14,11,0.0,100
fake_cairo,Op.ECR,13,12,0.0,60
fake_cairo,Op.ECR,12,15,0.0,60
fake_cairo,Op.ECR,18,17,0.9892252763161012,33
fake_cairo,Op.ECR,19,20,0.0022083795583240848,36
fake_cairo,Op.ECR,18,21,0.9845218069043631,33
fake_cairo,Op.ECR,23,24,0.0,100
fake_cairo,Op.MEAS,0,-1,1.9898,2
fake_cairo,Op.MEAS,1,-1,1.9802,2
fake_cairo,Op.MEAS,2,-1,1.9676,2
fake_cairo,Op.MEAS,3,-1,1.9664,2
fake_cairo,Op.MEAS,4,-1,1.9682,2
fake_cairo,Op.MEAS,5,-1,1.9428,2
fake_cairo,Op.MEAS,6,-1,1.975,2
fake_cairo,Op.MEAS,7,-1,1.9772,2
fake_cairo,Op.MEAS,8,-1,1.946,2
fake_cairo,Op.MEAS,9,-1,1.8036,2
fake_cairo,Op.MEAS,10,-1,1.9872,2
fake_cairo,Op.MEAS,11,-1,1.9846,2
fake_cairo,Op.MEAS,12,-1,1.9804,2
fake_cairo,Op.MEAS,13,-1,1.9834,2
fake_cairo,Op.MEAS,14,-1,1.9722,2
fake_cairo,Op.MEAS,15,-1,1.9834,2
fake_cairo,Op.MEAS,16,-1,1.753,2
fake_cairo,Op.MEAS,17,-1,1.9674,2
fake_cairo,Op.MEAS,18,-1,1.985,2
fake_cairo,Op.MEAS,19,-1,1.7016,2
fake_cairo,Op.MEAS,20,-1,1.9822,2
fake_cairo,Op.MEAS,21,-1,1.984,2
fake_cairo,Op.MEAS,22,-1,1.9758,2
fake_cairo,Op.MEAS,23,-1,1.9654,2
fake_cairo,Op.MEAS,24,-1,1.9714,2
fake_cairo,Op.MEAS,25,-1,1.9606,2
fake_cairo,Op.MEAS,26,-1,1.924,2
fake_mumbai,Op.X,0,-1,0.0,10
fake_mumbai,Op.X,1,-1,0.999290489943239,5
fake_mumbai,Op.X,2,-1,0.0,10
fake_mumbai,Op.X,3,-1,0.0,10
fake_mumbai,Op.X,4,-1,0.9995468299954682,5
fake_mumbai,Op.X,5,-1,0.0,10
fake_mumbai,Op.X,6,-1,0.0,10
fake_mumbai,Op.X,7,-1,0.0,10
fake_mumbai,Op.X,8,-1,0.99946628,3
fake_mumbai,Op.X,9,-1,0.9995378199953783,5
fake_mumbai,Op.X,10,-1,0.0,10
fake_mumbai,Op.X,11,-1,0.9995557499911151,5
fake_mumbai,Op.X,12,-1,0.9996098800000001,3
fake_mumbai,Op.X,13,-1,0.9995377899815114,5
fake_mumbai,Op.X,14,-1,0.0,10
fake_mumbai,Op.X,15,-1,0.0,10
fake_mumbai,Op.X,16,-1,0.0,10
fake_mumbai,Op.X,17,-1,0.99938868,3
fake_mumbai,Op.X,18,-1,0.99952294,3
fake_mumbai,Op.X,19,-1,0.0,10
fake_mumbai,Op.X,20,-1,0.0,10
fake_mumbai,Op.X,21,-1,0.0,10
fake_mumbai,Op.X,22,-1,0.0,10
fake_mumbai,Op.X,23,-1,0.0,10
fake_mumbai,Op.X,24,-1,0.9995913499918271,5
fake_mumbai,Op.X,25,-1,0.9996668100033319,5
fake_mumbai,Op.X,26,-1,0.0,10
fake_mumbai,Op.RESET,0,-1,0.0,3
fake_mumbai,Op.RESET,1,-1,0.94160653,3
fake_mumbai,Op.RESET,2,-1,0.0,3
fake_mumbai,Op.RESET,3,-1,0.0,3
fake_mumbai,Op.RESET,4,-1,0.9555552695555527,3
fake_mumbai,Op.RESET,5,-1,0.0,3
fake_mumbai,Op.RESET,6,-1,0.0,3
fake_mumbai,Op.RESET,7,-1,0.0,3
fake_mumbai,Op.RESET,8,-1,0.9463555505364445,3
fake_mumbai,Op.RESET,9,-1,0.95552842,3
fake_mumbai,Op.RESET,10,-1,0.0,3
fake_mumbai,Op.RESET,11,-1,0.96658209,3
fake_mumbai,Op.RESET,12,-1,0.9605128900000001,3
fake_mumbai,Op.RESET,13,-1,0.962510199625102,3
fake_mumbai,Op.RESET,14,-1,0.0,3
fake_mumbai,Op.RESET,15,-1,0.0,3
fake_mumbai,Op.RESET,16,-1,0.0,3
fake_mumbai,Op.RESET,17,-1,0.93890673,3
fake_mumbai,Op.RESET,18,-1,0.95201002,3
fake_mumbai,Op.RESET,19,-1,0.0,3
fake_mumbai,Op.RESET,20,-1,0.0,3
fake_mumbai,Op.RESET,21,-1,0.0,3
fake_mumbai,Op.RESET,22,-1,0.0,3
fake_mumbai,Op.RESET,23,-1,0.0,3
fake_mumbai,Op.RESET,24,-1,0.9629372700000001,3
fake_mumbai,Op.RESET,25,-1,0.9667596496675964,3
fake_mumbai,Op.RESET,26,-1,0.0,3
fake_mumbai,Op.SX,0,-1,0.0,10
fake_mumbai,Op.SX,1,-1,0.999290489943239,5
fake_mumbai,Op.SX,2,-1,0.0,10
fake_mumbai,Op.SX,3,-1,0.0,10
fake_mumbai,Op.SX,4,-1,0.9995468299954682,5
fake_mumbai,Op.SX,5,-1,0.0,10
fake_mumbai,Op.SX,6,-1,0.0,10
fake_mumbai,Op.SX,7,-1,0.0,10
fake_mumbai,Op.SX,8,-1,0.99946628,3
fake_mumbai,Op.SX,9,-1,0.9995378199953783,5
fake_mumbai,Op.SX,10,-1,0.0,10
fake_mumbai,Op.SX,11,-1,0.9995557499911151,5
fake_mumbai,Op.SX,12,-1,0.9996098800000001,3
fake_mumbai,Op.SX,13,-1,0.9995377899815114,5
fake_mumbai,Op.SX,14,-1,0.0,10
fake_mumbai,Op.SX,15,-1,0.0,10
fake_mumbai,Op.SX,16,-1,0.0,10
fake_mumbai,Op.SX,17,-1,0.99938868,3
fake_mumbai,Op.SX,18,-1,0.99952294,3
fake_mumbai,Op.SX,19,-1,0.0,10
fake_mumbai,Op.SX,20,-1,0.0,10
fake_mumbai,Op.SX,21,-1,0.0,10
fake_mumbai,Op.SX,22,-1,0.0,10
fake_mumbai,Op.SX,23,-1,0.0,10
fake_mumbai,Op.SX,24,-1,0.9995913499918271,5
fake_mumbai,Op.SX,25,-1,0.9996668100033319,5
fake_mumbai,Op.SX,26,-1,0.0,10
fake_mumbai,Op.CNOT,1,0,0.0,60
fake_mumbai,Op.CNOT,0,1,0.0,60
fake_mumbai,Op.CNOT,2,1,0.0,60
fake_mumbai,Op.CNOT,4,1,0.980995137719416,33
fake_mumbai,Op.CNOT,1,2,0.0,60
fake_mumbai,Op.CNOT,3,2,0.0,100
fake_mumbai,Op.CNOT,2,3,0.0,100
fake_mumbai,Op.CNOT,5,3,0.0,100
fake_mumbai,Op.CNOT,1,4,0.9811376271706438,33
fake_mumbai,Op.CNOT,7,4,0.0,60
fake_mumbai,Op.CNOT,3,5,0.0,100
fake_mumbai,Op.CNOT,8,5,0.0,60
fake_mumbai,Op.CNOT,7,6,0.0,100
fake_mumbai,Op.CNOT,4,7,0.0,60
fake_mumbai,Op.CNOT,6,7,0.0,100
fake_mumbai,Op.CNOT,10,7,0.0,100
fake_mumbai,Op.CNOT,5,8,0.0,60
fake_mumbai,Op.CNOT,9,8,0.9812684801873153,9
fake_mumbai,Op.CNOT,11,8,0.9851813759938307,33
fake_mumbai,Op.CNOT,8,9,0.9819094908742811,33
fake_mumbai,Op.CNOT,7,10,0.0,100
fake_mumbai,Op.CNOT,12,10,0.0,60
fake_mumbai,Op.CNOT,8,11,0.98493368,9
fake_mumbai,Op.CNOT,14,11,0.0,60
fake_mumbai,Op.CNOT,10,12,0.0,60
fake_mumbai,Op.CNOT,13,12,0.9833635173743835,33
fake_mumbai,Op.CNOT,15,12,0.0,43
fake_mumbai,Op.CNOT,12,13,0.9832052593424684,33
fake_mumbai,Op.CNOT,14,13,0.0,60
fake_mumbai,Op.CNOT,11,14,0.0,60
fake_mumbai,Op.CNOT,13,14,0.0,60
fake_mumbai,Op.CNOT,16,14,0.0,100
fake_mumbai,Op.CNOT,12,15,0.0,60
fake_mumbai,Op.CNOT,18,15,0.0,60
fake_mumbai,Op.CNOT,14,16,0.0,100
fake_mumbai,Op.CNOT,19,16,0.0,100
fake_mumbai,Op.CNOT,18,17,0.9896559480346298,33
fake_mumbai,Op.CNOT,15,18,0.0,60
fake_mumbai,Op.CNOT,17,18,0.9894756705262189,33
fake_mumbai,Op.CNOT,21,18,0.0,9
fake_mumbai,Op.CNOT,16,19,0.0,100
fake_mumbai,Op.CNOT,20,19,0.0,100
fake_mumbai,Op.CNOT,22,19,0.0,100
fake_mumbai,Op.CNOT,19,20,0.0,100
fake_mumbai,Op.CNOT,18,21,0.0,9
fake_mumbai,Op.CNOT,23,21,0.0,100
fake_mumbai,Op.CNOT,19,22,0.0,100
fake_mumbai,Op.CNOT,25,22,0.0,60
fake_mumbai,Op.CNOT,21,23,0.0,100
fake_mumbai,Op.CNOT,24,23,0.0,60
fake_mumbai,Op.CNOT,23,24,0.0,60
fake_mumbai,Op.CNOT,25,24,0.990974383212352,33
fake_mumbai,Op.CNOT,22,25,0.0,60
fake_mumbai,Op.CNOT,24,25,0.9908607772582336,21
fake_mumbai,Op.CNOT,26,25,0.0,60
fake_mumbai,Op.CNOT,25,26,0.0,60
fake_mumbai,Op.MEAS,0,-1,1.9582,2
fake_mumbai,Op.MEAS,1,-1,1.9596,2
fake_mumbai,Op.MEAS,2,-1,1.9718,2
fake_mumbai,Op.MEAS,3,-1,1.9258,2
fake_mumbai,Op.MEAS,4,-1,1.9698,2
fake_mumbai,Op.MEAS,5,-1,1.9626,2
fake_mumbai,Op.MEAS,6,-1,1.974,2
fake_mumbai,Op.MEAS,7,-1,1.9588,2
fake_mumbai,Op.MEAS,8,-1,1.878,2
fake_mumbai,Op.MEAS,9,-1,1.941,2
fake_mumbai,Op.MEAS,10,-1,1.92,2
fake_mumbai,Op.MEAS,11,-1,1.9654,2
fake_mumbai,Op.MEAS,12,-1,1.9118,2
fake_mumbai,Op.MEAS,13,-1,1.9656,2
fake_mumbai,Op.MEAS,14,-1,1.7976,2
fake_mumbai,Op.MEAS,15,-1,1.8432,2
fake_mumbai,Op.MEAS,16,-1,1.971,2
fake_mumbai,Op.MEAS,17,-1,1.9574,2
fake_mumbai,Op.MEAS,18,-1,1.9552,2
fake_mumbai,Op.MEAS,19,-1,1.9628,2
fake_mumbai,Op.MEAS,20,-1,1.9428,2
fake_mumbai,Op.MEAS,21,-1,1.9568,2
fake_mumbai,Op.MEAS,22,-1,1.9396,2
fake_mumbai,Op.MEAS,23,-1,1.9606,2
fake_mumbai,Op.MEAS,24,-1,1.9384,2
fake_mumbai,Op.MEAS,25,-1,1.912,2
fake_mumbai,Op.MEAS,26,-1,1.9464,2
fake_kolkata,Op.X,0,-1,0.9992449000000001,3
fake_kolkata,Op.X,1,-1,0.0,6
fake_kolkata,Op.X,2,-1,0.9994741399947413,3
fake_kolkata,Op.X,3,-1,0.9996588200000001,3
fake_kolkata,Op.X,4,-1,0.0,10
fake_kolkata,Op.X,5,-1,0.9978741600212583,6
fake_kolkata,Op.X,6,-1,0.9993321799265399,5
fake_kolkata,Op.X,7,-1,0.99913193,3
fake_kolkata,Op.X,8,-1,0.9997056499941132,5
fake_kolkata,Op.X,9,-1,0.9995752199957522,3
fake_kolkata,Op.X,10,-1,0.9996090399960903,3
fake_kolkata,Op.X,11,-1,0.0,10
fake_kolkata,Op.X,12,-1,0.99955357,3
fake_kolkata,Op.X,13,-1,0.0,6
fake_kolkata,Op.X,14,-1,0.99961848,3
fake_kolkata,Op.X,15,-1,0.0,10
fake_kolkata,Op.X,16,-1,0.9995363899768197,5
fake_kolkata,Op.X,17,-1,0.9992691599780746,5
fake_kolkata,Op.X,18,-1,0.999583,3
fake_kolkata,Op.X,19,-1,0.999475299968518,5
fake_kolkata,Op.X,20,-1,0.0,10
fake_kolkata,Op.X,21,-1,0.0,10
fake_kolkata,Op.X,22,-1,0.99941549,3
fake_kolkata,Op.X,23,-1,0.0,3
fake_kolkata,Op.X,24,-1,0.9991640599916406,3
fake_kolkata,Op.X,25,-1,0.0,10
fake_kolkata,Op.X,26,-1,0.9995814899832597,5
fake_kolkata,Op.RESET,0,-1,0.98282923,3
fake_kolkata,Op.RESET,1,-1,0.0,2
fake_kolkata,Op.RESET,2,-1,0.98798592,3
fake_kolkata,Op.RESET,3,-1,0.9921839600000001,3
fake_kolkata,Op.RESET,4,-1,0.0,3
fake_kolkata,Op.RESET,5,-1,0.97992221,3
fake_kolkata,Op.RESET,6,-1,0.99037928,3
fake_kolkata,Op.RESET,7,-1,0.9803018498030185,3
fake_kolkata,Op.RESET,8,-1,0.99351014,3
fake_kolkata,Op.RESET,9,-1,0.99028017,3
fake_kolkata,Op.RESET,10,-1,0.9902730699027308,3
fake_kolkata,Op.RESET,11,-1,0.0,3
fake_kolkata,Op.RESET,12,-1,0.98978454,3
fake_kolkata,Op.RESET,13,-1,0.0,2
fake_kolkata,Op.RESET,14,-1,0.99126239,3
fake_kolkata,Op.RESET,15,-1,0.0,3
fake_kolkata,Op.RESET,16,-1,0.99201991,3
fake_kolkata,Op.RESET,17,-1,0.98406892,3
fake_kolkata,Op.RESET,18,-1,0.99045497,3
fake_kolkata,Op.RESET,19,-1,0.99336519,3
fake_kolkata,Op.RESET,20,-1,0.0,3
fake_kolkata,Op.RESET,21,-1,0.0,3
fake_kolkata,Op.RESET,22,-1,0.98665457,3
fake_kolkata,Op.RESET,23,-1,0.0,3
fake_kolkata,Op.RESET,24,-1,0.9810173001898271,3
fake_kolkata,Op.RESET,25,-1,0.0,3
fake_kolkata,Op.RESET,26,-1,0.9924147099241472,3
fake_kolkata,Op.SX,0,-1,0.9992449000000001,3
fake_kolkata,Op.SX,1,-1,0.0,6
fake_kolkata,Op.SX,2,-1,0.9994741399947413,3
fake_kolkata,Op.SX,3,-1,0.9996588200000001,3
fake_kolkata,Op.SX,4,-1,0.0,10
fake_kolkata,Op.SX,5,-1,0.9978741600212583,6
fake_kolkata,Op.SX,6,-1,0.9993321799265399,5
fake_kolkata,Op.SX,7,-1,0.99913193,3
fake_kolkata,Op.SX,8,-1,0.9997056499941132,5
fake_kolkata,Op.SX,9,-1,0.9995752199957522,3
fake_kolkata,Op.SX,10,-1,0.9996090399960903,3
fake_kolkata,Op.SX,11,-1,0.0,10
fake_kolkata,Op.SX,12,-1,0.99955357,3
fake_kolkata,Op.SX,13,-1,0.0,6
fake_kolkata,Op.SX,14,-1,0.99961848,3
fake_kolkata,Op.SX,15,-1,0.0,10
fake_kolkata,Op.SX,16,-1,0.9995363899768197,5
fake_kolkata,Op.SX,17,-1,0.9992691599780746,5
fake_kolkata,Op.SX,18,-1,0.999583,3
fake_kolkata,Op.SX,19,-1,0.999475299968518,5
fake_kolkata,Op.SX,20,-1,0.0,10
fake_kolkata,Op.SX,21,-1,0.0,10
fake_kolkata,Op.SX,22,-1,0.99941549,3
fake_kolkata,Op.SX,23,-1,0.0,3
fake_kolkata,Op.SX,24,-1,0.9991640599916406,3
fake_kolkata,Op.SX,25,-1,0.0,10
fake_kolkata,Op.SX,26,-1,0.9995814899832597,5
fake_kolkata,Op.CNOT,1,0,0.0,36
fake_kolkata,Op.CNOT,0,1,0.0,36
fake_kolkata,Op.CNOT,2,1,0.0,36
fake_kolkata,Op.CNOT,4,1,0.0,60
fake_kolkata,Op.CNOT,1,2,0.0,36
fake_kolkata,Op.CNOT,3,2,0.9899935500000001,9
fake_kolkata,Op.CNOT,2,3,0.9891359500000001,9
fake_kolkata,Op.CNOT,5,3,0.9851853498518535,9
fake_kolkata,Op.CNOT,1,4,0.0,60
fake_kolkata,Op.CNOT,7,4,0.0,9
fake_kolkata,Op.CNOT,3,5,0.9863909301360906,9
fake_kolkata,Op.CNOT,8,5,0.9829028701709712,9
fake_kolkata,Op.CNOT,7,6,0.9829040798290406,9
fake_kolkata,Op.CNOT,4,7,0.0,9
fake_kolkata,Op.CNOT,6,7,0.98416778,9
fake_kolkata,Op.CNOT,10,7,0.98279696,9
fake_kolkata,Op.CNOT,5,8,0.9840483600000001,9
fake_kolkata,Op.CNOT,9,8,0.9924246975007518,33
fake_kolkata,Op.CNOT,11,8,0.0,60
fake_kolkata,Op.CNOT,8,9,0.9925627585869253,33
fake_kolkata,Op.CNOT,7,10,0.98156424,9
fake_kolkata,Op.CNOT,12,10,0.9832094491604729,33
fake_kolkata,Op.CNOT,8,11,0.0,60
fake_kolkata,Op.CNOT,14,11,0.0,60
fake_kolkata,Op.CNOT,10,12,0.9833759360102249,33
fake_kolkata,Op.CNOT,13,12,0.0,36
fake_kolkata,Op.CNOT,15,12,0.0,60
fake_kolkata,Op.CNOT,12,13,0.0,36
fake_kolkata,Op.CNOT,14,13,0.0,36
fake_kolkata,Op.CNOT,11,14,0.0,60
fake_kolkata,Op.CNOT,13,14,0.0,36
fake_kolkata,Op.CNOT,16,14,0.9919118665736988,33
fake_kolkata,Op.CNOT,12,15,0.0,60
fake_kolkata,Op.CNOT,18,15,0.0,60
fake_kolkata,Op.CNOT,14,16,0.992224384915307,33
fake_kolkata,Op.CNOT,19,16,0.9840663386488921,33
fake_kolkata,Op.CNOT,18,17,0.9773010418283761,33
fake_kolkata,Op.CNOT,15,18,0.0,60
fake_kolkata,Op.CNOT,17,18,0.9774778880632808,33
fake_kolkata,Op.CNOT,21,18,0.0,60
fake_kolkata,Op.CNOT,16,19,0.9837865121127997,33
fake_kolkata,Op.CNOT,20,19,0.0,60
fake_kolkata,Op.CNOT,22,19,0.9898432939059764,33
fake_kolkata,Op.CNOT,19,20,0.0,60
fake_kolkata,Op.CNOT,18,21,0.0,60
fake_kolkata,Op.CNOT,23,21,0.0,100
fake_kolkata,Op.CNOT,19,22,0.9901592434066938,33
fake_kolkata,Op.CNOT,25,22,0.0,60
fake_kolkata,Op.CNOT,21,23,0.0,100
fake_kolkata,Op.CNOT,24,23,0.0,9
fake_kolkata,Op.CNOT,23,24,0.0,9
fake_kolkata,Op.CNOT,25,24,0.0,9
fake_kolkata,Op.CNOT,22,25,0.0,60
fake_kolkata,Op.CNOT,24,25,0.0,9
fake_kolkata,Op.CNOT,26,25,0.0,60
fake_kolkata,Op.CNOT,25,26,0.0,60
fake_kolkata,Op.MEAS,0,-1,1.9808,2
fake_kolkata,Op.MEAS,1,-1,1.9764,2
fake_kolkata,Op.MEAS,2,-1,1.9856,2
fake_kolkata,Op.MEAS,3,-1,1.9828,2
fake_kolkata,Op.MEAS,4,-1,1.959,2
fake_kolkata,Op.MEAS,5,-1,1.9674,2
fake_kolkata,Op.MEAS,6,-1,1.9414,2
fake_kolkata,Op.MEAS,7,-1,1.9578,2
fake_kolkata,Op.MEAS,8,-1,1.987,2
fake_kolkata,Op.MEAS,9,-1,1.9742,2
fake_kolkata,Op.MEAS,10,-1,1.9784,2
fake_kolkata,Op.MEAS,11,-1,1.9074,2
fake_kolkata,Op.MEAS,12,-1,1.9802,2
fake_kolkata,Op.MEAS,13,-1,1.976,2
fake_kolkata,Op.MEAS,14,-1,1.9884,2
fake_kolkata,Op.MEAS,15,-1,1.9862,2
fake_kolkata,Op.MEAS,16,-1,1.9806,2
fake_kolkata,Op.MEAS,17,-1,1.9878,2
fake_kolkata,Op.MEAS,18,-1,1.9852,2
fake_kolkata,Op.MEAS,19,-1,1.9616,2
fake_kolkata,Op.MEAS,20,-1,1.9854,2
fake_kolkata,Op.MEAS,21,-1,1.9864,2
fake_kolkata,Op.MEAS,22,-1,1.9766,2
fake_kolkata,Op.MEAS,23,-1,1.9842,2
fake_kolkata,Op.MEAS,24,-1,1.9894,2
fake_kolkata,Op.MEAS,25,-1,1.9902,2
fake_kolkata,Op.MEAS,26,-1,1.986,2
fake_prague,Op.CZ,1,0,0.0,43
fake_prague,Op.CZ,0,1,0.0,43
fake_prague,Op.CZ,2,1,0.0,43
fake_prague,Op.CZ,4,1,0.9962341751797448,26
fake_prague,Op.CZ,1,2,0.0,43
fake_prague,Op.CZ,3,2,0.0,100
fake_prague,Op.CZ,2,3,0.0,100
fake_prague,Op.CZ,5,3,0.0,100
fake_prague,Op.CZ,30,3,0.0,100
fake_prague,Op.CZ,1,4,0.9962341751797448,26
fake_prague,Op.CZ,7,4,0.0,43
fake_prague,Op.CZ,3,5,0.0,100
fake_prague,Op.CZ,8,5,0.0,60
fake_prague,Op.CZ,7,6,0.0,100
fake_prague,Op.CZ,4,7,0.0,43
fake_prague,Op.CZ,6,7,0.0,100
fake_prague,Op.CZ,10,7,0.0,100
fake_prague,Op.CZ,5,8,0.0,60
fake_prague,Op.CZ,9,8,0.9951214513161836,26
fake_prague,Op.CZ,11,8,0.0,43
fake_prague,Op.CZ,8,9,0.9951214513161836,26
fake_prague,Op.CZ,7,10,0.0,100
fake_prague,Op.CZ,12,10,0.0,60
fake_prague,Op.CZ,8,11,0.0,43
fake_prague,Op.CZ,14,11,0.0,100
fake_prague,Op.CZ,10,12,0.0,60
fake_prague,Op.CZ,13,12,0.0,60
fake_prague,Op.CZ,15,12,0.9973808657308106,19
fake_prague,Op.CZ,12,13,0.0,60
fake_prague,Op.CZ,14,13,0.0,100
fake_prague,Op.CZ,11,14,0.0,100
fake_prague,Op.CZ,13,14,0.0,100
fake_prague,Op.CZ,16,14,0.0,100
fake_prague,Op.CZ,12,15,0.9973808657308106,19
fake_prague,Op.CZ,18,15,0.0,43
fake_prague,Op.CZ,14,16,0.0,100
fake_prague,Op.CZ,19,16,0.0,43
fake_prague,Op.CZ,18,17,0.0,100
fake_prague,Op.CZ,15,18,0.0,43
fake_prague,Op.CZ,17,18,0.0,100
fake_prague,Op.CZ,21,18,0.0,60
fake_prague,Op.CZ,16,19,0.0,43
fake_prague,Op.CZ,20,19,0.995478119283143,26
fake_prague,Op.CZ,22,19,0.9979870375240567,19
fake_prague,Op.CZ,19,20,0.995478119283143,26
fake_prague,Op.CZ,18,21,0.0,60
fake_prague,Op.CZ,23,21,0.0,60
fake_prague,Op.CZ,19,22,0.9979870375240567,19
fake_prague,Op.CZ,25,22,0.0,43
fake_prague,Op.CZ,21,23,0.0,60
fake_prague,Op.CZ,24,23,0.0,100
fake_prague,Op.CZ,27,23,0.0,60
fake_prague,Op.CZ,23,24,0.0,100
fake_prague,Op.CZ,25,24,0.0,100
fake_prague,Op.CZ,22,25,0.0,43
fake_prague,Op.CZ,24,25,0.0,100
fake_prague,Op.CZ,26,25,0.0,100
fake_prague,Op.CZ,25,26,0.0,100
fake_prague,Op.CZ,23,27,0.0,60
fake_prague,Op.CZ,28,27,0.9971123442535645,18
fake_prague,Op.CZ,27,28,0.9971123442535645,18
fake_prague,Op.CZ,29,28,0.9969315532187332,19
fake_prague,Op.CZ,28,29,0.9969315532187332,19
fake_prague,Op.CZ,3,30,0.0,100
fake_prague,Op.CZ,31,30,0.0,100
fake_prague,Op.CZ,30,31,0.0,100
fake_prague,Op.CZ,32,31,0.0,60
fake_prague,Op.CZ,31,32,0.0,60
fake_prague,Op.RESET,0,-1,0.0,3
fake_prague,Op.RESET,1,-1,0.99111776,3
fake_prague,Op.RESET,2,-1,0.0,3
fake_prague,Op.RESET,3,-1,0.0,3
fake_prague,Op.RESET,4,-1,0.98632286,3
fake_prague,Op.RESET,5,-1,0.0,3
fake_prague,Op.RESET,6,-1,0.0,3
fake_prague,Op.RESET,7,-1,0.0,3
fake_prague,Op.RESET,8,-1,0.99309438,3
fake_prague,Op.RESET,9,-1,0.9906645299066453,3
fake_prague,Op.RESET,10,-1,0.0,3
fake_prague,Op.RESET,11,-1,0.0,3
fake_prague,Op.RESET,12,-1,0.99158343,3
fake_prague,Op.RESET,13,-1,0.0,3
fake_prague,Op.RESET,14,-1,0.0,3
fake_prague,Op.RESET,15,-1,0.99124384,3
fake_prague,Op.RESET,16,-1,0.0,3
fake_prague,Op.RESET,17,-1,0.0,3
fake_prague,Op.RESET,18,-1,0.0,3
fake_prague,Op.RESET,19,-1,0.9914599200854008,3
fake_prague,Op.RESET,20,-1,0.9869897701301024,3
fake_prague,Op.RESET,21,-1,0.990538210094618,3
fake_prague,Op.RESET,22,-1,0.99173996,3
fake_prague,Op.RESET,23,-1,0.0,3
fake_prague,Op.RESET,24,-1,0.0,3
fake_prague,Op.RESET,25,-1,0.0,3
fake_prague,Op.RESET,26,-1,0.0,3
fake_prague,Op.RESET,27,-1,0.98807788,3
fake_prague,Op.RESET,28,-1,0.99426486,3
fake_prague,Op.RESET,29,-1,0.98878362,3
fake_prague,Op.RESET,30,-1,0.0,3
fake_prague,Op.RESET,31,-1,0.0,3
fake_prague,Op.RESET,32,-1,0.98731129,3
fake_prague,Op.SX,0,-1,0.0,10
fake_prague,Op.SX,1,-1,0.9995036499702191,5
fake_prague,Op.SX,2,-1,0.0,10
fake_prague,Op.SX,3,-1,0.0,10
fake_prague,Op.SX,4,-1,0.9997138199971382,5
fake_prague,Op.SX,5,-1,0.0,10
fake_prague,Op.SX,6,-1,0.0,10
fake_prague,Op.SX,7,-1,0.0,10
fake_prague,Op.SX,8,-1,0.9997772699933181,5
fake_prague,Op.SX,9,-1,0.9995067299704039,5
fake_prague,Op.SX,10,-1,0.0,10
fake_prague,Op.SX,11,-1,0.0,10
fake_prague,Op.SX,12,-1,0.999721149994423,5
fake_prague,Op.SX,13,-1,0.0,10
fake_prague,Op.SX,14,-1,0.0,10
fake_prague,Op.SX,15,-1,0.9996422499964226,5
fake_prague,Op.SX,16,-1,0.0,10
fake_prague,Op.SX,17,-1,0.0,3
fake_prague,Op.SX,18,-1,0.0,10
fake_prague,Op.SX,19,-1,0.9996075299843014,5
fake_prague,Op.SX,20,-1,0.9996064099881925,5
fake_prague,Op.SX,21,-1,0.9997267699945352,5
fake_prague,Op.SX,22,-1,0.99981468,5
fake_prague,Op.SX,23,-1,0.0,10
fake_prague,Op.SX,24,-1,0.0,10
fake_prague,Op.SX,25,-1,0.0,10
fake_prague,Op.SX,26,-1,0.0,10
fake_prague,Op.SX,27,-1,0.9993073699307369,5
fake_prague,Op.SX,28,-1,0.9997376399973764,5
fake_prague,Op.SX,29,-1,0.9993386299404767,5
fake_prague,Op.SX,30,-1,0.0,10
fake_prague,Op.SX,31,-1,0.0,10
fake_prague,Op.SX,32,-1,0.99975869,3
fake_prague,Op.X,0,-1,0.0,10
fake_prague,Op.X,1,-1,0.9995036499702191,5
fake_prague,Op.X,2,-1,0.0,10
fake_prague,Op.X,3,-1,0.0,10
fake_prague,Op.X,4,-1,0.9997138199971382,5
fake_prague,Op.X,5,-1,0.0,10
fake_prague,Op.X,6,-1,0.0,10
fake_prague,Op.X,7,-1,0.0,10
fake_prague,Op.X,8,-1,0.9997772699933181,5
fake_prague,Op.X,9,-1,0.9995067299704039,5
fake_prague,Op.X,10,-1,0.0,10
fake_prague,Op.X,11,-1,0.0,10
fake_prague,Op.X,12,-1,0.999721149994423,5
fake_prague,Op.X,13,-1,0.0,10
fake_prague,Op.X,14,-1,0.0,10
fake_prague,Op.X,15,-1,0.9996422499964226,5
fake_prague,Op.X,16,-1,0.0,10
fake_prague,Op.X,17,-1,0.0,3
fake_prague,Op.X,18,-1,0.0,10
fake_prague,Op.X,19,-1,0.9996075299843014,5
fake_prague,Op.X,20,-1,0.9996064099881925,5
fake_prague,Op.X,21,-1,0.9997267699945352,5
fake_prague,Op.X,22,-1,0.99981468,5
fake_prague,Op.X,23,-1,0.0,10
fake_prague,Op.X,24,-1,0.0,10
fake_prague,Op.X,25,-1,0.0,10
fake_prague,Op.X,26,-1,0.0,10
fake_prague,Op.X,27,-1,0.9993073699307369,5
fake_prague,Op.X,28,-1,0.9997376399973764,5
fake_prague,Op.X,29,-1,0.9993386299404767,5
fake_prague,Op.X,30,-1,0.0,10
fake_prague,Op.X,31,-1,0.0,10
fake_prague,Op.X,32,-1,0.99975869,3
fake_prague,Op.MEAS,0,-1,1.9732,2
fake_prague,Op.MEAS,1,-1,1.9666,2
fake_prague,Op.MEAS,2,-1,1.9686,2
fake_prague,Op.MEAS,3,-1,1.9432,2
fake_prague,Op.MEAS,4,-1,1.982,2
fake_prague,Op.MEAS,5,-1,1.9796,2
fake_prague,Op.MEAS,6,-1,1.982,2
fake_prague,Op.MEAS,7,-1,1.9796,2
fake_prague,Op.MEAS,8,-1,1.9782,2
fake_prague,Op.MEAS,9,-1,1.9712,2
fake_prague,Op.MEAS,10,-1,1.9798,2
fake_prague,Op.MEAS,11,-1,1.978,2
fake_prague,Op.MEAS,12,-1,1.9814,2
fake_prague,Op.MEAS,13,-1,1.9666,2
fake_prague,Op.MEAS,14,-1,1.9806,2
fake_prague,Op.MEAS,15,-1,1.97,2
fake_prague,Op.MEAS,16,-1,1.9768,2
fake_prague,Op.MEAS,17,-1,1.9836,2
fake_prague,Op.MEAS,18,-1,1.7942,2
fake_prague,Op.MEAS,19,-1,1.9788,2
fake_prague,Op.MEAS,20,-1,1.9792,2
fake_prague,Op.MEAS,21,-1,1.981,2
fake_prague,Op.MEAS,22,-1,1.98,2
fake_prague,Op.MEAS,23,-1,1.9468,2
fake_prague,Op.MEAS,24,-1,1.967,2
fake_prague,Op.MEAS,25,-1,1.9796,2
fake_prague,Op.MEAS,26,-1,1.9794,2
fake_prague,Op.MEAS,27,-1,1.9734,2
fake_prague,Op.MEAS,28,-1,1.9672,2
fake_prague,Op.MEAS,29,-1,1.9284,2
fake_prague,Op.MEAS,30,-1,1.9844,2
fake_prague,Op.MEAS,31,-1,1.8738,2
fake_prague,Op.MEAS,32,-1,1.9854,2
fake_almaden,Op.U3,0,-1,0.9962635800000001,6
fake_almaden,Op.U3,1,-1,0.9978797488550645,5
fake_almaden,Op.U3,2,-1,0.99796658,3
fake_almaden,Op.U3,3,-1,0.0,10
fake_almaden,Op.U3,4,-1,0.99833756,3
fake_almaden,Op.U3,5,-1,0.9987653895678863,5
fake_almaden,Op.U3,6,-1,0.9972848199456964,6
fake_almaden,Op.U3,7,-1,0.9919580400804195,6
fake_almaden,Op.U3,8,-1,0.9977213998632841,6
fake_almaden,Op.U3,9,-1,0.0,10
fake_almaden,Op.U3,10,-1,0.9861413698614134,6
fake_almaden,Op.U3,11,-1,0.0,10
fake_almaden,Op.U3,12,-1,0.9972768800544626,6
fake_almaden,Op.U3,13,-1,0.9972606696986737,5
fake_almaden,Op.U3,14,-1,0.99654183,3
fake_almaden,Op.U3,15,-1,0.0,10
fake_almaden,Op.U3,16,-1,0.0,10
fake_almaden,Op.U3,17,-1,0.9978188394765215,6
fake_almaden,Op.U3,18,-1,0.9951460400485399,6
fake_almaden,Op.U3,19,-1,0.0,10
fake_almaden,Op.CNOT,1,0,0.9826642165328412,33
fake_almaden,Op.CNOT,0,1,0.9824745766701692,33
fake_almaden,Op.CNOT,2,1,0.97859679,9
fake_almaden,Op.CNOT,6,1,0.974564141606168,33
fake_almaden,Op.CNOT,1,2,0.9804864099999998,9
fake_almaden,Op.CNOT,3,2,0.0,9
fake_almaden,Op.CNOT,2,3,0.0,9
fake_almaden,Op.CNOT,4,3,0.0,60
fake_almaden,Op.CNOT,8,3,0.0,60
fake_almaden,Op.CNOT,3,4,0.0,60
fake_almaden,Op.CNOT,6,5,0.9770654051837324,33
fake_almaden,Op.CNOT,10,5,0.9039084309759885,33
fake_almaden,Op.CNOT,1,6,0.9743039751177548,33
fake_almaden,Op.CNOT,5,6,0.9768546658338398,33
fake_almaden,Op.CNOT,7,6,0.9285300121093079,36
fake_almaden,Op.CNOT,6,7,0.9280750324600258,36
fake_almaden,Op.CNOT,8,7,0.9562666888906891,33
fake_almaden,Op.CNOT,12,7,0.9650123285681206,33
fake_almaden,Op.CNOT,3,8,0.0,60
fake_almaden,Op.CNOT,7,8,0.9566325883417895,33
fake_almaden,Op.CNOT,9,8,0.0,60
fake_almaden,Op.CNOT,8,9,0.0,60
fake_almaden,Op.CNOT,14,9,0.0,9
fake_almaden,Op.CNOT,5,10,0.9041489516170659,33
fake_almaden,Op.CNOT,11,10,0.0,60
fake_almaden,Op.CNOT,10,11,0.0,60
fake_almaden,Op.CNOT,12,11,0.0,60
fake_almaden,Op.CNOT,16,11,0.0,100
fake_almaden,Op.CNOT,7,12,0.9654583761150674,33
fake_almaden,Op.CNOT,11,12,0.0,60
fake_almaden,Op.CNOT,13,12,0.9756495124513487,33
fake_almaden,Op.CNOT,12,13,0.97543937315906,27
fake_almaden,Op.CNOT,14,13,0.9780398899999998,9
fake_almaden,Op.CNOT,18,13,0.9591553799999998,9
fake_almaden,Op.CNOT,9,14,0.0,60
fake_almaden,Op.CNOT,13,14,0.97511826,9
fake_almaden,Op.CNOT,16,15,0.0,100
fake_almaden,Op.CNOT,11,16,0.0,100
fake_almaden,Op.CNOT,15,16,0.0,100
fake_almaden,Op.CNOT,17,16,0.0,60
fake_almaden,Op.CNOT,16,17,0.0,60
fake_almaden,Op.CNOT,18,17,0.9666537539899261,33
fake_almaden,Op.CNOT,13,18,0.9619636596196366,9
fake_almaden,Op.CNOT,17,18,0.9668953768267655,33
fake_almaden,Op.CNOT,19,18,0.0,9
fake_almaden,Op.CNOT,18,19,0.0,9
fake_almaden,Op.U2,0,-1,0.9981308994953427,6
fake_almaden,Op.U2,1,-1,0.9989394398515216,5
fake_almaden,Op.U2,2,-1,0.9989826400101737,3
fake_almaden,Op.U2,3,-1,0.0,10
fake_almaden,Op.U2,4,-1,0.99916833,3
fake_almaden,Op.U2,5,-1,0.999382499944425,5
fake_almaden,Op.U2,6,-1,0.9986422094840396,5
fake_almaden,Op.U2,7,-1,0.9959742100805157,6
fake_almaden,Op.U2,8,-1,0.9988605297151323,5
fake_almaden,Op.U2,9,-1,0.0,10
fake_almaden,Op.U2,10,-1,0.993055499791665,6
fake_almaden,Op.U2,11,-1,0.0,10
fake_almaden,Op.U2,12,-1,0.9986382095233733,5
fake_almaden,Op.U2,13,-1,0.9986297898492769,5
fake_almaden,Op.U2,14,-1,0.99826885,3
fake_almaden,Op.U2,15,-1,0.0,10
fake_almaden,Op.U2,16,-1,0.0,10
fake_almaden,Op.U2,17,-1,0.9989092297054922,5
fake_almaden,Op.U2,18,-1,0.9975712599999998,6
fake_almaden,Op.U2,19,-1,0.0,10
fake_almaden,Op.MEAS,0,-1,1.94,2
fake_almaden,Op.MEAS,1,-1,1.83666666,2
fake_almaden,Op.MEAS,2,-1,1.87666666,2
fake_almaden,Op.MEAS,3,-1,1.85,2
fake_almaden,Op.MEAS,4,-1,1.97,2
fake_almaden,Op.MEAS,5,-1,1.92,2
fake_almaden,Op.MEAS,6,-1,1.89333334,2
fake_almaden,Op.MEAS,7,-1,1.54666666,2
fake_almaden,Op.MEAS,8,-1,1.91,2
fake_almaden,Op.MEAS,9,-1,1.96333334,2
fake_almaden,Op.MEAS,10,-1,1.84666666,2
fake_almaden,Op.MEAS,11,-1,1.95,2
fake_almaden,Op.MEAS,12,-1,1.95333334,2
fake_almaden,Op.MEAS,13,-1,1.91,2
fake_almaden,Op.MEAS,14,-1,1.95,2
fake_almaden,Op.MEAS,15,-1,1.79333334,2
fake_almaden,Op.MEAS,16,-1,1.91,2
fake_almaden,Op.MEAS,17,-1,1.94666666,2
fake_almaden,Op.MEAS,18,-1,1.92666666,2
fake_almaden,Op.MEAS,19,-1,1.96666666,2
fake_armonk,Op.SX,0,-1,0.0,10
fake_armonk,Op.X,0,-1,0.0,10
fake_armonk,Op.MEAS,0,-1,1.952,2
fake_athens,Op.X,0,-1,0.0,10
fake_athens,Op.X,1,-1,0.0,10
fake_athens,Op.X,2,-1,0.0,3
fake_athens,Op.X,3,-1,0.998147400018526,6
fake_athens,Op.X,4,-1,0.0,10
fake_athens,Op.RESET,0,-1,0.0,3
fake_athens,Op.RESET,1,-1,0.0,3
fake_athens,Op.RESET,2,-1,0.0,3
fake_athens,Op.RESET,3,-1,0.8896427811035723,3
fake_athens,Op.RESET,4,-1,0.0,3
fake_athens,Op.SX,0,-1,0.0,10
fake_athens,Op.SX,1,-1,0.0,10
fake_athens,Op.SX,2,-1,0.0,3
fake_athens,Op.SX,3,-1,0.998147400018526,6
fake_athens,Op.SX,4,-1,0.0,10
fake_athens,Op.CNOT,1,0,0.0,100
fake_athens,Op.CNOT,0,1,0.0,100
fake_athens,Op.CNOT,2,1,0.0,100
fake_athens,Op.CNOT,1,2,0.0,100
fake_athens,Op.CNOT,3,2,0.0,60
fake_athens,Op.CNOT,2,3,0.0,60
fake_athens,Op.CNOT,4,3,0.0,60
fake_athens,Op.CNOT,3,4,0.0,60
fake_athens,Op.MEAS,0,-1,1.9798,2
fake_athens,Op.MEAS,1,-1,1.9766,2
fake_athens,Op.MEAS,2,-1,1.9514,2
fake_athens,Op.MEAS,3,-1,1.9694,2
fake_athens,Op.MEAS,4,-1,1.9562,2
fake_auckland,Op.X,0,-1,0.0,10
fake_auckland,Op.X,1,-1,0.0,10
fake_auckland,Op.X,2,-1,0.0,10
fake_auckland,Op.X,3,-1,0.999706299991189,5
fake_auckland,Op.X,4,-1,0.0,10
fake_auckland,Op.X,5,-1,0.999339479933948,5
fake_auckland,Op.X,6,-1,0.0,10
fake_auckland,Op.X,7,-1,0.0,10
fake_auckland,Op.X,8,-1,0.9994312499545001,5
fake_auckland,Op.X,9,-1,0.9996224199924483,5
fake_auckland,Op.X,10,-1,0.99940825,3
fake_auckland,Op.X,11,-1,0.9995549999777501,5
fake_auckland,Op.X,12,-1,0.0,10
fake_auckland,Op.X,13,-1,0.9991386199913862,3
fake_auckland,Op.X,14,-1,0.0,10
fake_auckland,Op.X,15,-1,0.0,10
fake_auckland,Op.X,16,-1,0.0,10
fake_auckland,Op.X,17,-1,0.0,10
fake_auckland,Op.X,18,-1,0.0,10
fake_auckland,Op.X,19,-1,0.9990076,3
fake_auckland,Op.X,20,-1,0.0,10
fake_auckland,Op.X,21,-1,0.9996528599930572,5
fake_auckland,Op.X,22,-1,0.9991591198654591,5
fake_auckland,Op.X,23,-1,0.9992967699367092,5
fake_auckland,Op.X,24,-1,0.9992129300078708,3
fake_auckland,Op.X,25,-1,0.0,10
fake_auckland,Op.X,26,-1,0.9991396899913968,3
fake_auckland,Op.RESET,0,-1,0.0,3
fake_auckland,Op.RESET,1,-1,0.0,3
fake_auckland,Op.RESET,2,-1,0.0,3
fake_auckland,Op.RESET,3,-1,0.9940298200597019,3
fake_auckland,Op.RESET,4,-1,0.0,3
fake_auckland,Op.RESET,5,-1,0.9911954100880458,3
fake_auckland,Op.RESET,6,-1,0.0,3
fake_auckland,Op.RESET,7,-1,0.0,3
fake_auckland,Op.RESET,8,-1,0.99149135,3
fake_auckland,Op.RESET,9,-1,0.99435753,3
fake_auckland,Op.RESET,10,-1,0.98595737,3
fake_auckland,Op.RESET,11,-1,0.99293492,3
fake_auckland,Op.RESET,12,-1,0.0,3
fake_auckland,Op.RESET,13,-1,0.97968478,3
fake_auckland,Op.RESET,14,-1,0.0,3
fake_auckland,Op.RESET,15,-1,0.0,3
fake_auckland,Op.RESET,16,-1,0.0,3
fake_auckland,Op.RESET,17,-1,0.0,3
fake_auckland,Op.RESET,18,-1,0.0,3
fake_auckland,Op.RESET,19,-1,0.97670538,3
fake_auckland,Op.RESET,20,-1,0.0,3
fake_auckland,Op.RESET,21,-1,0.993629799936298,3
fake_auckland,Op.RESET,22,-1,0.98802671,3
fake_auckland,Op.RESET,23,-1,0.9888212900000001,3
fake_auckland,Op.RESET,24,-1,0.98144559,3
fake_auckland,Op.RESET,25,-1,0.0,3
fake_auckland,Op.RESET,26,-1,0.97906369,3
fake_auckland,Op.SX,0,-1,0.0,10
fake_auckland,Op.SX,1,-1,0.0,10
fake_auckland,Op.SX,2,-1,0.0,10
fake_auckland,Op.SX,3,-1,0.999706299991189,5
fake_auckland,Op.SX,4,-1,0.0,10
fake_auckland,Op.SX,5,-1,0.999339479933948,5
fake_auckland,Op.SX,6,-1,0.0,10
fake_auckland,Op.SX,7,-1,0.0,10
fake_auckland,Op.SX,8,-1,0.9994312499545001,5
fake_auckland,Op.SX,9,-1,0.9996224199924483,5
fake_auckland,Op.SX,10,-1,0.99940825,3
fake_auckland,Op.SX,11,-1,0.9995549999777501,5
fake_auckland,Op.SX,12,-1,0.0,10
fake_auckland,Op.SX,13,-1,0.9991386199913862,3
fake_auckland,Op.SX,14,-1,0.0,10
fake_auckland,Op.SX,15,-1,0.0,10
fake_auckland,Op.SX,16,-1,0.0,10
fake_auckland,Op.SX,17,-1,0.0,10
fake_auckland,Op.SX,18,-1,0.0,10
fake_auckland,Op.SX,19,-1,0.9990076,3
fake_auckland,Op.SX,20,-1,0.0,10
fake_auckland,Op.SX,21,-1,0.9996528599930572,5
fake_auckland,Op.SX,22,-1,0.9991591198654591,5
fake_auckland,Op.SX,23,-1,0.9992967699367092,5
fake_auckland,Op.SX,24,-1,0.9992129300078708,3
fake_auckland,Op.SX,25,-1,0.0,10
fake_auckland,Op.SX,26,-1,0.9991396899913968,3
fake_auckland,Op.CNOT,1,0,0.0,100
fake_auckland,Op.CNOT,0,1,0.0,100
fake_auckland,Op.CNOT,2,1,0.0,100
fake_auckland,Op.CNOT,4,1,0.0,100
fake_auckland,Op.CNOT,1,2,0.0,100
fake_auckland,Op.CNOT,3,2,0.0,60
fake_auckland,Op.CNOT,2,3,0.0,60
fake_auckland,Op.CNOT,5,3,0.9892479701075207,33
fake_auckland,Op.CNOT,1,4,0.0,100
fake_auckland,Op.CNOT,7,4,0.0,100
fake_auckland,Op.CNOT,3,5,0.9893737684060655,33
fake_auckland,Op.CNOT,8,5,0.988893400999596,33
fake_auckland,Op.CNOT,7,6,0.0,100
fake_auckland,Op.CNOT,4,7,0.0,100
fake_auckland,Op.CNOT,6,7,0.0,100
fake_auckland,Op.CNOT,10,7,0.0,60
fake_auckland,Op.CNOT,5,8,0.9890429390138632,33
fake_auckland,Op.CNOT,9,8,0.9901001852480877,33
fake_auckland,Op.CNOT,11,8,0.989385562486178,33
fake_auckland,Op.CNOT,8,9,0.9899745761903381,33
fake_auckland,Op.CNOT,7,10,0.0,60
fake_auckland,Op.CNOT,12,10,0.0,9
fake_auckland,Op.CNOT,8,11,0.9892511244141307,33
fake_auckland,Op.CNOT,14,11,0.0,60
fake_auckland,Op.CNOT,10,12,0.0,9
fake_auckland,Op.CNOT,13,12,0.0,9
fake_auckland,Op.CNOT,15,12,0.0,100
fake_auckland,Op.CNOT,12,13,0.0,9
fake_auckland,Op.CNOT,14,13,0.0,9
fake_auckland,Op.CNOT,11,14,0.0,60
fake_auckland,Op.CNOT,13,14,0.0,9
fake_auckland,Op.CNOT,16,14,0.0,100
fake_auckland,Op.CNOT,12,15,0.0,100
fake_auckland,Op.CNOT,18,15,0.0,100
fake_auckland,Op.CNOT,14,16,0.0,100
fake_auckland,Op.CNOT,19,16,0.0,9
fake_auckland,Op.CNOT,18,17,0.0,100
fake_auckland,Op.CNOT,15,18,0.0,100
fake_auckland,Op.CNOT,17,18,0.0,100
fake_auckland,Op.CNOT,21,18,0.0,60
fake_auckland,Op.CNOT,16,19,0.0,9
fake_auckland,Op.CNOT,20,19,0.0,9
fake_auckland,Op.CNOT,22,19,0.97552968,9
fake_auckland,Op.CNOT,19,20,0.0,9
fake_auckland,Op.CNOT,18,21,0.0,60
fake_auckland,Op.CNOT,23,21,0.9687490390618553,33
fake_auckland,Op.CNOT,19,22,0.9769819900000001,9
fake_auckland,Op.CNOT,25,22,0.0,60
fake_auckland,Op.CNOT,21,23,0.9686295839625537,33
fake_auckland,Op.CNOT,24,23,0.9888717733230638,21
fake_auckland,Op.CNOT,23,24,0.9889854395594181,33
fake_auckland,Op.CNOT,25,24,0.0,9
fake_auckland,Op.CNOT,22,25,0.0,60
fake_auckland,Op.CNOT,24,25,0.0,9
fake_auckland,Op.CNOT,26,25,0.0,9
fake_auckland,Op.CNOT,25,26,0.0,9
fake_auckland,Op.MEAS,0,-1,1.9866,2
fake_auckland,Op.MEAS,1,-1,1.983,2
fake_auckland,Op.MEAS,2,-1,1.985,2
fake_auckland,Op.MEAS,3,-1,1.9798,2
fake_auckland,Op.MEAS,4,-1,1.9858,2
fake_auckland,Op.MEAS,5,-1,1.9832,2
fake_auckland,Op.MEAS,6,-1,1.9762,2
fake_auckland,Op.MEAS,7,-1,1.9868,2
fake_auckland,Op.MEAS,8,-1,1.979,2
fake_auckland,Op.MEAS,9,-1,1.9836,2
fake_auckland,Op.MEAS,10,-1,1.9872,2
fake_auckland,Op.MEAS,11,-1,1.989,2
fake_auckland,Op.MEAS,12,-1,1.9766,2
fake_auckland,Op.MEAS,13,-1,1.9844,2
fake_auckland,Op.MEAS,14,-1,1.985,2
fake_auckland,Op.MEAS,15,-1,1.9866,2
fake_auckland,Op.MEAS,16,-1,1.9848,2
fake_auckland,Op.MEAS,17,-1,1.9838,2
fake_auckland,Op.MEAS,18,-1,1.9844,2
fake_auckland,Op.MEAS,19,-1,1.973,2
fake_auckland,Op.MEAS,20,-1,1.9664,2
fake_auckland,Op.MEAS,21,-1,1.9782,2
fake_auckland,Op.MEAS,22,-1,1.9826,2
fake_auckland,Op.MEAS,23,-1,1.9616,2
fake_auckland,Op.MEAS,24,-1,1.988,2
fake_auckland,Op.MEAS,25,-1,1.984,2
fake_auckland,Op.MEAS,26,-1,1.9864,2
fake_belem,Op.X,0,-1,0.0,10
fake_belem,Op.X,1,-1,0.9992695999269599,5
fake_belem,Op.X,2,-1,0.99928356,3
fake_belem,Op.X,3,-1,0.0,10
fake_belem,Op.X,4,-1,0.0,10
fake_belem,Op.RESET,0,-1,0.0,3
fake_belem,Op.RESET,1,-1,0.90072849,3
fake_belem,Op.RESET,2,-1,0.8631931500000001,3
fake_belem,Op.RESET,3,-1,0.0,3
fake_belem,Op.RESET,4,-1,0.0,3
fake_belem,Op.SX,0,-1,0.0,10
fake_belem,Op.SX,1,-1,0.9992695999269599,5
fake_belem,Op.SX,2,-1,0.99928356,3
fake_belem,Op.SX,3,-1,0.0,10
fake_belem,Op.SX,4,-1,0.0,10
fake_belem,Op.CNOT,1,0,0.0,60
fake_belem,Op.CNOT,0,1,0.0,60
fake_belem,Op.CNOT,2,1,0.9836162262376309,33
fake_belem,Op.CNOT,3,1,0.0,60
fake_belem,Op.CNOT,1,2,0.9838561782058398,33
fake_belem,Op.CNOT,1,3,0.0,60
fake_belem,Op.CNOT,4,3,0.0,100
fake_belem,Op.CNOT,3,4,0.0,100
fake_belem,Op.MEAS,0,-1,1.9172,2
fake_belem,Op.MEAS,1,-1,1.936,2
fake_belem,Op.MEAS,2,-1,1.952,2
fake_belem,Op.MEAS,3,-1,1.932,2
fake_belem,Op.MEAS,4,-1,1.9588,2
fake_boeblingen,Op.U3,0,-1,0.0,10
fake_boeblingen,Op.U3,1,-1,0.0,10
fake_boeblingen,Op.U3,2,-1,0.0,10
fake_boeblingen,Op.U3,3,-1,0.9985571200144289,3
fake_boeblingen,Op.U3,4,-1,0.9983615894265561,5
fake_boeblingen,Op.U3,5,-1,0.9976293492650983,6
fake_boeblingen,Op.U3,6,-1,0.99483742,3
fake_boeblingen,Op.U3,7,-1,0.0,10
fake_boeblingen,Op.U3,8,-1,0.0,10
fake_boeblingen,Op.U3,9,-1,0.0,10
fake_boeblingen,Op.U3,10,-1,0.0,10
fake_boeblingen,Op.U3,11,-1,0.0,10
fake_boeblingen,Op.U3,12,-1,0.0,10
fake_boeblingen,Op.U3,13,-1,0.0,10
fake_boeblingen,Op.U3,14,-1,0.0,10
fake_boeblingen,Op.U3,15,-1,0.0,10
fake_boeblingen,Op.U3,16,-1,0.998259409982594,6
fake_boeblingen,Op.U3,17,-1,0.0,10
fake_boeblingen,Op.U3,18,-1,0.9982092797672063,6
fake_boeblingen,Op.U3,19,-1,0.9973749199474984,6
fake_boeblingen,Op.CNOT,1,0,0.0,100
fake_boeblingen,Op.CNOT,0,1,0.0,100
fake_boeblingen,Op.CNOT,2,1,0.0,100
fake_boeblingen,Op.CNOT,6,1,0.0,60
fake_boeblingen,Op.CNOT,1,2,0.0,100
fake_boeblingen,Op.CNOT,3,2,0.0,60
fake_boeblingen,Op.CNOT,2,3,0.0,60
fake_boeblingen,Op.CNOT,4,3,0.9698438500000001,9
fake_boeblingen,Op.CNOT,8,3,0.0,60
fake_boeblingen,Op.CNOT,3,4,0.9712188597121885,9
fake_boeblingen,Op.CNOT,6,5,0.9646678054814352,33
fake_boeblingen,Op.CNOT,10,5,0.0,60
fake_boeblingen,Op.CNOT,1,6,0.0,60
fake_boeblingen,Op.CNOT,5,6,0.9641658852073558,33
fake_boeblingen,Op.CNOT,7,6,0.0,60
fake_boeblingen,Op.CNOT,6,7,0.0,60
fake_boeblingen,Op.CNOT,8,7,0.0,100
fake_boeblingen,Op.CNOT,12,7,0.0,100
fake_boeblingen,Op.CNOT,3,8,0.0,60
fake_boeblingen,Op.CNOT,7,8,0.0,100
fake_boeblingen,Op.CNOT,9,8,0.0,100
fake_boeblingen,Op.CNOT,8,9,0.0,100
fake_boeblingen,Op.CNOT,14,9,0.0,100
fake_boeblingen,Op.CNOT,5,10,0.0,60
fake_boeblingen,Op.CNOT,11,10,0.0,100
fake_boeblingen,Op.CNOT,10,11,0.0,100
fake_boeblingen,Op.CNOT,12,11,0.0,100
fake_boeblingen,Op.CNOT,16,11,0.0,60
fake_boeblingen,Op.CNOT,7,12,0.0,100
fake_boeblingen,Op.CNOT,11,12,0.0,100
fake_boeblingen,Op.CNOT,13,12,0.0,100
fake_boeblingen,Op.CNOT,12,13,0.0,100
fake_boeblingen,Op.CNOT,14,13,0.0,100
fake_boeblingen,Op.CNOT,18,13,0.0,60
fake_boeblingen,Op.CNOT,9,14,0.0,100
fake_boeblingen,Op.CNOT,13,14,0.0,100
fake_boeblingen,Op.CNOT,16,15,0.0,60
fake_boeblingen,Op.CNOT,11,16,0.0,60
fake_boeblingen,Op.CNOT,15,16,0.0,60
fake_boeblingen,Op.CNOT,17,16,0.0,60
fake_boeblingen,Op.CNOT,16,17,0.0,60
fake_boeblingen,Op.CNOT,18,17,0.0,60
fake_boeblingen,Op.CNOT,13,18,0.0,60
fake_boeblingen,Op.CNOT,17,18,0.0,60
fake_boeblingen,Op.CNOT,19,18,0.9721029480685446,33
fake_boeblingen,Op.CNOT,18,19,0.972281595970488,33
fake_boeblingen,Op.U2,0,-1,0.0,10
fake_boeblingen,Op.U2,1,-1,0.0,10
fake_boeblingen,Op.U2,2,-1,0.0,10
fake_boeblingen,Op.U2,3,-1,0.99927828,3
fake_boeblingen,Op.U2,4,-1,0.9991805199344417,5
fake_boeblingen,Op.U2,5,-1,0.9988144696087748,5
fake_boeblingen,Op.U2,6,-1,0.99741475,3
fake_boeblingen,Op.U2,7,-1,0.0,10
fake_boeblingen,Op.U2,8,-1,0.0,10
fake_boeblingen,Op.U2,9,-1,0.0,10
fake_boeblingen,Op.U2,10,-1,0.0,10
fake_boeblingen,Op.U2,11,-1,0.0,10
fake_boeblingen,Op.U2,12,-1,0.0,10
fake_boeblingen,Op.U2,13,-1,0.0,10
fake_boeblingen,Op.U2,14,-1,0.0,10
fake_boeblingen,Op.U2,15,-1,0.0,10
fake_boeblingen,Op.U2,16,-1,0.999129629878148,5
fake_boeblingen,Op.U2,17,-1,0.0,10
fake_boeblingen,Op.U2,18,-1,0.9991045498209098,5
fake_boeblingen,Op.U2,19,-1,0.9986869599737394,6
fake_boeblingen,Op.MEAS,0,-1,1.9614,2
fake_boeblingen,Op.MEAS,1,-1,1.923,2
fake_boeblingen,Op.MEAS,2,-1,1.8636,2
fake_boeblingen,Op.MEAS,3,-1,1.9534,2
fake_boeblingen,Op.MEAS,4,-1,1.9348,2
fake_boeblingen,Op.MEAS,5,-1,1.9644,2
fake_boeblingen,Op.MEAS,6,-1,1.873,2
fake_boeblingen,Op.MEAS,7,-1,1.9184,2
fake_boeblingen,Op.MEAS,8,-1,1.8908,2
fake_boeblingen,Op.MEAS,9,-1,1.9266,2
fake_boeblingen,Op.MEAS,10,-1,1.7434,2
fake_boeblingen,Op.MEAS,11,-1,1.9372,2
fake_boeblingen,Op.MEAS,12,-1,1.9188,2
fake_boeblingen,Op.MEAS,13,-1,1.8342,2
fake_boeblingen,Op.MEAS,14,-1,1.9344,2
fake_boeblingen,Op.MEAS,15,-1,1.9736,2
fake_boeblingen,Op.MEAS,16,-1,1.9562,2
fake_boeblingen,Op.MEAS,17,-1,1.9138,2
fake_boeblingen,Op.MEAS,18,-1,1.8612,2
fake_boeblingen,Op.MEAS,19,-1,1.6146,2
fake_bogota,Op.X,0,-1,0.0,10
fake_bogota,Op.X,1,-1,0.99959855,3
fake_bogota,Op.X,2,-1,0.0,10
fake_bogota,Op.X,3,-1,0.9984027199361089,6
fake_bogota,Op.X,4,-1,0.9995546099866383,5
fake_bogota,Op.RESET,0,-1,0.0,3
fake_bogota,Op.RESET,1,-1,0.941439899414399,3
fake_bogota,Op.RESET,2,-1,0.0,3
fake_bogota,Op.RESET,3,-1,0.9617911800000001,3
fake_bogota,Op.RESET,4,-1,0.94659724,3
fake_bogota,Op.SX,0,-1,0.0,10
fake_bogota,Op.SX,1,-1,0.99959855,3
fake_bogota,Op.SX,2,-1,0.0,10
fake_bogota,Op.SX,3,-1,0.9984027199361089,6
fake_bogota,Op.SX,4,-1,0.9995546099866383,5
fake_bogota,Op.CNOT,1,0,0.0,60
fake_bogota,Op.CNOT,0,1,0.0,60
fake_bogota,Op.CNOT,2,1,0.0,60
fake_bogota,Op.CNOT,1,2,0.0,60
fake_bogota,Op.CNOT,3,2,0.0,60
fake_bogota,Op.CNOT,2,3,0.0,60
fake_bogota,Op.CNOT,4,3,0.9855982056794615,33
fake_bogota,Op.CNOT,3,4,0.9857407760074166,33
fake_bogota,Op.MEAS,0,-1,1.9356,2
fake_bogota,Op.MEAS,1,-1,1.9458,2
fake_bogota,Op.MEAS,2,-1,1.9322,2
fake_bogota,Op.MEAS,3,-1,1.8868,2
fake_bogota,Op.MEAS,4,-1,1.9246,2
fake_brooklyn,Op.X,0,-1,0.0,10
fake_brooklyn,Op.X,1,-1,0.0,10
fake_brooklyn,Op.X,2,-1,0.0,10
fake_brooklyn,Op.X,3,-1,0.0,10
fake_brooklyn,Op.X,4,-1,0.0,10
fake_brooklyn,Op.X,5,-1,0.0,6
fake_brooklyn,Op.X,6,-1,0.0,10
fake_brooklyn,Op.X,7,-1,0.0,10
fake_brooklyn,Op.X,8,-1,0.0,10
fake_brooklyn,Op.X,9,-1,0.99882375,3
fake_brooklyn,Op.X,10,-1,0.0,10
fake_brooklyn,Op.X,11,-1,0.0,10
fake_brooklyn,Op.X,12,-1,0.9993720999623258,5
fake_brooklyn,Op.X,13,-1,0.9985970499859704,3
fake_brooklyn,Op.X,14,-1,0.0,10
fake_brooklyn,Op.X,15,-1,0.0,10
fake_brooklyn,Op.X,16,-1,0.0,10
fake_brooklyn,Op.X,17,-1,0.0,10
fake_brooklyn,Op.X,18,-1,0.0,10
fake_brooklyn,Op.X,19,-1,0.0,10
fake_brooklyn,Op.X,20,-1,0.0,10
fake_brooklyn,Op.X,21,-1,0.0,10
fake_brooklyn,Op.X,22,-1,0.0,10
fake_brooklyn,Op.X,23,-1,0.0,10
fake_brooklyn,Op.X,24,-1,0.0,10
fake_brooklyn,Op.X,25,-1,0.0,10
fake_brooklyn,Op.X,26,-1,0.99941762,3
fake_brooklyn,Op.X,27,-1,0.0,10
fake_brooklyn,Op.X,28,-1,0.9980503200194969,3
fake_brooklyn,Op.X,29,-1,0.9993260999258708,5
fake_brooklyn,Op.X,30,-1,0.9988713099887131,3
fake_brooklyn,Op.X,31,-1,0.0,10
fake_brooklyn,Op.X,32,-1,0.0,10
fake_brooklyn,Op.X,33,-1,0.0,10
fake_brooklyn,Op.X,34,-1,0.0,3
fake_brooklyn,Op.X,35,-1,0.0,10
fake_brooklyn,Op.X,36,-1,0.0,10
fake_brooklyn,Op.X,37,-1,0.0,10
fake_brooklyn,Op.X,38,-1,0.0,10
fake_brooklyn,Op.X,39,-1,0.0,10
fake_brooklyn,Op.X,40,-1,0.0,10
fake_brooklyn,Op.X,41,-1,0.0,10
fake_brooklyn,Op.X,42,-1,0.0,10
fake_brooklyn,Op.X,43,-1,0.9993404199802127,5
fake_brooklyn,Op.X,44,-1,0.99933711,3
fake_brooklyn,Op.X,45,-1,0.9993034899651745,5
fake_brooklyn,Op.X,46,-1,0.0,10
fake_brooklyn,Op.X,47,-1,0.0,10
fake_brooklyn,Op.X,48,-1,0.9967862090358625,6
fake_brooklyn,Op.X,49,-1,0.0,10
fake_brooklyn,Op.X,50,-1,0.9994102800000001,3
fake_brooklyn,Op.X,51,-1,0.0,10
fake_brooklyn,Op.X,52,-1,0.0,10
fake_brooklyn,Op.X,53,-1,0.0,10
fake_brooklyn,Op.X,54,-1,0.0,10
fake_brooklyn,Op.X,55,-1,0.0,10
fake_brooklyn,Op.X,56,-1,0.0,10
fake_brooklyn,Op.X,57,-1,0.0,10
fake_brooklyn,Op.X,58,-1,0.0,10
fake_brooklyn,Op.X,59,-1,0.0,10
fake_brooklyn,Op.X,60,-1,0.0,10
fake_brooklyn,Op.X,61,-1,0.0,10
fake_brooklyn,Op.X,62,-1,0.0,10
fake_brooklyn,Op.X,63,-1,0.0,10
fake_brooklyn,Op.X,64,-1,0.0,10
fake_brooklyn,Op.RESET,0,-1,0.0,3
fake_brooklyn,Op.RESET,1,-1,0.0,3
fake_brooklyn,Op.RESET,2,-1,0.0,3
fake_brooklyn,Op.RESET,3,-1,0.0,3
fake_brooklyn,Op.RESET,4,-1,0.0,3
fake_brooklyn,Op.RESET,5,-1,0.0,2
fake_brooklyn,Op.RESET,6,-1,0.0,3
fake_brooklyn,Op.RESET,7,-1,0.0,3
fake_brooklyn,Op.RESET,8,-1,0.0,3
fake_brooklyn,Op.RESET,9,-1,0.86596363,3
fake_brooklyn,Op.RESET,10,-1,0.0,3
fake_brooklyn,Op.RESET,11,-1,0.0,3
fake_brooklyn,Op.RESET,12,-1,0.94026972,3
fake_brooklyn,Op.RESET,13,-1,0.8437644384376444,3
fake_brooklyn,Op.RESET,14,-1,0.0,3
fake_brooklyn,Op.RESET,15,-1,0.0,3
fake_brooklyn,Op.RESET,16,-1,0.0,3
fake_brooklyn,Op.RESET,17,-1,0.0,3
fake_brooklyn,Op.RESET,18,-1,0.0,3
fake_brooklyn,Op.RESET,19,-1,0.0,3
fake_brooklyn,Op.RESET,20,-1,0.0,3
fake_brooklyn,Op.RESET,21,-1,0.0,3
fake_brooklyn,Op.RESET,22,-1,0.0,3
fake_brooklyn,Op.RESET,23,-1,0.0,3
fake_brooklyn,Op.RESET,24,-1,0.0,3
fake_brooklyn,Op.RESET,25,-1,0.0,3
fake_brooklyn,Op.RESET,26,-1,0.92998794,3
fake_brooklyn,Op.RESET,27,-1,0.0,3
fake_brooklyn,Op.RESET,28,-1,0.7882362700000001,3
fake_brooklyn,Op.RESET,29,-1,0.94830022,3
fake_brooklyn,Op.RESET,30,-1,0.8688948286889483,3
fake_brooklyn,Op.RESET,31,-1,0.0,3
fake_brooklyn,Op.RESET,32,-1,0.0,3
fake_brooklyn,Op.RESET,33,-1,0.0,3
fake_brooklyn,Op.RESET,34,-1,0.0,3
fake_brooklyn,Op.RESET,35,-1,0.0,3
fake_brooklyn,Op.RESET,36,-1,0.0,3
fake_brooklyn,Op.RESET,37,-1,0.0,3
fake_brooklyn,Op.RESET,38,-1,0.0,3
fake_brooklyn,Op.RESET,39,-1,0.0,3
fake_brooklyn,Op.RESET,40,-1,0.0,3
fake_brooklyn,Op.RESET,41,-1,0.0,3
fake_brooklyn,Op.RESET,42,-1,0.0,3
fake_brooklyn,Op.RESET,43,-1,0.92488734,3
fake_brooklyn,Op.RESET,44,-1,0.92087763,3
fake_brooklyn,Op.RESET,45,-1,0.92350838,3
fake_brooklyn,Op.RESET,46,-1,0.0,3
fake_brooklyn,Op.RESET,47,-1,0.0,3
fake_brooklyn,Op.RESET,48,-1,0.8917016710829831,3
fake_brooklyn,Op.RESET,49,-1,0.0,3
fake_brooklyn,Op.RESET,50,-1,0.9292129100000001,3
fake_brooklyn,Op.RESET,51,-1,0.0,3
fake_brooklyn,Op.RESET,52,-1,0.0,3
fake_brooklyn,Op.RESET,53,-1,0.0,3
fake_brooklyn,Op.RESET,54,-1,0.0,3
fake_brooklyn,Op.RESET,55,-1,0.0,3
fake_brooklyn,Op.RESET,56,-1,0.0,3
fake_brooklyn,Op.RESET,57,-1,0.0,3
fake_brooklyn,Op.RESET,58,-1,0.0,3
fake_brooklyn,Op.RESET,59,-1,0.0,3
fake_brooklyn,Op.RESET,60,-1,0.0,3
fake_brooklyn,Op.RESET,61,-1,0.0,3
fake_brooklyn,Op.RESET,62,-1,0.0,3
fake_brooklyn,Op.RESET,63,-1,0.0,3
fake_brooklyn,Op.RESET,64,-1,0.0,3
fake_brooklyn,Op.SX,0,-1,0.0,10
fake_brooklyn,Op.SX,1,-1,0.0,10
fake_brooklyn,Op.SX,2,-1,0.0,10
fake_brooklyn,Op.SX,3,-1,0.0,10
fake_brooklyn,Op.SX,4,-1,0.0,10
fake_brooklyn,Op.SX,5,-1,0.0,6
fake_brooklyn,Op.SX,6,-1,0.0,10
fake_brooklyn,Op.SX,7,-1,0.0,10
fake_brooklyn,Op.SX,8,-1,0.0,10
fake_brooklyn,Op.SX,9,-1,0.99882375,3
fake_brooklyn,Op.SX,10,-1,0.0,10
fake_brooklyn,Op.SX,11,-1,0.0,10
fake_brooklyn,Op.SX,12,-1,0.9993720999623258,5
fake_brooklyn,Op.SX,13,-1,0.9985970499859704,3
fake_brooklyn,Op.SX,14,-1,0.0,10
fake_brooklyn,Op.SX,15,-1,0.0,10
fake_brooklyn,Op.SX,16,-1,0.0,10
fake_brooklyn,Op.SX,17,-1,0.0,10
fake_brooklyn,Op.SX,18,-1,0.0,10
fake_brooklyn,Op.SX,19,-1,0.0,10
fake_brooklyn,Op.SX,20,-1,0.0,10
fake_brooklyn,Op.SX,21,-1,0.0,10
fake_brooklyn,Op.SX,22,-1,0.0,10
fake_brooklyn,Op.SX,23,-1,0.0,10
fake_brooklyn,Op.SX,24,-1,0.0,10
fake_brooklyn,Op.SX,25,-1,0.0,10
fake_brooklyn,Op.SX,26,-1,0.99941762,3
fake_brooklyn,Op.SX,27,-1,0.0,10
fake_brooklyn,Op.SX,28,-1,0.9980503200194969,3
fake_brooklyn,Op.SX,29,-1,0.9993260999258708,5
fake_brooklyn,Op.SX,30,-1,0.9988713099887131,3
fake_brooklyn,Op.SX,31,-1,0.0,10
fake_brooklyn,Op.SX,32,-1,0.0,10
fake_brooklyn,Op.SX,33,-1,0.0,10
fake_brooklyn,Op.SX,34,-1,0.0,3
fake_brooklyn,Op.SX,35,-1,0.0,10
fake_brooklyn,Op.SX,36,-1,0.0,10
fake_brooklyn,Op.SX,37,-1,0.0,10
fake_brooklyn,Op.SX,38,-1,0.0,10
fake_brooklyn,Op.SX,39,-1,0.0,10
fake_brooklyn,Op.SX,40,-1,0.0,10
fake_brooklyn,Op.SX,41,-1,0.0,10
fake_brooklyn,Op.SX,42,-1,0.0,10
fake_brooklyn,Op.SX,43,-1,0.9993404199802127,5
fake_brooklyn,Op.SX,44,-1,0.99933711,3
fake_brooklyn,Op.SX,45,-1,0.9993034899651745,5
fake_brooklyn,Op.SX,46,-1,0.0,10
fake_brooklyn,Op.SX,47,-1,0.0,10
fake_brooklyn,Op.SX,48,-1,0.9967862090358625,6
fake_brooklyn,Op.SX,49,-1,0.0,10
fake_brooklyn,Op.SX,50,-1,0.9994102800000001,3
fake_brooklyn,Op.SX,51,-1,0.0,10
fake_brooklyn,Op.SX,52,-1,0.0,10
fake_brooklyn,Op.SX,53,-1,0.0,10
fake_brooklyn,Op.SX,54,-1,0.0,10
fake_brooklyn,Op.SX,55,-1,0.0,10
fake_brooklyn,Op.SX,56,-1,0.0,10
fake_brooklyn,Op.SX,57,-1,0.0,10
fake_brooklyn,Op.SX,58,-1,0.0,10
fake_brooklyn,Op.SX,59,-1,0.0,10
fake_brooklyn,Op.SX,60,-1,0.0,10
fake_brooklyn,Op.SX,61,-1,0.0,10
fake_brooklyn,Op.SX,62,-1,0.0,10
fake_brooklyn,Op.SX,63,-1,0.0,10
fake_brooklyn,Op.SX,64,-1,0.0,10
fake_brooklyn,Op.CNOT,1,0,0.0,100
fake_brooklyn,Op.CNOT,10,0,0.0,100
fake_brooklyn,Op.CNOT,0,1,0.0,100
fake_brooklyn,Op.CNOT,2,1,0.0,100
fake_brooklyn,Op.CNOT,1,2,0.0,100
fake_brooklyn,Op.CNOT,3,2,0.0,100
fake_brooklyn,Op.CNOT,2,3,0.0,100
fake_brooklyn,Op.CNOT,4,3,0.0,100
fake_brooklyn,Op.CNOT,3,4,0.0,100
fake_brooklyn,Op.CNOT,5,4,0.0,60
fake_brooklyn,Op.CNOT,11,4,0.0,100
fake_brooklyn,Op.CNOT,4,5,0.0,60
fake_brooklyn,Op.CNOT,6,5,0.0,60
fake_brooklyn,Op.CNOT,5,6,0.0,60
fake_brooklyn,Op.CNOT,7,6,0.0,100
fake_brooklyn,Op.CNOT,6,7,0.0,100
fake_brooklyn,Op.CNOT,8,7,0.0,100
fake_brooklyn,Op.CNOT,7,8,0.0,100
fake_brooklyn,Op.CNOT,9,8,0.0,9
fake_brooklyn,Op.CNOT,12,8,0.0,60
fake_brooklyn,Op.CNOT,8,9,0.0,9
fake_brooklyn,Op.CNOT,0,10,0.0,100
fake_brooklyn,Op.CNOT,13,10,0.0,9
fake_brooklyn,Op.CNOT,4,11,0.0,100
fake_brooklyn,Op.CNOT,17,11,0.0,100
fake_brooklyn,Op.CNOT,8,12,0.0,60
fake_brooklyn,Op.CNOT,21,12,0.0,60
fake_brooklyn,Op.CNOT,10,13,0.0,9
fake_brooklyn,Op.CNOT,14,13,0.0,9
fake_brooklyn,Op.CNOT,13,14,0.0,9
fake_brooklyn,Op.CNOT,15,14,0.0,100
fake_brooklyn,Op.CNOT,14,15,0.0,100
fake_brooklyn,Op.CNOT,16,15,0.0,100
fake_brooklyn,Op.CNOT,24,15,0.0,100
fake_brooklyn,Op.CNOT,15,16,0.0,100
fake_brooklyn,Op.CNOT,17,16,0.0,100
fake_brooklyn,Op.CNOT,11,17,0.0,100
fake_brooklyn,Op.CNOT,16,17,0.0,100
fake_brooklyn,Op.CNOT,18,17,0.0,100
fake_brooklyn,Op.CNOT,17,18,0.0,100
fake_brooklyn,Op.CNOT,19,18,0.0,100
fake_brooklyn,Op.CNOT,18,19,0.0,100
fake_brooklyn,Op.CNOT,20,19,0.0,100
fake_brooklyn,Op.CNOT,25,19,0.0,100
fake_brooklyn,Op.CNOT,19,20,0.0,100
fake_brooklyn,Op.CNOT,21,20,0.0,100
fake_brooklyn,Op.CNOT,12,21,0.0,60
fake_brooklyn,Op.CNOT,20,21,0.0,100
fake_brooklyn,Op.CNOT,22,21,0.0,100
fake_brooklyn,Op.CNOT,21,22,0.0,100
fake_brooklyn,Op.CNOT,23,22,0.0,100
fake_brooklyn,Op.CNOT,22,23,0.0,100
fake_brooklyn,Op.CNOT,26,23,0.0,60
fake_brooklyn,Op.CNOT,15,24,0.0,100
fake_brooklyn,Op.CNOT,29,24,0.0,60
fake_brooklyn,Op.CNOT,19,25,0.0,100
fake_brooklyn,Op.CNOT,33,25,0.0,100
fake_brooklyn,Op.CNOT,23,26,0.0,60
fake_brooklyn,Op.CNOT,37,26,0.0,60
fake_brooklyn,Op.CNOT,28,27,0.0,60
fake_brooklyn,Op.CNOT,38,27,0.0,100
fake_brooklyn,Op.CNOT,27,28,0.0,60
fake_brooklyn,Op.CNOT,29,28,0.968703,9
fake_brooklyn,Op.CNOT,24,29,0.0,60
fake_brooklyn,Op.CNOT,28,29,0.9710001599999998,9
fake_brooklyn,Op.CNOT,30,29,0.9810905045162472,33
fake_brooklyn,Op.CNOT,29,30,0.9807581067173101,33
fake_brooklyn,Op.CNOT,31,30,0.0,9
fake_brooklyn,Op.CNOT,30,31,0.0,9
fake_brooklyn,Op.CNOT,32,31,0.0,100
fake_brooklyn,Op.CNOT,39,31,0.0,100
fake_brooklyn,Op.CNOT,31,32,0.0,100
fake_brooklyn,Op.CNOT,33,32,0.0,100
fake_brooklyn,Op.CNOT,25,33,0.0,100
fake_brooklyn,Op.CNOT,32,33,0.0,100
fake_brooklyn,Op.CNOT,34,33,0.0,100
fake_brooklyn,Op.CNOT,33,34,0.0,100
fake_brooklyn,Op.CNOT,35,34,0.0,100
fake_brooklyn,Op.CNOT,34,35,0.0,9
fake_brooklyn,Op.CNOT,36,35,0.0,100
fake_brooklyn,Op.CNOT,40,35,0.0,100
fake_brooklyn,Op.CNOT,35,36,0.0,100
fake_brooklyn,Op.CNOT,37,36,0.0,100
fake_brooklyn,Op.CNOT,26,37,0.0,60
fake_brooklyn,Op.CNOT,36,37,0.0,100
fake_brooklyn,Op.CNOT,27,38,0.0,100
fake_brooklyn,Op.CNOT,41,38,0.0,100
fake_brooklyn,Op.CNOT,31,39,0.0,100
fake_brooklyn,Op.CNOT,45,39,0.0,60
fake_brooklyn,Op.CNOT,35,40,0.0,100
fake_brooklyn,Op.CNOT,49,40,0.0,100
fake_brooklyn,Op.CNOT,38,41,0.0,100
fake_brooklyn,Op.CNOT,42,41,0.0,100
fake_brooklyn,Op.CNOT,41,42,0.0,100
fake_brooklyn,Op.CNOT,43,42,0.0,60
fake_brooklyn,Op.CNOT,42,43,0.0,60
fake_brooklyn,Op.CNOT,44,43,0.985112680025495,33
fake_brooklyn,Op.CNOT,52,43,0.0,60
fake_brooklyn,Op.CNOT,43,44,0.9853757044982471,33
fake_brooklyn,Op.CNOT,45,44,0.9895739785313757,33
fake_brooklyn,Op.CNOT,39,45,0.0,60
fake_brooklyn,Op.CNOT,44,45,0.9888725397774507,9
fake_brooklyn,Op.CNOT,46,45,0.0,60
fake_brooklyn,Op.CNOT,45,46,0.0,60
fake_brooklyn,Op.CNOT,47,46,0.0,100
fake_brooklyn,Op.CNOT,46,47,0.0,100
fake_brooklyn,Op.CNOT,48,47,0.0,60
fake_brooklyn,Op.CNOT,53,47,0.0,100
fake_brooklyn,Op.CNOT,47,48,0.0,60
fake_brooklyn,Op.CNOT,49,48,0.0,60
fake_brooklyn,Op.CNOT,40,49,0.0,100
fake_brooklyn,Op.CNOT,48,49,0.0,60
fake_brooklyn,Op.CNOT,50,49,0.0,60
fake_brooklyn,Op.CNOT,49,50,0.0,60
fake_brooklyn,Op.CNOT,51,50,0.0,60
fake_brooklyn,Op.CNOT,50,51,0.0,60
fake_brooklyn,Op.CNOT,54,51,0.0,100
fake_brooklyn,Op.CNOT,43,52,0.0,60
fake_brooklyn,Op.CNOT,56,52,0.0,100
fake_brooklyn,Op.CNOT,47,53,0.0,100
fake_brooklyn,Op.CNOT,60,53,0.0,100
fake_brooklyn,Op.CNOT,51,54,0.0,100
fake_brooklyn,Op.CNOT,64,54,0.0,100
fake_brooklyn,Op.CNOT,56,55,0.0,100
fake_brooklyn,Op.CNOT,52,56,0.0,100
fake_brooklyn,Op.CNOT,55,56,0.0,100
fake_brooklyn,Op.CNOT,57,56,0.0,100
fake_brooklyn,Op.CNOT,56,57,0.0,100
fake_brooklyn,Op.CNOT,58,57,0.0,100
fake_brooklyn,Op.CNOT,57,58,0.0,100
fake_brooklyn,Op.CNOT,59,58,0.0,100
fake_brooklyn,Op.CNOT,58,59,0.0,100
fake_brooklyn,Op.CNOT,60,59,0.0,100
fake_brooklyn,Op.CNOT,53,60,0.0,100
fake_brooklyn,Op.CNOT,59,60,0.0,100
fake_brooklyn,Op.CNOT,61,60,0.0,100
fake_brooklyn,Op.CNOT,60,61,0.0,100
fake_brooklyn,Op.CNOT,62,61,0.0,100
fake_brooklyn,Op.CNOT,61,62,0.0,100
fake_brooklyn,Op.CNOT,63,62,0.0,100
fake_brooklyn,Op.CNOT,62,63,0.0,100
fake_brooklyn,Op.CNOT,64,63,0.0,100
fake_brooklyn,Op.CNOT,54,64,0.0,100
fake_brooklyn,Op.CNOT,63,64,0.0,100
fake_brooklyn,Op.MEAS,0,-1,1.9644,2
fake_brooklyn,Op.MEAS,1,-1,1.917,2
fake_brooklyn,Op.MEAS,2,-1,1.95,2
fake_brooklyn,Op.MEAS,3,-1,1.9632,2
fake_brooklyn,Op.MEAS,4,-1,1.964,2
fake_brooklyn,Op.MEAS,5,-1,1.952,2
fake_brooklyn,Op.MEAS,6,-1,1.946,2
fake_brooklyn,Op.MEAS,7,-1,1.9526,2
fake_brooklyn,Op.MEAS,8,-1,1.9726,2
fake_brooklyn,Op.MEAS,9,-1,1.934,2
fake_brooklyn,Op.MEAS,10,-1,1.9722,2
fake_brooklyn,Op.MEAS,11,-1,1.9524,2
fake_brooklyn,Op.MEAS,12,-1,1.9648,2
fake_brooklyn,Op.MEAS,13,-1,1.9746,2
fake_brooklyn,Op.MEAS,14,-1,1.8818,2
fake_brooklyn,Op.MEAS,15,-1,1.949,2
fake_brooklyn,Op.MEAS,16,-1,1.9578,2
fake_brooklyn,Op.MEAS,17,-1,1.946,2
fake_brooklyn,Op.MEAS,18,-1,1.968,2
fake_brooklyn,Op.MEAS,19,-1,1.975,2
fake_brooklyn,Op.MEAS,20,-1,1.9632,2
fake_brooklyn,Op.MEAS,21,-1,1.9116,2
fake_brooklyn,Op.MEAS,22,-1,1.9404,2
fake_brooklyn,Op.MEAS,23,-1,1.9506,2
fake_brooklyn,Op.MEAS,24,-1,1.9442,2
fake_brooklyn,Op.MEAS,25,-1,1.9546,2
fake_brooklyn,Op.MEAS,26,-1,1.9674,2
fake_brooklyn,Op.MEAS,27,-1,1.8828,2
fake_brooklyn,Op.MEAS,28,-1,1.8614,2
fake_brooklyn,Op.MEAS,29,-1,1.9536,2
fake_brooklyn,Op.MEAS,30,-1,1.9516,2
fake_brooklyn,Op.MEAS,31,-1,1.9724,2
fake_brooklyn,Op.MEAS,32,-1,1.8264,2
fake_brooklyn,Op.MEAS,33,-1,1.9314,2
fake_brooklyn,Op.MEAS,34,-1,1.923,2
fake_brooklyn,Op.MEAS,35,-1,1.9604,2
fake_brooklyn,Op.MEAS,36,-1,1.9424,2
fake_brooklyn,Op.MEAS,37,-1,1.9706,2
fake_brooklyn,Op.MEAS,38,-1,1.9508,2
fake_brooklyn,Op.MEAS,39,-1,1.9682,2
fake_brooklyn,Op.MEAS,40,-1,1.921,2
fake_brooklyn,Op.MEAS,41,-1,1.9678,2
fake_brooklyn,Op.MEAS,42,-1,1.9496,2
fake_brooklyn,Op.MEAS,43,-1,1.9656,2
fake_brooklyn,Op.MEAS,44,-1,1.9524,2
fake_brooklyn,Op.MEAS,45,-1,1.957,2
fake_brooklyn,Op.MEAS,46,-1,1.9634,2
fake_brooklyn,Op.MEAS,47,-1,1.9428,2
fake_brooklyn,Op.MEAS,48,-1,1.8554,2
fake_brooklyn,Op.MEAS,49,-1,1.9626,2
fake_brooklyn,Op.MEAS,50,-1,1.9698,2
fake_brooklyn,Op.MEAS,51,-1,1.9548,2
fake_brooklyn,Op.MEAS,52,-1,1.9662,2
fake_brooklyn,Op.MEAS,53,-1,1.9532,2
fake_brooklyn,Op.MEAS,54,-1,1.9718,2
fake_brooklyn,Op.MEAS,55,-1,1.9432,2
fake_brooklyn,Op.MEAS,56,-1,1.8998,2
fake_brooklyn,Op.MEAS,57,-1,1.9114,2
fake_brooklyn,Op.MEAS,58,-1,1.9558,2
fake_brooklyn,Op.MEAS,59,-1,1.9524,2
fake_brooklyn,Op.MEAS,60,-1,1.966,2
fake_brooklyn,Op.MEAS,61,-1,1.9526,2
fake_brooklyn,Op.MEAS,62,-1,1.8812,2
fake_brooklyn,Op.MEAS,63,-1,1.945,2
fake_brooklyn,Op.MEAS,64,-1,1.9032,2
fake_burlington,Op.U3,0,-1,0.99807263,3
fake_burlington,Op.U3,1,-1,0.0,10
fake_burlington,Op.U3,2,-1,0.0,10
fake_burlington,Op.U3,3,-1,0.0,10
fake_burlington,Op.U3,4,-1,0.997965459857582,5
fake_burlington,Op.CNOT,1,0,0.0,60
fake_burlington,Op.CNOT,0,1,0.0,60
fake_burlington,Op.CNOT,2,1,0.0,100
fake_burlington,Op.CNOT,3,1,0.0,100
fake_burlington,Op.CNOT,1,2,0.0,100
fake_burlington,Op.CNOT,1,3,0.0,100
fake_burlington,Op.CNOT,4,3,0.0,60
fake_burlington,Op.CNOT,3,4,0.0,60
fake_burlington,Op.U2,0,-1,0.9990357599903577,3
fake_burlington,Op.U2,1,-1,0.0,10
fake_burlington,Op.U2,2,-1,0.0,10
fake_burlington,Op.U2,3,-1,0.0,10
fake_burlington,Op.U2,4,-1,0.9989824099898242,5
fake_burlington,Op.MEAS,0,-1,1.951,2
fake_burlington,Op.MEAS,1,-1,1.903,2
fake_burlington,Op.MEAS,2,-1,1.946,2
fake_burlington,Op.MEAS,3,-1,1.936,2
fake_burlington,Op.MEAS,4,-1,1.914,2
fake_cambridge,Op.U3,0,-1,0.9979322188213646,5
fake_cambridge,Op.U3,1,-1,0.9964248800000001,3
fake_cambridge,Op.U3,2,-1,0.9981479596851531,6
fake_cambridge,Op.U3,3,-1,0.99690617,3
fake_cambridge,Op.U3,4,-1,0.9976774799303244,6
fake_cambridge,Op.U3,5,-1,0.9974301900256981,6
fake_cambridge,Op.U3,6,-1,0.99627548,3
fake_cambridge,Op.U3,7,-1,0.9954379199543796,6
fake_cambridge,Op.U3,8,-1,0.9981870597643179,6
fake_cambridge,Op.U3,9,-1,0.9971332299713321,6
fake_cambridge,Op.U3,10,-1,0.9974538199745382,3
fake_cambridge,Op.U3,11,-1,0.0,10
fake_cambridge,Op.U3,12,-1,0.9978803896396663,6
fake_cambridge,Op.U3,13,-1,0.9985517597972463,5
fake_cambridge,Op.U3,14,-1,0.9920833399208335,3
fake_cambridge,Op.U3,15,-1,0.9954721899547218,6
fake_cambridge,Op.U3,16,-1,0.9980382599215302,6
fake_cambridge,Op.U3,17,-1,0.994451519944515,6
fake_cambridge,Op.U3,18,-1,0.9924802599248027,6
fake_cambridge,Op.U3,19,-1,0.9937942199379421,6
fake_cambridge,Op.U3,20,-1,0.9960253000794942,6
fake_cambridge,Op.U3,21,-1,0.9941728401165433,6
fake_cambridge,Op.U3,22,-1,0.9931870499318703,6
fake_cambridge,Op.U3,23,-1,0.9983235299329414,6
fake_cambridge,Op.U3,24,-1,0.9984335999216797,6
fake_cambridge,Op.U3,25,-1,0.9971981799439633,6
fake_cambridge,Op.U3,26,-1,0.9956795700000003,6
fake_cambridge,Op.U3,27,-1,0.9976383396929841,6
fake_cambridge,Op.CNOT,1,0,0.9573383477998552,33
fake_cambridge,Op.CNOT,5,0,0.9679448999311266,33
fake_cambridge,Op.CNOT,0,1,0.9570467123079898,33
fake_cambridge,Op.CNOT,2,1,0.9711174018039654,33
fake_cambridge,Op.CNOT,1,2,0.9714214694234561,33
fake_cambridge,Op.CNOT,3,2,0.9724081828930721,33
fake_cambridge,Op.CNOT,2,3,0.9719538806481778,33
fake_cambridge,Op.CNOT,4,3,0.96427157820566,33
fake_cambridge,Op.CNOT,3,4,0.9647203607179007,33
fake_cambridge,Op.CNOT,6,4,0.9671098028340781,33
fake_cambridge,Op.CNOT,0,5,0.9681947110571859,33
fake_cambridge,Op.CNOT,9,5,0.9657912103178051,33
fake_cambridge,Op.CNOT,4,6,0.966536011320429,33
fake_cambridge,Op.CNOT,13,6,0.9465558825891178,36
fake_cambridge,Op.CNOT,8,7,0.9693638213119307,33
fake_cambridge,Op.CNOT,16,7,0.9722616716927058,33
fake_cambridge,Op.CNOT,7,8,0.9691241133270205,33
fake_cambridge,Op.CNOT,9,8,0.9650337006975184,33
fake_cambridge,Op.CNOT,5,9,0.9654916175472594,33
fake_cambridge,Op.CNOT,8,9,0.9647304992119196,33
fake_cambridge,Op.CNOT,10,9,0.9607925502149379,33
fake_cambridge,Op.CNOT,9,10,0.9610998367536516,33
fake_cambridge,Op.CNOT,11,10,0.0,60
fake_cambridge,Op.CNOT,10,11,0.0,60
fake_cambridge,Op.CNOT,12,11,0.0,60
fake_cambridge,Op.CNOT,17,11,0.0,60
fake_cambridge,Op.CNOT,11,12,0.0,60
fake_cambridge,Op.CNOT,13,12,0.9786468523128669,33
fake_cambridge,Op.CNOT,6,13,0.9471460093446841,36
fake_cambridge,Op.CNOT,12,13,0.978954786422314,33
fake_cambridge,Op.CNOT,14,13,0.9604262328311564,33
fake_cambridge,Op.CNOT,13,14,0.9613221407666319,33
fake_cambridge,Op.CNOT,15,14,0.0009082500908250083,36
fake_cambridge,Op.CNOT,14,15,0.0010755097848980434,36
fake_cambridge,Op.CNOT,18,15,0.0009009499549525021,36
fake_cambridge,Op.CNOT,7,16,0.9719989870391709,33
fake_cambridge,Op.CNOT,19,16,0.9416847337798092,33
fake_cambridge,Op.CNOT,11,17,0.0,60
fake_cambridge,Op.CNOT,23,17,0.9574898013561336,33
fake_cambridge,Op.CNOT,15,18,0.0009842400984240091,36
fake_cambridge,Op.CNOT,27,18,0.9598802493593034,33
fake_cambridge,Op.CNOT,16,19,0.9413746439217936,33
fake_cambridge,Op.CNOT,20,19,0.899197367386708,36
fake_cambridge,Op.CNOT,19,20,0.8994664761303568,36
fake_cambridge,Op.CNOT,21,20,0.0022872095425580915,36
fake_cambridge,Op.CNOT,20,21,0.0021761998911900035,36
fake_cambridge,Op.CNOT,22,21,0.888864951059645,36
fake_cambridge,Op.CNOT,21,22,0.8891837826675123,36
fake_cambridge,Op.CNOT,23,22,0.9070745205276924,36
fake_cambridge,Op.CNOT,17,23,0.9578331356047468,33
fake_cambridge,Op.CNOT,22,23,0.9073902036950996,36
fake_cambridge,Op.CNOT,24,23,0.9614713533628886,33
fake_cambridge,Op.CNOT,23,24,0.961763581498281,33
fake_cambridge,Op.CNOT,25,24,0.9797313906764396,33
fake_cambridge,Op.CNOT,24,25,0.9799936727977235,33
fake_cambridge,Op.CNOT,26,25,0.9508676430942538,33
fake_cambridge,Op.CNOT,25,26,0.9511354602818777,33
fake_cambridge,Op.CNOT,27,26,0.0011383501138350102,36
fake_cambridge,Op.CNOT,18,27,0.9608265912398876,33
fake_cambridge,Op.CNOT,26,27,0.001193479940326004,36
fake_cambridge,Op.U2,0,-1,0.9989656798551952,5
fake_cambridge,Op.U2,1,-1,0.99821026,3
fake_cambridge,Op.U2,2,-1,0.9990737998795939,5
fake_cambridge,Op.U2,3,-1,0.99845186,3
fake_cambridge,Op.U2,4,-1,0.998838619639972,5
fake_cambridge,Op.U2,5,-1,0.9987149794859919,5
fake_cambridge,Op.U2,6,-1,0.998136,3
fake_cambridge,Op.U2,7,-1,0.9977173400228266,6
fake_cambridge,Op.U2,8,-1,0.9990933798730733,5
fake_cambridge,Op.U2,9,-1,0.9985660998279319,6
fake_cambridge,Op.U2,10,-1,0.99872585,3
fake_cambridge,Op.U2,11,-1,0.0,10
fake_cambridge,Op.U2,12,-1,0.9989399897985982,5
fake_cambridge,Op.U2,13,-1,0.9992756899782707,5
fake_cambridge,Op.U2,14,-1,0.99603216,3
fake_cambridge,Op.U2,15,-1,0.9977346399320388,6
fake_cambridge,Op.U2,16,-1,0.999019039803808,5
fake_cambridge,Op.U2,17,-1,0.9972234400555311,6
fake_cambridge,Op.U2,18,-1,0.9962360899623608,6
fake_cambridge,Op.U2,19,-1,0.99689417,6
fake_cambridge,Op.U2,20,-1,0.9980116793836208,6
fake_cambridge,Op.U2,21,-1,0.9970838500291618,6
fake_cambridge,Op.U2,22,-1,0.996590099386218,6
fake_cambridge,Op.U2,23,-1,0.9991616499077813,5
fake_cambridge,Op.U2,24,-1,0.9992166999216698,5
fake_cambridge,Op.U2,25,-1,0.9985985798318293,6
fake_cambridge,Op.U2,26,-1,0.9978383900000002,6
fake_cambridge,Op.U2,27,-1,0.9988189896693173,5
fake_cambridge,Op.MEAS,0,-1,1.806,2
fake_cambridge,Op.MEAS,1,-1,1.612,2
fake_cambridge,Op.MEAS,2,-1,1.956,2
fake_cambridge,Op.MEAS,3,-1,1.898,2
fake_cambridge,Op.MEAS,4,-1,1.664,2
fake_cambridge,Op.MEAS,5,-1,1.222,2
fake_cambridge,Op.MEAS,6,-1,1.9,2
fake_cambridge,Op.MEAS,7,-1,1.898,2
fake_cambridge,Op.MEAS,8,-1,1.902,2
fake_cambridge,Op.MEAS,9,-1,1.472,2
fake_cambridge,Op.MEAS,10,-1,1.912,2
fake_cambridge,Op.MEAS,11,-1,1.938,2
fake_cambridge,Op.MEAS,12,-1,1.914,2
fake_cambridge,Op.MEAS,13,-1,1.904,2
fake_cambridge,Op.MEAS,14,-1,1.912,2
fake_cambridge,Op.MEAS,15,-1,1.382,2
fake_cambridge,Op.MEAS,16,-1,1.91,2
fake_cambridge,Op.MEAS,17,-1,1.66,2
fake_cambridge,Op.MEAS,18,-1,1.468,2
fake_cambridge,Op.MEAS,19,-1,1.842,2
fake_cambridge,Op.MEAS,20,-1,1.768,2
fake_cambridge,Op.MEAS,21,-1,1.458,2
fake_cambridge,Op.MEAS,22,-1,1.704,2
fake_cambridge,Op.MEAS,23,-1,1.966,2
fake_cambridge,Op.MEAS,24,-1,1.96,2
fake_cambridge,Op.MEAS,25,-1,1.704,2
fake_cambridge,Op.MEAS,26,-1,1.22,2
fake_cambridge,Op.MEAS,27,-1,1.946,2
fake_casablanca,Op.X,0,-1,0.9993868899693443,5
fake_casablanca,Op.X,1,-1,0.998573509985735,6
fake_casablanca,Op.X,2,-1,0.0,10
fake_casablanca,Op.X,3,-1,0.9995075499852265,5
fake_casablanca,Op.X,4,-1,0.9990960098463219,5
fake_casablanca,Op.X,5,-1,0.0,10
fake_casablanca,Op.X,6,-1,0.9991701098672175,5
fake_casablanca,Op.RESET,0,-1,0.92433905,3
fake_casablanca,Op.RESET,1,-1,0.95086108,3
fake_casablanca,Op.RESET,2,-1,0.0,3
fake_casablanca,Op.RESET,3,-1,0.93464445,3
fake_casablanca,Op.RESET,4,-1,0.90762549,3
fake_casablanca,Op.RESET,5,-1,0.0,3
fake_casablanca,Op.RESET,6,-1,0.91737957,3
fake_casablanca,Op.SX,0,-1,0.9993868899693443,5
fake_casablanca,Op.SX,1,-1,0.998573509985735,6
fake_casablanca,Op.SX,2,-1,0.0,10
fake_casablanca,Op.SX,3,-1,0.9995075499852265,5
fake_casablanca,Op.SX,4,-1,0.9990960098463219,5
fake_casablanca,Op.SX,5,-1,0.0,10
fake_casablanca,Op.SX,6,-1,0.9991701098672175,5
fake_casablanca,Op.CNOT,1,0,0.9748142525475342,33
fake_casablanca,Op.CNOT,0,1,0.9749773334759751,33
fake_casablanca,Op.CNOT,2,1,0.0,60
fake_casablanca,Op.CNOT,3,1,0.9888493777343141,33
fake_casablanca,Op.CNOT,1,2,0.0,60
fake_casablanca,Op.CNOT,1,3,0.9890288052985998,33
fake_casablanca,Op.CNOT,5,3,0.0,60
fake_casablanca,Op.CNOT,5,4,0.0,60
fake_casablanca,Op.CNOT,3,5,0.0,60
fake_casablanca,Op.CNOT,4,5,0.0,60
fake_casablanca,Op.CNOT,6,5,0.0,60
fake_casablanca,Op.CNOT,5,6,0.0,60
fake_casablanca,Op.MEAS,0,-1,1.9606,2
fake_casablanca,Op.MEAS,1,-1,1.9712,2
fake_casablanca,Op.MEAS,2,-1,1.9644,2
fake_casablanca,Op.MEAS,3,-1,1.9688,2
fake_casablanca,Op.MEAS,4,-1,1.9692,2
fake_casablanca,Op.MEAS,5,-1,1.9652,2
fake_casablanca,Op.MEAS,6,-1,1.9348,2
fake_essex,Op.U3,0,-1,0.0,10
fake_essex,Op.U3,1,-1,0.0,10
fake_essex,Op.U3,2,-1,0.0,10
fake_essex,Op.U3,3,-1,0.0,10
fake_essex,Op.U3,4,-1,0.0,10
fake_essex,Op.CNOT,1,0,0.0,100
fake_essex,Op.CNOT,0,1,0.0,100
fake_essex,Op.CNOT,2,1,0.0,100
fake_essex,Op.CNOT,3,1,0.0,100
fake_essex,Op.CNOT,1,2,0.0,100
fake_essex,Op.CNOT,1,3,0.0,100
fake_essex,Op.CNOT,4,3,0.0,100
fake_essex,Op.CNOT,3,4,0.0,100
fake_essex,Op.U2,0,-1,0.0,10
fake_essex,Op.U2,1,-1,0.0,10
fake_essex,Op.U2,2,-1,0.0,10
fake_essex,Op.U2,3,-1,0.0,10
fake_essex,Op.U2,4,-1,0.0,10
fake_essex,Op.MEAS,0,-1,1.9316,2
fake_essex,Op.MEAS,1,-1,1.9386,2
fake_essex,Op.MEAS,2,-1,1.8884,2
fake_essex,Op.MEAS,3,-1,1.9266,2
fake_essex,Op.MEAS,4,-1,1.9274,2
fake_geneva,Op.X,0,-1,0.9997862299957248,5
fake_geneva,Op.X,1,-1,0.9996809599872386,5
fake_geneva,Op.X,2,-1,0.9998114599981148,5
fake_geneva,Op.X,3,-1,0.999746469992394,5
fake_geneva,Op.X,4,-1,0.9995370299814811,5
fake_geneva,Op.X,5,-1,0.9997591299927739,5
fake_geneva,Op.X,6,-1,0.0,10
fake_geneva,Op.X,7,-1,0.9997272299945446,5
fake_geneva,Op.X,8,-1,0.99979354,5
fake_geneva,Op.X,9,-1,0.9997253799945078,5
fake_geneva,Op.X,10,-1,0.9997875899830071,5
fake_geneva,Op.X,11,-1,0.9995725799871773,5
fake_geneva,Op.X,12,-1,0.99923501,3
fake_geneva,Op.X,13,-1,0.99970765,5
fake_geneva,Op.X,14,-1,0.9994751699685103,5
fake_geneva,Op.X,15,-1,0.9984448797045271,5
fake_geneva,Op.X,16,-1,0.9994124999530001,5
fake_geneva,Op.X,17,-1,0.9968819288774944,5
fake_geneva,Op.X,18,-1,0.9988949396684819,5
fake_geneva,Op.X,19,-1,0.0,3
fake_geneva,Op.X,20,-1,0.9990388598750517,5
fake_geneva,Op.X,21,-1,0.9997130899999997,5
fake_geneva,Op.X,22,-1,0.0,10
fake_geneva,Op.X,23,-1,0.0,6
fake_geneva,Op.X,24,-1,0.0,10
fake_geneva,Op.X,25,-1,0.9988181799054544,5
fake_geneva,Op.X,26,-1,0.0,10
fake_geneva,Op.RESET,0,-1,0.996470300035297,3
fake_geneva,Op.RESET,1,-1,0.99505882,3
fake_geneva,Op.RESET,2,-1,0.9960661700000001,3
fake_geneva,Op.RESET,3,-1,0.99572748,3
fake_geneva,Op.RESET,4,-1,0.99610427,3
fake_geneva,Op.RESET,5,-1,0.9960096,3
fake_geneva,Op.RESET,6,-1,0.0,3
fake_geneva,Op.RESET,7,-1,0.99014683,3
fake_geneva,Op.RESET,8,-1,0.99361033,3
fake_geneva,Op.RESET,9,-1,0.9967336600326633,3
fake_geneva,Op.RESET,10,-1,0.9950222900497772,3
fake_geneva,Op.RESET,11,-1,0.9944498700000001,3
fake_geneva,Op.RESET,12,-1,0.9676846903231531,3
fake_geneva,Op.RESET,13,-1,0.99607009,3
fake_geneva,Op.RESET,14,-1,0.99477098,3
fake_geneva,Op.RESET,15,-1,0.99478336,3
fake_geneva,Op.RESET,16,-1,0.99577213,3
fake_geneva,Op.RESET,17,-1,0.99478669,3
fake_geneva,Op.RESET,18,-1,0.97631798,3
fake_geneva,Op.RESET,19,-1,0.0,3
fake_geneva,Op.RESET,20,-1,0.9933206,3
fake_geneva,Op.RESET,21,-1,0.9958413,3
fake_geneva,Op.RESET,22,-1,0.0,3
fake_geneva,Op.RESET,23,-1,0.0,2
fake_geneva,Op.RESET,24,-1,0.0,3
fake_geneva,Op.RESET,25,-1,0.9966685000333151,3
fake_geneva,Op.RESET,26,-1,0.0,3
fake_geneva,Op.SX,0,-1,0.9997862299957248,5
fake_geneva,Op.SX,1,-1,0.9996809599872386,5
fake_geneva,Op.SX,2,-1,0.9998114599981148,5
fake_geneva,Op.SX,3,-1,0.999746469992394,5
fake_geneva,Op.SX,4,-1,0.9995370299814811,5
fake_geneva,Op.SX,5,-1,0.9997591299927739,5
fake_geneva,Op.SX,6,-1,0.0,10
fake_geneva,Op.SX,7,-1,0.9997272299945446,5
fake_geneva,Op.SX,8,-1,0.99979354,5
fake_geneva,Op.SX,9,-1,0.9997253799945078,5
fake_geneva,Op.SX,10,-1,0.9997875899830071,5
fake_geneva,Op.SX,11,-1,0.9995725799871773,5
fake_geneva,Op.SX,12,-1,0.99923501,3
fake_geneva,Op.SX,13,-1,0.99970765,5
fake_geneva,Op.SX,14,-1,0.9994751699685103,5
fake_geneva,Op.SX,15,-1,0.9984448797045271,5
fake_geneva,Op.SX,16,-1,0.9994124999530001,5
fake_geneva,Op.SX,17,-1,0.9968819288774944,5
fake_geneva,Op.SX,18,-1,0.9988949396684819,5
fake_geneva,Op.SX,19,-1,0.0,3
fake_geneva,Op.SX,20,-1,0.9990388598750517,5
fake_geneva,Op.SX,21,-1,0.9997130899999997,5
fake_geneva,Op.SX,22,-1,0.0,10
fake_geneva,Op.SX,23,-1,0.0,6
fake_geneva,Op.SX,24,-1,0.0,10
fake_geneva,Op.SX,25,-1,0.9988181799054544,5
fake_geneva,Op.SX,26,-1,0.0,10
fake_geneva,Op.CNOT,1,0,0.9877040209412331,33
fake_geneva,Op.CNOT,0,1,0.9876086585629777,33
fake_geneva,Op.CNOT,2,1,0.9926708591205031,33
fake_geneva,Op.CNOT,4,1,0.9876090720698055,33
fake_geneva,Op.CNOT,1,2,0.9926171988925795,33
fake_geneva,Op.CNOT,3,2,0.9942209881507166,33
fake_geneva,Op.CNOT,2,3,0.9942686382805911,33
fake_geneva,Op.CNOT,5,3,0.9936101925239257,33
fake_geneva,Op.CNOT,1,4,0.9876615822267961,33
fake_geneva,Op.CNOT,7,4,0.9931042489679588,21
fake_geneva,Op.CNOT,3,5,0.9936553125132681,33
fake_geneva,Op.CNOT,8,5,0.9877802232589059,33
fake_geneva,Op.CNOT,7,6,0.0,60
fake_geneva,Op.CNOT,4,7,0.9930551110410927,21
fake_geneva,Op.CNOT,6,7,0.0,60
fake_geneva,Op.CNOT,10,7,0.9945080602196765,33
fake_geneva,Op.CNOT,5,8,0.987732560126748,33
fake_geneva,Op.CNOT,9,8,0.9930628281963363,33
fake_geneva,Op.CNOT,11,8,0.9945798504605362,21
fake_geneva,Op.CNOT,8,9,0.9931093191042109,33
fake_geneva,Op.CNOT,7,10,0.9946142995152879,33
fake_geneva,Op.CNOT,12,10,0.9477559789551195,8
fake_geneva,Op.CNOT,8,11,0.9946300150177417,21
fake_geneva,Op.CNOT,14,11,0.9912532397375969,33
fake_geneva,Op.CNOT,10,12,0.9649405178964311,7
fake_geneva,Op.CNOT,13,12,0.9887360388736038,7
fake_geneva,Op.CNOT,15,12,0.8581583804976058,33
fake_geneva,Op.CNOT,12,13,0.9895820191665615,7
fake_geneva,Op.CNOT,14,13,0.9861117291667045,33
fake_geneva,Op.CNOT,11,14,0.9911953999999984,33
fake_geneva,Op.CNOT,13,14,0.986052584560507,33
fake_geneva,Op.CNOT,16,14,0.9700144743027485,33
fake_geneva,Op.CNOT,12,15,0.946604765293096,33
fake_geneva,Op.CNOT,18,15,0.9645379176588871,33
fake_geneva,Op.CNOT,14,16,6.274008156210607e-05,36
fake_geneva,Op.CNOT,19,16,0.0,60
fake_geneva,Op.CNOT,18,17,0.9828390599999995,33
fake_geneva,Op.CNOT,15,18,0.980180395513888,33
fake_geneva,Op.CNOT,17,18,0.9829236569262582,33
fake_geneva,Op.CNOT,21,18,0.9828132243283633,33
fake_geneva,Op.CNOT,16,19,0.0,60
fake_geneva,Op.CNOT,20,19,0.0,60
fake_geneva,Op.CNOT,22,19,0.0,100
fake_geneva,Op.CNOT,19,20,0.0,60
fake_geneva,Op.CNOT,18,21,0.9827295715374912,33
fake_geneva,Op.CNOT,23,21,0.0,36
fake_geneva,Op.CNOT,19,22,0.0,100
fake_geneva,Op.CNOT,25,22,0.0,60
fake_geneva,Op.CNOT,21,23,0.0,36
fake_geneva,Op.CNOT,24,23,0.0,60
fake_geneva,Op.CNOT,23,24,0.0,60
fake_geneva,Op.CNOT,25,24,0.0,60
fake_geneva,Op.CNOT,22,25,0.0,60
fake_geneva,Op.CNOT,24,25,0.0,60
fake_geneva,Op.CNOT,26,25,0.0,60
fake_geneva,Op.CNOT,25,26,0.0,60
fake_geneva,Op.MEAS,0,-1,1.9528,2
fake_geneva,Op.MEAS,1,-1,1.9512,2
fake_geneva,Op.MEAS,2,-1,1.9308,2
fake_geneva,Op.MEAS,3,-1,1.9242,2
fake_geneva,Op.MEAS,4,-1,1.9462,2
fake_geneva,Op.MEAS,5,-1,1.9286,2
fake_geneva,Op.MEAS,6,-1,1.9482,2
fake_geneva,Op.MEAS,7,-1,1.9342,2
fake_geneva,Op.MEAS,8,-1,1.9528,2
fake_geneva,Op.MEAS,9,-1,1.9494,2
fake_geneva,Op.MEAS,10,-1,1.96333334,2
fake_geneva,Op.MEAS,11,-1,1.9602,2
fake_geneva,Op.MEAS,12,-1,1.95,2
fake_geneva,Op.MEAS,13,-1,1.9092,2
fake_geneva,Op.MEAS,14,-1,1.771,2
fake_geneva,Op.MEAS,15,-1,1.7484,2
fake_geneva,Op.MEAS,16,-1,1.7172,2
fake_geneva,Op.MEAS,17,-1,1.961,2
fake_geneva,Op.MEAS,18,-1,1.9724,2
fake_geneva,Op.MEAS,19,-1,1.959,2
fake_geneva,Op.MEAS,20,-1,1.9374,2
fake_geneva,Op.MEAS,21,-1,1.921,2
fake_geneva,Op.MEAS,22,-1,1.9218,2
fake_geneva,Op.MEAS,23,-1,1.941,2
fake_geneva,Op.MEAS,24,-1,1.95,2
fake_geneva,Op.MEAS,25,-1,1.94,2
fake_geneva,Op.MEAS,26,-1,1.9162,2
fake_guadalupe,Op.X,0,-1,0.0,10
fake_guadalupe,Op.X,1,-1,0.0,10
fake_guadalupe,Op.X,2,-1,0.0,10
fake_guadalupe,Op.X,3,-1,0.0,10
fake_guadalupe,Op.X,4,-1,0.0,10
fake_guadalupe,Op.X,5,-1,0.0,10
fake_guadalupe,Op.X,6,-1,0.99858566,3
fake_guadalupe,Op.X,7,-1,0.0,10
fake_guadalupe,Op.X,8,-1,0.0,10
fake_guadalupe,Op.X,9,-1,0.0,10
fake_guadalupe,Op.X,10,-1,0.0,10
fake_guadalupe,Op.X,11,-1,0.0,10
fake_guadalupe,Op.X,12,-1,0.0,10
fake_guadalupe,Op.X,13,-1,0.999556599973396,5
fake_guadalupe,Op.X,14,-1,0.0,10
fake_guadalupe,Op.X,15,-1,0.0,10
fake_guadalupe,Op.RESET,0,-1,0.0,3
fake_guadalupe,Op.RESET,1,-1,0.0,3
fake_guadalupe,Op.RESET,2,-1,0.0,3
fake_guadalupe,Op.RESET,3,-1,0.0,3
fake_guadalupe,Op.RESET,4,-1,0.0,3
fake_guadalupe,Op.RESET,5,-1,0.0,3
fake_guadalupe,Op.RESET,6,-1,0.76338402,3
fake_guadalupe,Op.RESET,7,-1,0.0,3
fake_guadalupe,Op.RESET,8,-1,0.0,3
fake_guadalupe,Op.RESET,9,-1,0.0,3
fake_guadalupe,Op.RESET,10,-1,0.0,3
fake_guadalupe,Op.RESET,11,-1,0.0,3
fake_guadalupe,Op.RESET,12,-1,0.0,3
fake_guadalupe,Op.RESET,13,-1,0.9350296100000001,3
fake_guadalupe,Op.RESET,14,-1,0.0,3
fake_guadalupe,Op.RESET,15,-1,0.0,3
fake_guadalupe,Op.SX,0,-1,0.0,10
fake_guadalupe,Op.SX,1,-1,0.0,10
fake_guadalupe,Op.SX,2,-1,0.0,10
fake_guadalupe,Op.SX,3,-1,0.0,10
fake_guadalupe,Op.SX,4,-1,0.0,10
fake_guadalupe,Op.SX,5,-1,0.0,10
fake_guadalupe,Op.SX,6,-1,0.99858566,3
fake_guadalupe,Op.SX,7,-1,0.0,10
fake_guadalupe,Op.SX,8,-1,0.0,10
fake_guadalupe,Op.SX,9,-1,0.0,10
fake_guadalupe,Op.SX,10,-1,0.0,10
fake_guadalupe,Op.SX,11,-1,0.0,10
fake_guadalupe,Op.SX,12,-1,0.0,10
fake_guadalupe,Op.SX,13,-1,0.999556599973396,5
fake_guadalupe,Op.SX,14,-1,0.0,10
fake_guadalupe,Op.SX,15,-1,0.0,10
fake_guadalupe,Op.CNOT,1,0,0.0,100
fake_guadalupe,Op.CNOT,0,1,0.0,100
fake_guadalupe,Op.CNOT,2,1,0.0,100
fake_guadalupe,Op.CNOT,4,1,0.0,100
fake_guadalupe,Op.CNOT,1,2,0.0,100
fake_guadalupe,Op.CNOT,3,2,0.0,100
fake_guadalupe,Op.CNOT,2,3,0.0,100
fake_guadalupe,Op.CNOT,5,3,0.0,100
fake_guadalupe,Op.CNOT,1,4,0.0,100
fake_guadalupe,Op.CNOT,7,4,0.0,100
fake_guadalupe,Op.CNOT,3,5,0.0,100
fake_guadalupe,Op.CNOT,8,5,0.0,100
fake_guadalupe,Op.CNOT,7,6,0.0,9
fake_guadalupe,Op.CNOT,4,7,0.0,100
fake_guadalupe,Op.CNOT,6,7,0.0,9
fake_guadalupe,Op.CNOT,10,7,0.0,100
fake_guadalupe,Op.CNOT,5,8,0.0,100
fake_guadalupe,Op.CNOT,9,8,0.0,100
fake_guadalupe,Op.CNOT,11,8,0.0,100
fake_guadalupe,Op.CNOT,8,9,0.0,100
fake_guadalupe,Op.CNOT,7,10,0.0,100
fake_guadalupe,Op.CNOT,12,10,0.0,100
fake_guadalupe,Op.CNOT,8,11,0.0,100
fake_guadalupe,Op.CNOT,14,11,0.0,100
fake_guadalupe,Op.CNOT,10,12,0.0,100
fake_guadalupe,Op.CNOT,13,12,0.0,60
fake_guadalupe,Op.CNOT,15,12,0.0,100
fake_guadalupe,Op.CNOT,12,13,0.0,60
fake_guadalupe,Op.CNOT,14,13,0.0,60
fake_guadalupe,Op.CNOT,11,14,0.0,100
fake_guadalupe,Op.CNOT,13,14,0.0,60
fake_guadalupe,Op.CNOT,12,15,0.0,100
fake_guadalupe,Op.MEAS,0,-1,1.9728,2
fake_guadalupe,Op.MEAS,1,-1,1.959,2
fake_guadalupe,Op.MEAS,2,-1,1.9674,2
fake_guadalupe,Op.MEAS,3,-1,1.937,2
fake_guadalupe,Op.MEAS,4,-1,1.9704,2
fake_guadalupe,Op.MEAS,5,-1,1.9606,2
fake_guadalupe,Op.MEAS,6,-1,1.977,2
fake_guadalupe,Op.MEAS,7,-1,1.9594,2
fake_guadalupe,Op.MEAS,8,-1,1.879,2
fake_guadalupe,Op.MEAS,9,-1,1.969,2
fake_guadalupe,Op.MEAS,10,-1,1.9676,2
fake_guadalupe,Op.MEAS,11,-1,1.9712,2
fake_guadalupe,Op.MEAS,12,-1,1.9618,2
fake_guadalupe,Op.MEAS,13,-1,1.9766,2
fake_guadalupe,Op.MEAS,14,-1,1.9582,2
fake_guadalupe,Op.MEAS,15,-1,1.9788,2
fake_lima,Op.X,0,-1,0.0,3
fake_lima,Op.X,1,-1,0.0,10
fake_lima,Op.X,2,-1,0.99964117,3
fake_lima,Op.X,3,-1,0.0,10
fake_lima,Op.X,4,-1,0.99790757,3
fake_lima,Op.RESET,0,-1,0.0,3
fake_lima,Op.RESET,1,-1,0.0,3
fake_lima,Op.RESET,2,-1,0.9436898294368983,3
fake_lima,Op.RESET,3,-1,0.0,3
fake_lima,Op.RESET,4,-1,0.71303698,3
fake_lima,Op.SX,0,-1,0.0,3
fake_lima,Op.SX,1,-1,0.0,10
fake_lima,Op.SX,2,-1,0.99964117,3
fake_lima,Op.SX,3,-1,0.0,10
fake_lima,Op.SX,4,-1,0.99790757,3
fake_lima,Op.CNOT,1,0,0.0,100
fake_lima,Op.CNOT,0,1,0.0,100
fake_lima,Op.CNOT,2,1,0.0,60
fake_lima,Op.CNOT,3,1,0.0,100
fake_lima,Op.CNOT,1,2,0.0,60
fake_lima,Op.CNOT,1,3,0.0,100
fake_lima,Op.CNOT,4,3,0.0,9
fake_lima,Op.CNOT,3,4,0.0,9
fake_lima,Op.MEAS,0,-1,1.9478,2
fake_lima,Op.MEAS,1,-1,1.96,2
fake_lima,Op.MEAS,2,-1,1.9668,2
fake_lima,Op.MEAS,3,-1,1.897,2
fake_lima,Op.MEAS,4,-1,1.885,2
fake_london,Op.U3,0,-1,0.0,10
fake_london,Op.U3,1,-1,0.0,10
fake_london,Op.U3,2,-1,0.99815962,3
fake_london,Op.U3,3,-1,0.0,10
fake_london,Op.U3,4,-1,0.99750732,3
fake_london,Op.CNOT,1,0,0.0,100
fake_london,Op.CNOT,0,1,0.0,100
fake_london,Op.CNOT,2,1,0.0,9
fake_london,Op.CNOT,3,1,0.0,100
fake_london,Op.CNOT,1,2,0.0,60
fake_london,Op.CNOT,1,3,0.0,100
fake_london,Op.CNOT,4,3,0.0,60
fake_london,Op.CNOT,3,4,0.0,60
fake_london,Op.U2,0,-1,0.0,10
fake_london,Op.U2,1,-1,0.0,10
fake_london,Op.U2,2,-1,0.9990793099907931,3
fake_london,Op.U2,3,-1,0.0,10
fake_london,Op.U2,4,-1,0.99875261,3
fake_london,Op.MEAS,0,-1,1.94,2
fake_london,Op.MEAS,1,-1,1.90333334,2
fake_london,Op.MEAS,2,-1,1.67,2
fake_london,Op.MEAS,3,-1,1.96666666,2
fake_london,Op.MEAS,4,-1,1.95,2
fake_manhattan,Op.X,0,-1,0.0,10
fake_manhattan,Op.X,1,-1,0.0,10
fake_manhattan,Op.X,2,-1,0.0,10
fake_manhattan,Op.X,3,-1,0.0,10
fake_manhattan,Op.X,4,-1,0.0,10
fake_manhattan,Op.X,5,-1,0.9989877200101228,3
fake_manhattan,Op.X,6,-1,0.0,10
fake_manhattan,Op.X,7,-1,0.0,10
fake_manhattan,Op.X,8,-1,0.0,10
fake_manhattan,Op.X,9,-1,0.0,10
fake_manhattan,Op.X,10,-1,0.0,10
fake_manhattan,Op.X,11,-1,0.0,10
fake_manhattan,Op.X,12,-1,0.0,10
fake_manhattan,Op.X,13,-1,0.99947409,3
fake_manhattan,Op.X,14,-1,0.9970515200000001,3
fake_manhattan,Op.X,15,-1,0.0,10
fake_manhattan,Op.X,16,-1,0.0,10
fake_manhattan,Op.X,17,-1,0.0,10
fake_manhattan,Op.X,18,-1,0.0,10
fake_manhattan,Op.X,19,-1,0.0,10
fake_manhattan,Op.X,20,-1,0.99923402,3
fake_manhattan,Op.X,21,-1,0.0,10
fake_manhattan,Op.X,22,-1,0.0,10
fake_manhattan,Op.X,23,-1,0.0,10
fake_manhattan,Op.X,24,-1,0.0,10
fake_manhattan,Op.X,25,-1,0.0,10
fake_manhattan,Op.X,26,-1,0.0,10
fake_manhattan,Op.X,27,-1,0.0,10
fake_manhattan,Op.X,28,-1,0.9981360300000001,6
fake_manhattan,Op.X,29,-1,0.0,10
fake_manhattan,Op.X,30,-1,0.9993572199614333,5
fake_manhattan,Op.X,31,-1,0.0,6
fake_manhattan,Op.X,32,-1,0.0,10
fake_manhattan,Op.X,33,-1,0.0,10
fake_manhattan,Op.X,34,-1,0.0,10
fake_manhattan,Op.X,35,-1,0.0,10
fake_manhattan,Op.X,36,-1,0.0,3
fake_manhattan,Op.X,37,-1,0.0,10
fake_manhattan,Op.X,38,-1,0.0,10
fake_manhattan,Op.X,39,-1,0.9991151500000001,3
fake_manhattan,Op.X,40,-1,0.0,10
fake_manhattan,Op.X,41,-1,0.0,10
fake_manhattan,Op.X,42,-1,0.0,10
fake_manhattan,Op.X,43,-1,0.9988076499880765,3
fake_manhattan,Op.X,44,-1,0.0,10
fake_manhattan,Op.X,45,-1,0.0,10
fake_manhattan,Op.X,46,-1,0.0,10
fake_manhattan,Op.X,47,-1,0.0,10
fake_manhattan,Op.X,48,-1,0.0,10
fake_manhattan,Op.X,49,-1,0.0,10
fake_manhattan,Op.X,50,-1,0.0,10
fake_manhattan,Op.X,51,-1,0.0,10
fake_manhattan,Op.X,52,-1,0.0,10
fake_manhattan,Op.X,53,-1,0.0,10
fake_manhattan,Op.X,54,-1,0.0,10
fake_manhattan,Op.X,55,-1,0.0,10
fake_manhattan,Op.X,56,-1,0.0,10
fake_manhattan,Op.X,57,-1,0.999159410008406,3
fake_manhattan,Op.X,58,-1,0.0,10
fake_manhattan,Op.X,59,-1,0.0,10
fake_manhattan,Op.X,60,-1,0.0,10
fake_manhattan,Op.X,61,-1,0.0,10
fake_manhattan,Op.X,62,-1,0.99898632,3
fake_manhattan,Op.X,63,-1,0.0,10
fake_manhattan,Op.X,64,-1,0.999377399993774,3
fake_manhattan,Op.RESET,0,-1,0.0,3
fake_manhattan,Op.RESET,1,-1,0.0,3
fake_manhattan,Op.RESET,2,-1,0.0,3
fake_manhattan,Op.RESET,3,-1,0.0,3
fake_manhattan,Op.RESET,4,-1,0.0,3
fake_manhattan,Op.RESET,5,-1,0.8537187514628125,3
fake_manhattan,Op.RESET,6,-1,0.0,3
fake_manhattan,Op.RESET,7,-1,0.0,3
fake_manhattan,Op.RESET,8,-1,0.0,3
fake_manhattan,Op.RESET,9,-1,0.0,3
fake_manhattan,Op.RESET,10,-1,0.0,3
fake_manhattan,Op.RESET,11,-1,0.0,3
fake_manhattan,Op.RESET,12,-1,0.0,3
fake_manhattan,Op.RESET,13,-1,0.92108959,3
fake_manhattan,Op.RESET,14,-1,0.66307044,3
fake_manhattan,Op.RESET,15,-1,0.0,3
fake_manhattan,Op.RESET,16,-1,0.0,3
fake_manhattan,Op.RESET,17,-1,0.0,3
fake_manhattan,Op.RESET,18,-1,0.0,3
fake_manhattan,Op.RESET,19,-1,0.0,3
fake_manhattan,Op.RESET,20,-1,0.88743017,3
fake_manhattan,Op.RESET,21,-1,0.0,3
fake_manhattan,Op.RESET,22,-1,0.0,3
fake_manhattan,Op.RESET,23,-1,0.0,3
fake_manhattan,Op.RESET,24,-1,0.0,3
fake_manhattan,Op.RESET,25,-1,0.0,3
fake_manhattan,Op.RESET,26,-1,0.0,3
fake_manhattan,Op.RESET,27,-1,0.0,3
fake_manhattan,Op.RESET,28,-1,0.81759202,3
fake_manhattan,Op.RESET,29,-1,0.0,3
fake_manhattan,Op.RESET,30,-1,0.91746622,3
fake_manhattan,Op.RESET,31,-1,0.0,2
fake_manhattan,Op.RESET,32,-1,0.0,3
fake_manhattan,Op.RESET,33,-1,0.0,3
fake_manhattan,Op.RESET,34,-1,0.0,3
fake_manhattan,Op.RESET,35,-1,0.0,3
fake_manhattan,Op.RESET,36,-1,0.0,3
fake_manhattan,Op.RESET,37,-1,0.0,3
fake_manhattan,Op.RESET,38,-1,0.0,3
fake_manhattan,Op.RESET,39,-1,0.87136134,3
fake_manhattan,Op.RESET,40,-1,0.0,3
fake_manhattan,Op.RESET,41,-1,0.0,3
fake_manhattan,Op.RESET,42,-1,0.0,3
fake_manhattan,Op.RESET,43,-1,0.83182582,3
fake_manhattan,Op.RESET,44,-1,0.0,3
fake_manhattan,Op.RESET,45,-1,0.0,3
fake_manhattan,Op.RESET,46,-1,0.0,3
fake_manhattan,Op.RESET,47,-1,0.0,3
fake_manhattan,Op.RESET,48,-1,0.0,3
fake_manhattan,Op.RESET,49,-1,0.0,3
fake_manhattan,Op.RESET,50,-1,0.0,3
fake_manhattan,Op.RESET,51,-1,0.0,3
fake_manhattan,Op.RESET,52,-1,0.0,3
fake_manhattan,Op.RESET,53,-1,0.0,3
fake_manhattan,Op.RESET,54,-1,0.0,3
fake_manhattan,Op.RESET,55,-1,0.0,3
fake_manhattan,Op.RESET,56,-1,0.0,3
fake_manhattan,Op.RESET,57,-1,0.8767849600000001,3
fake_manhattan,Op.RESET,58,-1,0.0,3
fake_manhattan,Op.RESET,59,-1,0.0,3
fake_manhattan,Op.RESET,60,-1,0.0,3
fake_manhattan,Op.RESET,61,-1,0.0,3
fake_manhattan,Op.RESET,62,-1,0.8540211185402112,3
fake_manhattan,Op.RESET,63,-1,0.0,3
fake_manhattan,Op.RESET,64,-1,0.9071960909280391,3
fake_manhattan,Op.SX,0,-1,0.0,10
fake_manhattan,Op.SX,1,-1,0.0,10
fake_manhattan,Op.SX,2,-1,0.0,10
fake_manhattan,Op.SX,3,-1,0.0,10
fake_manhattan,Op.SX,4,-1,0.0,10
fake_manhattan,Op.SX,5,-1,0.9989877200101228,3
fake_manhattan,Op.SX,6,-1,0.0,10
fake_manhattan,Op.SX,7,-1,0.0,10
fake_manhattan,Op.SX,8,-1,0.0,10
fake_manhattan,Op.SX,9,-1,0.0,10
fake_manhattan,Op.SX,10,-1,0.0,10
fake_manhattan,Op.SX,11,-1,0.0,10
fake_manhattan,Op.SX,12,-1,0.0,10
fake_manhattan,Op.SX,13,-1,0.99947409,3
fake_manhattan,Op.SX,14,-1,0.9970515200000001,3
fake_manhattan,Op.SX,15,-1,0.0,10
fake_manhattan,Op.SX,16,-1,0.0,10
fake_manhattan,Op.SX,17,-1,0.0,10
fake_manhattan,Op.SX,18,-1,0.0,10
fake_manhattan,Op.SX,19,-1,0.0,10
fake_manhattan,Op.SX,20,-1,0.99923402,3
fake_manhattan,Op.SX,21,-1,0.0,10
fake_manhattan,Op.SX,22,-1,0.0,10
fake_manhattan,Op.SX,23,-1,0.0,10
fake_manhattan,Op.SX,24,-1,0.0,10
fake_manhattan,Op.SX,25,-1,0.0,10
fake_manhattan,Op.SX,26,-1,0.0,10
fake_manhattan,Op.SX,27,-1,0.0,10
fake_manhattan,Op.SX,28,-1,0.9981360300000001,6
fake_manhattan,Op.SX,29,-1,0.0,10
fake_manhattan,Op.SX,30,-1,0.9993572199614333,5
fake_manhattan,Op.SX,31,-1,0.0,6
fake_manhattan,Op.SX,32,-1,0.0,10
fake_manhattan,Op.SX,33,-1,0.0,10
fake_manhattan,Op.SX,34,-1,0.0,10
fake_manhattan,Op.SX,35,-1,0.0,10
fake_manhattan,Op.SX,36,-1,0.0,3
fake_manhattan,Op.SX,37,-1,0.0,10
fake_manhattan,Op.SX,38,-1,0.0,10
fake_manhattan,Op.SX,39,-1,0.9991151500000001,3
fake_manhattan,Op.SX,40,-1,0.0,10
fake_manhattan,Op.SX,41,-1,0.0,10
fake_manhattan,Op.SX,42,-1,0.0,10
fake_manhattan,Op.SX,43,-1,0.9988076499880765,3
fake_manhattan,Op.SX,44,-1,0.0,10
fake_manhattan,Op.SX,45,-1,0.0,10
fake_manhattan,Op.SX,46,-1,0.0,10
fake_manhattan,Op.SX,47,-1,0.0,10
fake_manhattan,Op.SX,48,-1,0.0,10
fake_manhattan,Op.SX,49,-1,0.0,10
fake_manhattan,Op.SX,50,-1,0.0,10
fake_manhattan,Op.SX,51,-1,0.0,10
fake_manhattan,Op.SX,52,-1,0.0,10
fake_manhattan,Op.SX,53,-1,0.0,10
fake_manhattan,Op.SX,54,-1,0.0,10
fake_manhattan,Op.SX,55,-1,0.0,10
fake_manhattan,Op.SX,56,-1,0.0,10
fake_manhattan,Op.SX,57,-1,0.999159410008406,3
fake_manhattan,Op.SX,58,-1,0.0,10
fake_manhattan,Op.SX,59,-1,0.0,10
fake_manhattan,Op.SX,60,-1,0.0,10
fake_manhattan,Op.SX,61,-1,0.0,10
fake_manhattan,Op.SX,62,-1,0.99898632,3
fake_manhattan,Op.SX,63,-1,0.0,10
fake_manhattan,Op.SX,64,-1,0.999377399993774,3
fake_manhattan,Op.CNOT,1,0,0.0,100
fake_manhattan,Op.CNOT,10,0,0.0,100
fake_manhattan,Op.CNOT,0,1,0.0,100
fake_manhattan,Op.CNOT,2,1,0.0,100
fake_manhattan,Op.CNOT,1,2,0.0,100
fake_manhattan,Op.CNOT,3,2,0.0,100
fake_manhattan,Op.CNOT,2,3,0.0,100
fake_manhattan,Op.CNOT,4,3,0.0,96
fake_manhattan,Op.CNOT,3,4,0.0,96
fake_manhattan,Op.CNOT,5,4,0.0,60
fake_manhattan,Op.CNOT,11,4,0.0,100
fake_manhattan,Op.CNOT,4,5,0.0,60
fake_manhattan,Op.CNOT,6,5,0.0,9
fake_manhattan,Op.CNOT,5,6,0.0,9
fake_manhattan,Op.CNOT,7,6,0.0,100
fake_manhattan,Op.CNOT,6,7,0.0,100
fake_manhattan,Op.CNOT,8,7,0.0,100
fake_manhattan,Op.CNOT,7,8,0.0,100
fake_manhattan,Op.CNOT,9,8,0.0,100
fake_manhattan,Op.CNOT,12,8,0.0,96
fake_manhattan,Op.CNOT,8,9,0.0,100
fake_manhattan,Op.CNOT,0,10,0.0,100
fake_manhattan,Op.CNOT,13,10,0.0,60
fake_manhattan,Op.CNOT,4,11,0.0,100
fake_manhattan,Op.CNOT,17,11,0.0,100
fake_manhattan,Op.CNOT,8,12,0.0,96
fake_manhattan,Op.CNOT,21,12,0.0,100
fake_manhattan,Op.CNOT,10,13,0.0,60
fake_manhattan,Op.CNOT,14,13,0.9521833395218332,9
fake_manhattan,Op.CNOT,13,14,0.9554474795544747,9
fake_manhattan,Op.CNOT,15,14,0.0,9
fake_manhattan,Op.CNOT,14,15,0.0,9
fake_manhattan,Op.CNOT,16,15,0.0,100
fake_manhattan,Op.CNOT,24,15,0.0,100
fake_manhattan,Op.CNOT,15,16,0.0,100
fake_manhattan,Op.CNOT,17,16,0.0,96
fake_manhattan,Op.CNOT,11,17,0.0,100
fake_manhattan,Op.CNOT,16,17,0.0,96
fake_manhattan,Op.CNOT,18,17,0.0,96
fake_manhattan,Op.CNOT,17,18,0.0,96
fake_manhattan,Op.CNOT,19,18,0.0,100
fake_manhattan,Op.CNOT,18,19,0.0,100
fake_manhattan,Op.CNOT,20,19,0.0,60
fake_manhattan,Op.CNOT,25,19,0.0,100
fake_manhattan,Op.CNOT,19,20,0.0,60
fake_manhattan,Op.CNOT,21,20,0.0,60
fake_manhattan,Op.CNOT,12,21,0.0,100
fake_manhattan,Op.CNOT,20,21,0.0,60
fake_manhattan,Op.CNOT,22,21,0.0,100
fake_manhattan,Op.CNOT,21,22,0.0,100
fake_manhattan,Op.CNOT,23,22,0.0,96
fake_manhattan,Op.CNOT,22,23,0.0,96
fake_manhattan,Op.CNOT,26,23,0.0,96
fake_manhattan,Op.CNOT,15,24,0.0,100
fake_manhattan,Op.CNOT,29,24,0.0,100
fake_manhattan,Op.CNOT,19,25,0.0,100
fake_manhattan,Op.CNOT,33,25,0.0,100
fake_manhattan,Op.CNOT,23,26,0.0,96
fake_manhattan,Op.CNOT,37,26,0.0,96
fake_manhattan,Op.CNOT,28,27,0.0,60
fake_manhattan,Op.CNOT,38,27,0.0,100
fake_manhattan,Op.CNOT,27,28,0.0,60
fake_manhattan,Op.CNOT,29,28,0.0,60
fake_manhattan,Op.CNOT,24,29,0.0,100
fake_manhattan,Op.CNOT,28,29,0.0,60
fake_manhattan,Op.CNOT,30,29,0.0,60
fake_manhattan,Op.CNOT,29,30,0.0,60
fake_manhattan,Op.CNOT,31,30,0.0,36
fake_manhattan,Op.CNOT,30,31,0.0,36
fake_manhattan,Op.CNOT,32,31,0.0,60
fake_manhattan,Op.CNOT,39,31,0.0,36
fake_manhattan,Op.CNOT,31,32,0.0,60
fake_manhattan,Op.CNOT,33,32,0.0,100
fake_manhattan,Op.CNOT,25,33,0.0,100
fake_manhattan,Op.CNOT,32,33,0.0,100
fake_manhattan,Op.CNOT,34,33,0.0,100
fake_manhattan,Op.CNOT,33,34,0.0,100
fake_manhattan,Op.CNOT,35,34,0.0,100
fake_manhattan,Op.CNOT,34,35,0.0,100
fake_manhattan,Op.CNOT,36,35,0.0,100
fake_manhattan,Op.CNOT,40,35,0.0,100
fake_manhattan,Op.CNOT,35,36,0.0,100
fake_manhattan,Op.CNOT,37,36,0.0,100
fake_manhattan,Op.CNOT,26,37,0.0,96
fake_manhattan,Op.CNOT,36,37,0.0,100
fake_manhattan,Op.CNOT,27,38,0.0,100
fake_manhattan,Op.CNOT,41,38,0.0,100
fake_manhattan,Op.CNOT,31,39,0.0,36
fake_manhattan,Op.CNOT,45,39,0.0,60
fake_manhattan,Op.CNOT,35,40,0.0,100
fake_manhattan,Op.CNOT,49,40,0.0,100
fake_manhattan,Op.CNOT,38,41,0.0,100
fake_manhattan,Op.CNOT,42,41,0.0,96
fake_manhattan,Op.CNOT,41,42,0.0,96
fake_manhattan,Op.CNOT,43,42,0.0,60
fake_manhattan,Op.CNOT,42,43,0.0,60
fake_manhattan,Op.CNOT,44,43,0.0,60
fake_manhattan,Op.CNOT,52,43,0.0,60
fake_manhattan,Op.CNOT,43,44,0.0,60
fake_manhattan,Op.CNOT,45,44,0.0,100
fake_manhattan,Op.CNOT,39,45,0.0,60
fake_manhattan,Op.CNOT,44,45,0.0,100
fake_manhattan,Op.CNOT,46,45,0.0,100
fake_manhattan,Op.CNOT,45,46,0.0,100
fake_manhattan,Op.CNOT,47,46,0.0,100
fake_manhattan,Op.CNOT,46,47,0.0,100
fake_manhattan,Op.CNOT,48,47,0.0,100
fake_manhattan,Op.CNOT,53,47,0.0,100
fake_manhattan,Op.CNOT,47,48,0.0,100
fake_manhattan,Op.CNOT,49,48,0.0,96
fake_manhattan,Op.CNOT,40,49,0.0,100
fake_manhattan,Op.CNOT,48,49,0.0,96
fake_manhattan,Op.CNOT,50,49,0.0,96
fake_manhattan,Op.CNOT,49,50,0.0,96
fake_manhattan,Op.CNOT,51,50,0.0,100
fake_manhattan,Op.CNOT,50,51,0.0,100
fake_manhattan,Op.CNOT,54,51,0.0,96
fake_manhattan,Op.CNOT,43,52,0.0,60
fake_manhattan,Op.CNOT,56,52,0.0,96
fake_manhattan,Op.CNOT,47,53,0.0,100
fake_manhattan,Op.CNOT,60,53,0.0,100
fake_manhattan,Op.CNOT,51,54,0.0,96
fake_manhattan,Op.CNOT,64,54,0.0,60
fake_manhattan,Op.CNOT,56,55,0.0,96
fake_manhattan,Op.CNOT,52,56,0.0,96
fake_manhattan,Op.CNOT,55,56,0.0,96
fake_manhattan,Op.CNOT,57,56,0.0,60
fake_manhattan,Op.CNOT,56,57,0.0,60
fake_manhattan,Op.CNOT,58,57,0.0,60
fake_manhattan,Op.CNOT,57,58,0.0,60
fake_manhattan,Op.CNOT,59,58,0.0,100
fake_manhattan,Op.CNOT,58,59,0.0,100
fake_manhattan,Op.CNOT,60,59,0.0,100
fake_manhattan,Op.CNOT,53,60,0.0,100
fake_manhattan,Op.CNOT,59,60,0.0,100
fake_manhattan,Op.CNOT,61,60,0.0,96
fake_manhattan,Op.CNOT,60,61,0.0,96
fake_manhattan,Op.CNOT,62,61,0.0,60
fake_manhattan,Op.CNOT,61,62,0.0,60
fake_manhattan,Op.CNOT,63,62,0.0,60
fake_manhattan,Op.CNOT,62,63,0.0,60
fake_manhattan,Op.CNOT,64,63,0.0,60
fake_manhattan,Op.CNOT,54,64,0.0,60
fake_manhattan,Op.CNOT,63,64,0.0,60
fake_manhattan,Op.MEAS,0,-1,1.8088,2
fake_manhattan,Op.MEAS,1,-1,1.9458,2
fake_manhattan,Op.MEAS,2,-1,1.9096,2
fake_manhattan,Op.MEAS,3,-1,1.9452,2
fake_manhattan,Op.MEAS,4,-1,1.9648,2
fake_manhattan,Op.MEAS,5,-1,1.9218,2
fake_manhattan,Op.MEAS,6,-1,1.9532,2
fake_manhattan,Op.MEAS,7,-1,1.9602,2
fake_manhattan,Op.MEAS,8,-1,1.9296,2
fake_manhattan,Op.MEAS,9,-1,1.9746,2
fake_manhattan,Op.MEAS,10,-1,1.9006,2
fake_manhattan,Op.MEAS,11,-1,1.7906,2
fake_manhattan,Op.MEAS,12,-1,1.9712,2
fake_manhattan,Op.MEAS,13,-1,1.891,2
fake_manhattan,Op.MEAS,14,-1,1.6558,2
fake_manhattan,Op.MEAS,15,-1,1.8094,2
fake_manhattan,Op.MEAS,16,-1,1.785,2
fake_manhattan,Op.MEAS,17,-1,1.9334,2
fake_manhattan,Op.MEAS,18,-1,1.9644,2
fake_manhattan,Op.MEAS,19,-1,1.5778,2
fake_manhattan,Op.MEAS,20,-1,1.978,2
fake_manhattan,Op.MEAS,21,-1,1.9666,2
fake_manhattan,Op.MEAS,22,-1,1.963,2
fake_manhattan,Op.MEAS,23,-1,1.8996,2
fake_manhattan,Op.MEAS,24,-1,1.974,2
fake_manhattan,Op.MEAS,25,-1,1.9116,2
fake_manhattan,Op.MEAS,26,-1,1.9654,2
fake_manhattan,Op.MEAS,27,-1,1.9256,2
fake_manhattan,Op.MEAS,28,-1,1.9584,2
fake_manhattan,Op.MEAS,29,-1,1.9528,2
fake_manhattan,Op.MEAS,30,-1,1.981,2
fake_manhattan,Op.MEAS,31,-1,1.9742,2
fake_manhattan,Op.MEAS,32,-1,1.827,2
fake_manhattan,Op.MEAS,33,-1,1.9572,2
fake_manhattan,Op.MEAS,34,-1,1.9772,2
fake_manhattan,Op.MEAS,35,-1,1.9678,2
fake_manhattan,Op.MEAS,36,-1,1.98,2
fake_manhattan,Op.MEAS,37,-1,1.969,2
fake_manhattan,Op.MEAS,38,-1,1.9136,2
fake_manhattan,Op.MEAS,39,-1,1.9628,2
fake_manhattan,Op.MEAS,40,-1,1.9608,2
fake_manhattan,Op.MEAS,41,-1,1.8596,2
fake_manhattan,Op.MEAS,42,-1,1.9356,2
fake_manhattan,Op.MEAS,43,-1,1.8712,2
fake_manhattan,Op.MEAS,44,-1,1.8892,2
fake_manhattan,Op.MEAS,45,-1,1.92,2
fake_manhattan,Op.MEAS,46,-1,1.9756,2
fake_manhattan,Op.MEAS,47,-1,1.9754,2
fake_manhattan,Op.MEAS,48,-1,1.972,2
fake_manhattan,Op.MEAS,49,-1,1.9614,2
fake_manhattan,Op.MEAS,50,-1,1.9208,2
fake_manhattan,Op.MEAS,51,-1,1.9642,2
fake_manhattan,Op.MEAS,52,-1,1.943,2
fake_manhattan,Op.MEAS,53,-1,1.975,2
fake_manhattan,Op.MEAS,54,-1,1.8914,2
fake_manhattan,Op.MEAS,55,-1,1.9096,2
fake_manhattan,Op.MEAS,56,-1,1.1926,2
fake_manhattan,Op.MEAS,57,-1,1.9428,2
fake_manhattan,Op.MEAS,58,-1,1.9874,2
fake_manhattan,Op.MEAS,59,-1,1.9708,2
fake_manhattan,Op.MEAS,60,-1,1.9714,2
fake_manhattan,Op.MEAS,61,-1,1.953,2
fake_manhattan,Op.MEAS,62,-1,1.927,2
fake_manhattan,Op.MEAS,63,-1,1.9138,2
fake_manhattan,Op.MEAS,64,-1,1.9746,2
fake_manila,Op.X,0,-1,0.99969094,3
fake_manila,Op.X,1,-1,0.999340439934044,5
fake_manila,Op.X,2,-1,0.9988254796358988,5
fake_manila,Op.X,3,-1,0.9995738299957383,3
fake_manila,Op.X,4,-1,0.9994077599999998,5
fake_manila,Op.RESET,0,-1,0.9532058495320586,3
fake_manila,Op.RESET,1,-1,0.94463559,3
fake_manila,Op.RESET,2,-1,0.88447009,3
fake_manila,Op.RESET,3,-1,0.9366046606339535,3
fake_manila,Op.RESET,4,-1,0.9174021800000001,3
fake_manila,Op.SX,0,-1,0.99969094,3
fake_manila,Op.SX,1,-1,0.999340439934044,5
fake_manila,Op.SX,2,-1,0.9988254796358988,5
fake_manila,Op.SX,3,-1,0.9995738299957383,3
fake_manila,Op.SX,4,-1,0.9994077599999998,5
fake_manila,Op.CNOT,1,0,0.9878911698789095,33
fake_manila,Op.CNOT,0,1,0.9877536475507291,33
fake_manila,Op.CNOT,2,1,0.9809134859918328,33
fake_manila,Op.CNOT,1,2,0.9807874255811081,33
fake_manila,Op.CNOT,3,2,0.9847605763425383,33
fake_manila,Op.CNOT,2,3,0.9846556066242338,33
fake_manila,Op.CNOT,4,3,0.9907442700000001,9
fake_manila,Op.CNOT,3,4,0.9917241801655162,9
fake_manila,Op.MEAS,0,-1,1.9294,2
fake_manila,Op.MEAS,1,-1,1.9562,2
fake_manila,Op.MEAS,2,-1,1.8072,2
fake_manila,Op.MEAS,3,-1,1.9712,2
fake_manila,Op.MEAS,4,-1,1.9628,2
fake_melbourne,Op.CNOT,1,0,0.0,60
fake_melbourne,Op.CNOT,14,0,0.0,100
fake_melbourne,Op.CNOT,0,1,0.0,60
fake_melbourne,Op.CNOT,2,1,0.0,60
fake_melbourne,Op.CNOT,13,1,0.0,60
fake_melbourne,Op.CNOT,1,2,0.0,60
fake_melbourne,Op.CNOT,3,2,0.0,9
fake_melbourne,Op.CNOT,12,2,0.0,60
fake_melbourne,Op.CNOT,2,3,0.0,9
fake_melbourne,Op.CNOT,4,3,0.0,60
fake_melbourne,Op.CNOT,11,3,0.0,60
fake_melbourne,Op.CNOT,3,4,0.0,60
fake_melbourne,Op.CNOT,5,4,0.0,100
fake_melbourne,Op.CNOT,10,4,0.0,60
fake_melbourne,Op.CNOT,4,5,0.0,100
fake_melbourne,Op.CNOT,6,5,0.0,100
fake_melbourne,Op.CNOT,9,5,0.0,100
fake_melbourne,Op.CNOT,5,6,0.0,100
fake_melbourne,Op.CNOT,8,6,0.0,60
fake_melbourne,Op.CNOT,8,7,0.9587524916297337,33
fake_melbourne,Op.CNOT,6,8,0.0,60
fake_melbourne,Op.CNOT,7,8,0.9576025496202332,33
fake_melbourne,Op.CNOT,9,8,0.0,60
fake_melbourne,Op.CNOT,5,9,0.0,100
fake_melbourne,Op.CNOT,8,9,0.0,60
fake_melbourne,Op.CNOT,10,9,0.0,60
fake_melbourne,Op.CNOT,4,10,0.0,60
fake_melbourne,Op.CNOT,9,10,0.0,60
fake_melbourne,Op.CNOT,11,10,0.0,60
fake_melbourne,Op.CNOT,3,11,0.0,60
fake_melbourne,Op.CNOT,10,11,0.0,9
fake_melbourne,Op.CNOT,12,11,0.0,60
fake_melbourne,Op.CNOT,2,12,0.0,60
fake_melbourne,Op.CNOT,11,12,0.0,60
fake_melbourne,Op.CNOT,13,12,0.0,60
fake_melbourne,Op.CNOT,1,13,0.0,60
fake_melbourne,Op.CNOT,12,13,0.0,60
fake_melbourne,Op.CNOT,14,13,0.0,100
fake_melbourne,Op.CNOT,0,14,0.0,100
fake_melbourne,Op.CNOT,13,14,0.0,100
fake_melbourne,Op.SX,0,-1,0.0,10
fake_melbourne,Op.SX,1,-1,0.9982281399822813,6
fake_melbourne,Op.SX,2,-1,0.0,10
fake_melbourne,Op.SX,3,-1,0.99801754,3
fake_melbourne,Op.SX,4,-1,0.0,10
fake_melbourne,Op.SX,5,-1,0.0,10
fake_melbourne,Op.SX,6,-1,0.0,10
fake_melbourne,Op.SX,7,-1,0.99573926,3
fake_melbourne,Op.SX,8,-1,0.9987370498989641,6
fake_melbourne,Op.SX,9,-1,0.0,10
fake_melbourne,Op.SX,10,-1,0.9970852499708525,3
fake_melbourne,Op.SX,11,-1,0.0,10
fake_melbourne,Op.SX,12,-1,0.9984939398795152,6
fake_melbourne,Op.SX,13,-1,0.0,10
fake_melbourne,Op.SX,14,-1,0.0,10
fake_melbourne,Op.X,0,-1,0.0,10
fake_melbourne,Op.X,1,-1,0.9982281399822813,6
fake_melbourne,Op.X,2,-1,0.0,10
fake_melbourne,Op.X,3,-1,0.99801754,3
fake_melbourne,Op.X,4,-1,0.0,10
fake_melbourne,Op.X,5,-1,0.0,10
fake_melbourne,Op.X,6,-1,0.0,10
fake_melbourne,Op.X,7,-1,0.99573926,3
fake_melbourne,Op.X,8,-1,0.9987370498989641,6
fake_melbourne,Op.X,9,-1,0.0,10
fake_melbourne,Op.X,10,-1,0.9970852499708525,3
fake_melbourne,Op.X,11,-1,0.0,10
fake_melbourne,Op.X,12,-1,0.9984939398795152,6
fake_melbourne,Op.X,13,-1,0.0,10
fake_melbourne,Op.X,14,-1,0.0,10
fake_melbourne,Op.MEAS,0,-1,1.947,2
fake_melbourne,Op.MEAS,1,-1,1.9286,2
fake_melbourne,Op.MEAS,2,-1,1.9178,2
fake_melbourne,Op.MEAS,3,-1,1.8788,2
fake_melbourne,Op.MEAS,4,-1,1.9132,2
fake_melbourne,Op.MEAS,5,-1,1.8844,2
fake_melbourne,Op.MEAS,6,-1,1.6268,2
fake_melbourne,Op.MEAS,7,-1,1.8688,2
fake_melbourne,Op.MEAS,8,-1,1.94,2
fake_melbourne,Op.MEAS,9,-1,1.9048,2
fake_melbourne,Op.MEAS,10,-1,1.918,2
fake_melbourne,Op.MEAS,11,-1,1.9198,2
fake_melbourne,Op.MEAS,12,-1,1.8926,2
fake_melbourne,Op.MEAS,13,-1,1.8812,2
fake_melbourne,Op.MEAS,14,-1,1.834,2
fake_montreal,Op.X,0,-1,0.99959914,3
fake_montreal,Op.X,1,-1,0.99897751,3
fake_montreal,Op.X,2,-1,0.0,10
fake_montreal,Op.X,3,-1,0.9994905399949056,5
fake_montreal,Op.X,4,-1,0.0,10
fake_montreal,Op.X,5,-1,0.9994364599605522,5
fake_montreal,Op.X,6,-1,0.9991109500088906,3
fake_montreal,Op.X,7,-1,0.9991127398225479,5
fake_montreal,Op.X,8,-1,0.0,10
fake_montreal,Op.X,9,-1,0.9982604599304183,6
fake_montreal,Op.X,10,-1,0.9991866798698689,5
fake_montreal,Op.X,11,-1,0.99948788,3
fake_montreal,Op.X,12,-1,0.0,3
fake_montreal,Op.X,13,-1,0.99956358,3
fake_montreal,Op.X,14,-1,0.9995762299957623,5
fake_montreal,Op.X,15,-1,0.0,10
fake_montreal,Op.X,16,-1,0.9990710197956245,5
fake_montreal,Op.X,17,-1,0.0,10
fake_montreal,Op.X,18,-1,0.9991274,3
fake_montreal,Op.X,19,-1,0.0,10
fake_montreal,Op.X,20,-1,0.0,10
fake_montreal,Op.X,21,-1,0.999205849888819,5
fake_montreal,Op.X,22,-1,0.0,10
fake_montreal,Op.X,23,-1,0.99941774,3
fake_montreal,Op.X,24,-1,0.99955986,3
fake_montreal,Op.X,25,-1,0.9994687199734361,5
fake_montreal,Op.X,26,-1,0.0,10
fake_montreal,Op.RESET,0,-1,0.9284760407152396,3
fake_montreal,Op.RESET,1,-1,0.85994338,3
fake_montreal,Op.RESET,2,-1,0.0,3
fake_montreal,Op.RESET,3,-1,0.91039133,3
fake_montreal,Op.RESET,4,-1,0.0,3
fake_montreal,Op.RESET,5,-1,0.94311852,3
fake_montreal,Op.RESET,6,-1,0.85200112,3
fake_montreal,Op.RESET,7,-1,0.9329178,3
fake_montreal,Op.RESET,8,-1,0.0,3
fake_montreal,Op.RESET,9,-1,0.94207292,3
fake_montreal,Op.RESET,10,-1,0.93483272,3
fake_montreal,Op.RESET,11,-1,0.9099256600000001,3
fake_montreal,Op.RESET,12,-1,0.0,3
fake_montreal,Op.RESET,13,-1,0.92239855,3
fake_montreal,Op.RESET,14,-1,0.9345089200000001,3
fake_montreal,Op.RESET,15,-1,0.0,3
fake_montreal,Op.RESET,16,-1,0.90402769,3
fake_montreal,Op.RESET,17,-1,0.0,3
fake_montreal,Op.RESET,18,-1,0.85334672,3
fake_montreal,Op.RESET,19,-1,0.0,3
fake_montreal,Op.RESET,20,-1,0.0,3
fake_montreal,Op.RESET,21,-1,0.905529899055299,3
fake_montreal,Op.RESET,22,-1,0.0,3
fake_montreal,Op.RESET,23,-1,0.8994370889943709,3
fake_montreal,Op.RESET,24,-1,0.92187231,3
fake_montreal,Op.RESET,25,-1,0.92593588,3
fake_montreal,Op.RESET,26,-1,0.0,3
fake_montreal,Op.SX,0,-1,0.99959914,3
fake_montreal,Op.SX,1,-1,0.99897751,3
fake_montreal,Op.SX,2,-1,0.0,10
fake_montreal,Op.SX,3,-1,0.9994905399949056,5
fake_montreal,Op.SX,4,-1,0.0,10
fake_montreal,Op.SX,5,-1,0.9994364599605522,5
fake_montreal,Op.SX,6,-1,0.9991109500088906,3
fake_montreal,Op.SX,7,-1,0.9991127398225479,5
fake_montreal,Op.SX,8,-1,0.0,10
fake_montreal,Op.SX,9,-1,0.9982604599304183,6
fake_montreal,Op.SX,10,-1,0.9991866798698689,5
fake_montreal,Op.SX,11,-1,0.99948788,3
fake_montreal,Op.SX,12,-1,0.0,3
fake_montreal,Op.SX,13,-1,0.99956358,3
fake_montreal,Op.SX,14,-1,0.9995762299957623,5
fake_montreal,Op.SX,15,-1,0.0,10
fake_montreal,Op.SX,16,-1,0.9990710197956245,5
fake_montreal,Op.SX,17,-1,0.0,10
fake_montreal,Op.SX,18,-1,0.9991274,3
fake_montreal,Op.SX,19,-1,0.0,10
fake_montreal,Op.SX,20,-1,0.0,10
fake_montreal,Op.SX,21,-1,0.999205849888819,5
fake_montreal,Op.SX,22,-1,0.0,10
fake_montreal,Op.SX,23,-1,0.99941774,3
fake_montreal,Op.SX,24,-1,0.99955986,3
fake_montreal,Op.SX,25,-1,0.9994687199734361,5
fake_montreal,Op.SX,26,-1,0.0,10
fake_montreal,Op.CNOT,1,0,0.9847615298476153,9
fake_montreal,Op.CNOT,0,1,0.9833648501663516,9
fake_montreal,Op.CNOT,2,1,0.0,9
fake_montreal,Op.CNOT,4,1,0.0,9
fake_montreal,Op.CNOT,1,2,0.0,9
fake_montreal,Op.CNOT,3,2,0.0,60
fake_montreal,Op.CNOT,2,3,0.0,60
fake_montreal,Op.CNOT,5,3,0.9865084590555914,33
fake_montreal,Op.CNOT,1,4,0.0,9
fake_montreal,Op.CNOT,7,4,0.0,60
fake_montreal,Op.CNOT,3,5,0.9866920582699674,33
fake_montreal,Op.CNOT,8,5,0.0,60
fake_montreal,Op.CNOT,7,6,0.9626815755151014,33
fake_montreal,Op.CNOT,4,7,0.0,60
fake_montreal,Op.CNOT,6,7,0.9628429057830566,33
fake_montreal,Op.CNOT,10,7,0.9699318868475533,33
fake_montreal,Op.CNOT,5,8,0.0,60
fake_montreal,Op.CNOT,9,8,0.0,60
fake_montreal,Op.CNOT,11,8,0.0,60
fake_montreal,Op.CNOT,8,9,0.0,60
fake_montreal,Op.CNOT,7,10,0.9697810967314447,33
fake_montreal,Op.CNOT,12,10,0.0,60
fake_montreal,Op.CNOT,8,11,0.0,60
fake_montreal,Op.CNOT,14,11,0.9913459302687205,20
fake_montreal,Op.CNOT,10,12,0.0,60
fake_montreal,Op.CNOT,13,12,0.0,43
fake_montreal,Op.CNOT,15,12,0.0,100
fake_montreal,Op.CNOT,12,13,0.0,9
fake_montreal,Op.CNOT,14,13,0.9883443195098891,33
fake_montreal,Op.CNOT,11,14,0.9907401996296079,7
fake_montreal,Op.CNOT,13,14,0.9881651034908067,20
fake_montreal,Op.CNOT,16,14,0.987063697024652,33
fake_montreal,Op.CNOT,12,15,0.0,100
fake_montreal,Op.CNOT,18,15,0.0,9
fake_montreal,Op.CNOT,14,16,0.9872551782157248,33
fake_montreal,Op.CNOT,19,16,0.0,60
fake_montreal,Op.CNOT,18,17,0.0,60
fake_montreal,Op.CNOT,15,18,0.0,9
fake_montreal,Op.CNOT,17,18,0.0,60
fake_montreal,Op.CNOT,21,18,0.9809816775276183,33
fake_montreal,Op.CNOT,16,19,0.0,60
fake_montreal,Op.CNOT,20,19,0.0,100
fake_montreal,Op.CNOT,22,19,0.0,100
fake_montreal,Op.CNOT,19,20,0.0,100
fake_montreal,Op.CNOT,18,21,0.9811779464238111,33
fake_montreal,Op.CNOT,23,21,0.9866453398664533,9
fake_montreal,Op.CNOT,19,22,0.0,100
fake_montreal,Op.CNOT,25,22,0.0,60
fake_montreal,Op.CNOT,21,23,0.98775057,9
fake_montreal,Op.CNOT,24,23,0.986550607713604,33
fake_montreal,Op.CNOT,23,24,0.9864103102949499,33
fake_montreal,Op.CNOT,25,24,0.9872772591094071,33
fake_montreal,Op.CNOT,22,25,0.0,60
fake_montreal,Op.CNOT,24,25,0.9871057889824346,33
fake_montreal,Op.CNOT,26,25,0.0,60
fake_montreal,Op.CNOT,25,26,0.0,60
fake_montreal,Op.MEAS,0,-1,1.9788,2
fake_montreal,Op.MEAS,1,-1,1.8882,2
fake_montreal,Op.MEAS,2,-1,1.9686,2
fake_montreal,Op.MEAS,3,-1,1.9778,2
fake_montreal,Op.MEAS,4,-1,1.9802,2
fake_montreal,Op.MEAS,5,-1,1.9582,2
fake_montreal,Op.MEAS,6,-1,1.9272,2
fake_montreal,Op.MEAS,7,-1,1.8956,2
fake_montreal,Op.MEAS,8,-1,1.9704,2
fake_montreal,Op.MEAS,9,-1,1.94,2
fake_montreal,Op.MEAS,10,-1,1.9726,2
fake_montreal,Op.MEAS,11,-1,1.9746,2
fake_montreal,Op.MEAS,12,-1,1.9346,2
fake_montreal,Op.MEAS,13,-1,1.9858,2
fake_montreal,Op.MEAS,14,-1,1.9804,2
fake_montreal,Op.MEAS,15,-1,1.959,2
fake_montreal,Op.MEAS,16,-1,1.975,2
fake_montreal,Op.MEAS,17,-1,1.9608,2
fake_montreal,Op.MEAS,18,-1,1.9354,2
fake_montreal,Op.MEAS,19,-1,1.9684,2
fake_montreal,Op.MEAS,20,-1,1.97,2
fake_montreal,Op.MEAS,21,-1,1.9562,2
fake_montreal,Op.MEAS,22,-1,1.9022,2
fake_montreal,Op.MEAS,23,-1,1.8066,2
fake_montreal,Op.MEAS,24,-1,1.9208,2
fake_montreal,Op.MEAS,25,-1,1.9834,2
fake_montreal,Op.MEAS,26,-1,1.9804,2
fake_oslo,Op.X,0,-1,0.9996169300000001,5
fake_oslo,Op.X,1,-1,0.99939033,3
fake_oslo,Op.X,2,-1,0.99953836,3
fake_oslo,Op.X,3,-1,0.9990542298013881,5
fake_oslo,Op.X,4,-1,0.9997031899910956,5
fake_oslo,Op.X,5,-1,0.9994052199881044,5
fake_oslo,Op.X,6,-1,0.0,6
fake_oslo,Op.RESET,0,-1,0.99031433,3
fake_oslo,Op.RESET,1,-1,0.98371105,3
fake_oslo,Op.RESET,2,-1,0.9876414601235854,3
fake_oslo,Op.RESET,3,-1,0.98583851,3
fake_oslo,Op.RESET,4,-1,0.99485848,3
fake_oslo,Op.RESET,5,-1,0.9851004200000001,3
fake_oslo,Op.RESET,6,-1,0.0,2
fake_oslo,Op.SX,0,-1,0.9996169300000001,5
fake_oslo,Op.SX,1,-1,0.99939033,3
fake_oslo,Op.SX,2,-1,0.99953836,3
fake_oslo,Op.SX,3,-1,0.9990542298013881,5
fake_oslo,Op.SX,4,-1,0.9997031899910956,5
fake_oslo,Op.SX,5,-1,0.9994052199881044,5
fake_oslo,Op.SX,6,-1,0.0,6
fake_oslo,Op.CNOT,1,0,0.9876153782661548,33
fake_oslo,Op.CNOT,0,1,0.987367760631611,33
fake_oslo,Op.CNOT,2,1,0.9908905199999979,33
fake_oslo,Op.CNOT,3,1,0.9877248168084506,33
fake_oslo,Op.CNOT,1,2,0.9909956182891672,33
fake_oslo,Op.CNOT,1,3,0.9874503876155738,33
fake_oslo,Op.CNOT,5,3,0.9907721893540546,33
fake_oslo,Op.CNOT,5,4,0.9883604176720848,33
fake_oslo,Op.CNOT,3,5,0.9910422700895785,33
fake_oslo,Op.CNOT,4,5,0.9882514277677703,33
fake_oslo,Op.CNOT,6,5,0.0,36
fake_oslo,Op.CNOT,5,6,0.0,36
fake_oslo,Op.MEAS,0,-1,1.9804,2
fake_oslo,Op.MEAS,1,-1,1.9714,2
fake_oslo,Op.MEAS,2,-1,1.9846,2
fake_oslo,Op.MEAS,3,-1,1.9692,2
fake_oslo,Op.MEAS,4,-1,1.9526,2
fake_oslo,Op.MEAS,5,-1,1.9802,2
fake_oslo,Op.MEAS,6,-1,1.9412,2
fake_ourense,Op.CNOT,1,0,0.99169301,9
fake_ourense,Op.CNOT,0,1,0.9920234989630548,33
fake_ourense,Op.CNOT,2,1,0.0,9
fake_ourense,Op.CNOT,3,1,0.98227643,9
fake_ourense,Op.CNOT,1,2,0.0,9
fake_ourense,Op.CNOT,1,3,0.9832967799999998,9
fake_ourense,Op.CNOT,4,3,0.9910161299101612,9
fake_ourense,Op.CNOT,3,4,0.9919425729900377,21
fake_ourense,Op.SX,0,-1,0.9994675499627287,5
fake_ourense,Op.SX,1,-1,0.99925785,3
fake_ourense,Op.SX,2,-1,0.0,10
fake_ourense,Op.SX,3,-1,0.9994278599656716,5
fake_ourense,Op.SX,4,-1,0.9992488599924886,3
fake_ourense,Op.X,0,-1,0.9994675499627287,5
fake_ourense,Op.X,1,-1,0.99925785,3
fake_ourense,Op.X,2,-1,0.0,10
fake_ourense,Op.X,3,-1,0.9994278599656716,5
fake_ourense,Op.X,4,-1,0.9992488599924886,3
fake_ourense,Op.MEAS,0,-1,1.9696,2
fake_ourense,Op.MEAS,1,-1,1.941,2
fake_ourense,Op.MEAS,2,-1,1.9562,2
fake_ourense,Op.MEAS,3,-1,1.9364,2
fake_ourense,Op.MEAS,4,-1,1.8908,2
fake_paris,Op.X,0,-1,0.0,10
fake_paris,Op.X,1,-1,0.0,10
fake_paris,Op.X,2,-1,0.0,10
fake_paris,Op.X,3,-1,0.9971269996552401,6
fake_paris,Op.X,4,-1,0.0,10
fake_paris,Op.X,5,-1,0.99925463,3
fake_paris,Op.X,6,-1,0.0,10
fake_paris,Op.X,7,-1,0.9992230198989926,5
fake_paris,Op.X,8,-1,0.9994069399466247,5
fake_paris,Op.X,9,-1,0.0,10
fake_paris,Op.X,10,-1,0.9992772799638641,5
fake_paris,Op.X,11,-1,0.0,10
fake_paris,Op.X,12,-1,0.0,6
fake_paris,Op.X,13,-1,0.0,6
fake_paris,Op.X,14,-1,0.0,10
fake_paris,Op.X,15,-1,0.0,10
fake_paris,Op.X,16,-1,0.9978817095763421,6
fake_paris,Op.X,17,-1,0.0,10
fake_paris,Op.X,18,-1,0.0,10
fake_paris,Op.X,19,-1,0.9990671498041016,5
fake_paris,Op.X,20,-1,0.9993583799422544,5
fake_paris,Op.X,21,-1,0.9992078799445514,5
fake_paris,Op.X,22,-1,0.99942273,3
fake_paris,Op.X,23,-1,0.0,10
fake_paris,Op.X,24,-1,0.0,10
fake_paris,Op.X,25,-1,0.9995095599852869,5
fake_paris,Op.X,26,-1,0.0,10
fake_paris,Op.RESET,0,-1,0.0,3
fake_paris,Op.RESET,1,-1,0.0,3
fake_paris,Op.RESET,2,-1,0.0,3
fake_paris,Op.RESET,3,-1,0.9333360700000001,3
fake_paris,Op.RESET,4,-1,0.0,3
fake_paris,Op.RESET,5,-1,0.91282253,3
fake_paris,Op.RESET,6,-1,0.0,3
fake_paris,Op.RESET,7,-1,0.93080699,3
fake_paris,Op.RESET,8,-1,0.9538587995385879,3
fake_paris,Op.RESET,9,-1,0.0,3
fake_paris,Op.RESET,10,-1,0.92577752,3
fake_paris,Op.RESET,11,-1,0.0,3
fake_paris,Op.RESET,12,-1,0.0,2
fake_paris,Op.RESET,13,-1,0.0,2
fake_paris,Op.RESET,14,-1,0.0,3
fake_paris,Op.RESET,15,-1,0.0,3
fake_paris,Op.RESET,16,-1,0.94317924,3
fake_paris,Op.RESET,17,-1,0.0,3
fake_paris,Op.RESET,18,-1,0.0,3
fake_paris,Op.RESET,19,-1,0.93591386,3
fake_paris,Op.RESET,20,-1,0.94435519,3
fake_paris,Op.RESET,21,-1,0.917872480821275,3
fake_paris,Op.RESET,22,-1,0.93094875,3
fake_paris,Op.RESET,23,-1,0.0,3
fake_paris,Op.RESET,24,-1,0.0,3
fake_paris,Op.RESET,25,-1,0.9491319205086808,3
fake_paris,Op.RESET,26,-1,0.0,3
fake_paris,Op.SX,0,-1,0.0,10
fake_paris,Op.SX,1,-1,0.0,10
fake_paris,Op.SX,2,-1,0.0,10
fake_paris,Op.SX,3,-1,0.9971269996552401,6
fake_paris,Op.SX,4,-1,0.0,10
fake_paris,Op.SX,5,-1,0.99925463,3
fake_paris,Op.SX,6,-1,0.0,10
fake_paris,Op.SX,7,-1,0.9992230198989926,5
fake_paris,Op.SX,8,-1,0.9994069399466247,5
fake_paris,Op.SX,9,-1,0.0,10
fake_paris,Op.SX,10,-1,0.9992772799638641,5
fake_paris,Op.SX,11,-1,0.0,10
fake_paris,Op.SX,12,-1,0.0,6
fake_paris,Op.SX,13,-1,0.0,6
fake_paris,Op.SX,14,-1,0.0,10
fake_paris,Op.SX,15,-1,0.0,10
fake_paris,Op.SX,16,-1,0.9978817095763421,6
fake_paris,Op.SX,17,-1,0.0,10
fake_paris,Op.SX,18,-1,0.0,10
fake_paris,Op.SX,19,-1,0.9990671498041016,5
fake_paris,Op.SX,20,-1,0.9993583799422544,5
fake_paris,Op.SX,21,-1,0.9992078799445514,5
fake_paris,Op.SX,22,-1,0.99942273,3
fake_paris,Op.SX,23,-1,0.0,10
fake_paris,Op.SX,24,-1,0.0,10
fake_paris,Op.SX,25,-1,0.9995095599852869,5
fake_paris,Op.SX,26,-1,0.0,10
fake_paris,Op.CNOT,1,0,0.0,100
fake_paris,Op.CNOT,0,1,0.0,100
fake_paris,Op.CNOT,2,1,0.0,100
fake_paris,Op.CNOT,4,1,0.0,100
fake_paris,Op.CNOT,1,2,0.0,100
fake_paris,Op.CNOT,3,2,0.0,60
fake_paris,Op.CNOT,2,3,0.0,60
fake_paris,Op.CNOT,5,3,0.9797071889519974,33
fake_paris,Op.CNOT,1,4,0.0,100
fake_paris,Op.CNOT,7,4,0.0,60
fake_paris,Op.CNOT,3,5,0.9795106899204766,33
fake_paris,Op.CNOT,8,5,0.9816279701582085,33
fake_paris,Op.CNOT,7,6,0.0,60
fake_paris,Op.CNOT,4,7,0.0,60
fake_paris,Op.CNOT,6,7,0.0,60
fake_paris,Op.CNOT,10,7,0.9852232171924113,33
fake_paris,Op.CNOT,5,8,0.9817867785083979,33
fake_paris,Op.CNOT,9,8,0.0,60
fake_paris,Op.CNOT,11,8,0.0,60
fake_paris,Op.CNOT,8,9,0.0,60
fake_paris,Op.CNOT,7,10,0.9850005389500377,33
fake_paris,Op.CNOT,12,10,0.0,36
fake_paris,Op.CNOT,8,11,0.0,60
fake_paris,Op.CNOT,14,11,0.0,100
fake_paris,Op.CNOT,10,12,0.0,36
fake_paris,Op.CNOT,13,12,0.0,36
fake_paris,Op.CNOT,15,12,0.0,60
fake_paris,Op.CNOT,12,13,0.0,36
fake_paris,Op.CNOT,14,13,0.0,60
fake_paris,Op.CNOT,11,14,0.0,100
fake_paris,Op.CNOT,13,14,0.0,60
fake_paris,Op.CNOT,16,14,0.0,60
fake_paris,Op.CNOT,12,15,0.0,60
fake_paris,Op.CNOT,18,15,0.0,100
fake_paris,Op.CNOT,14,16,0.0,60
fake_paris,Op.CNOT,19,16,0.9812402168108371,33
fake_paris,Op.CNOT,18,17,0.0,100
fake_paris,Op.CNOT,15,18,0.0,100
fake_paris,Op.CNOT,17,18,0.0,100
fake_paris,Op.CNOT,21,18,0.0,60
fake_paris,Op.CNOT,16,19,0.9810339318445906,33
fake_paris,Op.CNOT,20,19,0.9807939882714577,33
fake_paris,Op.CNOT,22,19,0.9813473425389385,33
fake_paris,Op.CNOT,19,20,0.9810104950627286,33
fake_paris,Op.CNOT,18,21,0.0,60
fake_paris,Op.CNOT,23,21,0.0,60
fake_paris,Op.CNOT,19,22,0.9815592792623726,33
fake_paris,Op.CNOT,25,22,0.9887222491733578,33
fake_paris,Op.CNOT,21,23,0.0,60
fake_paris,Op.CNOT,24,23,0.0,100
fake_paris,Op.CNOT,23,24,0.0,100
fake_paris,Op.CNOT,25,24,0.0,60
fake_paris,Op.CNOT,22,25,0.9885513815677248,21
fake_paris,Op.CNOT,24,25,0.0,60
fake_paris,Op.CNOT,26,25,0.0,60
fake_paris,Op.CNOT,25,26,0.0,60
fake_paris,Op.MEAS,0,-1,1.9502,2
fake_paris,Op.MEAS,1,-1,1.9614,2
fake_paris,Op.MEAS,2,-1,1.9644,2
fake_paris,Op.MEAS,3,-1,1.9744,2
fake_paris,Op.MEAS,4,-1,1.959,2
fake_paris,Op.MEAS,5,-1,1.5778,2
fake_paris,Op.MEAS,6,-1,1.9782,2
fake_paris,Op.MEAS,7,-1,1.956,2
fake_paris,Op.MEAS,8,-1,1.968,2
fake_paris,Op.MEAS,9,-1,1.9768,2
fake_paris,Op.MEAS,10,-1,1.9758,2
fake_paris,Op.MEAS,11,-1,1.9516,2
fake_paris,Op.MEAS,12,-1,1.9408,2
fake_paris,Op.MEAS,13,-1,1.9792,2
fake_paris,Op.MEAS,14,-1,1.9792,2
fake_paris,Op.MEAS,15,-1,1.7942,2
fake_paris,Op.MEAS,16,-1,1.904,2
fake_paris,Op.MEAS,17,-1,1.9336,2
fake_paris,Op.MEAS,18,-1,1.9656,2
fake_paris,Op.MEAS,19,-1,1.9816,2
fake_paris,Op.MEAS,20,-1,1.9622,2
fake_paris,Op.MEAS,21,-1,1.8842,2
fake_paris,Op.MEAS,22,-1,1.974,2
fake_paris,Op.MEAS,23,-1,1.9706,2
fake_paris,Op.MEAS,24,-1,1.977,2
fake_paris,Op.MEAS,25,-1,1.9332,2
fake_paris,Op.MEAS,26,-1,1.9862,2
fake_quito,Op.X,0,-1,0.99896886,3
fake_quito,Op.X,1,-1,0.0,10
fake_quito,Op.X,2,-1,0.9973067100538661,6
fake_quito,Op.X,3,-1,0.99587744,6
fake_quito,Op.X,4,-1,0.0,10
fake_quito,Op.RESET,0,-1,0.8431743,3
fake_quito,Op.RESET,1,-1,0.0,3
fake_quito,Op.RESET,2,-1,0.74275251,3
fake_quito,Op.RESET,3,-1,0.77799799,3
fake_quito,Op.RESET,4,-1,0.0,3
fake_quito,Op.SX,0,-1,0.99896886,3
fake_quito,Op.SX,1,-1,0.0,10
fake_quito,Op.SX,2,-1,0.9973067100538661,6
fake_quito,Op.SX,3,-1,0.99587744,6
fake_quito,Op.SX,4,-1,0.0,10
fake_quito,Op.CNOT,1,0,0.0,60
fake_quito,Op.CNOT,0,1,0.0,60
fake_quito,Op.CNOT,2,1,0.0,60
fake_quito,Op.CNOT,3,1,0.0,60
fake_quito,Op.CNOT,1,2,0.0,60
fake_quito,Op.CNOT,1,3,0.0,60
fake_quito,Op.CNOT,4,3,0.0,60
fake_quito,Op.CNOT,3,4,0.0,60
fake_quito,Op.MEAS,0,-1,1.9114,2
fake_quito,Op.MEAS,1,-1,1.956,2
fake_quito,Op.MEAS,2,-1,1.7778,2
fake_quito,Op.MEAS,3,-1,1.91,2
fake_quito,Op.MEAS,4,-1,1.938,2
fake_poughkeepsie,Op.U3,0,-1,0.0,10
fake_poughkeepsie,Op.U3,1,-1,0.0,10
fake_poughkeepsie,Op.U3,2,-1,0.0,10
fake_poughkeepsie,Op.U3,3,-1,0.0,10
fake_poughkeepsie,Op.U3,4,-1,0.0,10
fake_poughkeepsie,Op.U3,5,-1,0.0,10
fake_poughkeepsie,Op.U3,6,-1,0.0,10
fake_poughkeepsie,Op.U3,7,-1,0.9770611099999998,6
fake_poughkeepsie,Op.U3,8,-1,0.0,10
fake_poughkeepsie,Op.U3,9,-1,0.0,10
fake_poughkeepsie,Op.U3,10,-1,0.9855155798551557,3
fake_poughkeepsie,Op.U3,11,-1,0.0,10
fake_poughkeepsie,Op.U3,12,-1,0.9834428698344286,3
fake_poughkeepsie,Op.U3,13,-1,0.9772582606822521,6
fake_poughkeepsie,Op.U3,14,-1,0.0,10
fake_poughkeepsie,Op.U3,15,-1,0.996317400036826,3
fake_poughkeepsie,Op.U3,16,-1,0.99682321,3
fake_poughkeepsie,Op.U3,17,-1,0.99301589,3
fake_poughkeepsie,Op.U3,18,-1,0.0,10
fake_poughkeepsie,Op.U3,19,-1,0.0,10
fake_poughkeepsie,Op.CNOT,1,0,0.0,100
fake_poughkeepsie,Op.CNOT,5,0,0.0,100
fake_poughkeepsie,Op.CNOT,0,1,0.0,100
fake_poughkeepsie,Op.CNOT,2,1,0.0,100
fake_poughkeepsie,Op.CNOT,1,2,0.0,100
fake_poughkeepsie,Op.CNOT,3,2,0.0,100
fake_poughkeepsie,Op.CNOT,2,3,0.0,100
fake_poughkeepsie,Op.CNOT,4,3,0.0,100
fake_poughkeepsie,Op.CNOT,3,4,0.0,100
fake_poughkeepsie,Op.CNOT,9,4,0.0,100
fake_poughkeepsie,Op.CNOT,0,5,0.0,100
fake_poughkeepsie,Op.CNOT,6,5,0.0,100
fake_poughkeepsie,Op.CNOT,10,5,0.0,9
fake_poughkeepsie,Op.CNOT,5,6,0.0,100
fake_poughkeepsie,Op.CNOT,7,6,0.0,60
fake_poughkeepsie,Op.CNOT,6,7,0.0,60
fake_poughkeepsie,Op.CNOT,8,7,0.0,60
fake_poughkeepsie,Op.CNOT,12,7,0.9054407509455914,36
fake_poughkeepsie,Op.CNOT,7,8,0.0,60
fake_poughkeepsie,Op.CNOT,9,8,0.0,100
fake_poughkeepsie,Op.CNOT,4,9,0.0,100
fake_poughkeepsie,Op.CNOT,8,9,0.0,100
fake_poughkeepsie,Op.CNOT,14,9,0.0,100
fake_poughkeepsie,Op.CNOT,5,10,0.0,9
fake_poughkeepsie,Op.CNOT,11,10,0.0,9
fake_poughkeepsie,Op.CNOT,15,10,0.95016853,9
fake_poughkeepsie,Op.CNOT,10,11,0.0,9
fake_poughkeepsie,Op.CNOT,12,11,0.0,9
fake_poughkeepsie,Op.CNOT,7,12,0.9044300886012908,36
fake_poughkeepsie,Op.CNOT,11,12,0.0,9
fake_poughkeepsie,Op.CNOT,13,12,0.8566018514339816,9
fake_poughkeepsie,Op.CNOT,12,13,0.8427610900000002,9
fake_poughkeepsie,Op.CNOT,14,13,0.0,9
fake_poughkeepsie,Op.CNOT,9,14,0.0,100
fake_poughkeepsie,Op.CNOT,13,14,0.0,9
fake_poughkeepsie,Op.CNOT,19,14,0.0,100
fake_poughkeepsie,Op.CNOT,10,15,0.9585036863062173,33
fake_poughkeepsie,Op.CNOT,16,15,0.9766895078785454,33
fake_poughkeepsie,Op.CNOT,15,16,0.9759223408504869,33
fake_poughkeepsie,Op.CNOT,17,16,0.9658901406821971,9
fake_poughkeepsie,Op.CNOT,16,17,0.9610118307797635,9
fake_poughkeepsie,Op.CNOT,18,17,0.0,9
fake_poughkeepsie,Op.CNOT,17,18,0.0,9
fake_poughkeepsie,Op.CNOT,19,18,0.0,100
fake_poughkeepsie,Op.CNOT,14,19,0.0,100
fake_poughkeepsie,Op.CNOT,18,19,0.0,100
fake_poughkeepsie,Op.U2,0,-1,0.0,10
fake_poughkeepsie,Op.U2,1,-1,0.0,10
fake_poughkeepsie,Op.U2,2,-1,0.0,10
fake_poughkeepsie,Op.U2,3,-1,0.0,10
fake_poughkeepsie,Op.U2,4,-1,0.0,10
fake_poughkeepsie,Op.U2,5,-1,0.0,10
fake_poughkeepsie,Op.U2,6,-1,0.0,10
fake_poughkeepsie,Op.U2,7,-1,0.98853009,6
fake_poughkeepsie,Op.U2,8,-1,0.0,10
fake_poughkeepsie,Op.U2,9,-1,0.0,10
fake_poughkeepsie,Op.U2,10,-1,0.9927188700728113,3
fake_poughkeepsie,Op.U2,11,-1,0.0,10
fake_poughkeepsie,Op.U2,12,-1,0.99166865,3
fake_poughkeepsie,Op.U2,13,-1,0.9886288700000003,6
fake_poughkeepsie,Op.U2,14,-1,0.0,10
fake_poughkeepsie,Op.U2,15,-1,0.99815699,3
fake_poughkeepsie,Op.U2,16,-1,0.9984103300158967,3
fake_poughkeepsie,Op.U2,17,-1,0.9964993299649934,3
fake_poughkeepsie,Op.U2,18,-1,0.0,10
fake_poughkeepsie,Op.U2,19,-1,0.0,10
fake_poughkeepsie,Op.MEAS,0,-1,1.892,2
fake_poughkeepsie,Op.MEAS,1,-1,1.89,2
fake_poughkeepsie,Op.MEAS,2,-1,1.934,2
fake_poughkeepsie,Op.MEAS,3,-1,1.914,2
fake_poughkeepsie,Op.MEAS,4,-1,1.852,2
fake_poughkeepsie,Op.MEAS,5,-1,1.932,2
fake_poughkeepsie,Op.MEAS,6,-1,1.916,2
fake_poughkeepsie,Op.MEAS,7,-1,1.654,2
fake_poughkeepsie,Op.MEAS,8,-1,1.95,2
fake_poughkeepsie,Op.MEAS,9,-1,1.916,2
fake_poughkeepsie,Op.MEAS,10,-1,1.844,2
fake_poughkeepsie,Op.MEAS,11,-1,1.922,2
fake_poughkeepsie,Op.MEAS,12,-1,1.832,2
fake_poughkeepsie,Op.MEAS,13,-1,1.908,2
fake_poughkeepsie,Op.MEAS,14,-1,1.934,2
fake_poughkeepsie,Op.MEAS,15,-1,1.918,2
fake_poughkeepsie,Op.MEAS,16,-1,1.958,2
fake_poughkeepsie,Op.MEAS,17,-1,1.9,2
fake_poughkeepsie,Op.MEAS,18,-1,1.916,2
fake_poughkeepsie,Op.MEAS,19,-1,1.95,2
fake_rochester,Op.U3,0,-1,0.0,10
fake_rochester,Op.U3,1,-1,0.9951054788742604,6
fake_rochester,Op.U3,2,-1,0.0,10
fake_rochester,Op.U3,3,-1,0.0,10
fake_rochester,Op.U3,4,-1,0.0,10
fake_rochester,Op.U3,5,-1,0.0,10
fake_rochester,Op.U3,6,-1,0.99380492,6
fake_rochester,Op.U3,7,-1,0.9969975199699752,3
fake_rochester,Op.U3,8,-1,0.9947084186771048,6
fake_rochester,Op.U3,9,-1,0.9764350890574036,6
fake_rochester,Op.U3,10,-1,0.0,10
fake_rochester,Op.U3,11,-1,0.99504799985144,6
fake_rochester,Op.U3,12,-1,0.0,10
fake_rochester,Op.U3,13,-1,0.0,10
fake_rochester,Op.U3,14,-1,0.0,10
fake_rochester,Op.U3,15,-1,0.99494508,3
fake_rochester,Op.U3,16,-1,0.0,10
fake_rochester,Op.U3,17,-1,0.99163572,3
fake_rochester,Op.U3,18,-1,0.0,10
fake_rochester,Op.U3,19,-1,0.9961036396493276,6
fake_rochester,Op.U3,20,-1,0.0,10
fake_rochester,Op.U3,21,-1,0.9834538601654612,6
fake_rochester,Op.U3,22,-1,0.9968007998720321,6
fake_rochester,Op.U3,23,-1,0.0,10
fake_rochester,Op.U3,24,-1,0.0,10
fake_rochester,Op.U3,25,-1,0.9963100097417009,6
fake_rochester,Op.U3,26,-1,0.0,10
fake_rochester,Op.U3,27,-1,0.0,10
fake_rochester,Op.U3,28,-1,0.0,10
fake_rochester,Op.U3,29,-1,0.9873565,3
fake_rochester,Op.U3,30,-1,0.0,6
fake_rochester,Op.U3,31,-1,0.0,10
fake_rochester,Op.U3,32,-1,0.0,10
fake_rochester,Op.U3,33,-1,0.0,10
fake_rochester,Op.U3,34,-1,0.9960547700789045,6
fake_rochester,Op.U3,35,-1,0.98988113,3
fake_rochester,Op.U3,36,-1,0.98366704,3
fake_rochester,Op.U3,37,-1,0.9954799199547991,3
fake_rochester,Op.U3,38,-1,0.99573968,3
fake_rochester,Op.U3,39,-1,0.9968085599680854,6
fake_rochester,Op.U3,40,-1,0.0,10
fake_rochester,Op.U3,41,-1,0.9943003894300388,6
fake_rochester,Op.U3,42,-1,0.0,10
fake_rochester,Op.U3,43,-1,0.9960270794437913,6
fake_rochester,Op.U3,44,-1,0.9959226388991125,6
fake_rochester,Op.U3,45,-1,0.0,10
fake_rochester,Op.U3,46,-1,0.0,10
fake_rochester,Op.U3,47,-1,0.0,10
fake_rochester,Op.U3,48,-1,0.0,10
fake_rochester,Op.U3,49,-1,0.9957138497428311,6
fake_rochester,Op.U3,50,-1,0.9923308499233086,6
fake_rochester,Op.U3,51,-1,0.9737764705244707,6
fake_rochester,Op.U3,52,-1,0.9859131600000001,6
fake_rochester,Op.CNOT,1,0,0.0,60
fake_rochester,Op.CNOT,5,0,0.0,100
fake_rochester,Op.CNOT,0,1,0.0,60
fake_rochester,Op.CNOT,2,1,0.0,60
fake_rochester,Op.CNOT,1,2,0.0,60
fake_rochester,Op.CNOT,3,2,0.0,100
fake_rochester,Op.CNOT,2,3,0.0,100
fake_rochester,Op.CNOT,4,3,0.0,100
fake_rochester,Op.CNOT,3,4,0.0,100
fake_rochester,Op.CNOT,6,4,0.0,60
fake_rochester,Op.CNOT,0,5,0.0,100
fake_rochester,Op.CNOT,9,5,0.0,60
fake_rochester,Op.CNOT,4,6,0.0,60
fake_rochester,Op.CNOT,13,6,0.0,60
fake_rochester,Op.CNOT,8,7,0.9699280653410146,33
fake_rochester,Op.CNOT,16,7,0.0,60
fake_rochester,Op.CNOT,7,8,0.9691769129422826,33
fake_rochester,Op.CNOT,9,8,0.9256441120024085,36
fake_rochester,Op.CNOT,5,9,0.0,60
fake_rochester,Op.CNOT,8,9,0.9266787447440821,36
fake_rochester,Op.CNOT,10,9,0.0,60
fake_rochester,Op.CNOT,9,10,0.0,60
fake_rochester,Op.CNOT,11,10,0.0,60
fake_rochester,Op.CNOT,10,11,0.0,60
fake_rochester,Op.CNOT,12,11,0.0,60
fake_rochester,Op.CNOT,17,11,0.953537273537273,33
fake_rochester,Op.CNOT,11,12,0.0,60
fake_rochester,Op.CNOT,13,12,0.0,100
fake_rochester,Op.CNOT,6,13,0.0,60
fake_rochester,Op.CNOT,12,13,0.0,100
fake_rochester,Op.CNOT,14,13,0.0,100
fake_rochester,Op.CNOT,13,14,0.0,100
fake_rochester,Op.CNOT,15,14,0.0,60
fake_rochester,Op.CNOT,14,15,0.0,60
fake_rochester,Op.CNOT,18,15,0.0,60
fake_rochester,Op.CNOT,7,16,0.0,60
fake_rochester,Op.CNOT,19,16,0.0,60
fake_rochester,Op.CNOT,11,17,0.9542509243196374,33
fake_rochester,Op.CNOT,23,17,0.0,60
fake_rochester,Op.CNOT,15,18,0.0,60
fake_rochester,Op.CNOT,27,18,0.0,100
fake_rochester,Op.CNOT,16,19,0.0,60
fake_rochester,Op.CNOT,20,19,0.0,60
fake_rochester,Op.CNOT,19,20,0.0,60
fake_rochester,Op.CNOT,21,20,0.0,60
fake_rochester,Op.CNOT,20,21,0.0,60
fake_rochester,Op.CNOT,22,21,0.9117973703088149,36
fake_rochester,Op.CNOT,28,21,0.0,60
fake_rochester,Op.CNOT,21,22,0.911173304039183,36
fake_rochester,Op.CNOT,23,22,0.0,60
fake_rochester,Op.CNOT,17,23,0.0,60
fake_rochester,Op.CNOT,22,23,0.0,60
fake_rochester,Op.CNOT,24,23,0.0,100
fake_rochester,Op.CNOT,23,24,0.0,100
fake_rochester,Op.CNOT,25,24,0.0,60
fake_rochester,Op.CNOT,24,25,0.0,60
fake_rochester,Op.CNOT,26,25,0.0,60
fake_rochester,Op.CNOT,29,25,0.9015004810503364,36
fake_rochester,Op.CNOT,25,26,0.0,60
fake_rochester,Op.CNOT,27,26,0.0,100
fake_rochester,Op.CNOT,18,27,0.0,100
fake_rochester,Op.CNOT,26,27,0.0,100
fake_rochester,Op.CNOT,21,28,0.0,60
fake_rochester,Op.CNOT,32,28,0.0,100
fake_rochester,Op.CNOT,25,29,0.9001845741771917,36
fake_rochester,Op.CNOT,36,29,0.8571617528607326,36
fake_rochester,Op.CNOT,31,30,0.0,60
fake_rochester,Op.CNOT,39,30,0.0,36
fake_rochester,Op.CNOT,30,31,0.0,60
fake_rochester,Op.CNOT,32,31,0.0,100
fake_rochester,Op.CNOT,28,32,0.0,100
fake_rochester,Op.CNOT,31,32,0.0,100
fake_rochester,Op.CNOT,33,32,0.0,100
fake_rochester,Op.CNOT,32,33,0.0,100
fake_rochester,Op.CNOT,34,33,0.0,60
fake_rochester,Op.CNOT,33,34,0.0,60
fake_rochester,Op.CNOT,35,34,0.9449628128640961,36
fake_rochester,Op.CNOT,40,34,0.0,60
fake_rochester,Op.CNOT,34,35,0.9439516599961272,33
fake_rochester,Op.CNOT,36,35,0.8868139181097725,36
fake_rochester,Op.CNOT,29,36,0.8584987216048329,36
fake_rochester,Op.CNOT,35,36,0.8880510211194892,36
fake_rochester,Op.CNOT,37,36,0.8281413203115214,36
fake_rochester,Op.CNOT,36,37,0.8295845011246515,36
fake_rochester,Op.CNOT,38,37,0.8911946469433576,36
fake_rochester,Op.CNOT,37,38,0.8905201865687895,36
fake_rochester,Op.CNOT,41,38,0.0010366601036660113,36
fake_rochester,Op.CNOT,30,39,0.0,36
fake_rochester,Op.CNOT,42,39,0.0,60
fake_rochester,Op.CNOT,34,40,0.0,60
fake_rochester,Op.CNOT,46,40,0.0,100
fake_rochester,Op.CNOT,38,41,0.001092320273080068,36
fake_rochester,Op.CNOT,50,41,0.0012133399393330028,36
fake_rochester,Op.CNOT,39,42,0.0,60
fake_rochester,Op.CNOT,43,42,0.0,60
fake_rochester,Op.CNOT,42,43,0.0,60
fake_rochester,Op.CNOT,44,43,0.9572479788844727,36
fake_rochester,Op.CNOT,43,44,0.9565362352256561,36
fake_rochester,Op.CNOT,45,44,0.0,60
fake_rochester,Op.CNOT,51,44,0.8348624668807464,36
fake_rochester,Op.CNOT,44,45,0.0,60
fake_rochester,Op.CNOT,46,45,0.0,96
fake_rochester,Op.CNOT,40,46,0.0,100
fake_rochester,Op.CNOT,45,46,0.0,96
fake_rochester,Op.CNOT,47,46,0.0,100
fake_rochester,Op.CNOT,46,47,0.0,100
fake_rochester,Op.CNOT,48,47,0.0,100
fake_rochester,Op.CNOT,47,48,0.0,100
fake_rochester,Op.CNOT,49,48,0.0,60
fake_rochester,Op.CNOT,52,48,0.0,60
fake_rochester,Op.CNOT,48,49,0.0,60
fake_rochester,Op.CNOT,50,49,0.9259166174033119,36
fake_rochester,Op.CNOT,41,50,0.001268300126830014,36
fake_rochester,Op.CNOT,49,50,0.9250038952512849,36
fake_rochester,Op.CNOT,44,51,0.8355174105241806,36
fake_rochester,Op.CNOT,48,52,0.0,60
fake_rochester,Op.U2,0,-1,0.0,10
fake_rochester,Op.U2,1,-1,0.9975509398530565,6
fake_rochester,Op.U2,2,-1,0.0,10
fake_rochester,Op.U2,3,-1,0.0,10
fake_rochester,Op.U2,4,-1,0.0,10
fake_rochester,Op.U2,5,-1,0.0,10
fake_rochester,Op.U2,6,-1,0.9968997199069917,6
fake_rochester,Op.U2,7,-1,0.9984976299849763,3
fake_rochester,Op.U2,8,-1,0.9973521698146519,6
fake_rochester,Op.U2,9,-1,0.9881751601182485,6
fake_rochester,Op.U2,10,-1,0.0,10
fake_rochester,Op.U2,11,-1,0.9975223296283495,6
fake_rochester,Op.U2,12,-1,0.0,10
fake_rochester,Op.U2,13,-1,0.0,10
fake_rochester,Op.U2,14,-1,0.0,10
fake_rochester,Op.U2,15,-1,0.99746909,3
fake_rochester,Op.U2,16,-1,0.0,10
fake_rochester,Op.U2,17,-1,0.99580571,3
fake_rochester,Op.U2,18,-1,0.0,10
fake_rochester,Op.U2,19,-1,0.9980508296686411,5
fake_rochester,Op.U2,20,-1,0.0,10
fake_rochester,Op.U2,21,-1,0.991705589917056,6
fake_rochester,Op.U2,22,-1,0.9983998995519716,5
fake_rochester,Op.U2,23,-1,0.0,10
fake_rochester,Op.U2,24,-1,0.0,10
fake_rochester,Op.U2,25,-1,0.9981539799815399,6
fake_rochester,Op.U2,26,-1,0.0,10
fake_rochester,Op.U2,27,-1,0.0,10
fake_rochester,Op.U2,28,-1,0.0,10
fake_rochester,Op.U2,29,-1,0.99365146,3
fake_rochester,Op.U2,30,-1,0.0,6
fake_rochester,Op.U2,31,-1,0.0,10
fake_rochester,Op.U2,32,-1,0.0,10
fake_rochester,Op.U2,33,-1,0.0,10
fake_rochester,Op.U2,34,-1,0.9980264195855478,6
fake_rochester,Op.U2,35,-1,0.99492339,3
fake_rochester,Op.U2,36,-1,0.99178673,3
fake_rochester,Op.U2,37,-1,0.99773725,3
fake_rochester,Op.U2,38,-1,0.99786713,3
fake_rochester,Op.U2,39,-1,0.9984035898563232,5
fake_rochester,Op.U2,40,-1,0.0,10
fake_rochester,Op.U2,41,-1,0.9971478099714782,6
fake_rochester,Op.U2,42,-1,0.0,10
fake_rochester,Op.U2,43,-1,0.9980123699204948,6
fake_rochester,Op.U2,44,-1,0.997960099816409,6
fake_rochester,Op.U2,45,-1,0.0,10
fake_rochester,Op.U2,46,-1,0.0,10
fake_rochester,Op.U2,47,-1,0.0,10
fake_rochester,Op.U2,48,-1,0.0,10
fake_rochester,Op.U2,49,-1,0.997855579914223,6
fake_rochester,Op.U2,50,-1,0.996161219961612,6
fake_rochester,Op.U2,51,-1,0.9868336500000002,6
fake_rochester,Op.U2,52,-1,0.9929412298588246,6
fake_rochester,Op.MEAS,0,-1,1.66125,2
fake_rochester,Op.MEAS,1,-1,1.585,2
fake_rochester,Op.MEAS,2,-1,1.625,2
fake_rochester,Op.MEAS,3,-1,1.735,2
fake_rochester,Op.MEAS,4,-1,1.92375,2
fake_rochester,Op.MEAS,5,-1,1.46375,2
fake_rochester,Op.MEAS,6,-1,1.8725,2
fake_rochester,Op.MEAS,7,-1,1.60875,2
fake_rochester,Op.MEAS,8,-1,1.8125,2
fake_rochester,Op.MEAS,9,-1,1.855,2
fake_rochester,Op.MEAS,10,-1,1.88,2
fake_rochester,Op.MEAS,11,-1,1.8125,2
fake_rochester,Op.MEAS,12,-1,1.71,2
fake_rochester,Op.MEAS,13,-1,1.37125,2
fake_rochester,Op.MEAS,14,-1,1.675,2
fake_rochester,Op.MEAS,15,-1,1.835,2
fake_rochester,Op.MEAS,16,-1,1.27875,2
fake_rochester,Op.MEAS,17,-1,1.86375,2
fake_rochester,Op.MEAS,18,-1,1.94125,2
fake_rochester,Op.MEAS,19,-1,1.8325,2
fake_rochester,Op.MEAS,20,-1,1.98,2
fake_rochester,Op.MEAS,21,-1,1.4825,2
fake_rochester,Op.MEAS,22,-1,1.8325,2
fake_rochester,Op.MEAS,23,-1,1.36625,2
fake_rochester,Op.MEAS,24,-1,1.91875,2
fake_rochester,Op.MEAS,25,-1,1.66125,2
fake_rochester,Op.MEAS,26,-1,1.85875,2
fake_rochester,Op.MEAS,27,-1,1.74,2
fake_rochester,Op.MEAS,28,-1,1.6725,2
fake_rochester,Op.MEAS,29,-1,1.9475,2
fake_rochester,Op.MEAS,30,-1,1.195,2
fake_rochester,Op.MEAS,31,-1,1.61875,2
fake_rochester,Op.MEAS,32,-1,1.70125,2
fake_rochester,Op.MEAS,33,-1,1.93875,2
fake_rochester,Op.MEAS,34,-1,1.93625,2
fake_rochester,Op.MEAS,35,-1,1.58,2
fake_rochester,Op.MEAS,36,-1,1.93875,2
fake_rochester,Op.MEAS,37,-1,1.77375,2
fake_rochester,Op.MEAS,38,-1,1.58625,2
fake_rochester,Op.MEAS,39,-1,1.7925,2
fake_rochester,Op.MEAS,40,-1,1.7325,2
fake_rochester,Op.MEAS,41,-1,1.765,2
fake_rochester,Op.MEAS,42,-1,1.895,2
fake_rochester,Op.MEAS,43,-1,1.58125,2
fake_rochester,Op.MEAS,44,-1,1.755,2
fake_rochester,Op.MEAS,45,-1,1.69125,2
fake_rochester,Op.MEAS,46,-1,1.50875,2
fake_rochester,Op.MEAS,47,-1,1.63,2
fake_rochester,Op.MEAS,48,-1,1.94,2
fake_rochester,Op.MEAS,49,-1,1.23875,2
fake_rochester,Op.MEAS,50,-1,1.78125,2
fake_rochester,Op.MEAS,51,-1,1.80625,2
fake_rochester,Op.MEAS,52,-1,1.49625,2
fake_rome,Op.X,0,-1,0.9995798399831936,5
fake_rome,Op.X,1,-1,0.9995221199761058,5
fake_rome,Op.X,2,-1,0.0,10
fake_rome,Op.X,3,-1,0.0,10
fake_rome,Op.X,4,-1,0.0,10
fake_rome,Op.RESET,0,-1,0.96566003,3
fake_rome,Op.RESET,1,-1,0.96528234,3
fake_rome,Op.RESET,2,-1,0.0,3
fake_rome,Op.RESET,3,-1,0.0,3
fake_rome,Op.RESET,4,-1,0.0,3
fake_rome,Op.SX,0,-1,0.9995798399831936,5
fake_rome,Op.SX,1,-1,0.9995221199761058,5
fake_rome,Op.SX,2,-1,0.0,10
fake_rome,Op.SX,3,-1,0.0,10
fake_rome,Op.SX,4,-1,0.0,10
fake_rome,Op.CNOT,1,0,0.9902967946632377,33
fake_rome,Op.CNOT,0,1,0.990139979195356,33
fake_rome,Op.CNOT,2,1,0.0,60
fake_rome,Op.CNOT,1,2,0.0,60
fake_rome,Op.CNOT,3,2,0.0,100
fake_rome,Op.CNOT,2,3,0.0,100
fake_rome,Op.CNOT,4,3,0.0,100
fake_rome,Op.CNOT,3,4,0.0,100
fake_rome,Op.MEAS,0,-1,1.9396,2
fake_rome,Op.MEAS,1,-1,1.9398,2
fake_rome,Op.MEAS,2,-1,1.9572,2
fake_rome,Op.MEAS,3,-1,1.9526,2
fake_rome,Op.MEAS,4,-1,1.954,2
fake_santiago,Op.X,0,-1,0.0,10
fake_santiago,Op.X,1,-1,0.9996924,3
fake_santiago,Op.X,2,-1,0.9995358499814341,5
fake_santiago,Op.X,3,-1,0.9996641499966414,5
fake_santiago,Op.X,4,-1,0.99966347,5
fake_santiago,Op.RESET,0,-1,0.0,3
fake_santiago,Op.RESET,1,-1,0.9611377400000001,3
fake_santiago,Op.RESET,2,-1,0.95798025,3
fake_santiago,Op.RESET,3,-1,0.9607322,3
fake_santiago,Op.RESET,4,-1,0.9639353796393538,3
fake_santiago,Op.SX,0,-1,0.0,10
fake_santiago,Op.SX,1,-1,0.9996924,3
fake_santiago,Op.SX,2,-1,0.9995358499814341,5
fake_santiago,Op.SX,3,-1,0.9996641499966414,5
fake_santiago,Op.SX,4,-1,0.99966347,5
fake_santiago,Op.CNOT,1,0,0.0,43
fake_santiago,Op.CNOT,0,1,0.0,9
fake_santiago,Op.CNOT,2,1,0.9891219032555799,21
fake_santiago,Op.CNOT,1,2,0.9892556010821474,33
fake_santiago,Op.CNOT,3,2,0.9914073149628015,33
fake_santiago,Op.CNOT,2,3,0.9912708770808989,33
fake_santiago,Op.CNOT,4,3,0.992134649775045,33
fake_santiago,Op.CNOT,3,4,0.9922639266939537,33
fake_santiago,Op.MEAS,0,-1,1.9734,2
fake_santiago,Op.MEAS,1,-1,1.9712,2
fake_santiago,Op.MEAS,2,-1,1.964,2
fake_santiago,Op.MEAS,3,-1,1.9688,2
fake_santiago,Op.MEAS,4,-1,1.9808,2
fake_singapore,Op.U3,0,-1,0.0,10
fake_singapore,Op.U3,1,-1,0.0,10
fake_singapore,Op.U3,2,-1,0.9971654500000002,6
fake_singapore,Op.U3,3,-1,0.9964925900350741,6
fake_singapore,Op.U3,4,-1,0.9987236096298466,5
fake_singapore,Op.U3,5,-1,0.998591319943653,6
fake_singapore,Op.U3,6,-1,0.9984616899077012,6
fake_singapore,Op.U3,7,-1,0.0,10
fake_singapore,Op.U3,8,-1,0.0,10
fake_singapore,Op.U3,9,-1,0.0,10
fake_singapore,Op.U3,10,-1,0.0,10
fake_singapore,Op.U3,11,-1,0.0,10
fake_singapore,Op.U3,12,-1,0.0,10
fake_singapore,Op.U3,13,-1,0.0,10
fake_singapore,Op.U3,14,-1,0.0,10
fake_singapore,Op.U3,15,-1,0.0,10
fake_singapore,Op.U3,16,-1,0.999023009804602,5
fake_singapore,Op.U3,17,-1,0.0,10
fake_singapore,Op.U3,18,-1,0.9983048698135356,6
fake_singapore,Op.U3,19,-1,0.0,10
fake_singapore,Op.CNOT,1,0,0.0,100
fake_singapore,Op.CNOT,0,1,0.0,100
fake_singapore,Op.CNOT,2,1,0.0,60
fake_singapore,Op.CNOT,6,1,0.0,60
fake_singapore,Op.CNOT,1,2,0.0,60
fake_singapore,Op.CNOT,3,2,0.970436547775837,33
fake_singapore,Op.CNOT,2,3,0.9702613860979787,33
fake_singapore,Op.CNOT,4,3,0.9817504909124727,33
fake_singapore,Op.CNOT,8,3,0.0,60
fake_singapore,Op.CNOT,3,4,0.9819490063898026,33
fake_singapore,Op.CNOT,6,5,0.9604685718155427,36
fake_singapore,Op.CNOT,10,5,0.0,60
fake_singapore,Op.CNOT,1,6,0.0,60
fake_singapore,Op.CNOT,5,6,0.9606288911018674,36
fake_singapore,Op.CNOT,7,6,0.0,60
fake_singapore,Op.CNOT,6,7,0.0,60
fake_singapore,Op.CNOT,8,7,0.0,100
fake_singapore,Op.CNOT,12,7,0.0,100
fake_singapore,Op.CNOT,3,8,0.0,60
fake_singapore,Op.CNOT,7,8,0.0,100
fake_singapore,Op.CNOT,9,8,0.0,100
fake_singapore,Op.CNOT,8,9,0.0,100
fake_singapore,Op.CNOT,14,9,0.0,100
fake_singapore,Op.CNOT,5,10,0.0,60
fake_singapore,Op.CNOT,11,10,0.0,100
fake_singapore,Op.CNOT,10,11,0.0,100
fake_singapore,Op.CNOT,12,11,0.0,100
fake_singapore,Op.CNOT,16,11,0.0,60
fake_singapore,Op.CNOT,7,12,0.0,100
fake_singapore,Op.CNOT,11,12,0.0,100
fake_singapore,Op.CNOT,13,12,0.0,100
fake_singapore,Op.CNOT,12,13,0.0,100
fake_singapore,Op.CNOT,14,13,0.0,100
fake_singapore,Op.CNOT,18,13,0.0,60
fake_singapore,Op.CNOT,9,14,0.0,100
fake_singapore,Op.CNOT,13,14,0.0,100
fake_singapore,Op.CNOT,16,15,0.0,60
fake_singapore,Op.CNOT,11,16,0.0,60
fake_singapore,Op.CNOT,15,16,0.0,60
fake_singapore,Op.CNOT,17,16,0.0,60
fake_singapore,Op.CNOT,16,17,0.0,60
fake_singapore,Op.CNOT,18,17,0.0,60
fake_singapore,Op.CNOT,13,18,0.0,60
fake_singapore,Op.CNOT,17,18,0.0,60
fake_singapore,Op.CNOT,19,18,0.0,60
fake_singapore,Op.CNOT,18,19,0.0,60
fake_singapore,Op.U2,0,-1,0.0,10
fake_singapore,Op.U2,1,-1,0.0,10
fake_singapore,Op.U2,2,-1,0.9985821299858213,6
fake_singapore,Op.U2,3,-1,0.9982454298245431,6
fake_singapore,Op.U2,4,-1,0.9993616099616968,5
fake_singapore,Op.U2,5,-1,0.9992956199154743,5
fake_singapore,Op.U2,6,-1,0.9992308098769295,5
fake_singapore,Op.U2,7,-1,0.0,10
fake_singapore,Op.U2,8,-1,0.0,10
fake_singapore,Op.U2,9,-1,0.0,10
fake_singapore,Op.U2,10,-1,0.0,10
fake_singapore,Op.U2,11,-1,0.0,10
fake_singapore,Op.U2,12,-1,0.0,10
fake_singapore,Op.U2,13,-1,0.0,10
fake_singapore,Op.U2,14,-1,0.0,10
fake_singapore,Op.U2,15,-1,0.0,10
fake_singapore,Op.U2,16,-1,0.9995113999706838,5
fake_singapore,Op.U2,17,-1,0.0,10
fake_singapore,Op.U2,18,-1,0.9991523598474248,5
fake_singapore,Op.U2,19,-1,0.0,10
fake_singapore,Op.MEAS,0,-1,1.926,2
fake_singapore,Op.MEAS,1,-1,1.947,2
fake_singapore,Op.MEAS,2,-1,1.876,2
fake_singapore,Op.MEAS,3,-1,1.903,2
fake_singapore,Op.MEAS,4,-1,1.946,2
fake_singapore,Op.MEAS,5,-1,1.907,2
fake_singapore,Op.MEAS,6,-1,1.921,2
fake_singapore,Op.MEAS,7,-1,1.933,2
fake_singapore,Op.MEAS,8,-1,1.916,2
fake_singapore,Op.MEAS,9,-1,1.917,2
fake_singapore,Op.MEAS,10,-1,1.938,2
fake_singapore,Op.MEAS,11,-1,1.824,2
fake_singapore,Op.MEAS,12,-1,1.93,2
fake_singapore,Op.MEAS,13,-1,1.893,2
fake_singapore,Op.MEAS,14,-1,1.93,2
fake_singapore,Op.MEAS,15,-1,1.865,2
fake_singapore,Op.MEAS,16,-1,1.835,2
fake_singapore,Op.MEAS,17,-1,1.966,2
fake_singapore,Op.MEAS,18,-1,1.826,2
fake_singapore,Op.MEAS,19,-1,1.946,2
fake_sydney,Op.X,0,-1,0.0,10
fake_sydney,Op.X,1,-1,0.9993337400000001,3
fake_sydney,Op.X,2,-1,0.9990353297974192,5
fake_sydney,Op.X,3,-1,0.9994813,5
fake_sydney,Op.X,4,-1,0.9994600199730012,5
fake_sydney,Op.X,5,-1,0.9995777399957774,3
fake_sydney,Op.X,6,-1,0.9994652999572239,5
fake_sydney,Op.X,7,-1,0.0,10
fake_sydney,Op.X,8,-1,0.9992990399299042,5
fake_sydney,Op.X,9,-1,0.9995857799834313,5
fake_sydney,Op.X,10,-1,0.0,10
fake_sydney,Op.X,11,-1,0.9996536299861452,5
fake_sydney,Op.X,12,-1,0.9959983999999998,6
fake_sydney,Op.X,13,-1,0.0,10
fake_sydney,Op.X,14,-1,0.0,10
fake_sydney,Op.X,15,-1,0.99964483,3
fake_sydney,Op.X,16,-1,0.0,10
fake_sydney,Op.X,17,-1,0.99951215,3
fake_sydney,Op.X,18,-1,0.99925565,3
fake_sydney,Op.X,19,-1,0.0,10
fake_sydney,Op.X,20,-1,0.0,10
fake_sydney,Op.X,21,-1,0.99937933,3
fake_sydney,Op.X,22,-1,0.0,10
fake_sydney,Op.X,23,-1,0.0,10
fake_sydney,Op.X,24,-1,0.0,10
fake_sydney,Op.X,25,-1,0.0,10
fake_sydney,Op.X,26,-1,0.0,10
fake_sydney,Op.RESET,0,-1,0.0,3
fake_sydney,Op.RESET,1,-1,0.9020929000000001,3
fake_sydney,Op.RESET,2,-1,0.91295674,3
fake_sydney,Op.RESET,3,-1,0.92501362,3
fake_sydney,Op.RESET,4,-1,0.9525188595251886,3
fake_sydney,Op.RESET,5,-1,0.936260799362608,3
fake_sydney,Op.RESET,6,-1,0.9643647403563527,3
fake_sydney,Op.RESET,7,-1,0.0,3
fake_sydney,Op.RESET,8,-1,0.9644991296449913,3
fake_sydney,Op.RESET,9,-1,0.9588524,3
fake_sydney,Op.RESET,10,-1,0.0,3
fake_sydney,Op.RESET,11,-1,0.95894039,3
fake_sydney,Op.RESET,12,-1,0.88296436,3
fake_sydney,Op.RESET,13,-1,0.0,3
fake_sydney,Op.RESET,14,-1,0.0,3
fake_sydney,Op.RESET,15,-1,0.94597662,3
fake_sydney,Op.RESET,16,-1,0.0,3
fake_sydney,Op.RESET,17,-1,0.92732132,3
fake_sydney,Op.RESET,18,-1,0.89172211,3
fake_sydney,Op.RESET,19,-1,0.0,3
fake_sydney,Op.RESET,20,-1,0.0,3
fake_sydney,Op.RESET,21,-1,0.90832336,3
fake_sydney,Op.RESET,22,-1,0.0,3
fake_sydney,Op.RESET,23,-1,0.0,3
fake_sydney,Op.RESET,24,-1,0.0,3
fake_sydney,Op.RESET,25,-1,0.0,3
fake_sydney,Op.RESET,26,-1,0.0,3
fake_sydney,Op.SX,0,-1,0.0,10
fake_sydney,Op.SX,1,-1,0.9993337400000001,3
fake_sydney,Op.SX,2,-1,0.9990353297974192,5
fake_sydney,Op.SX,3,-1,0.9994813,5
fake_sydney,Op.SX,4,-1,0.9994600199730012,5
fake_sydney,Op.SX,5,-1,0.9995777399957774,3
fake_sydney,Op.SX,6,-1,0.9994652999572239,5
fake_sydney,Op.SX,7,-1,0.0,10
fake_sydney,Op.SX,8,-1,0.9992990399299042,5
fake_sydney,Op.SX,9,-1,0.9995857799834313,5
fake_sydney,Op.SX,10,-1,0.0,10
fake_sydney,Op.SX,11,-1,0.9996536299861452,5
fake_sydney,Op.SX,12,-1,0.9959983999999998,6
fake_sydney,Op.SX,13,-1,0.0,10
fake_sydney,Op.SX,14,-1,0.0,10
fake_sydney,Op.SX,15,-1,0.99964483,3
fake_sydney,Op.SX,16,-1,0.0,10
fake_sydney,Op.SX,17,-1,0.99951215,3
fake_sydney,Op.SX,18,-1,0.99925565,3
fake_sydney,Op.SX,19,-1,0.0,10
fake_sydney,Op.SX,20,-1,0.0,10
fake_sydney,Op.SX,21,-1,0.99937933,3
fake_sydney,Op.SX,22,-1,0.0,10
fake_sydney,Op.SX,23,-1,0.0,10
fake_sydney,Op.SX,24,-1,0.0,10
fake_sydney,Op.SX,25,-1,0.0,10
fake_sydney,Op.SX,26,-1,0.0,10
fake_sydney,Op.CNOT,1,0,0.0,60
fake_sydney,Op.CNOT,0,1,0.0,43
fake_sydney,Op.CNOT,2,1,0.98254911,9
fake_sydney,Op.CNOT,4,1,0.9866734485391657,33
fake_sydney,Op.CNOT,1,2,0.9837838998378391,9
fake_sydney,Op.CNOT,3,2,0.9872310606384452,33
fake_sydney,Op.CNOT,2,3,0.9873848403784563,33
fake_sydney,Op.CNOT,5,3,0.99083156,9
fake_sydney,Op.CNOT,1,4,0.9868289856435937,33
fake_sydney,Op.CNOT,7,4,0.0,60
fake_sydney,Op.CNOT,3,5,0.989919510100805,9
fake_sydney,Op.CNOT,8,5,0.9832245726188098,33
fake_sydney,Op.CNOT,7,6,0.0,60
fake_sydney,Op.CNOT,4,7,0.0,60
fake_sydney,Op.CNOT,6,7,0.0,60
fake_sydney,Op.CNOT,10,7,0.0,100
fake_sydney,Op.CNOT,5,8,0.9833507728408326,33
fake_sydney,Op.CNOT,9,8,0.9891140103114676,33
fake_sydney,Op.CNOT,11,8,0.9876183764093308,33
fake_sydney,Op.CNOT,8,9,0.989234349449663,33
fake_sydney,Op.CNOT,7,10,0.0,100
fake_sydney,Op.CNOT,12,10,0.0,60
fake_sydney,Op.CNOT,8,11,0.9877297057053965,33
fake_sydney,Op.CNOT,14,11,0.0,60
fake_sydney,Op.CNOT,10,12,0.0,60
fake_sydney,Op.CNOT,13,12,0.0,60
fake_sydney,Op.CNOT,15,12,0.9743663848761671,33
fake_sydney,Op.CNOT,12,13,0.0,60
fake_sydney,Op.CNOT,14,13,0.0,100
fake_sydney,Op.CNOT,11,14,0.0,60
fake_sydney,Op.CNOT,13,14,0.0,100
fake_sydney,Op.CNOT,16,14,0.0,100
fake_sydney,Op.CNOT,12,15,0.9741847760597807,33
fake_sydney,Op.CNOT,18,15,0.98668241,9
fake_sydney,Op.CNOT,14,16,0.0,100
fake_sydney,Op.CNOT,19,16,0.0,100
fake_sydney,Op.CNOT,18,17,0.97091373,9
fake_sydney,Op.CNOT,15,18,0.9855997501440024,9
fake_sydney,Op.CNOT,17,18,0.9697231893944639,9
fake_sydney,Op.CNOT,21,18,0.9842997699999998,9
fake_sydney,Op.CNOT,16,19,0.0,100
fake_sydney,Op.CNOT,20,19,0.0,100
fake_sydney,Op.CNOT,22,19,0.0,100
fake_sydney,Op.CNOT,19,20,0.0,100
fake_sydney,Op.CNOT,18,21,0.9856422100000001,9
fake_sydney,Op.CNOT,23,21,0.0,60
fake_sydney,Op.CNOT,19,22,0.0,100
fake_sydney,Op.CNOT,25,22,0.0,100
fake_sydney,Op.CNOT,21,23,0.0,60
fake_sydney,Op.CNOT,24,23,0.0,100
fake_sydney,Op.CNOT,23,24,0.0,100
fake_sydney,Op.CNOT,25,24,0.0,100
fake_sydney,Op.CNOT,22,25,0.0,100
fake_sydney,Op.CNOT,24,25,0.0,100
fake_sydney,Op.CNOT,26,25,0.0,100
fake_sydney,Op.CNOT,25,26,0.0,100
fake_sydney,Op.MEAS,0,-1,1.9628,2
fake_sydney,Op.MEAS,1,-1,1.9132,2
fake_sydney,Op.MEAS,2,-1,1.951,2
fake_sydney,Op.MEAS,3,-1,1.9688,2
fake_sydney,Op.MEAS,4,-1,1.971,2
fake_sydney,Op.MEAS,5,-1,1.9678,2
fake_sydney,Op.MEAS,6,-1,1.9078,2
fake_sydney,Op.MEAS,7,-1,1.9188,2
fake_sydney,Op.MEAS,8,-1,1.952,2
fake_sydney,Op.MEAS,9,-1,1.9544,2
fake_sydney,Op.MEAS,10,-1,1.947,2
fake_sydney,Op.MEAS,11,-1,1.97,2
fake_sydney,Op.MEAS,12,-1,1.887,2
fake_sydney,Op.MEAS,13,-1,1.9814,2
fake_sydney,Op.MEAS,14,-1,1.9466,2
fake_sydney,Op.MEAS,15,-1,1.9778,2
fake_sydney,Op.MEAS,16,-1,1.9594,2
fake_sydney,Op.MEAS,17,-1,1.8804,2
fake_sydney,Op.MEAS,18,-1,1.7632,2
fake_sydney,Op.MEAS,19,-1,1.9226,2
fake_sydney,Op.MEAS,20,-1,1.8384,2
fake_sydney,Op.MEAS,21,-1,1.8324,2
fake_sydney,Op.MEAS,22,-1,1.919,2
fake_sydney,Op.MEAS,23,-1,1.9368,2
fake_sydney,Op.MEAS,24,-1,1.9318,2
fake_sydney,Op.MEAS,25,-1,1.9176,2
fake_sydney,Op.MEAS,26,-1,1.8194,2
fake_toronto,Op.X,0,-1,0.9894028501059715,3
fake_toronto,Op.X,1,-1,0.0,3
fake_toronto,Op.X,2,-1,0.0,3
fake_toronto,Op.X,3,-1,0.0,3
fake_toronto,Op.X,4,-1,0.0,3
fake_toronto,Op.X,5,-1,0.0,3
fake_toronto,Op.X,6,-1,0.99158683,3
fake_toronto,Op.X,7,-1,0.0,3
fake_toronto,Op.X,8,-1,0.0,3
fake_toronto,Op.X,9,-1,0.994252399942524,3
fake_toronto,Op.X,10,-1,0.0,3
fake_toronto,Op.X,11,-1,0.0,3
fake_toronto,Op.X,12,-1,0.0,10
fake_toronto,Op.X,13,-1,0.0,3
fake_toronto,Op.X,14,-1,0.0,3
fake_toronto,Op.X,15,-1,0.99254474,3
fake_toronto,Op.X,16,-1,0.98801622,6
fake_toronto,Op.X,17,-1,0.0,3
fake_toronto,Op.X,18,-1,0.0,3
fake_toronto,Op.X,19,-1,0.99237016,3
fake_toronto,Op.X,20,-1,0.9924763600000001,3
fake_toronto,Op.X,21,-1,0.9930203,3
fake_toronto,Op.X,22,-1,0.0,3
fake_toronto,Op.X,23,-1,0.99094716,3
fake_toronto,Op.X,24,-1,0.0,3
fake_toronto,Op.X,25,-1,0.0,3
fake_toronto,Op.X,26,-1,0.0,3
fake_toronto,Op.RESET,0,-1,0.13356928,3
fake_toronto,Op.RESET,1,-1,0.0,3
fake_toronto,Op.RESET,2,-1,0.0,3
fake_toronto,Op.RESET,3,-1,0.0,3
fake_toronto,Op.RESET,4,-1,0.0,3
fake_toronto,Op.RESET,5,-1,0.0,3
fake_toronto,Op.RESET,6,-1,0.21067996,3
fake_toronto,Op.RESET,7,-1,0.0,3
fake_toronto,Op.RESET,8,-1,0.0,3
fake_toronto,Op.RESET,9,-1,0.34089409,3
fake_toronto,Op.RESET,10,-1,0.0,3
fake_toronto,Op.RESET,11,-1,0.0,3
fake_toronto,Op.RESET,12,-1,0.0,3
fake_toronto,Op.RESET,13,-1,0.0,3
fake_toronto,Op.RESET,14,-1,0.0,3
fake_toronto,Op.RESET,15,-1,0.25836016,3
fake_toronto,Op.RESET,16,-1,0.20617855,3
fake_toronto,Op.RESET,17,-1,0.0,3
fake_toronto,Op.RESET,18,-1,0.0,3
fake_toronto,Op.RESET,19,-1,0.24611067246110674,3
fake_toronto,Op.RESET,20,-1,0.30813166308131656,3
fake_toronto,Op.RESET,21,-1,0.28159958,3
fake_toronto,Op.RESET,22,-1,0.0,3
fake_toronto,Op.RESET,23,-1,0.23441009,3
fake_toronto,Op.RESET,24,-1,0.0,3
fake_toronto,Op.RESET,25,-1,0.0,3
fake_toronto,Op.RESET,26,-1,0.0,3
fake_toronto,Op.SX,0,-1,0.9894028501059715,3
fake_toronto,Op.SX,1,-1,0.0,3
fake_toronto,Op.SX,2,-1,0.0,3
fake_toronto,Op.SX,3,-1,0.0,3
fake_toronto,Op.SX,4,-1,0.0,3
fake_toronto,Op.SX,5,-1,0.0,3
fake_toronto,Op.SX,6,-1,0.99158683,3
fake_toronto,Op.SX,7,-1,0.0,3
fake_toronto,Op.SX,8,-1,0.0,3
fake_toronto,Op.SX,9,-1,0.994252399942524,3
fake_toronto,Op.SX,10,-1,0.0,3
fake_toronto,Op.SX,11,-1,0.0,3
fake_toronto,Op.SX,12,-1,0.0,10
fake_toronto,Op.SX,13,-1,0.0,3
fake_toronto,Op.SX,14,-1,0.0,3
fake_toronto,Op.SX,15,-1,0.99254474,3
fake_toronto,Op.SX,16,-1,0.98801622,6
fake_toronto,Op.SX,17,-1,0.0,3
fake_toronto,Op.SX,18,-1,0.0,3
fake_toronto,Op.SX,19,-1,0.99237016,3
fake_toronto,Op.SX,20,-1,0.9924763600000001,3
fake_toronto,Op.SX,21,-1,0.9930203,3
fake_toronto,Op.SX,22,-1,0.0,3
fake_toronto,Op.SX,23,-1,0.99094716,3
fake_toronto,Op.SX,24,-1,0.0,3
fake_toronto,Op.SX,25,-1,0.0,3
fake_toronto,Op.SX,26,-1,0.0,3
fake_toronto,Op.CNOT,1,0,0.0,9
fake_toronto,Op.CNOT,0,1,0.0,9
fake_toronto,Op.CNOT,2,1,0.0,9
fake_toronto,Op.CNOT,4,1,0.0,9
fake_toronto,Op.CNOT,1,2,0.0,9
fake_toronto,Op.CNOT,3,2,0.0,9
fake_toronto,Op.CNOT,2,3,0.0,9
fake_toronto,Op.CNOT,5,3,0.0,9
fake_toronto,Op.CNOT,1,4,0.0,9
fake_toronto,Op.CNOT,7,4,0.0,9
fake_toronto,Op.CNOT,3,5,0.0,9
fake_toronto,Op.CNOT,8,5,0.0,9
fake_toronto,Op.CNOT,7,6,0.0,9
fake_toronto,Op.CNOT,4,7,0.0,9
fake_toronto,Op.CNOT,6,7,0.0,9
fake_toronto,Op.CNOT,10,7,0.0,9
fake_toronto,Op.CNOT,5,8,0.0,9
fake_toronto,Op.CNOT,9,8,0.0,9
fake_toronto,Op.CNOT,11,8,0.0,9
fake_toronto,Op.CNOT,8,9,0.0,9
fake_toronto,Op.CNOT,7,10,0.0,9
fake_toronto,Op.CNOT,12,10,0.0,9
fake_toronto,Op.CNOT,8,11,0.0,9
fake_toronto,Op.CNOT,14,11,0.0,9
fake_toronto,Op.CNOT,10,12,0.0,9
fake_toronto,Op.CNOT,13,12,0.0,9
fake_toronto,Op.CNOT,15,12,0.0,9
fake_toronto,Op.CNOT,12,13,0.0,9
fake_toronto,Op.CNOT,14,13,0.0,9
fake_toronto,Op.CNOT,11,14,0.0,9
fake_toronto,Op.CNOT,13,14,0.0,9
fake_toronto,Op.CNOT,16,14,0.0,9
fake_toronto,Op.CNOT,12,15,0.0,9
fake_toronto,Op.CNOT,18,15,0.0,9
fake_toronto,Op.CNOT,14,16,0.0,9
fake_toronto,Op.CNOT,19,16,0.8063699332356079,36
fake_toronto,Op.CNOT,18,17,0.0,9
fake_toronto,Op.CNOT,15,18,0.0,9
fake_toronto,Op.CNOT,17,18,0.0,9
fake_toronto,Op.CNOT,21,18,0.0,9
fake_toronto,Op.CNOT,16,19,0.8091223933614307,36
fake_toronto,Op.CNOT,20,19,0.7648872176488722,9
fake_toronto,Op.CNOT,22,19,0.0,9
fake_toronto,Op.CNOT,19,20,0.7763727777637278,9
fake_toronto,Op.CNOT,18,21,0.0,9
fake_toronto,Op.CNOT,23,21,0.7507457350149146,9
fake_toronto,Op.CNOT,19,22,0.0,9
fake_toronto,Op.CNOT,25,22,0.0,9
fake_toronto,Op.CNOT,21,23,0.7626683552533672,9
fake_toronto,Op.CNOT,24,23,0.0,9
fake_toronto,Op.CNOT,23,24,0.0,9
fake_toronto,Op.CNOT,25,24,0.0,9
fake_toronto,Op.CNOT,22,25,0.0,9
fake_toronto,Op.CNOT,24,25,0.0,9
fake_toronto,Op.CNOT,26,25,0.0,9
fake_toronto,Op.CNOT,25,26,0.0,9
fake_toronto,Op.MEAS,0,-1,1.885,2
fake_toronto,Op.MEAS,1,-1,1.9248,2
fake_toronto,Op.MEAS,2,-1,1.9804,2
fake_toronto,Op.MEAS,3,-1,1.9748,2
fake_toronto,Op.MEAS,4,-1,1.9084,2
fake_toronto,Op.MEAS,5,-1,1.9764,2
fake_toronto,Op.MEAS,6,-1,1.8278,2
fake_toronto,Op.MEAS,7,-1,1.9282,2
fake_toronto,Op.MEAS,8,-1,1.9704,2
fake_toronto,Op.MEAS,9,-1,1.9776,2
fake_toronto,Op.MEAS,10,-1,1.875,2
fake_toronto,Op.MEAS,11,-1,1.9768,2
fake_toronto,Op.MEAS,12,-1,1.8414,2
fake_toronto,Op.MEAS,13,-1,1.5788,2
fake_toronto,Op.MEAS,14,-1,1.9732,2
fake_toronto,Op.MEAS,15,-1,1.451,2
fake_toronto,Op.MEAS,16,-1,1.918,2
fake_toronto,Op.MEAS,17,-1,1.9704,2
fake_toronto,Op.MEAS,18,-1,1.9686,2
fake_toronto,Op.MEAS,19,-1,1.9722,2
fake_toronto,Op.MEAS,20,-1,1.9656,2
fake_toronto,Op.MEAS,21,-1,1.974,2
fake_toronto,Op.MEAS,22,-1,1.9568,2
fake_toronto,Op.MEAS,23,-1,1.8652,2
fake_toronto,Op.MEAS,24,-1,1.9736,2
fake_toronto,Op.MEAS,25,-1,1.9844,2
fake_toronto,Op.MEAS,26,-1,1.9808,2
fake_vigo,Op.CNOT,1,0,0.0,9
fake_vigo,Op.CNOT,0,1,0.0,9
fake_vigo,Op.CNOT,2,1,0.0,60
fake_vigo,Op.CNOT,3,1,0.0,60
fake_vigo,Op.CNOT,1,2,0.0,60
fake_vigo,Op.CNOT,1,3,0.0,60
fake_vigo,Op.CNOT,4,3,0.9897408973813049,33
fake_vigo,Op.CNOT,3,4,0.9895633791459147,33
fake_vigo,Op.SX,0,-1,0.99881235,3
fake_vigo,Op.SX,1,-1,0.0,10
fake_vigo,Op.SX,2,-1,0.9993123199243553,5
fake_vigo,Op.SX,3,-1,0.9990016797604032,5
fake_vigo,Op.SX,4,-1,0.998951699727442,5
fake_vigo,Op.X,0,-1,0.99881235,3
fake_vigo,Op.X,1,-1,0.0,10
fake_vigo,Op.X,2,-1,0.9993123199243553,5
fake_vigo,Op.X,3,-1,0.9990016797604032,5
fake_vigo,Op.X,4,-1,0.998951699727442,5
fake_vigo,Op.MEAS,0,-1,1.8498,2
fake_vigo,Op.MEAS,1,-1,1.955,2
fake_vigo,Op.MEAS,2,-1,1.9708,2
fake_vigo,Op.MEAS,3,-1,1.957,2
fake_vigo,Op.MEAS,4,-1,1.9334,2
fake_washington,Op.X,0,-1,0.9984882500000001,3
fake_washington,Op.X,1,-1,0.99965906,3
fake_washington,Op.X,2,-1,0.99876889,3
fake_washington,Op.X,3,-1,0.99927033,3
fake_washington,Op.X,4,-1,0.998347179917359,6
fake_washington,Op.X,5,-1,0.0,10
fake_washington,Op.X,6,-1,0.0,10
fake_washington,Op.X,7,-1,0.9995074399950743,5
fake_washington,Op.X,8,-1,0.0,10
fake_washington,Op.X,9,-1,0.0,10
fake_washington,Op.X,10,-1,0.991868479268163,6
fake_washington,Op.X,11,-1,0.9973464000265363,6
fake_washington,Op.X,12,-1,0.9965099596160955,6
fake_washington,Op.X,13,-1,0.9975025700249743,6
fake_washington,Op.X,14,-1,0.0,10
fake_washington,Op.X,15,-1,0.9989811697351042,5
fake_washington,Op.X,16,-1,0.0,6
fake_washington,Op.X,17,-1,0.0,10
fake_washington,Op.X,18,-1,0.0,10
fake_washington,Op.X,19,-1,0.0,10
fake_washington,Op.X,20,-1,0.0,10
fake_washington,Op.X,21,-1,0.0,10
fake_washington,Op.X,22,-1,0.0,10
fake_washington,Op.X,23,-1,0.9990731898053697,5
fake_washington,Op.X,24,-1,0.0,10
fake_washington,Op.X,25,-1,0.0,10
fake_washington,Op.X,26,-1,0.0,10
fake_washington,Op.X,27,-1,0.9995579599955796,3
fake_washington,Op.X,28,-1,0.99959522,3
fake_washington,Op.X,29,-1,0.9991521798897834,5
fake_washington,Op.X,30,-1,0.9995436199817449,5
fake_washington,Op.X,31,-1,0.99954727,3
fake_washington,Op.X,32,-1,0.9993042,3
fake_washington,Op.X,33,-1,0.9995064299753217,5
fake_washington,Op.X,34,-1,0.0,10
fake_washington,Op.X,35,-1,0.99958696,3
fake_washington,Op.X,36,-1,0.0,10
fake_washington,Op.X,37,-1,0.0,10
fake_washington,Op.X,38,-1,0.0,10
fake_washington,Op.X,39,-1,0.0,10
fake_washington,Op.X,40,-1,0.9988177599881776,3
fake_washington,Op.X,41,-1,0.99943256,3
fake_washington,Op.X,42,-1,0.0,10
fake_washington,Op.X,43,-1,0.0,10
fake_washington,Op.X,44,-1,0.0,10
fake_washington,Op.X,45,-1,0.9994328099489529,5
fake_washington,Op.X,46,-1,0.0,10
fake_washington,Op.X,47,-1,0.9991976499919765,3
fake_washington,Op.X,48,-1,0.0,10
fake_washington,Op.X,49,-1,0.0,10
fake_washington,Op.X,50,-1,0.0,10
fake_washington,Op.X,51,-1,0.9995509799955099,5
fake_washington,Op.X,52,-1,0.9994689499946895,5
fake_washington,Op.X,53,-1,0.99787878,6
fake_washington,Op.X,54,-1,0.0,10
fake_washington,Op.X,55,-1,0.0,10
fake_washington,Op.X,56,-1,0.0,10
fake_washington,Op.X,57,-1,0.99943828,3
fake_washington,Op.X,58,-1,0.9995822199958223,3
fake_washington,Op.X,59,-1,0.9995152499854576,5
fake_washington,Op.X,60,-1,0.999411329976453,5
fake_washington,Op.X,61,-1,0.0,10
fake_washington,Op.X,62,-1,0.0,10
fake_washington,Op.X,63,-1,0.0,10
fake_washington,Op.X,64,-1,0.0,10
fake_washington,Op.X,65,-1,0.9996326199963262,5
fake_washington,Op.X,66,-1,0.9971213094818359,6
fake_washington,Op.X,67,-1,0.0,10
fake_washington,Op.X,68,-1,0.9991468398549627,5
fake_washington,Op.X,69,-1,0.0,10
fake_washington,Op.X,70,-1,0.9994178899592523,5
fake_washington,Op.X,71,-1,0.999056419811284,5
fake_washington,Op.X,72,-1,0.0,10
fake_washington,Op.X,73,-1,0.0,3
fake_washington,Op.X,74,-1,0.9994919399949194,3
fake_washington,Op.X,75,-1,0.0,10
fake_washington,Op.X,76,-1,0.0,3
fake_washington,Op.X,77,-1,0.0,6
fake_washington,Op.X,78,-1,0.99883782,3
fake_washington,Op.X,79,-1,0.99915765,3
fake_washington,Op.X,80,-1,0.0,10
fake_washington,Op.X,81,-1,0.0,10
fake_washington,Op.X,82,-1,0.9991244598686689,5
fake_washington,Op.X,83,-1,0.0,10
fake_washington,Op.X,84,-1,0.99858147,3
fake_washington,Op.X,85,-1,0.9996015100000001,3
fake_washington,Op.X,86,-1,0.0,10
fake_washington,Op.X,87,-1,0.9994958199848748,5
fake_washington,Op.X,88,-1,0.0,10
fake_washington,Op.X,89,-1,0.99935766,3
fake_washington,Op.X,90,-1,0.9994448799666927,5
fake_washington,Op.X,91,-1,0.9992082098812315,5
fake_washington,Op.X,92,-1,0.0,10
fake_washington,Op.X,93,-1,0.0,10
fake_washington,Op.X,94,-1,0.999499799969988,5
fake_washington,Op.X,95,-1,0.0,10
fake_washington,Op.X,96,-1,0.999591699987751,5
fake_washington,Op.X,97,-1,0.0,10
fake_washington,Op.X,98,-1,0.983493549669871,6
fake_washington,Op.X,99,-1,0.9971383999713839,6
fake_washington,Op.X,100,-1,0.999583,3
fake_washington,Op.X,101,-1,0.0,10
fake_washington,Op.X,102,-1,0.0,10
fake_washington,Op.X,103,-1,0.0,10
fake_washington,Op.X,104,-1,0.9990274899319245,5
fake_washington,Op.X,105,-1,0.0,10
fake_washington,Op.X,106,-1,0.9991603698488665,5
fake_washington,Op.X,107,-1,0.0,10
fake_washington,Op.X,108,-1,0.9988880296552893,5
fake_washington,Op.X,109,-1,0.999243459886519,5
fake_washington,Op.X,110,-1,0.9992677399707097,5
fake_washington,Op.X,111,-1,0.0,10
fake_washington,Op.X,112,-1,0.0,10
fake_washington,Op.X,113,-1,0.0,10
fake_washington,Op.X,114,-1,0.9992570499182754,5
fake_washington,Op.X,115,-1,0.999467599978704,5
fake_washington,Op.X,116,-1,0.0,10
fake_washington,Op.X,117,-1,0.0,10
fake_washington,Op.X,118,-1,0.0,10
fake_washington,Op.X,119,-1,0.9776464904470703,6
fake_washington,Op.X,120,-1,0.99946857,3
fake_washington,Op.X,121,-1,0.99956083,3
fake_washington,Op.X,122,-1,0.0,10
fake_washington,Op.X,123,-1,0.99502167,3
fake_washington,Op.X,124,-1,0.0,10
fake_washington,Op.X,125,-1,0.0,10
fake_washington,Op.X,126,-1,0.0,10
fake_washington,Op.RESET,0,-1,0.96274318,3
fake_washington,Op.RESET,1,-1,0.9914100300858998,3
fake_washington,Op.RESET,2,-1,0.96950211,3
fake_washington,Op.RESET,3,-1,0.98174784,3
fake_washington,Op.RESET,4,-1,0.9913396,3
fake_washington,Op.RESET,5,-1,0.0,3
fake_washington,Op.RESET,6,-1,0.0,3
fake_washington,Op.RESET,7,-1,0.9875225501247746,3
fake_washington,Op.RESET,8,-1,0.0,3
fake_washington,Op.RESET,9,-1,0.0,3
fake_washington,Op.RESET,10,-1,0.98848345,3
fake_washington,Op.RESET,11,-1,0.98779522,3
fake_washington,Op.RESET,12,-1,0.9927633699276337,3
fake_washington,Op.RESET,13,-1,0.9706927202930729,3
fake_washington,Op.RESET,14,-1,0.0,3
fake_washington,Op.RESET,15,-1,0.9876382300000001,3
fake_washington,Op.RESET,16,-1,0.0,2
fake_washington,Op.RESET,17,-1,0.0,3
fake_washington,Op.RESET,18,-1,0.0,3
fake_washington,Op.RESET,19,-1,0.0,3
fake_washington,Op.RESET,20,-1,0.0,3
fake_washington,Op.RESET,21,-1,0.0,3
fake_washington,Op.RESET,22,-1,0.0,3
fake_washington,Op.RESET,23,-1,0.98904789,3
fake_washington,Op.RESET,24,-1,0.0,3
fake_washington,Op.RESET,25,-1,0.0,3
fake_washington,Op.RESET,26,-1,0.0,3
fake_washington,Op.RESET,27,-1,0.9887042,3
fake_washington,Op.RESET,28,-1,0.98981268,3
fake_washington,Op.RESET,29,-1,0.9842660601573394,3
fake_washington,Op.RESET,30,-1,0.99481937,3
fake_washington,Op.RESET,31,-1,0.9886090701139092,3
fake_washington,Op.RESET,32,-1,0.9825774700000001,3
fake_washington,Op.RESET,33,-1,0.99069071,3
fake_washington,Op.RESET,34,-1,0.0,3
fake_washington,Op.RESET,35,-1,0.98960856,3
fake_washington,Op.RESET,36,-1,0.0,3
fake_washington,Op.RESET,37,-1,0.0,3
fake_washington,Op.RESET,38,-1,0.0,3
fake_washington,Op.RESET,39,-1,0.0,3
fake_washington,Op.RESET,40,-1,0.96888627,3
fake_washington,Op.RESET,41,-1,0.9857550700000001,3
fake_washington,Op.RESET,42,-1,0.0,3
fake_washington,Op.RESET,43,-1,0.0,3
fake_washington,Op.RESET,44,-1,0.0,3
fake_washington,Op.RESET,45,-1,0.99315376,3
fake_washington,Op.RESET,46,-1,0.0,3
fake_washington,Op.RESET,47,-1,0.97997586,3
fake_washington,Op.RESET,48,-1,0.0,3
fake_washington,Op.RESET,49,-1,0.0,3
fake_washington,Op.RESET,50,-1,0.0,3
fake_washington,Op.RESET,51,-1,0.98978626,3
fake_washington,Op.RESET,52,-1,0.9869390501306096,3
fake_washington,Op.RESET,53,-1,0.96612132,3
fake_washington,Op.RESET,54,-1,0.0,3
fake_washington,Op.RESET,55,-1,0.0,3
fake_washington,Op.RESET,56,-1,0.0,3
fake_washington,Op.RESET,57,-1,0.98590168,3
fake_washington,Op.RESET,58,-1,0.9894860900000001,3
fake_washington,Op.RESET,59,-1,0.99005336,3
fake_washington,Op.RESET,60,-1,0.9873039201269607,3
fake_washington,Op.RESET,61,-1,0.0,3
fake_washington,Op.RESET,62,-1,0.0,3
fake_washington,Op.RESET,63,-1,0.0,3
fake_washington,Op.RESET,64,-1,0.0,3
fake_washington,Op.RESET,65,-1,0.9910809699108096,3
fake_washington,Op.RESET,66,-1,0.9899709598997095,3
fake_washington,Op.RESET,67,-1,0.0,3
fake_washington,Op.RESET,68,-1,0.9887926298879264,3
fake_washington,Op.RESET,69,-1,0.0,3
fake_washington,Op.RESET,70,-1,0.99008495,3
fake_washington,Op.RESET,71,-1,0.99081368,3
fake_washington,Op.RESET,72,-1,0.0,3
fake_washington,Op.RESET,73,-1,0.0,3
fake_washington,Op.RESET,74,-1,0.98723887,3
fake_washington,Op.RESET,75,-1,0.0,3
fake_washington,Op.RESET,76,-1,0.0,3
fake_washington,Op.RESET,77,-1,0.0,2
fake_washington,Op.RESET,78,-1,0.97111449,3
fake_washington,Op.RESET,79,-1,0.9789722402102776,3
fake_washington,Op.RESET,80,-1,0.0,3
fake_washington,Op.RESET,81,-1,0.0,3
fake_washington,Op.RESET,82,-1,0.9830493701695063,3
fake_washington,Op.RESET,83,-1,0.0,3
fake_washington,Op.RESET,84,-1,0.9650779496507795,3
fake_washington,Op.RESET,85,-1,0.98996914,3
fake_washington,Op.RESET,86,-1,0.0,3
fake_washington,Op.RESET,87,-1,0.98952662,3
fake_washington,Op.RESET,88,-1,0.0,3
fake_washington,Op.RESET,89,-1,0.98388119,3
fake_washington,Op.RESET,90,-1,0.99043882,3
fake_washington,Op.RESET,91,-1,0.98950341,3
fake_washington,Op.RESET,92,-1,0.0,3
fake_washington,Op.RESET,93,-1,0.0,3
fake_washington,Op.RESET,94,-1,0.9915528800844713,3
fake_washington,Op.RESET,95,-1,0.0,3
fake_washington,Op.RESET,96,-1,0.991590609915906,3
fake_washington,Op.RESET,97,-1,0.0,3
fake_washington,Op.RESET,98,-1,0.9894799901052002,3
fake_washington,Op.RESET,99,-1,0.9818587401814126,3
fake_washington,Op.RESET,100,-1,0.9895119501048806,3
fake_washington,Op.RESET,101,-1,0.0,3
fake_washington,Op.RESET,102,-1,0.0,3
fake_washington,Op.RESET,103,-1,0.0,3
fake_washington,Op.RESET,104,-1,0.97779726,3
fake_washington,Op.RESET,105,-1,0.0,3
fake_washington,Op.RESET,106,-1,0.9866167598661676,3
fake_washington,Op.RESET,107,-1,0.0,3
fake_washington,Op.RESET,108,-1,0.9869690600000001,3
fake_washington,Op.RESET,109,-1,0.9909447199094472,3
fake_washington,Op.RESET,110,-1,0.9838028000000001,3
fake_washington,Op.RESET,111,-1,0.0,3
fake_washington,Op.RESET,112,-1,0.0,3
fake_washington,Op.RESET,113,-1,0.0,3
fake_washington,Op.RESET,114,-1,0.9857220901427792,3
fake_washington,Op.RESET,115,-1,0.98906093,3
fake_washington,Op.RESET,116,-1,0.0,3
fake_washington,Op.RESET,117,-1,0.0,3
fake_washington,Op.RESET,118,-1,0.0,3
fake_washington,Op.RESET,119,-1,0.98390014,3
fake_washington,Op.RESET,120,-1,0.98664182,3
fake_washington,Op.RESET,121,-1,0.9889572400000001,3
fake_washington,Op.RESET,122,-1,0.0,3
fake_washington,Op.RESET,123,-1,0.88702456,3
fake_washington,Op.RESET,124,-1,0.0,3
fake_washington,Op.RESET,125,-1,0.0,3
fake_washington,Op.RESET,126,-1,0.0,3
fake_washington,Op.SX,0,-1,0.9984882500000001,3
fake_washington,Op.SX,1,-1,0.99965906,3
fake_washington,Op.SX,2,-1,0.99876889,3
fake_washington,Op.SX,3,-1,0.99927033,3
fake_washington,Op.SX,4,-1,0.998347179917359,6
fake_washington,Op.SX,5,-1,0.0,10
fake_washington,Op.SX,6,-1,0.0,10
fake_washington,Op.SX,7,-1,0.9995074399950743,5
fake_washington,Op.SX,8,-1,0.0,10
fake_washington,Op.SX,9,-1,0.0,10
fake_washington,Op.SX,10,-1,0.991868479268163,6
fake_washington,Op.SX,11,-1,0.9973464000265363,6
fake_washington,Op.SX,12,-1,0.9965099596160955,6
fake_washington,Op.SX,13,-1,0.9975025700249743,6
fake_washington,Op.SX,14,-1,0.0,10
fake_washington,Op.SX,15,-1,0.9989811697351042,5
fake_washington,Op.SX,16,-1,0.0,6
fake_washington,Op.SX,17,-1,0.0,10
fake_washington,Op.SX,18,-1,0.0,10
fake_washington,Op.SX,19,-1,0.0,10
fake_washington,Op.SX,20,-1,0.0,10
fake_washington,Op.SX,21,-1,0.0,10
fake_washington,Op.SX,22,-1,0.0,10
fake_washington,Op.SX,23,-1,0.9990731898053697,5
fake_washington,Op.SX,24,-1,0.0,10
fake_washington,Op.SX,25,-1,0.0,10
fake_washington,Op.SX,26,-1,0.0,10
fake_washington,Op.SX,27,-1,0.9995579599955796,3
fake_washington,Op.SX,28,-1,0.99959522,3
fake_washington,Op.SX,29,-1,0.9991521798897834,5
fake_washington,Op.SX,30,-1,0.9995436199817449,5
fake_washington,Op.SX,31,-1,0.99954727,3
fake_washington,Op.SX,32,-1,0.9993042,3
fake_washington,Op.SX,33,-1,0.9995064299753217,5
fake_washington,Op.SX,34,-1,0.0,10
fake_washington,Op.SX,35,-1,0.99958696,3
fake_washington,Op.SX,36,-1,0.0,10
fake_washington,Op.SX,37,-1,0.0,10
fake_washington,Op.SX,38,-1,0.0,10
fake_washington,Op.SX,39,-1,0.0,10
fake_washington,Op.SX,40,-1,0.9988177599881776,3
fake_washington,Op.SX,41,-1,0.99943256,3
fake_washington,Op.SX,42,-1,0.0,10
fake_washington,Op.SX,43,-1,0.0,10
fake_washington,Op.SX,44,-1,0.0,10
fake_washington,Op.SX,45,-1,0.9994328099489529,5
fake_washington,Op.SX,46,-1,0.0,10
fake_washington,Op.SX,47,-1,0.9991976499919765,3
fake_washington,Op.SX,48,-1,0.0,10
fake_washington,Op.SX,49,-1,0.0,10
fake_washington,Op.SX,50,-1,0.0,10
fake_washington,Op.SX,51,-1,0.9995509799955099,5
fake_washington,Op.SX,52,-1,0.9994689499946895,5
fake_washington,Op.SX,53,-1,0.99787878,6
fake_washington,Op.SX,54,-1,0.0,10
fake_washington,Op.SX,55,-1,0.0,10
fake_washington,Op.SX,56,-1,0.0,10
fake_washington,Op.SX,57,-1,0.99943828,3
fake_washington,Op.SX,58,-1,0.9995822199958223,3
fake_washington,Op.SX,59,-1,0.9995152499854576,5
fake_washington,Op.SX,60,-1,0.999411329976453,5
fake_washington,Op.SX,61,-1,0.0,10
fake_washington,Op.SX,62,-1,0.0,10
fake_washington,Op.SX,63,-1,0.0,10
fake_washington,Op.SX,64,-1,0.0,10
fake_washington,Op.SX,65,-1,0.9996326199963262,5
fake_washington,Op.SX,66,-1,0.9971213094818359,6
fake_washington,Op.SX,67,-1,0.0,10
fake_washington,Op.SX,68,-1,0.9991468398549627,5
fake_washington,Op.SX,69,-1,0.0,10
fake_washington,Op.SX,70,-1,0.9994178899592523,5
fake_washington,Op.SX,71,-1,0.999056419811284,5
fake_washington,Op.SX,72,-1,0.0,10
fake_washington,Op.SX,73,-1,0.0,3
fake_washington,Op.SX,74,-1,0.9994919399949194,3
fake_washington,Op.SX,75,-1,0.0,10
fake_washington,Op.SX,76,-1,0.0,3
fake_washington,Op.SX,77,-1,0.0,6
fake_washington,Op.SX,78,-1,0.99883782,3
fake_washington,Op.SX,79,-1,0.99915765,3
fake_washington,Op.SX,80,-1,0.0,10
fake_washington,Op.SX,81,-1,0.0,10
fake_washington,Op.SX,82,-1,0.9991244598686689,5
fake_washington,Op.SX,83,-1,0.0,10
fake_washington,Op.SX,84,-1,0.99858147,3
fake_washington,Op.SX,85,-1,0.9996015100000001,3
fake_washington,Op.SX,86,-1,0.0,10
fake_washington,Op.SX,87,-1,0.9994958199848748,5
fake_washington,Op.SX,88,-1,0.0,10
fake_washington,Op.SX,89,-1,0.99935766,3
fake_washington,Op.SX,90,-1,0.9994448799666927,5
fake_washington,Op.SX,91,-1,0.9992082098812315,5
fake_washington,Op.SX,92,-1,0.0,10
fake_washington,Op.SX,93,-1,0.0,10
fake_washington,Op.SX,94,-1,0.999499799969988,5
fake_washington,Op.SX,95,-1,0.0,10
fake_washington,Op.SX,96,-1,0.999591699987751,5
fake_washington,Op.SX,97,-1,0.0,10
fake_washington,Op.SX,98,-1,0.983493549669871,6
fake_washington,Op.SX,99,-1,0.9971383999713839,6
fake_washington,Op.SX,100,-1,0.999583,3
fake_washington,Op.SX,101,-1,0.0,10
fake_washington,Op.SX,102,-1,0.0,10
fake_washington,Op.SX,103,-1,0.0,10
fake_washington,Op.SX,104,-1,0.9990274899319245,5
fake_washington,Op.SX,105,-1,0.0,10
fake_washington,Op.SX,106,-1,0.9991603698488665,5
fake_washington,Op.SX,107,-1,0.0,10
fake_washington,Op.SX,108,-1,0.9988880296552893,5
fake_washington,Op.SX,109,-1,0.999243459886519,5
fake_washington,Op.SX,110,-1,0.9992677399707097,5
fake_washington,Op.SX,111,-1,0.0,10
fake_washington,Op.SX,112,-1,0.0,10
fake_washington,Op.SX,113,-1,0.0,10
fake_washington,Op.SX,114,-1,0.9992570499182754,5
fake_washington,Op.SX,115,-1,0.999467599978704,5
fake_washington,Op.SX,116,-1,0.0,10
fake_washington,Op.SX,117,-1,0.0,10
fake_washington,Op.SX,118,-1,0.0,10
fake_washington,Op.SX,119,-1,0.9776464904470703,6
fake_washington,Op.SX,120,-1,0.99946857,3
fake_washington,Op.SX,121,-1,0.99956083,3
fake_washington,Op.SX,122,-1,0.0,10
fake_washington,Op.SX,123,-1,0.99502167,3
fake_washington,Op.SX,124,-1,0.0,10
fake_washington,Op.SX,125,-1,0.0,10
fake_washington,Op.SX,126,-1,0.0,10
fake_washington,Op.CNOT,1,0,0.9567462799999997,9
fake_washington,Op.CNOT,14,0,0.0,9
fake_washington,Op.CNOT,0,1,0.9584995504150046,9
fake_washington,Op.CNOT,2,1,0.98689418,9
fake_washington,Op.CNOT,1,2,0.9853483601465164,9
fake_washington,Op.CNOT,3,2,0.9665484099999998,9
fake_washington,Op.CNOT,2,3,0.9646672196466722,9
fake_washington,Op.CNOT,4,3,0.8941291165929399,36
fake_washington,Op.CNOT,3,4,0.8939772650124996,36
fake_washington,Op.CNOT,5,4,0.0,60
fake_washington,Op.CNOT,15,4,0.9807790007840814,33
fake_washington,Op.CNOT,4,5,0.0,60
fake_washington,Op.CNOT,6,5,0.0,100
fake_washington,Op.CNOT,5,6,0.0,100
fake_washington,Op.CNOT,7,6,0.0,60
fake_washington,Op.CNOT,6,7,0.0,60
fake_washington,Op.CNOT,8,7,0.0,60
fake_washington,Op.CNOT,7,8,0.0,60
fake_washington,Op.CNOT,16,8,0.0,60
fake_washington,Op.CNOT,10,9,0.0,60
fake_washington,Op.CNOT,9,10,0.0,60
fake_washington,Op.CNOT,11,10,0.8935598415471714,33
fake_washington,Op.CNOT,10,11,0.8937150714874044,33
fake_washington,Op.CNOT,12,11,0.908135044853371,36
fake_washington,Op.CNOT,11,12,0.9082507387061356,36
fake_washington,Op.CNOT,13,12,0.932394193830589,33
fake_washington,Op.CNOT,17,12,0.0,60
fake_washington,Op.CNOT,12,13,0.9325835605604371,33
fake_washington,Op.CNOT,0,14,0.0,9
fake_washington,Op.CNOT,18,14,0.0,100
fake_washington,Op.CNOT,4,15,0.9809411886658836,33
fake_washington,Op.CNOT,22,15,0.0,60
fake_washington,Op.CNOT,8,16,0.0,60
fake_washington,Op.CNOT,26,16,0.0,60
fake_washington,Op.CNOT,12,17,0.0,60
fake_washington,Op.CNOT,30,17,0.0,60
fake_washington,Op.CNOT,14,18,0.0,100
fake_washington,Op.CNOT,19,18,0.0,100
fake_washington,Op.CNOT,18,19,0.0,100
fake_washington,Op.CNOT,20,19,0.0,100
fake_washington,Op.CNOT,19,20,0.0,100
fake_washington,Op.CNOT,21,20,0.0,100
fake_washington,Op.CNOT,33,20,0.0,60
fake_washington,Op.CNOT,20,21,0.0,100
fake_washington,Op.CNOT,22,21,0.0,100
fake_washington,Op.CNOT,15,22,0.0,9
fake_washington,Op.CNOT,21,22,0.0,100
fake_washington,Op.CNOT,23,22,0.0,60
fake_washington,Op.CNOT,22,23,0.0,60
fake_washington,Op.CNOT,24,23,0.0,60
fake_washington,Op.CNOT,23,24,0.0,60
fake_washington,Op.CNOT,25,24,0.0,100
fake_washington,Op.CNOT,34,24,0.0,100
fake_washington,Op.CNOT,24,25,0.0,100
fake_washington,Op.CNOT,26,25,0.0,100
fake_washington,Op.CNOT,16,26,0.0,60
fake_washington,Op.CNOT,25,26,0.0,100
fake_washington,Op.CNOT,27,26,0.0,60
fake_washington,Op.CNOT,26,27,0.0,60
fake_washington,Op.CNOT,28,27,0.9747084957004444,33
fake_washington,Op.CNOT,27,28,0.9745504866915631,33
fake_washington,Op.CNOT,29,28,0.9870511116125784,33
fake_washington,Op.CNOT,35,28,0.97449769,9
fake_washington,Op.CNOT,28,29,0.986883516290637,21
fake_washington,Op.CNOT,30,29,0.9843040626890697,33
fake_washington,Op.CNOT,17,30,0.0,60
fake_washington,Op.CNOT,29,30,0.9841671894173443,33
fake_washington,Op.CNOT,31,30,0.9880739290459137,33
fake_washington,Op.CNOT,30,31,0.9882179202356415,33
fake_washington,Op.CNOT,32,31,0.9883363368508109,21
fake_washington,Op.CNOT,31,32,0.9885295870176932,33
fake_washington,Op.CNOT,36,32,0.0,60
fake_washington,Op.CNOT,20,33,0.0,60
fake_washington,Op.CNOT,39,33,0.0,60
fake_washington,Op.CNOT,24,34,0.0,100
fake_washington,Op.CNOT,43,34,0.0,100
fake_washington,Op.CNOT,28,35,0.9752941902470581,9
fake_washington,Op.CNOT,47,35,0.9872093797441877,9
fake_washington,Op.CNOT,32,36,0.0,60
fake_washington,Op.CNOT,51,36,0.0,60
fake_washington,Op.CNOT,38,37,0.0,100
fake_washington,Op.CNOT,52,37,0.0,60
fake_washington,Op.CNOT,37,38,0.0,100
fake_washington,Op.CNOT,39,38,0.0,100
fake_washington,Op.CNOT,33,39,0.0,60
fake_washington,Op.CNOT,38,39,0.0,100
fake_washington,Op.CNOT,40,39,0.0,9
fake_washington,Op.CNOT,39,40,0.0,9
fake_washington,Op.CNOT,41,40,0.9843917,9
fake_washington,Op.CNOT,40,41,0.9826757700000001,9
fake_washington,Op.CNOT,42,41,0.0,60
fake_washington,Op.CNOT,53,41,0.9688478579132925,33
fake_washington,Op.CNOT,41,42,0.0,60
fake_washington,Op.CNOT,43,42,0.0,100
fake_washington,Op.CNOT,34,43,0.0,100
fake_washington,Op.CNOT,42,43,0.0,100
fake_washington,Op.CNOT,44,43,0.0,100
fake_washington,Op.CNOT,43,44,0.0,100
fake_washington,Op.CNOT,45,44,0.0,60
fake_washington,Op.CNOT,44,45,0.0,60
fake_washington,Op.CNOT,46,45,0.0,60
fake_washington,Op.CNOT,54,45,0.0,60
fake_washington,Op.CNOT,45,46,0.0,60
fake_washington,Op.CNOT,47,46,0.0,9
fake_washington,Op.CNOT,35,47,0.9860127900000001,9
fake_washington,Op.CNOT,46,47,0.0,9
fake_washington,Op.CNOT,48,47,0.0,9
fake_washington,Op.CNOT,47,48,0.0,9
fake_washington,Op.CNOT,49,48,0.0,100
fake_washington,Op.CNOT,48,49,0.0,100
fake_washington,Op.CNOT,50,49,0.0,100
fake_washington,Op.CNOT,55,49,0.0,100
fake_washington,Op.CNOT,49,50,0.0,100
fake_washington,Op.CNOT,51,50,0.0,60
fake_washington,Op.CNOT,36,51,0.0,60
fake_washington,Op.CNOT,50,51,0.0,60
fake_washington,Op.CNOT,37,52,0.0,60
fake_washington,Op.CNOT,56,52,0.0,60
fake_washington,Op.CNOT,41,53,0.9686323892597405,33
fake_washington,Op.CNOT,60,53,0.9753198030895444,33
fake_washington,Op.CNOT,45,54,0.0,60
fake_washington,Op.CNOT,64,54,0.0,100
fake_washington,Op.CNOT,49,55,0.0,100
fake_washington,Op.CNOT,68,55,0.0,60
fake_washington,Op.CNOT,52,56,0.0,60
fake_washington,Op.CNOT,57,56,0.0,60
fake_washington,Op.CNOT,56,57,0.0,60
fake_washington,Op.CNOT,58,57,0.98870307,9
fake_washington,Op.CNOT,57,58,0.98773559,9
fake_washington,Op.CNOT,59,58,0.9857375388590037,33
fake_washington,Op.CNOT,71,58,0.9458453974328326,33
fake_washington,Op.CNOT,58,59,0.9859065485906562,33
fake_washington,Op.CNOT,60,59,0.9856715186505627,33
fake_washington,Op.CNOT,53,60,0.9751036032779736,33
fake_washington,Op.CNOT,59,60,0.9858483166035952,33
fake_washington,Op.CNOT,61,60,0.0,60
fake_washington,Op.CNOT,60,61,0.0,60
fake_washington,Op.CNOT,62,61,0.0,100
fake_washington,Op.CNOT,61,62,0.0,100
fake_washington,Op.CNOT,63,62,0.0,100
fake_washington,Op.CNOT,72,62,0.0,100
fake_washington,Op.CNOT,62,63,0.0,100
fake_washington,Op.CNOT,64,63,0.0,100
fake_washington,Op.CNOT,54,64,0.0,100
fake_washington,Op.CNOT,63,64,0.0,100
fake_washington,Op.CNOT,65,64,0.0,60
fake_washington,Op.CNOT,64,65,0.0,60
fake_washington,Op.CNOT,66,65,0.9711121184448492,33
fake_washington,Op.CNOT,65,66,0.9709675144838273,33
fake_washington,Op.CNOT,67,66,0.0,60
fake_washington,Op.CNOT,73,66,0.0,60
fake_washington,Op.CNOT,66,67,0.0,60
fake_washington,Op.CNOT,68,67,0.0,60
fake_washington,Op.CNOT,55,68,0.0,60
fake_washington,Op.CNOT,67,68,0.0,60
fake_washington,Op.CNOT,69,68,0.0,60
fake_washington,Op.CNOT,68,69,0.0,60
fake_washington,Op.CNOT,70,69,0.0,60
fake_washington,Op.CNOT,69,70,0.0,60
fake_washington,Op.CNOT,74,70,0.9734774364734919,33
fake_washington,Op.CNOT,58,71,0.9459995130393979,33
fake_washington,Op.CNOT,77,71,0.0,36
fake_washington,Op.CNOT,62,72,0.0,100
fake_washington,Op.CNOT,81,72,0.0,100
fake_washington,Op.CNOT,66,73,0.0,60
fake_washington,Op.CNOT,85,73,0.0,9
fake_washington,Op.CNOT,70,74,0.973329692130893,33
fake_washington,Op.CNOT,89,74,0.9849030195470903,33
fake_washington,Op.CNOT,76,75,0.0,9
fake_washington,Op.CNOT,90,75,0.0,60
fake_washington,Op.CNOT,75,76,0.0,9
fake_washington,Op.CNOT,77,76,0.0,60
fake_washington,Op.CNOT,71,77,0.0,36
fake_washington,Op.CNOT,76,77,0.0,60
fake_washington,Op.CNOT,78,77,0.0,6
fake_washington,Op.CNOT,77,78,0.0,6
fake_washington,Op.CNOT,79,78,0.9646290899999997,9
fake_washington,Op.CNOT,78,79,0.9627064396270645,9
fake_washington,Op.CNOT,80,79,0.0,60
fake_washington,Op.CNOT,91,79,0.984513889845139,9
fake_washington,Op.CNOT,79,80,0.0,60
fake_washington,Op.CNOT,81,80,0.0,100
fake_washington,Op.CNOT,72,81,0.0,100
fake_washington,Op.CNOT,80,81,0.0,100
fake_washington,Op.CNOT,82,81,0.0,60
fake_washington,Op.CNOT,81,82,0.0,60
fake_washington,Op.CNOT,83,82,0.0,60
fake_washington,Op.CNOT,82,83,0.0,60
fake_washington,Op.CNOT,84,83,0.0,60
fake_washington,Op.CNOT,92,83,0.0,100
fake_washington,Op.CNOT,83,84,0.0,60
fake_washington,Op.CNOT,85,84,0.97814378,9
fake_washington,Op.CNOT,73,85,0.0,60
fake_washington,Op.CNOT,84,85,0.9799105497991054,9
fake_washington,Op.CNOT,86,85,0.0,60
fake_washington,Op.CNOT,85,86,0.0,60
fake_washington,Op.CNOT,87,86,0.0,60
fake_washington,Op.CNOT,86,87,0.0,60
fake_washington,Op.CNOT,88,87,0.0,60
fake_washington,Op.CNOT,93,87,0.0,60
fake_washington,Op.CNOT,87,88,0.0,60
fake_washington,Op.CNOT,89,88,0.0,60
fake_washington,Op.CNOT,74,89,0.9850993783609311,33
fake_washington,Op.CNOT,88,89,0.0,60
fake_washington,Op.CNOT,75,90,0.0,60
fake_washington,Op.CNOT,94,90,0.9868560260568074,33
fake_washington,Op.CNOT,79,91,0.9853399112662257,27
fake_washington,Op.CNOT,98,91,0.976170352851105,33
fake_washington,Op.CNOT,83,92,0.0,100
fake_washington,Op.CNOT,102,92,0.0,100
fake_washington,Op.CNOT,87,93,0.0,60
fake_washington,Op.CNOT,106,93,0.0,60
fake_washington,Op.CNOT,90,94,0.9866890993344544,33
fake_washington,Op.CNOT,95,94,0.0,60
fake_washington,Op.CNOT,94,95,0.0,60
fake_washington,Op.CNOT,96,95,0.0,60
fake_washington,Op.CNOT,95,96,0.0,60
fake_washington,Op.CNOT,97,96,0.0,60
fake_washington,Op.CNOT,109,96,2.071001760351497e-05,36
fake_washington,Op.CNOT,96,97,0.0,60
fake_washington,Op.CNOT,98,97,0.0,60
fake_washington,Op.CNOT,91,98,0.9760063204025283,33
fake_washington,Op.CNOT,97,98,0.0,60
fake_washington,Op.CNOT,99,98,0.8827108736403686,36
fake_washington,Op.CNOT,98,99,0.8828764579173898,33
fake_washington,Op.CNOT,100,99,0.9491832919781812,33
fake_washington,Op.CNOT,99,100,0.9490444409548761,33
fake_washington,Op.CNOT,101,100,0.0,9
fake_washington,Op.CNOT,110,100,0.9731388587183224,33
fake_washington,Op.CNOT,100,101,0.0,43
fake_washington,Op.CNOT,102,101,0.0,100
fake_washington,Op.CNOT,92,102,0.0,100
fake_washington,Op.CNOT,101,102,0.0,100
fake_washington,Op.CNOT,103,102,0.0,100
fake_washington,Op.CNOT,102,103,0.0,100
fake_washington,Op.CNOT,104,103,0.0,60
fake_washington,Op.CNOT,103,104,0.0,60
fake_washington,Op.CNOT,105,104,0.0,60
fake_washington,Op.CNOT,111,104,0.0,60
fake_washington,Op.CNOT,104,105,0.0,60
fake_washington,Op.CNOT,106,105,0.0,60
fake_washington,Op.CNOT,93,106,0.0,60
fake_washington,Op.CNOT,105,106,0.0,60
fake_washington,Op.CNOT,107,106,0.0,60
fake_washington,Op.CNOT,106,107,0.0,60
fake_washington,Op.CNOT,108,107,0.0,60
fake_washington,Op.CNOT,107,108,0.0,60
fake_washington,Op.CNOT,112,108,0.0,60
fake_washington,Op.CNOT,96,109,2.2760029588038476e-05,36
fake_washington,Op.CNOT,100,110,0.9732938911869841,33
fake_washington,Op.CNOT,118,110,0.0,60
fake_washington,Op.CNOT,104,111,0.0,60
fake_washington,Op.CNOT,122,111,0.0,100
fake_washington,Op.CNOT,108,112,0.0,60
fake_washington,Op.CNOT,126,112,0.0,100
fake_washington,Op.CNOT,114,113,0.0,9
fake_washington,Op.CNOT,113,114,0.0,9
fake_washington,Op.CNOT,115,114,0.9472338967573535,36
fake_washington,Op.CNOT,114,115,0.9474404011058961,36
fake_washington,Op.CNOT,116,115,0.0,60
fake_washington,Op.CNOT,115,116,0.0,60
fake_washington,Op.CNOT,117,116,0.0,100
fake_washington,Op.CNOT,116,117,0.0,100
fake_washington,Op.CNOT,118,117,0.0,100
fake_washington,Op.CNOT,110,118,0.0,60
fake_washington,Op.CNOT,117,118,0.0,100
fake_washington,Op.CNOT,119,118,0.0,60
fake_washington,Op.CNOT,118,119,0.0,60
fake_washington,Op.CNOT,120,119,0.9507398053211841,36
fake_washington,Op.CNOT,119,120,0.9504979945577546,36
fake_washington,Op.CNOT,121,120,0.9841495196829917,33
fake_washington,Op.CNOT,120,121,0.9843359470238314,33
fake_washington,Op.CNOT,122,121,0.0,60
fake_washington,Op.CNOT,111,122,0.0,100
fake_washington,Op.CNOT,121,122,0.0,60
fake_washington,Op.CNOT,123,122,0.0,60
fake_washington,Op.CNOT,122,123,0.0,60
fake_washington,Op.CNOT,124,123,0.0,60
fake_washington,Op.CNOT,123,124,0.0,60
fake_washington,Op.CNOT,125,124,0.0,100
fake_washington,Op.CNOT,124,125,0.0,100
fake_washington,Op.CNOT,126,125,0.0,100
fake_washington,Op.CNOT,112,126,0.0,100
fake_washington,Op.CNOT,125,126,0.0,100
fake_washington,Op.MEAS,0,-1,1.987,2
fake_washington,Op.MEAS,1,-1,1.9758,2
fake_washington,Op.MEAS,2,-1,1.9622,2
fake_washington,Op.MEAS,3,-1,1.9162,2
fake_washington,Op.MEAS,4,-1,1.7978,2
fake_washington,Op.MEAS,5,-1,1.895,2
fake_washington,Op.MEAS,6,-1,1.9792,2
fake_washington,Op.MEAS,7,-1,1.977,2
fake_washington,Op.MEAS,8,-1,1.9726,2
fake_washington,Op.MEAS,9,-1,1.76,2
fake_washington,Op.MEAS,10,-1,1.8738,2
fake_washington,Op.MEAS,11,-1,1.7362,2
fake_washington,Op.MEAS,12,-1,1.51,2
fake_washington,Op.MEAS,13,-1,1.979,2
fake_washington,Op.MEAS,14,-1,1.9748,2
fake_washington,Op.MEAS,15,-1,1.9286,2
fake_washington,Op.MEAS,16,-1,1.988,2
fake_washington,Op.MEAS,17,-1,1.9,2
fake_washington,Op.MEAS,18,-1,1.9152,2
fake_washington,Op.MEAS,19,-1,1.9642,2
fake_washington,Op.MEAS,20,-1,1.986,2
fake_washington,Op.MEAS,21,-1,1.9204,2
fake_washington,Op.MEAS,22,-1,1.953,2
fake_washington,Op.MEAS,23,-1,1.7638,2
fake_washington,Op.MEAS,24,-1,1.951,2
fake_washington,Op.MEAS,25,-1,1.9706,2
fake_washington,Op.MEAS,26,-1,1.983,2
fake_washington,Op.MEAS,27,-1,1.936,2
fake_washington,Op.MEAS,28,-1,1.9806,2
fake_washington,Op.MEAS,29,-1,1.9848,2
fake_washington,Op.MEAS,30,-1,1.9808,2
fake_washington,Op.MEAS,31,-1,1.971,2
fake_washington,Op.MEAS,32,-1,1.9792,2
fake_washington,Op.MEAS,33,-1,1.9808,2
fake_washington,Op.MEAS,34,-1,1.9598,2
fake_washington,Op.MEAS,35,-1,1.9866,2
fake_washington,Op.MEAS,36,-1,1.991,2
fake_washington,Op.MEAS,37,-1,1.9564,2
fake_washington,Op.MEAS,38,-1,1.9802,2
fake_washington,Op.MEAS,39,-1,1.9686,2
fake_washington,Op.MEAS,40,-1,1.9808,2
fake_washington,Op.MEAS,41,-1,1.9428,2
fake_washington,Op.MEAS,42,-1,1.9874,2
fake_washington,Op.MEAS,43,-1,1.9588,2
fake_washington,Op.MEAS,44,-1,1.9466,2
fake_washington,Op.MEAS,45,-1,1.9294,2
fake_washington,Op.MEAS,46,-1,1.8516,2
fake_washington,Op.MEAS,47,-1,1.9678,2
fake_washington,Op.MEAS,48,-1,1.9882,2
fake_washington,Op.MEAS,49,-1,1.982,2
fake_washington,Op.MEAS,50,-1,1.9718,2
fake_washington,Op.MEAS,51,-1,1.9882,2
fake_washington,Op.MEAS,52,-1,1.989,2
fake_washington,Op.MEAS,53,-1,1.9088,2
fake_washington,Op.MEAS,54,-1,1.9752,2
fake_washington,Op.MEAS,55,-1,1.9802,2
fake_washington,Op.MEAS,56,-1,1.986,2
fake_washington,Op.MEAS,57,-1,1.9694,2
fake_washington,Op.MEAS,58,-1,1.9608,2
fake_washington,Op.MEAS,59,-1,1.9866,2
fake_washington,Op.MEAS,60,-1,1.8892,2
fake_washington,Op.MEAS,61,-1,1.9406,2
fake_washington,Op.MEAS,62,-1,1.9892,2
fake_washington,Op.MEAS,63,-1,1.9916,2
fake_washington,Op.MEAS,64,-1,1.9752,2
fake_washington,Op.MEAS,65,-1,1.9934,2
fake_washington,Op.MEAS,66,-1,1.9518,2
fake_washington,Op.MEAS,67,-1,1.9078,2
fake_washington,Op.MEAS,68,-1,1.9854,2
fake_washington,Op.MEAS,69,-1,1.9134,2
fake_washington,Op.MEAS,70,-1,1.9092,2
fake_washington,Op.MEAS,71,-1,1.9706,2
fake_washington,Op.MEAS,72,-1,1.983,2
fake_washington,Op.MEAS,73,-1,1.9864,2
fake_washington,Op.MEAS,74,-1,1.953,2
fake_washington,Op.MEAS,75,-1,1.9772,2
fake_washington,Op.MEAS,76,-1,1.9834,2
fake_washington,Op.MEAS,77,-1,1.9658,2
fake_washington,Op.MEAS,78,-1,1.9512,2
fake_washington,Op.MEAS,79,-1,1.9692,2
fake_washington,Op.MEAS,80,-1,1.8452,2
fake_washington,Op.MEAS,81,-1,1.904,2
fake_washington,Op.MEAS,82,-1,1.9254,2
fake_washington,Op.MEAS,83,-1,1.931,2
fake_washington,Op.MEAS,84,-1,1.9888,2
fake_washington,Op.MEAS,85,-1,1.9796,2
fake_washington,Op.MEAS,86,-1,1.9828,2
fake_washington,Op.MEAS,87,-1,1.9106,2
fake_washington,Op.MEAS,88,-1,1.9714,2
fake_washington,Op.MEAS,89,-1,1.978,2
fake_washington,Op.MEAS,90,-1,1.9466,2
fake_washington,Op.MEAS,91,-1,1.9426,2
fake_washington,Op.MEAS,92,-1,1.9846,2
fake_washington,Op.MEAS,93,-1,1.8454,2
fake_washington,Op.MEAS,94,-1,1.9916,2
fake_washington,Op.MEAS,95,-1,1.9856,2
fake_washington,Op.MEAS,96,-1,1.9756,2
fake_washington,Op.MEAS,97,-1,1.99,2
fake_washington,Op.MEAS,98,-1,1.963,2
fake_washington,Op.MEAS,99,-1,1.8628,2
fake_washington,Op.MEAS,100,-1,1.934,2
fake_washington,Op.MEAS,101,-1,1.9428,2
fake_washington,Op.MEAS,102,-1,1.9842,2
fake_washington,Op.MEAS,103,-1,1.9738,2
fake_washington,Op.MEAS,104,-1,1.9782,2
fake_washington,Op.MEAS,105,-1,1.9714,2
fake_washington,Op.MEAS,106,-1,1.97,2
fake_washington,Op.MEAS,107,-1,1.9886,2
fake_washington,Op.MEAS,108,-1,1.933,2
fake_washington,Op.MEAS,109,-1,1.3544,2
fake_washington,Op.MEAS,110,-1,1.9668,2
fake_washington,Op.MEAS,111,-1,1.9758,2
fake_washington,Op.MEAS,112,-1,1.9214,2
fake_washington,Op.MEAS,113,-1,1.9768,2
fake_washington,Op.MEAS,114,-1,1.9676,2
fake_washington,Op.MEAS,115,-1,1.9694,2
fake_washington,Op.MEAS,116,-1,1.9838,2
fake_washington,Op.MEAS,117,-1,1.9862,2
fake_washington,Op.MEAS,118,-1,1.9774,2
fake_washington,Op.MEAS,119,-1,1.9646,2
fake_washington,Op.MEAS,120,-1,1.9794,2
fake_washington,Op.MEAS,121,-1,1.9646,2
fake_washington,Op.MEAS,122,-1,1.8974,2
fake_washington,Op.MEAS,123,-1,1.9856,2
fake_washington,Op.MEAS,124,-1,1.966,2
fake_washington,Op.MEAS,125,-1,1.993,2
fake_washington,Op.MEAS,126,-1,1.9944,2
fake_yorktown,Op.X,0,-1,0.9978592600428147,6
fake_yorktown,Op.X,1,-1,0.9973589500528209,6
fake_yorktown,Op.X,2,-1,0.0,10
fake_yorktown,Op.X,3,-1,0.99909834,3
fake_yorktown,Op.X,4,-1,0.99448406,3
fake_yorktown,Op.RESET,0,-1,0.84368041,3
fake_yorktown,Op.RESET,1,-1,0.84356888,3
fake_yorktown,Op.RESET,2,-1,0.0,3
fake_yorktown,Op.RESET,3,-1,0.87384,3
fake_yorktown,Op.RESET,4,-1,0.5520198700000001,3
fake_yorktown,Op.SX,0,-1,0.9978592600428147,6
fake_yorktown,Op.SX,1,-1,0.9973589500528209,6
fake_yorktown,Op.SX,2,-1,0.0,10
fake_yorktown,Op.SX,3,-1,0.99909834,3
fake_yorktown,Op.SX,4,-1,0.99448406,3
fake_yorktown,Op.CNOT,1,0,0.9687795234625958,33
fake_yorktown,Op.CNOT,2,0,0.0,60
fake_yorktown,Op.CNOT,0,1,0.9683949698863902,33
fake_yorktown,Op.CNOT,2,1,0.0,60
fake_yorktown,Op.CNOT,0,2,0.0,60
fake_yorktown,Op.CNOT,1,2,0.0,60
fake_yorktown,Op.CNOT,3,2,0.0,60
fake_yorktown,Op.CNOT,4,2,0.0,9
fake_yorktown,Op.CNOT,2,3,0.0,60
fake_yorktown,Op.CNOT,4,3,0.92028439,9
fake_yorktown,Op.CNOT,2,4,0.0,9
fake_yorktown,Op.CNOT,3,4,0.914659590853404,9
fake_yorktown,Op.MEAS,0,-1,1.8734,2
fake_yorktown,Op.MEAS,1,-1,1.9378,2
fake_yorktown,Op.MEAS,2,-1,1.7696,2
fake_yorktown,Op.MEAS,3,-1,1.9446,2
fake_yorktown,Op.MEAS,4,-1,1.4154,2
fake_jakarta,Op.X,0,-1,0.9991543598900667,5
fake_jakarta,Op.X,1,-1,0.99922246,3
fake_jakarta,Op.X,2,-1,0.99899497,3
fake_jakarta,Op.X,3,-1,0.9993231599932316,3
fake_jakarta,Op.X,4,-1,0.9994961099697665,5
fake_jakarta,Op.X,5,-1,0.9995261499857846,5
fake_jakarta,Op.X,6,-1,0.99888478,3
fake_jakarta,Op.RESET,0,-1,0.9044833709551663,3
fake_jakarta,Op.RESET,1,-1,0.88842702,3
fake_jakarta,Op.RESET,2,-1,0.8604473813955262,3
fake_jakarta,Op.RESET,3,-1,0.9010674000000001,3
fake_jakarta,Op.RESET,4,-1,0.94106788,3
fake_jakarta,Op.RESET,5,-1,0.93488527,3
fake_jakarta,Op.RESET,6,-1,0.8450183015498169,3
fake_jakarta,Op.SX,0,-1,0.9991543598900667,5
fake_jakarta,Op.SX,1,-1,0.99922246,3
fake_jakarta,Op.SX,2,-1,0.99899497,3
fake_jakarta,Op.SX,3,-1,0.9993231599932316,3
fake_jakarta,Op.SX,4,-1,0.9994961099697665,5
fake_jakarta,Op.SX,5,-1,0.9995261499857846,5
fake_jakarta,Op.SX,6,-1,0.99888478,3
fake_jakarta,Op.CNOT,1,0,0.9877141461913833,33
fake_jakarta,Op.CNOT,0,1,0.9875404387540436,33
fake_jakarta,Op.CNOT,2,1,0.9848748095462427,33
fake_jakarta,Op.CNOT,3,1,0.98443022,9
fake_jakarta,Op.CNOT,1,2,0.9850044802999092,33
fake_jakarta,Op.CNOT,1,3,0.983003180169968,9
fake_jakarta,Op.CNOT,5,3,0.9876438298764384,9
fake_jakarta,Op.CNOT,5,4,0.9811778652944659,33
fake_jakarta,Op.CNOT,3,5,0.9887399798873999,9
fake_jakarta,Op.CNOT,4,5,0.9813125464493827,33
fake_jakarta,Op.CNOT,6,5,0.98647273,9
fake_jakarta,Op.CNOT,5,6,0.98799864,9
fake_jakarta,Op.MEAS,0,-1,1.958,2
fake_jakarta,Op.MEAS,1,-1,1.959,2
fake_jakarta,Op.MEAS,2,-1,1.968,2
fake_jakarta,Op.MEAS,3,-1,1.9494,2
fake_jakarta,Op.MEAS,4,-1,1.902,2
fake_jakarta,Op.MEAS,5,-1,1.889,2
fake_jakarta,Op.MEAS,6,-1,1.9448,2
