hardware,embedding_index,horizon,pomdp_build_time,probability,method,method_time,algorithm_index
algiers,0,1,0.000673,0.000000,0,0.000000,0
algiers,0,2,0.000673,0.000000,0,0.000000,0
algiers,0,3,0.000673,0.000000,0,0.000000,0
algiers,0,4,0.000673,0.000000,0,0.000000,0
algiers,0,5,0.000673,0.000000,0,0.000000,0
algiers,0,6,0.000673,0.000000,0,0.000000,0
algiers,0,7,0.000673,0.000000,0,0.000000,0
algiers,0,8,0.000673,0.000000,0,0.000000,0
algiers,1,1,0.000594,0.000000,0,0.000000,0
algiers,1,2,0.000594,0.000000,0,0.000000,0
algiers,1,3,0.000594,0.000000,0,0.000000,0
algiers,1,4,0.000594,0.000000,0,0.000000,0
algiers,1,5,0.000594,0.000000,0,0.000000,0
algiers,1,6,0.000594,0.000000,0,0.000000,0
algiers,1,7,0.000594,0.000000,0,0.000000,0
algiers,1,8,0.000594,0.000000,0,0.000000,0
algiers,2,1,0.000588,0.000000,0,0.000000,0
algiers,2,2,0.000588,0.000000,0,0.000000,0
algiers,2,3,0.000588,0.000000,0,0.000000,0
algiers,2,4,0.000588,0.000000,0,0.000000,0
algiers,2,5,0.000588,0.000000,0,0.000000,0
algiers,2,6,0.000588,0.000000,0,0.000000,0
algiers,2,7,0.000588,0.000000,0,0.000000,0
algiers,2,8,0.000588,0.000000,0,0.000000,0
algiers,3,1,0.000593,0.000000,0,0.000000,0
algiers,3,2,0.000593,0.000000,0,0.000000,0
algiers,3,3,0.000593,0.000000,0,0.000000,0
algiers,3,4,0.000593,0.000000,0,0.000000,0
algiers,3,5,0.000593,0.000000,0,0.000000,0
algiers,3,6,0.000593,0.000000,0,0.000000,0
algiers,3,7,0.000593,0.000000,0,0.000000,0
algiers,3,8,0.000593,0.000000,0,0.000000,0
algiers,4,1,0.000597,0.000000,0,0.000000,0
algiers,4,2,0.000597,0.000000,0,0.000000,0
algiers,4,3,0.000597,0.000000,0,0.000000,0
algiers,4,4,0.000597,0.000000,0,0.000000,0
algiers,4,5,0.000597,0.000000,0,0.000000,0
algiers,4,6,0.000597,0.000000,0,0.000000,0
algiers,4,7,0.000597,0.000000,0,0.000000,0
algiers,4,8,0.000597,0.000000,0,0.000000,0
algiers,5,1,0.000583,0.000000,0,0.000000,0
algiers,5,2,0.000583,0.000000,0,0.000000,0
algiers,5,3,0.000583,0.000000,0,0.000000,0
algiers,5,4,0.000583,0.000000,0,0.000000,0
algiers,5,5,0.000583,0.000000,0,0.000000,0
algiers,5,6,0.000583,0.000000,0,0.000000,0
algiers,5,7,0.000583,0.000000,0,0.000000,0
algiers,5,8,0.000583,0.000000,0,0.000000,0
algiers,6,1,0.000599,0.000000,0,0.000000,0
algiers,6,2,0.000599,0.000000,0,0.000000,0
algiers,6,3,0.000599,0.000000,0,0.000000,0
algiers,6,4,0.000599,0.000000,0,0.000000,0
algiers,6,5,0.000599,0.000000,0,0.000000,0
algiers,6,6,0.000599,0.000000,0,0.000000,0
algiers,6,7,0.000599,0.000000,0,0.000000,0
algiers,6,8,0.000599,0.000000,0,0.000000,0
algiers,7,1,0.000627,0.000000,0,0.000000,0
algiers,7,2,0.000627,0.000000,0,0.000000,0
algiers,7,3,0.000627,0.000000,0,0.000000,0
algiers,7,4,0.000627,0.000000,0,0.000000,0
algiers,7,5,0.000627,0.000000,0,0.000000,0
algiers,7,6,0.000627,0.000000,0,0.000000,0
algiers,7,7,0.000627,0.000000,0,0.000000,0
algiers,7,8,0.000627,0.000000,0,0.000000,0
algiers,8,1,0.000610,0.000000,0,0.000000,0
algiers,8,2,0.000610,0.000000,0,0.000000,0
algiers,8,3,0.000610,0.000000,0,0.000000,0
algiers,8,4,0.000610,0.000000,0,0.000000,0
algiers,8,5,0.000610,0.000000,0,0.000000,0
algiers,8,6,0.000610,0.000000,0,0.000000,0
algiers,8,7,0.000610,0.000000,0,0.000000,0
algiers,8,8,0.000610,0.000000,0,0.000000,0
algiers,9,1,0.000609,0.000000,0,0.000000,0
algiers,9,2,0.000609,0.000000,0,0.000000,0
algiers,9,3,0.000609,0.000000,0,0.000000,0
algiers,9,4,0.000609,0.000000,0,0.000000,0
algiers,9,5,0.000609,0.000000,0,0.000000,0
algiers,9,6,0.000609,0.000000,0,0.000000,0
algiers,9,7,0.000609,0.000000,0,0.000000,0
algiers,9,8,0.000609,0.000000,0,0.000000,0
algiers,10,1,0.000603,0.000000,0,0.000000,0
algiers,10,2,0.000603,0.000000,0,0.000000,0
algiers,10,3,0.000603,0.000000,0,0.000000,0
algiers,10,4,0.000603,0.000000,0,0.000000,0
algiers,10,5,0.000603,0.000000,0,0.000000,0
algiers,10,6,0.000603,0.000000,0,0.000000,0
algiers,10,7,0.000603,0.000000,0,0.000000,0
algiers,10,8,0.000603,0.000000,0,0.000000,0
algiers,11,1,0.000578,0.000000,0,0.000000,0
algiers,11,2,0.000578,0.000000,0,0.000000,0
algiers,11,3,0.000578,0.000000,0,0.000000,0
algiers,11,4,0.000578,0.000000,0,0.000000,0
algiers,11,5,0.000578,0.000000,0,0.000000,0
algiers,11,6,0.000578,0.000000,0,0.000000,0
algiers,11,7,0.000578,0.000000,0,0.000000,0
algiers,11,8,0.000578,0.000000,0,0.000000,0
algiers,12,1,0.000707,0.000000,0,0.000000,0
algiers,12,2,0.000707,0.000000,0,0.000000,0
algiers,12,3,0.000707,0.000000,0,0.000000,0
algiers,12,4,0.000707,0.000000,0,0.000000,0
algiers,12,5,0.000707,0.000000,0,0.000000,0
algiers,12,6,0.000707,0.000000,0,0.000000,0
algiers,12,7,0.000707,0.000000,0,0.000000,0
algiers,12,8,0.000707,0.000000,0,0.000000,0
algiers,13,1,0.000615,0.000000,0,0.000000,0
algiers,13,2,0.000615,0.000000,0,0.000000,0
algiers,13,3,0.000615,0.000000,0,0.000000,0
algiers,13,4,0.000615,0.000000,0,0.000000,0
algiers,13,5,0.000615,0.000000,0,0.000000,0
algiers,13,6,0.000615,0.000000,0,0.000000,0
algiers,13,7,0.000615,0.000000,0,0.000000,0
algiers,13,8,0.000615,0.000000,0,0.000000,0
algiers,14,1,0.000606,0.000000,0,0.000000,0
algiers,14,2,0.000606,0.000000,0,0.000000,0
algiers,14,3,0.000606,0.000000,0,0.000000,0
algiers,14,4,0.000606,0.000000,0,0.000000,0
algiers,14,5,0.000606,0.000000,0,0.000000,0
algiers,14,6,0.000606,0.000000,0,0.000000,0
algiers,14,7,0.000606,0.000000,0,0.000000,0
algiers,14,8,0.000606,0.000000,0,0.000000,0
algiers,15,1,0.000614,0.000000,0,0.000000,0
algiers,15,2,0.000614,0.000000,0,0.000000,0
algiers,15,3,0.000614,0.000000,0,0.000000,0
algiers,15,4,0.000614,0.000000,0,0.000000,0
algiers,15,5,0.000614,0.000000,0,0.000000,0
algiers,15,6,0.000614,0.000000,0,0.000000,0
algiers,15,7,0.000614,0.000000,0,0.000000,0
algiers,15,8,0.000614,0.000000,0,0.000000,0
algiers,16,1,0.000630,0.000000,0,0.000000,0
algiers,16,2,0.000630,0.000000,0,0.000000,0
algiers,16,3,0.000630,0.000000,0,0.000000,0
algiers,16,4,0.000630,0.000000,0,0.000000,0
algiers,16,5,0.000630,0.000000,0,0.000000,0
algiers,16,6,0.000630,0.000000,0,0.000000,0
algiers,16,7,0.000630,0.000000,0,0.000000,0
algiers,16,8,0.000630,0.000000,0,0.000000,0
algiers,17,1,0.000629,0.000000,0,0.000000,0
algiers,17,2,0.000629,0.000000,0,0.000000,0
algiers,17,3,0.000629,0.000000,0,0.000000,0
algiers,17,4,0.000629,0.000000,0,0.000000,0
algiers,17,5,0.000629,0.000000,0,0.000000,0
algiers,17,6,0.000629,0.000000,0,0.000000,0
algiers,17,7,0.000629,0.000000,0,0.000000,0
algiers,17,8,0.000629,0.000000,0,0.000000,0
algiers,18,1,0.000610,0.000000,0,0.000000,0
algiers,18,2,0.000610,0.000000,0,0.000000,0
algiers,18,3,0.000610,0.000000,0,0.000000,0
algiers,18,4,0.000610,0.000000,0,0.000000,0
algiers,18,5,0.000610,0.000000,0,0.000000,0
algiers,18,6,0.000610,0.000000,0,0.000000,0
algiers,18,7,0.000610,0.000000,0,0.000000,0
algiers,18,8,0.000610,0.000000,0,0.000000,0
algiers,19,1,0.000603,0.000000,0,0.000000,0
algiers,19,2,0.000603,0.000000,0,0.000000,0
algiers,19,3,0.000603,0.000000,0,0.000000,0
algiers,19,4,0.000603,0.000000,0,0.000000,0
algiers,19,5,0.000603,0.000000,0,0.000000,0
algiers,19,6,0.000603,0.000000,0,0.000000,0
algiers,19,7,0.000603,0.000000,0,0.000000,0
algiers,19,8,0.000603,0.000000,0,0.000000,0
algiers,20,1,0.000585,0.000000,0,0.000000,0
algiers,20,2,0.000585,0.000000,0,0.000000,0
algiers,20,3,0.000585,0.000000,0,0.000000,0
algiers,20,4,0.000585,0.000000,0,0.000000,0
algiers,20,5,0.000585,0.000000,0,0.000000,0
algiers,20,6,0.000585,0.000000,0,0.000000,0
algiers,20,7,0.000585,0.000000,0,0.000000,0
algiers,20,8,0.000585,0.000000,0,0.000000,0
algiers,21,1,0.000602,0.000000,0,0.000000,0
algiers,21,2,0.000602,0.000000,0,0.000000,0
algiers,21,3,0.000602,0.000000,0,0.000000,0
algiers,21,4,0.000602,0.000000,0,0.000000,0
algiers,21,5,0.000602,0.000000,0,0.000000,0
algiers,21,6,0.000602,0.000000,0,0.000000,0
algiers,21,7,0.000602,0.000000,0,0.000000,0
algiers,21,8,0.000602,0.000000,0,0.000000,0
algiers,22,1,0.000596,0.000000,0,0.000000,0
algiers,22,2,0.000596,0.000000,0,0.000000,0
algiers,22,3,0.000596,0.000000,0,0.000000,0
algiers,22,4,0.000596,0.000000,0,0.000000,0
algiers,22,5,0.000596,0.000000,0,0.000000,0
algiers,22,6,0.000596,0.000000,0,0.000000,0
algiers,22,7,0.000596,0.000000,0,0.000000,0
algiers,22,8,0.000596,0.000000,0,0.000000,0
algiers,23,1,0.000601,0.000000,0,0.000000,0
algiers,23,2,0.000601,0.000000,0,0.000000,0
algiers,23,3,0.000601,0.000000,0,0.000000,0
algiers,23,4,0.000601,0.000000,0,0.000000,0
algiers,23,5,0.000601,0.000000,0,0.000000,0
algiers,23,6,0.000601,0.000000,0,0.000000,0
algiers,23,7,0.000601,0.000000,0,0.000000,0
algiers,23,8,0.000601,0.000000,0,0.000000,0
algiers,24,1,0.000594,0.000000,0,0.000000,0
algiers,24,2,0.000594,0.000000,0,0.000000,0
algiers,24,3,0.000594,0.000000,0,0.000000,0
algiers,24,4,0.000594,0.000000,0,0.000000,0
algiers,24,5,0.000594,0.000000,0,0.000000,0
algiers,24,6,0.000594,0.000000,0,0.000000,0
algiers,24,7,0.000594,0.000000,0,0.000000,0
algiers,24,8,0.000594,0.000000,0,0.000000,0
algiers,25,1,0.000594,0.000000,0,0.000000,0
algiers,25,2,0.000594,0.000000,0,0.000000,0
algiers,25,3,0.000594,0.000000,0,0.000000,0
algiers,25,4,0.000594,0.000000,0,0.000000,0
algiers,25,5,0.000594,0.000000,0,0.000000,0
algiers,25,6,0.000594,0.000000,0,0.000000,0
algiers,25,7,0.000594,0.000000,0,0.000000,0
algiers,25,8,0.000594,0.000000,0,0.000000,0
algiers,26,1,0.000608,0.000000,0,0.000000,0
algiers,26,2,0.000608,0.000000,0,0.000000,0
algiers,26,3,0.000608,0.000000,0,0.000000,0
algiers,26,4,0.000608,0.000000,0,0.000000,0
algiers,26,5,0.000608,0.000000,0,0.000000,0
algiers,26,6,0.000608,0.000000,0,0.000000,0
algiers,26,7,0.000608,0.000000,0,0.000000,0
algiers,26,8,0.000608,0.000000,0,0.000000,0
almaden,0,1,0.000614,0.000000,0,0.000000,0
almaden,0,2,0.000614,0.000000,0,0.000000,0
almaden,0,3,0.000614,0.000000,0,0.000000,0
almaden,0,4,0.000614,0.000000,0,0.000000,0
almaden,0,5,0.000614,0.000000,0,0.000000,0
almaden,0,6,0.000614,0.000000,0,0.000000,0
almaden,0,7,0.000614,0.000000,0,0.000000,0
almaden,0,8,0.000614,0.000000,0,0.000000,0
almaden,1,1,0.000609,0.000000,0,0.000000,0
almaden,1,2,0.000609,0.000000,0,0.000000,0
almaden,1,3,0.000609,0.000000,0,0.000000,0
almaden,1,4,0.000609,0.000000,0,0.000000,0
almaden,1,5,0.000609,0.000000,0,0.000000,0
almaden,1,6,0.000609,0.000000,0,0.000000,0
almaden,1,7,0.000609,0.000000,0,0.000000,0
almaden,1,8,0.000609,0.000000,0,0.000000,0
almaden,2,1,0.000617,0.000000,0,0.000000,0
almaden,2,2,0.000617,0.000000,0,0.000000,0
almaden,2,3,0.000617,0.000000,0,0.000000,0
almaden,2,4,0.000617,0.000000,0,0.000000,0
almaden,2,5,0.000617,0.000000,0,0.000000,0
almaden,2,6,0.000617,0.000000,0,0.000000,0
almaden,2,7,0.000617,0.000000,0,0.000000,0
almaden,2,8,0.000617,0.000000,0,0.000000,0
almaden,3,1,0.000603,0.000000,0,0.000000,0
almaden,3,2,0.000603,0.000000,0,0.000000,0
almaden,3,3,0.000603,0.000000,0,0.000000,0
almaden,3,4,0.000603,0.000000,0,0.000000,0
almaden,3,5,0.000603,0.000000,0,0.000000,0
almaden,3,6,0.000603,0.000000,0,0.000000,0
almaden,3,7,0.000603,0.000000,0,0.000000,0
almaden,3,8,0.000603,0.000000,0,0.000000,0
almaden,4,1,0.000616,0.000000,0,0.000000,0
almaden,4,2,0.000616,0.000000,0,0.000000,0
almaden,4,3,0.000616,0.000000,0,0.000000,0
almaden,4,4,0.000616,0.000000,0,0.000000,0
almaden,4,5,0.000616,0.000000,0,0.000000,0
almaden,4,6,0.000616,0.000000,0,0.000000,0
almaden,4,7,0.000616,0.000000,0,0.000000,0
almaden,4,8,0.000616,0.000000,0,0.000000,0
almaden,5,1,0.000611,0.000000,0,0.000000,0
almaden,5,2,0.000611,0.000000,0,0.000000,0
almaden,5,3,0.000611,0.000000,0,0.000000,0
almaden,5,4,0.000611,0.000000,0,0.000000,0
almaden,5,5,0.000611,0.000000,0,0.000000,0
almaden,5,6,0.000611,0.000000,0,0.000000,0
almaden,5,7,0.000611,0.000000,0,0.000000,0
almaden,5,8,0.000611,0.000000,0,0.000000,0
almaden,6,1,0.000659,0.000000,0,0.000000,0
almaden,6,2,0.000659,0.000000,0,0.000000,0
almaden,6,3,0.000659,0.000000,0,0.000000,0
almaden,6,4,0.000659,0.000000,0,0.000000,0
almaden,6,5,0.000659,0.000000,0,0.000000,0
almaden,6,6,0.000659,0.000000,0,0.000000,0
almaden,6,7,0.000659,0.000000,0,0.000000,0
almaden,6,8,0.000659,0.000000,0,0.000000,0
almaden,7,1,0.000634,0.000000,0,0.000000,0
almaden,7,2,0.000634,0.000000,0,0.000000,0
almaden,7,3,0.000634,0.000000,0,0.000000,0
almaden,7,4,0.000634,0.000000,0,0.000000,0
almaden,7,5,0.000634,0.000000,0,0.000000,0
almaden,7,6,0.000634,0.000000,0,0.000000,0
almaden,7,7,0.000634,0.000000,0,0.000000,0
almaden,7,8,0.000634,0.000000,0,0.000000,0
almaden,8,1,0.000611,0.000000,0,0.000000,0
almaden,8,2,0.000611,0.000000,0,0.000000,0
almaden,8,3,0.000611,0.000000,0,0.000000,0
almaden,8,4,0.000611,0.000000,0,0.000000,0
almaden,8,5,0.000611,0.000000,0,0.000000,0
almaden,8,6,0.000611,0.000000,0,0.000000,0
almaden,8,7,0.000611,0.000000,0,0.000000,0
almaden,8,8,0.000611,0.000000,0,0.000000,0
almaden,9,1,0.000620,0.000000,0,0.000000,0
almaden,9,2,0.000620,0.000000,0,0.000000,0
almaden,9,3,0.000620,0.000000,0,0.000000,0
almaden,9,4,0.000620,0.000000,0,0.000000,0
almaden,9,5,0.000620,0.000000,0,0.000000,0
almaden,9,6,0.000620,0.000000,0,0.000000,0
almaden,9,7,0.000620,0.000000,0,0.000000,0
almaden,9,8,0.000620,0.000000,0,0.000000,0
almaden,10,1,0.000615,0.000000,0,0.000000,0
almaden,10,2,0.000615,0.000000,0,0.000000,0
almaden,10,3,0.000615,0.000000,0,0.000000,0
almaden,10,4,0.000615,0.000000,0,0.000000,0
almaden,10,5,0.000615,0.000000,0,0.000000,0
almaden,10,6,0.000615,0.000000,0,0.000000,0
almaden,10,7,0.000615,0.000000,0,0.000000,0
almaden,10,8,0.000615,0.000000,0,0.000000,0
almaden,11,1,0.000650,0.000000,0,0.000000,0
almaden,11,2,0.000650,0.000000,0,0.000000,0
almaden,11,3,0.000650,0.000000,0,0.000000,0
almaden,11,4,0.000650,0.000000,0,0.000000,0
almaden,11,5,0.000650,0.000000,0,0.000000,0
almaden,11,6,0.000650,0.000000,0,0.000000,0
almaden,11,7,0.000650,0.000000,0,0.000000,0
almaden,11,8,0.000650,0.000000,0,0.000000,0
almaden,12,1,0.000643,0.000000,0,0.000000,0
almaden,12,2,0.000643,0.000000,0,0.000000,0
almaden,12,3,0.000643,0.000000,0,0.000000,0
almaden,12,4,0.000643,0.000000,0,0.000000,0
almaden,12,5,0.000643,0.000000,0,0.000000,0
almaden,12,6,0.000643,0.000000,0,0.000000,0
almaden,12,7,0.000643,0.000000,0,0.000000,0
almaden,12,8,0.000643,0.000000,0,0.000000,0
almaden,13,1,0.000613,0.000000,0,0.000000,0
almaden,13,2,0.000613,0.000000,0,0.000000,0
almaden,13,3,0.000613,0.000000,0,0.000000,0
almaden,13,4,0.000613,0.000000,0,0.000000,0
almaden,13,5,0.000613,0.000000,0,0.000000,0
almaden,13,6,0.000613,0.000000,0,0.000000,0
almaden,13,7,0.000613,0.000000,0,0.000000,0
almaden,13,8,0.000613,0.000000,0,0.000000,0
almaden,14,1,0.000659,0.000000,0,0.000000,0
almaden,14,2,0.000659,0.000000,0,0.000000,0
almaden,14,3,0.000659,0.000000,0,0.000000,0
almaden,14,4,0.000659,0.000000,0,0.000000,0
almaden,14,5,0.000659,0.000000,0,0.000000,0
almaden,14,6,0.000659,0.000000,0,0.000000,0
almaden,14,7,0.000659,0.000000,0,0.000000,0
almaden,14,8,0.000659,0.000000,0,0.000000,0
almaden,15,1,0.000639,0.000000,0,0.000000,0
almaden,15,2,0.000639,0.000000,0,0.000000,0
almaden,15,3,0.000639,0.000000,0,0.000000,0
almaden,15,4,0.000639,0.000000,0,0.000000,0
almaden,15,5,0.000639,0.000000,0,0.000000,0
almaden,15,6,0.000639,0.000000,0,0.000000,0
almaden,15,7,0.000639,0.000000,0,0.000000,0
almaden,15,8,0.000639,0.000000,0,0.000000,0
almaden,16,1,0.000631,0.000000,0,0.000000,0
almaden,16,2,0.000631,0.000000,0,0.000000,0
almaden,16,3,0.000631,0.000000,0,0.000000,0
almaden,16,4,0.000631,0.000000,0,0.000000,0
almaden,16,5,0.000631,0.000000,0,0.000000,0
almaden,16,6,0.000631,0.000000,0,0.000000,0
almaden,16,7,0.000631,0.000000,0,0.000000,0
almaden,16,8,0.000631,0.000000,0,0.000000,0
almaden,17,1,0.000600,0.000000,0,0.000000,0
almaden,17,2,0.000600,0.000000,0,0.000000,0
almaden,17,3,0.000600,0.000000,0,0.000000,0
almaden,17,4,0.000600,0.000000,0,0.000000,0
almaden,17,5,0.000600,0.000000,0,0.000000,0
almaden,17,6,0.000600,0.000000,0,0.000000,0
almaden,17,7,0.000600,0.000000,0,0.000000,0
almaden,17,8,0.000600,0.000000,0,0.000000,0
almaden,18,1,0.000619,0.000000,0,0.000000,0
almaden,18,2,0.000619,0.000000,0,0.000000,0
almaden,18,3,0.000619,0.000000,0,0.000000,0
almaden,18,4,0.000619,0.000000,0,0.000000,0
almaden,18,5,0.000619,0.000000,0,0.000000,0
almaden,18,6,0.000619,0.000000,0,0.000000,0
almaden,18,7,0.000619,0.000000,0,0.000000,0
almaden,18,8,0.000619,0.000000,0,0.000000,0
almaden,19,1,0.000628,0.000000,0,0.000000,0
almaden,19,2,0.000628,0.000000,0,0.000000,0
almaden,19,3,0.000628,0.000000,0,0.000000,0
almaden,19,4,0.000628,0.000000,0,0.000000,0
almaden,19,5,0.000628,0.000000,0,0.000000,0
almaden,19,6,0.000628,0.000000,0,0.000000,0
almaden,19,7,0.000628,0.000000,0,0.000000,0
almaden,19,8,0.000628,0.000000,0,0.000000,0
athens,0,1,0.000590,0.000000,0,0.000000,0
athens,0,2,0.000590,0.000000,0,0.000000,0
athens,0,3,0.000590,0.000000,0,0.000000,0
athens,0,4,0.000590,0.000000,0,0.000000,0
athens,0,5,0.000590,0.000000,0,0.000000,0
athens,0,6,0.000590,0.000000,0,0.000000,0
athens,0,7,0.000590,0.000000,0,0.000000,0
athens,0,8,0.000590,0.000000,0,0.000000,0
athens,1,1,0.000588,0.000000,0,0.000000,0
athens,1,2,0.000588,0.000000,0,0.000000,0
athens,1,3,0.000588,0.000000,0,0.000000,0
athens,1,4,0.000588,0.000000,0,0.000000,0
athens,1,5,0.000588,0.000000,0,0.000000,0
athens,1,6,0.000588,0.000000,0,0.000000,0
athens,1,7,0.000588,0.000000,0,0.000000,0
athens,1,8,0.000588,0.000000,0,0.000000,0
athens,2,1,0.000577,0.000000,0,0.000000,0
athens,2,2,0.000577,0.000000,0,0.000000,0
athens,2,3,0.000577,0.000000,0,0.000000,0
athens,2,4,0.000577,0.000000,0,0.000000,0
athens,2,5,0.000577,0.000000,0,0.000000,0
athens,2,6,0.000577,0.000000,0,0.000000,0
athens,2,7,0.000577,0.000000,0,0.000000,0
athens,2,8,0.000577,0.000000,0,0.000000,0
athens,3,1,0.000608,0.000000,0,0.000000,0
athens,3,2,0.000608,0.000000,0,0.000000,0
athens,3,3,0.000608,0.000000,0,0.000000,0
athens,3,4,0.000608,0.000000,0,0.000000,0
athens,3,5,0.000608,0.000000,0,0.000000,0
athens,3,6,0.000608,0.000000,0,0.000000,0
athens,3,7,0.000608,0.000000,0,0.000000,0
athens,3,8,0.000608,0.000000,0,0.000000,0
athens,4,1,0.000563,0.000000,0,0.000000,0
athens,4,2,0.000563,0.000000,0,0.000000,0
athens,4,3,0.000563,0.000000,0,0.000000,0
athens,4,4,0.000563,0.000000,0,0.000000,0
athens,4,5,0.000563,0.000000,0,0.000000,0
athens,4,6,0.000563,0.000000,0,0.000000,0
athens,4,7,0.000563,0.000000,0,0.000000,0
athens,4,8,0.000563,0.000000,0,0.000000,0
auckland,0,1,0.000616,0.000000,0,0.000000,0
auckland,0,2,0.000616,0.000000,0,0.000000,0
auckland,0,3,0.000616,0.000000,0,0.000000,0
auckland,0,4,0.000616,0.000000,0,0.000000,0
auckland,0,5,0.000616,0.000000,0,0.000000,0
auckland,0,6,0.000616,0.000000,0,0.000000,0
auckland,0,7,0.000616,0.000000,0,0.000000,0
auckland,0,8,0.000616,0.000000,0,0.000000,0
auckland,1,1,0.000591,0.000000,0,0.000000,0
auckland,1,2,0.000591,0.000000,0,0.000000,0
auckland,1,3,0.000591,0.000000,0,0.000000,0
auckland,1,4,0.000591,0.000000,0,0.000000,0
auckland,1,5,0.000591,0.000000,0,0.000000,0
auckland,1,6,0.000591,0.000000,0,0.000000,0
auckland,1,7,0.000591,0.000000,0,0.000000,0
auckland,1,8,0.000591,0.000000,0,0.000000,0
auckland,2,1,0.000599,0.000000,0,0.000000,0
auckland,2,2,0.000599,0.000000,0,0.000000,0
auckland,2,3,0.000599,0.000000,0,0.000000,0
auckland,2,4,0.000599,0.000000,0,0.000000,0
auckland,2,5,0.000599,0.000000,0,0.000000,0
auckland,2,6,0.000599,0.000000,0,0.000000,0
auckland,2,7,0.000599,0.000000,0,0.000000,0
auckland,2,8,0.000599,0.000000,0,0.000000,0
auckland,3,1,0.000607,0.000000,0,0.000000,0
auckland,3,2,0.000607,0.000000,0,0.000000,0
auckland,3,3,0.000607,0.000000,0,0.000000,0
auckland,3,4,0.000607,0.000000,0,0.000000,0
auckland,3,5,0.000607,0.000000,0,0.000000,0
auckland,3,6,0.000607,0.000000,0,0.000000,0
auckland,3,7,0.000607,0.000000,0,0.000000,0
auckland,3,8,0.000607,0.000000,0,0.000000,0
auckland,4,1,0.000608,0.000000,0,0.000000,0
auckland,4,2,0.000608,0.000000,0,0.000000,0
auckland,4,3,0.000608,0.000000,0,0.000000,0
auckland,4,4,0.000608,0.000000,0,0.000000,0
auckland,4,5,0.000608,0.000000,0,0.000000,0
auckland,4,6,0.000608,0.000000,0,0.000000,0
auckland,4,7,0.000608,0.000000,0,0.000000,0
auckland,4,8,0.000608,0.000000,0,0.000000,0
auckland,5,1,0.000651,0.000000,0,0.000000,0
auckland,5,2,0.000651,0.000000,0,0.000000,0
auckland,5,3,0.000651,0.000000,0,0.000000,0
auckland,5,4,0.000651,0.000000,0,0.000000,0
auckland,5,5,0.000651,0.000000,0,0.000000,0
auckland,5,6,0.000651,0.000000,0,0.000000,0
auckland,5,7,0.000651,0.000000,0,0.000000,0
auckland,5,8,0.000651,0.000000,0,0.000000,0
auckland,6,1,0.000577,0.000000,0,0.000000,0
auckland,6,2,0.000577,0.000000,0,0.000000,0
auckland,6,3,0.000577,0.000000,0,0.000000,0
auckland,6,4,0.000577,0.000000,0,0.000000,0
auckland,6,5,0.000577,0.000000,0,0.000000,0
auckland,6,6,0.000577,0.000000,0,0.000000,0
auckland,6,7,0.000577,0.000000,0,0.000000,0
auckland,6,8,0.000577,0.000000,0,0.000000,0
auckland,7,1,0.000614,0.000000,0,0.000000,0
auckland,7,2,0.000614,0.000000,0,0.000000,0
auckland,7,3,0.000614,0.000000,0,0.000000,0
auckland,7,4,0.000614,0.000000,0,0.000000,0
auckland,7,5,0.000614,0.000000,0,0.000000,0
auckland,7,6,0.000614,0.000000,0,0.000000,0
auckland,7,7,0.000614,0.000000,0,0.000000,0
auckland,7,8,0.000614,0.000000,0,0.000000,0
auckland,8,1,0.000600,0.000000,0,0.000000,0
auckland,8,2,0.000600,0.000000,0,0.000000,0
auckland,8,3,0.000600,0.000000,0,0.000000,0
auckland,8,4,0.000600,0.000000,0,0.000000,0
auckland,8,5,0.000600,0.000000,0,0.000000,0
auckland,8,6,0.000600,0.000000,0,0.000000,0
auckland,8,7,0.000600,0.000000,0,0.000000,0
auckland,8,8,0.000600,0.000000,0,0.000000,0
auckland,9,1,0.000594,0.000000,0,0.000000,0
auckland,9,2,0.000594,0.000000,0,0.000000,0
auckland,9,3,0.000594,0.000000,0,0.000000,0
auckland,9,4,0.000594,0.000000,0,0.000000,0
auckland,9,5,0.000594,0.000000,0,0.000000,0
auckland,9,6,0.000594,0.000000,0,0.000000,0
auckland,9,7,0.000594,0.000000,0,0.000000,0
auckland,9,8,0.000594,0.000000,0,0.000000,0
auckland,10,1,0.000595,0.000000,0,0.000000,0
auckland,10,2,0.000595,0.000000,0,0.000000,0
auckland,10,3,0.000595,0.000000,0,0.000000,0
auckland,10,4,0.000595,0.000000,0,0.000000,0
auckland,10,5,0.000595,0.000000,0,0.000000,0
auckland,10,6,0.000595,0.000000,0,0.000000,0
auckland,10,7,0.000595,0.000000,0,0.000000,0
auckland,10,8,0.000595,0.000000,0,0.000000,0
auckland,11,1,0.000583,0.000000,0,0.000000,0
auckland,11,2,0.000583,0.000000,0,0.000000,0
auckland,11,3,0.000583,0.000000,0,0.000000,0
auckland,11,4,0.000583,0.000000,0,0.000000,0
auckland,11,5,0.000583,0.000000,0,0.000000,0
auckland,11,6,0.000583,0.000000,0,0.000000,0
auckland,11,7,0.000583,0.000000,0,0.000000,0
auckland,11,8,0.000583,0.000000,0,0.000000,0
auckland,12,1,0.000621,0.000000,0,0.000000,0
auckland,12,2,0.000621,0.000000,0,0.000000,0
auckland,12,3,0.000621,0.000000,0,0.000000,0
auckland,12,4,0.000621,0.000000,0,0.000000,0
auckland,12,5,0.000621,0.000000,0,0.000000,0
auckland,12,6,0.000621,0.000000,0,0.000000,0
auckland,12,7,0.000621,0.000000,0,0.000000,0
auckland,12,8,0.000621,0.000000,0,0.000000,0
auckland,13,1,0.000600,0.000000,0,0.000000,0
auckland,13,2,0.000600,0.000000,0,0.000000,0
auckland,13,3,0.000600,0.000000,0,0.000000,0
auckland,13,4,0.000600,0.000000,0,0.000000,0
auckland,13,5,0.000600,0.000000,0,0.000000,0
auckland,13,6,0.000600,0.000000,0,0.000000,0
auckland,13,7,0.000600,0.000000,0,0.000000,0
auckland,13,8,0.000600,0.000000,0,0.000000,0
auckland,14,1,0.000614,0.000000,0,0.000000,0
auckland,14,2,0.000614,0.000000,0,0.000000,0
auckland,14,3,0.000614,0.000000,0,0.000000,0
auckland,14,4,0.000614,0.000000,0,0.000000,0
auckland,14,5,0.000614,0.000000,0,0.000000,0
auckland,14,6,0.000614,0.000000,0,0.000000,0
auckland,14,7,0.000614,0.000000,0,0.000000,0
auckland,14,8,0.000614,0.000000,0,0.000000,0
auckland,15,1,0.000596,0.000000,0,0.000000,0
auckland,15,2,0.000596,0.000000,0,0.000000,0
auckland,15,3,0.000596,0.000000,0,0.000000,0
auckland,15,4,0.000596,0.000000,0,0.000000,0
auckland,15,5,0.000596,0.000000,0,0.000000,0
auckland,15,6,0.000596,0.000000,0,0.000000,0
auckland,15,7,0.000596,0.000000,0,0.000000,0
auckland,15,8,0.000596,0.000000,0,0.000000,0
auckland,16,1,0.000609,0.000000,0,0.000000,0
auckland,16,2,0.000609,0.000000,0,0.000000,0
auckland,16,3,0.000609,0.000000,0,0.000000,0
auckland,16,4,0.000609,0.000000,0,0.000000,0
auckland,16,5,0.000609,0.000000,0,0.000000,0
auckland,16,6,0.000609,0.000000,0,0.000000,0
auckland,16,7,0.000609,0.000000,0,0.000000,0
auckland,16,8,0.000609,0.000000,0,0.000000,0
auckland,17,1,0.000602,0.000000,0,0.000000,0
auckland,17,2,0.000602,0.000000,0,0.000000,0
auckland,17,3,0.000602,0.000000,0,0.000000,0
auckland,17,4,0.000602,0.000000,0,0.000000,0
auckland,17,5,0.000602,0.000000,0,0.000000,0
auckland,17,6,0.000602,0.000000,0,0.000000,0
auckland,17,7,0.000602,0.000000,0,0.000000,0
auckland,17,8,0.000602,0.000000,0,0.000000,0
auckland,18,1,0.000581,0.000000,0,0.000000,0
auckland,18,2,0.000581,0.000000,0,0.000000,0
auckland,18,3,0.000581,0.000000,0,0.000000,0
auckland,18,4,0.000581,0.000000,0,0.000000,0
auckland,18,5,0.000581,0.000000,0,0.000000,0
auckland,18,6,0.000581,0.000000,0,0.000000,0
auckland,18,7,0.000581,0.000000,0,0.000000,0
auckland,18,8,0.000581,0.000000,0,0.000000,0
auckland,19,1,0.000611,0.000000,0,0.000000,0
auckland,19,2,0.000611,0.000000,0,0.000000,0
auckland,19,3,0.000611,0.000000,0,0.000000,0
auckland,19,4,0.000611,0.000000,0,0.000000,0
auckland,19,5,0.000611,0.000000,0,0.000000,0
auckland,19,6,0.000611,0.000000,0,0.000000,0
auckland,19,7,0.000611,0.000000,0,0.000000,0
auckland,19,8,0.000611,0.000000,0,0.000000,0
auckland,20,1,0.000597,0.000000,0,0.000000,0
auckland,20,2,0.000597,0.000000,0,0.000000,0
auckland,20,3,0.000597,0.000000,0,0.000000,0
auckland,20,4,0.000597,0.000000,0,0.000000,0
auckland,20,5,0.000597,0.000000,0,0.000000,0
auckland,20,6,0.000597,0.000000,0,0.000000,0
auckland,20,7,0.000597,0.000000,0,0.000000,0
auckland,20,8,0.000597,0.000000,0,0.000000,0
auckland,21,1,0.000611,0.000000,0,0.000000,0
auckland,21,2,0.000611,0.000000,0,0.000000,0
auckland,21,3,0.000611,0.000000,0,0.000000,0
auckland,21,4,0.000611,0.000000,0,0.000000,0
auckland,21,5,0.000611,0.000000,0,0.000000,0
auckland,21,6,0.000611,0.000000,0,0.000000,0
auckland,21,7,0.000611,0.000000,0,0.000000,0
auckland,21,8,0.000611,0.000000,0,0.000000,0
auckland,22,1,0.000601,0.000000,0,0.000000,0
auckland,22,2,0.000601,0.000000,0,0.000000,0
auckland,22,3,0.000601,0.000000,0,0.000000,0
auckland,22,4,0.000601,0.000000,0,0.000000,0
auckland,22,5,0.000601,0.000000,0,0.000000,0
auckland,22,6,0.000601,0.000000,0,0.000000,0
auckland,22,7,0.000601,0.000000,0,0.000000,0
auckland,22,8,0.000601,0.000000,0,0.000000,0
auckland,23,1,0.000601,0.000000,0,0.000000,0
auckland,23,2,0.000601,0.000000,0,0.000000,0
auckland,23,3,0.000601,0.000000,0,0.000000,0
auckland,23,4,0.000601,0.000000,0,0.000000,0
auckland,23,5,0.000601,0.000000,0,0.000000,0
auckland,23,6,0.000601,0.000000,0,0.000000,0
auckland,23,7,0.000601,0.000000,0,0.000000,0
auckland,23,8,0.000601,0.000000,0,0.000000,0
auckland,24,1,0.000615,0.000000,0,0.000000,0
auckland,24,2,0.000615,0.000000,0,0.000000,0
auckland,24,3,0.000615,0.000000,0,0.000000,0
auckland,24,4,0.000615,0.000000,0,0.000000,0
auckland,24,5,0.000615,0.000000,0,0.000000,0
auckland,24,6,0.000615,0.000000,0,0.000000,0
auckland,24,7,0.000615,0.000000,0,0.000000,0
auckland,24,8,0.000615,0.000000,0,0.000000,0
auckland,25,1,0.000604,0.000000,0,0.000000,0
auckland,25,2,0.000604,0.000000,0,0.000000,0
auckland,25,3,0.000604,0.000000,0,0.000000,0
auckland,25,4,0.000604,0.000000,0,0.000000,0
auckland,25,5,0.000604,0.000000,0,0.000000,0
auckland,25,6,0.000604,0.000000,0,0.000000,0
auckland,25,7,0.000604,0.000000,0,0.000000,0
auckland,25,8,0.000604,0.000000,0,0.000000,0
auckland,26,1,0.000621,0.000000,0,0.000000,0
auckland,26,2,0.000621,0.000000,0,0.000000,0
auckland,26,3,0.000621,0.000000,0,0.000000,0
auckland,26,4,0.000621,0.000000,0,0.000000,0
auckland,26,5,0.000621,0.000000,0,0.000000,0
auckland,26,6,0.000621,0.000000,0,0.000000,0
auckland,26,7,0.000621,0.000000,0,0.000000,0
auckland,26,8,0.000621,0.000000,0,0.000000,0
belem,0,1,0.000591,0.000000,0,0.000000,0
belem,0,2,0.000591,0.000000,0,0.000000,0
belem,0,3,0.000591,0.000000,0,0.000000,0
belem,0,4,0.000591,0.000000,0,0.000000,0
belem,0,5,0.000591,0.000000,0,0.000000,0
belem,0,6,0.000591,0.000000,0,0.000000,0
belem,0,7,0.000591,0.000000,0,0.000000,0
belem,0,8,0.000591,0.000000,0,0.000000,0
belem,1,1,0.000607,0.000000,0,0.000000,0
belem,1,2,0.000607,0.000000,0,0.000000,0
belem,1,3,0.000607,0.000000,0,0.000000,0
belem,1,4,0.000607,0.000000,0,0.000000,0
belem,1,5,0.000607,0.000000,0,0.000000,0
belem,1,6,0.000607,0.000000,0,0.000000,0
belem,1,7,0.000607,0.000000,0,0.000000,0
belem,1,8,0.000607,0.000000,0,0.000000,0
belem,2,1,0.000600,0.000000,0,0.000000,0
belem,2,2,0.000600,0.000000,0,0.000000,0
belem,2,3,0.000600,0.000000,0,0.000000,0
belem,2,4,0.000600,0.000000,0,0.000000,0
belem,2,5,0.000600,0.000000,0,0.000000,0
belem,2,6,0.000600,0.000000,0,0.000000,0
belem,2,7,0.000600,0.000000,0,0.000000,0
belem,2,8,0.000600,0.000000,0,0.000000,0
belem,3,1,0.000595,0.000000,0,0.000000,0
belem,3,2,0.000595,0.000000,0,0.000000,0
belem,3,3,0.000595,0.000000,0,0.000000,0
belem,3,4,0.000595,0.000000,0,0.000000,0
belem,3,5,0.000595,0.000000,0,0.000000,0
belem,3,6,0.000595,0.000000,0,0.000000,0
belem,3,7,0.000595,0.000000,0,0.000000,0
belem,3,8,0.000595,0.000000,0,0.000000,0
belem,4,1,0.000585,0.000000,0,0.000000,0
belem,4,2,0.000585,0.000000,0,0.000000,0
belem,4,3,0.000585,0.000000,0,0.000000,0
belem,4,4,0.000585,0.000000,0,0.000000,0
belem,4,5,0.000585,0.000000,0,0.000000,0
belem,4,6,0.000585,0.000000,0,0.000000,0
belem,4,7,0.000585,0.000000,0,0.000000,0
belem,4,8,0.000585,0.000000,0,0.000000,0
boeblingen,0,1,0.000669,0.000000,0,0.000000,0
boeblingen,0,2,0.000669,0.000000,0,0.000000,0
boeblingen,0,3,0.000669,0.000000,0,0.000000,0
boeblingen,0,4,0.000669,0.000000,0,0.000000,0
boeblingen,0,5,0.000669,0.000000,0,0.000000,0
boeblingen,0,6,0.000669,0.000000,0,0.000000,0
boeblingen,0,7,0.000669,0.000000,0,0.000000,0
boeblingen,0,8,0.000669,0.000000,0,0.000000,0
boeblingen,1,1,0.000604,0.000000,0,0.000000,0
boeblingen,1,2,0.000604,0.000000,0,0.000000,0
boeblingen,1,3,0.000604,0.000000,0,0.000000,0
boeblingen,1,4,0.000604,0.000000,0,0.000000,0
boeblingen,1,5,0.000604,0.000000,0,0.000000,0
boeblingen,1,6,0.000604,0.000000,0,0.000000,0
boeblingen,1,7,0.000604,0.000000,0,0.000000,0
boeblingen,1,8,0.000604,0.000000,0,0.000000,0
boeblingen,2,1,0.000629,0.000000,0,0.000000,0
boeblingen,2,2,0.000629,0.000000,0,0.000000,0
boeblingen,2,3,0.000629,0.000000,0,0.000000,0
boeblingen,2,4,0.000629,0.000000,0,0.000000,0
boeblingen,2,5,0.000629,0.000000,0,0.000000,0
boeblingen,2,6,0.000629,0.000000,0,0.000000,0
boeblingen,2,7,0.000629,0.000000,0,0.000000,0
boeblingen,2,8,0.000629,0.000000,0,0.000000,0
boeblingen,3,1,0.000612,0.000000,0,0.000000,0
boeblingen,3,2,0.000612,0.000000,0,0.000000,0
boeblingen,3,3,0.000612,0.000000,0,0.000000,0
boeblingen,3,4,0.000612,0.000000,0,0.000000,0
boeblingen,3,5,0.000612,0.000000,0,0.000000,0
boeblingen,3,6,0.000612,0.000000,0,0.000000,0
boeblingen,3,7,0.000612,0.000000,0,0.000000,0
boeblingen,3,8,0.000612,0.000000,0,0.000000,0
boeblingen,4,1,0.000632,0.000000,0,0.000000,0
boeblingen,4,2,0.000632,0.000000,0,0.000000,0
boeblingen,4,3,0.000632,0.000000,0,0.000000,0
boeblingen,4,4,0.000632,0.000000,0,0.000000,0
boeblingen,4,5,0.000632,0.000000,0,0.000000,0
boeblingen,4,6,0.000632,0.000000,0,0.000000,0
boeblingen,4,7,0.000632,0.000000,0,0.000000,0
boeblingen,4,8,0.000632,0.000000,0,0.000000,0
boeblingen,5,1,0.000626,0.000000,0,0.000000,0
boeblingen,5,2,0.000626,0.000000,0,0.000000,0
boeblingen,5,3,0.000626,0.000000,0,0.000000,0
boeblingen,5,4,0.000626,0.000000,0,0.000000,0
boeblingen,5,5,0.000626,0.000000,0,0.000000,0
boeblingen,5,6,0.000626,0.000000,0,0.000000,0
boeblingen,5,7,0.000626,0.000000,0,0.000000,0
boeblingen,5,8,0.000626,0.000000,0,0.000000,0
boeblingen,6,1,0.000712,0.000000,0,0.000000,0
boeblingen,6,2,0.000712,0.000000,0,0.000000,0
boeblingen,6,3,0.000712,0.000000,0,0.000000,0
boeblingen,6,4,0.000712,0.000000,0,0.000000,0
boeblingen,6,5,0.000712,0.000000,0,0.000000,0
boeblingen,6,6,0.000712,0.000000,0,0.000000,0
boeblingen,6,7,0.000712,0.000000,0,0.000000,0
boeblingen,6,8,0.000712,0.000000,0,0.000000,0
boeblingen,7,1,0.000603,0.000000,0,0.000000,0
boeblingen,7,2,0.000603,0.000000,0,0.000000,0
boeblingen,7,3,0.000603,0.000000,0,0.000000,0
boeblingen,7,4,0.000603,0.000000,0,0.000000,0
boeblingen,7,5,0.000603,0.000000,0,0.000000,0
boeblingen,7,6,0.000603,0.000000,0,0.000000,0
boeblingen,7,7,0.000603,0.000000,0,0.000000,0
boeblingen,7,8,0.000603,0.000000,0,0.000000,0
boeblingen,8,1,0.000633,0.000000,0,0.000000,0
boeblingen,8,2,0.000633,0.000000,0,0.000000,0
boeblingen,8,3,0.000633,0.000000,0,0.000000,0
boeblingen,8,4,0.000633,0.000000,0,0.000000,0
boeblingen,8,5,0.000633,0.000000,0,0.000000,0
boeblingen,8,6,0.000633,0.000000,0,0.000000,0
boeblingen,8,7,0.000633,0.000000,0,0.000000,0
boeblingen,8,8,0.000633,0.000000,0,0.000000,0
boeblingen,9,1,0.000631,0.000000,0,0.000000,0
boeblingen,9,2,0.000631,0.000000,0,0.000000,0
boeblingen,9,3,0.000631,0.000000,0,0.000000,0
boeblingen,9,4,0.000631,0.000000,0,0.000000,0
boeblingen,9,5,0.000631,0.000000,0,0.000000,0
boeblingen,9,6,0.000631,0.000000,0,0.000000,0
boeblingen,9,7,0.000631,0.000000,0,0.000000,0
boeblingen,9,8,0.000631,0.000000,0,0.000000,0
boeblingen,10,1,0.000622,0.000000,0,0.000000,0
boeblingen,10,2,0.000622,0.000000,0,0.000000,0
boeblingen,10,3,0.000622,0.000000,0,0.000000,0
boeblingen,10,4,0.000622,0.000000,0,0.000000,0
boeblingen,10,5,0.000622,0.000000,0,0.000000,0
boeblingen,10,6,0.000622,0.000000,0,0.000000,0
boeblingen,10,7,0.000622,0.000000,0,0.000000,0
boeblingen,10,8,0.000622,0.000000,0,0.000000,0
boeblingen,11,1,0.000622,0.000000,0,0.000000,0
boeblingen,11,2,0.000622,0.000000,0,0.000000,0
boeblingen,11,3,0.000622,0.000000,0,0.000000,0
boeblingen,11,4,0.000622,0.000000,0,0.000000,0
boeblingen,11,5,0.000622,0.000000,0,0.000000,0
boeblingen,11,6,0.000622,0.000000,0,0.000000,0
boeblingen,11,7,0.000622,0.000000,0,0.000000,0
boeblingen,11,8,0.000622,0.000000,0,0.000000,0
boeblingen,12,1,0.000626,0.000000,0,0.000000,0
boeblingen,12,2,0.000626,0.000000,0,0.000000,0
boeblingen,12,3,0.000626,0.000000,0,0.000000,0
boeblingen,12,4,0.000626,0.000000,0,0.000000,0
boeblingen,12,5,0.000626,0.000000,0,0.000000,0
boeblingen,12,6,0.000626,0.000000,0,0.000000,0
boeblingen,12,7,0.000626,0.000000,0,0.000000,0
boeblingen,12,8,0.000626,0.000000,0,0.000000,0
boeblingen,13,1,0.000647,0.000000,0,0.000000,0
boeblingen,13,2,0.000647,0.000000,0,0.000000,0
boeblingen,13,3,0.000647,0.000000,0,0.000000,0
boeblingen,13,4,0.000647,0.000000,0,0.000000,0
boeblingen,13,5,0.000647,0.000000,0,0.000000,0
boeblingen,13,6,0.000647,0.000000,0,0.000000,0
boeblingen,13,7,0.000647,0.000000,0,0.000000,0
boeblingen,13,8,0.000647,0.000000,0,0.000000,0
boeblingen,14,1,0.000602,0.000000,0,0.000000,0
boeblingen,14,2,0.000602,0.000000,0,0.000000,0
boeblingen,14,3,0.000602,0.000000,0,0.000000,0
boeblingen,14,4,0.000602,0.000000,0,0.000000,0
boeblingen,14,5,0.000602,0.000000,0,0.000000,0
boeblingen,14,6,0.000602,0.000000,0,0.000000,0
boeblingen,14,7,0.000602,0.000000,0,0.000000,0
boeblingen,14,8,0.000602,0.000000,0,0.000000,0
boeblingen,15,1,0.000604,0.000000,0,0.000000,0
boeblingen,15,2,0.000604,0.000000,0,0.000000,0
boeblingen,15,3,0.000604,0.000000,0,0.000000,0
boeblingen,15,4,0.000604,0.000000,0,0.000000,0
boeblingen,15,5,0.000604,0.000000,0,0.000000,0
boeblingen,15,6,0.000604,0.000000,0,0.000000,0
boeblingen,15,7,0.000604,0.000000,0,0.000000,0
boeblingen,15,8,0.000604,0.000000,0,0.000000,0
boeblingen,16,1,0.000607,0.000000,0,0.000000,0
boeblingen,16,2,0.000607,0.000000,0,0.000000,0
boeblingen,16,3,0.000607,0.000000,0,0.000000,0
boeblingen,16,4,0.000607,0.000000,0,0.000000,0
boeblingen,16,5,0.000607,0.000000,0,0.000000,0
boeblingen,16,6,0.000607,0.000000,0,0.000000,0
boeblingen,16,7,0.000607,0.000000,0,0.000000,0
boeblingen,16,8,0.000607,0.000000,0,0.000000,0
boeblingen,17,1,0.000635,0.000000,0,0.000000,0
boeblingen,17,2,0.000635,0.000000,0,0.000000,0
boeblingen,17,3,0.000635,0.000000,0,0.000000,0
boeblingen,17,4,0.000635,0.000000,0,0.000000,0
boeblingen,17,5,0.000635,0.000000,0,0.000000,0
boeblingen,17,6,0.000635,0.000000,0,0.000000,0
boeblingen,17,7,0.000635,0.000000,0,0.000000,0
boeblingen,17,8,0.000635,0.000000,0,0.000000,0
boeblingen,18,1,0.000608,0.000000,0,0.000000,0
boeblingen,18,2,0.000608,0.000000,0,0.000000,0
boeblingen,18,3,0.000608,0.000000,0,0.000000,0
boeblingen,18,4,0.000608,0.000000,0,0.000000,0
boeblingen,18,5,0.000608,0.000000,0,0.000000,0
boeblingen,18,6,0.000608,0.000000,0,0.000000,0
boeblingen,18,7,0.000608,0.000000,0,0.000000,0
boeblingen,18,8,0.000608,0.000000,0,0.000000,0
boeblingen,19,1,0.000633,0.000000,0,0.000000,0
boeblingen,19,2,0.000633,0.000000,0,0.000000,0
boeblingen,19,3,0.000633,0.000000,0,0.000000,0
boeblingen,19,4,0.000633,0.000000,0,0.000000,0
boeblingen,19,5,0.000633,0.000000,0,0.000000,0
boeblingen,19,6,0.000633,0.000000,0,0.000000,0
boeblingen,19,7,0.000633,0.000000,0,0.000000,0
boeblingen,19,8,0.000633,0.000000,0,0.000000,0
bogota,0,1,0.000571,0.000000,0,0.000000,0
bogota,0,2,0.000571,0.000000,0,0.000000,0
bogota,0,3,0.000571,0.000000,0,0.000000,0
bogota,0,4,0.000571,0.000000,0,0.000000,0
bogota,0,5,0.000571,0.000000,0,0.000000,0
bogota,0,6,0.000571,0.000000,0,0.000000,0
bogota,0,7,0.000571,0.000000,0,0.000000,0
bogota,0,8,0.000571,0.000000,0,0.000000,0
bogota,1,1,0.000576,0.000000,0,0.000000,0
bogota,1,2,0.000576,0.000000,0,0.000000,0
bogota,1,3,0.000576,0.000000,0,0.000000,0
bogota,1,4,0.000576,0.000000,0,0.000000,0
bogota,1,5,0.000576,0.000000,0,0.000000,0
bogota,1,6,0.000576,0.000000,0,0.000000,0
bogota,1,7,0.000576,0.000000,0,0.000000,0
bogota,1,8,0.000576,0.000000,0,0.000000,0
bogota,2,1,0.000593,0.000000,0,0.000000,0
bogota,2,2,0.000593,0.000000,0,0.000000,0
bogota,2,3,0.000593,0.000000,0,0.000000,0
bogota,2,4,0.000593,0.000000,0,0.000000,0
bogota,2,5,0.000593,0.000000,0,0.000000,0
bogota,2,6,0.000593,0.000000,0,0.000000,0
bogota,2,7,0.000593,0.000000,0,0.000000,0
bogota,2,8,0.000593,0.000000,0,0.000000,0
bogota,3,1,0.000590,0.000000,0,0.000000,0
bogota,3,2,0.000590,0.000000,0,0.000000,0
bogota,3,3,0.000590,0.000000,0,0.000000,0
bogota,3,4,0.000590,0.000000,0,0.000000,0
bogota,3,5,0.000590,0.000000,0,0.000000,0
bogota,3,6,0.000590,0.000000,0,0.000000,0
bogota,3,7,0.000590,0.000000,0,0.000000,0
bogota,3,8,0.000590,0.000000,0,0.000000,0
bogota,4,1,0.000593,0.000000,0,0.000000,0
bogota,4,2,0.000593,0.000000,0,0.000000,0
bogota,4,3,0.000593,0.000000,0,0.000000,0
bogota,4,4,0.000593,0.000000,0,0.000000,0
bogota,4,5,0.000593,0.000000,0,0.000000,0
bogota,4,6,0.000593,0.000000,0,0.000000,0
bogota,4,7,0.000593,0.000000,0,0.000000,0
bogota,4,8,0.000593,0.000000,0,0.000000,0
brisbane,0,1,0.000650,0.000000,0,0.000000,0
brisbane,0,2,0.000650,0.000000,0,0.000000,0
brisbane,0,3,0.000650,0.000000,0,0.000000,0
brisbane,0,4,0.000650,0.000000,0,0.000000,0
brisbane,0,5,0.000650,0.000000,0,0.000000,0
brisbane,0,6,0.000650,0.000000,0,0.000000,0
brisbane,0,7,0.000650,0.000000,0,0.000000,0
brisbane,0,8,0.000650,0.000000,0,0.000000,0
brisbane,1,1,0.000661,0.000000,0,0.000000,0
brisbane,1,2,0.000661,0.000000,0,0.000000,0
brisbane,1,3,0.000661,0.000000,0,0.000000,0
brisbane,1,4,0.000661,0.000000,0,0.000000,0
brisbane,1,5,0.000661,0.000000,0,0.000000,0
brisbane,1,6,0.000661,0.000000,0,0.000000,0
brisbane,1,7,0.000661,0.000000,0,0.000000,0
brisbane,1,8,0.000661,0.000000,0,0.000000,0
brisbane,2,1,0.000639,0.000000,0,0.000000,0
brisbane,2,2,0.000639,0.000000,0,0.000000,0
brisbane,2,3,0.000639,0.000000,0,0.000000,0
brisbane,2,4,0.000639,0.000000,0,0.000000,0
brisbane,2,5,0.000639,0.000000,0,0.000000,0
brisbane,2,6,0.000639,0.000000,0,0.000000,0
brisbane,2,7,0.000639,0.000000,0,0.000000,0
brisbane,2,8,0.000639,0.000000,0,0.000000,0
brisbane,3,1,0.000683,0.000000,0,0.000000,0
brisbane,3,2,0.000683,0.000000,0,0.000000,0
brisbane,3,3,0.000683,0.000000,0,0.000000,0
brisbane,3,4,0.000683,0.000000,0,0.000000,0
brisbane,3,5,0.000683,0.000000,0,0.000000,0
brisbane,3,6,0.000683,0.000000,0,0.000000,0
brisbane,3,7,0.000683,0.000000,0,0.000000,0
brisbane,3,8,0.000683,0.000000,0,0.000000,0
brisbane,4,1,0.000717,0.000000,0,0.000000,0
brisbane,4,2,0.000717,0.000000,0,0.000000,0
brisbane,4,3,0.000717,0.000000,0,0.000000,0
brisbane,4,4,0.000717,0.000000,0,0.000000,0
brisbane,4,5,0.000717,0.000000,0,0.000000,0
brisbane,4,6,0.000717,0.000000,0,0.000000,0
brisbane,4,7,0.000717,0.000000,0,0.000000,0
brisbane,4,8,0.000717,0.000000,0,0.000000,0
brisbane,5,1,0.000659,0.000000,0,0.000000,0
brisbane,5,2,0.000659,0.000000,0,0.000000,0
brisbane,5,3,0.000659,0.000000,0,0.000000,0
brisbane,5,4,0.000659,0.000000,0,0.000000,0
brisbane,5,5,0.000659,0.000000,0,0.000000,0
brisbane,5,6,0.000659,0.000000,0,0.000000,0
brisbane,5,7,0.000659,0.000000,0,0.000000,0
brisbane,5,8,0.000659,0.000000,0,0.000000,0
brisbane,6,1,0.000671,0.000000,0,0.000000,0
brisbane,6,2,0.000671,0.000000,0,0.000000,0
brisbane,6,3,0.000671,0.000000,0,0.000000,0
brisbane,6,4,0.000671,0.000000,0,0.000000,0
brisbane,6,5,0.000671,0.000000,0,0.000000,0
brisbane,6,6,0.000671,0.000000,0,0.000000,0
brisbane,6,7,0.000671,0.000000,0,0.000000,0
brisbane,6,8,0.000671,0.000000,0,0.000000,0
brisbane,7,1,0.000702,0.000000,0,0.000000,0
brisbane,7,2,0.000702,0.000000,0,0.000000,0
brisbane,7,3,0.000702,0.000000,0,0.000000,0
brisbane,7,4,0.000702,0.000000,0,0.000000,0
brisbane,7,5,0.000702,0.000000,0,0.000000,0
brisbane,7,6,0.000702,0.000000,0,0.000000,0
brisbane,7,7,0.000702,0.000000,0,0.000000,0
brisbane,7,8,0.000702,0.000000,0,0.000000,0
brisbane,8,1,0.000641,0.000000,0,0.000000,0
brisbane,8,2,0.000641,0.000000,0,0.000000,0
brisbane,8,3,0.000641,0.000000,0,0.000000,0
brisbane,8,4,0.000641,0.000000,0,0.000000,0
brisbane,8,5,0.000641,0.000000,0,0.000000,0
brisbane,8,6,0.000641,0.000000,0,0.000000,0
brisbane,8,7,0.000641,0.000000,0,0.000000,0
brisbane,8,8,0.000641,0.000000,0,0.000000,0
brisbane,9,1,0.000653,0.000000,0,0.000000,0
brisbane,9,2,0.000653,0.000000,0,0.000000,0
brisbane,9,3,0.000653,0.000000,0,0.000000,0
brisbane,9,4,0.000653,0.000000,0,0.000000,0
brisbane,9,5,0.000653,0.000000,0,0.000000,0
brisbane,9,6,0.000653,0.000000,0,0.000000,0
brisbane,9,7,0.000653,0.000000,0,0.000000,0
brisbane,9,8,0.000653,0.000000,0,0.000000,0
brisbane,10,1,0.000678,0.000000,0,0.000000,0
brisbane,10,2,0.000678,0.000000,0,0.000000,0
brisbane,10,3,0.000678,0.000000,0,0.000000,0
brisbane,10,4,0.000678,0.000000,0,0.000000,0
brisbane,10,5,0.000678,0.000000,0,0.000000,0
brisbane,10,6,0.000678,0.000000,0,0.000000,0
brisbane,10,7,0.000678,0.000000,0,0.000000,0
brisbane,10,8,0.000678,0.000000,0,0.000000,0
brisbane,11,1,0.000666,0.000000,0,0.000000,0
brisbane,11,2,0.000666,0.000000,0,0.000000,0
brisbane,11,3,0.000666,0.000000,0,0.000000,0
brisbane,11,4,0.000666,0.000000,0,0.000000,0
brisbane,11,5,0.000666,0.000000,0,0.000000,0
brisbane,11,6,0.000666,0.000000,0,0.000000,0
brisbane,11,7,0.000666,0.000000,0,0.000000,0
brisbane,11,8,0.000666,0.000000,0,0.000000,0
brisbane,12,1,0.000679,0.000000,0,0.000000,0
brisbane,12,2,0.000679,0.000000,0,0.000000,0
brisbane,12,3,0.000679,0.000000,0,0.000000,0
brisbane,12,4,0.000679,0.000000,0,0.000000,0
brisbane,12,5,0.000679,0.000000,0,0.000000,0
brisbane,12,6,0.000679,0.000000,0,0.000000,0
brisbane,12,7,0.000679,0.000000,0,0.000000,0
brisbane,12,8,0.000679,0.000000,0,0.000000,0
brisbane,13,1,0.000673,0.000000,0,0.000000,0
brisbane,13,2,0.000673,0.000000,0,0.000000,0
brisbane,13,3,0.000673,0.000000,0,0.000000,0
brisbane,13,4,0.000673,0.000000,0,0.000000,0
brisbane,13,5,0.000673,0.000000,0,0.000000,0
brisbane,13,6,0.000673,0.000000,0,0.000000,0
brisbane,13,7,0.000673,0.000000,0,0.000000,0
brisbane,13,8,0.000673,0.000000,0,0.000000,0
brisbane,14,1,0.000667,0.000000,0,0.000000,0
brisbane,14,2,0.000667,0.000000,0,0.000000,0
brisbane,14,3,0.000667,0.000000,0,0.000000,0
brisbane,14,4,0.000667,0.000000,0,0.000000,0
brisbane,14,5,0.000667,0.000000,0,0.000000,0
brisbane,14,6,0.000667,0.000000,0,0.000000,0
brisbane,14,7,0.000667,0.000000,0,0.000000,0
brisbane,14,8,0.000667,0.000000,0,0.000000,0
brisbane,15,1,0.000660,0.000000,0,0.000000,0
brisbane,15,2,0.000660,0.000000,0,0.000000,0
brisbane,15,3,0.000660,0.000000,0,0.000000,0
brisbane,15,4,0.000660,0.000000,0,0.000000,0
brisbane,15,5,0.000660,0.000000,0,0.000000,0
brisbane,15,6,0.000660,0.000000,0,0.000000,0
brisbane,15,7,0.000660,0.000000,0,0.000000,0
brisbane,15,8,0.000660,0.000000,0,0.000000,0
brisbane,16,1,0.000730,0.000000,0,0.000000,0
brisbane,16,2,0.000730,0.000000,0,0.000000,0
brisbane,16,3,0.000730,0.000000,0,0.000000,0
brisbane,16,4,0.000730,0.000000,0,0.000000,0
brisbane,16,5,0.000730,0.000000,0,0.000000,0
brisbane,16,6,0.000730,0.000000,0,0.000000,0
brisbane,16,7,0.000730,0.000000,0,0.000000,0
brisbane,16,8,0.000730,0.000000,0,0.000000,0
brisbane,17,1,0.000677,0.000000,0,0.000000,0
brisbane,17,2,0.000677,0.000000,0,0.000000,0
brisbane,17,3,0.000677,0.000000,0,0.000000,0
brisbane,17,4,0.000677,0.000000,0,0.000000,0
brisbane,17,5,0.000677,0.000000,0,0.000000,0
brisbane,17,6,0.000677,0.000000,0,0.000000,0
brisbane,17,7,0.000677,0.000000,0,0.000000,0
brisbane,17,8,0.000677,0.000000,0,0.000000,0
brisbane,18,1,0.000661,0.000000,0,0.000000,0
brisbane,18,2,0.000661,0.000000,0,0.000000,0
brisbane,18,3,0.000661,0.000000,0,0.000000,0
brisbane,18,4,0.000661,0.000000,0,0.000000,0
brisbane,18,5,0.000661,0.000000,0,0.000000,0
brisbane,18,6,0.000661,0.000000,0,0.000000,0
brisbane,18,7,0.000661,0.000000,0,0.000000,0
brisbane,18,8,0.000661,0.000000,0,0.000000,0
brisbane,19,1,0.000674,0.000000,0,0.000000,0
brisbane,19,2,0.000674,0.000000,0,0.000000,0
brisbane,19,3,0.000674,0.000000,0,0.000000,0
brisbane,19,4,0.000674,0.000000,0,0.000000,0
brisbane,19,5,0.000674,0.000000,0,0.000000,0
brisbane,19,6,0.000674,0.000000,0,0.000000,0
brisbane,19,7,0.000674,0.000000,0,0.000000,0
brisbane,19,8,0.000674,0.000000,0,0.000000,0
brisbane,20,1,0.000662,0.000000,0,0.000000,0
brisbane,20,2,0.000662,0.000000,0,0.000000,0
brisbane,20,3,0.000662,0.000000,0,0.000000,0
brisbane,20,4,0.000662,0.000000,0,0.000000,0
brisbane,20,5,0.000662,0.000000,0,0.000000,0
brisbane,20,6,0.000662,0.000000,0,0.000000,0
brisbane,20,7,0.000662,0.000000,0,0.000000,0
brisbane,20,8,0.000662,0.000000,0,0.000000,0
brisbane,21,1,0.000679,0.000000,0,0.000000,0
brisbane,21,2,0.000679,0.000000,0,0.000000,0
brisbane,21,3,0.000679,0.000000,0,0.000000,0
brisbane,21,4,0.000679,0.000000,0,0.000000,0
brisbane,21,5,0.000679,0.000000,0,0.000000,0
brisbane,21,6,0.000679,0.000000,0,0.000000,0
brisbane,21,7,0.000679,0.000000,0,0.000000,0
brisbane,21,8,0.000679,0.000000,0,0.000000,0
brisbane,22,1,0.000676,0.000000,0,0.000000,0
brisbane,22,2,0.000676,0.000000,0,0.000000,0
brisbane,22,3,0.000676,0.000000,0,0.000000,0
brisbane,22,4,0.000676,0.000000,0,0.000000,0
brisbane,22,5,0.000676,0.000000,0,0.000000,0
brisbane,22,6,0.000676,0.000000,0,0.000000,0
brisbane,22,7,0.000676,0.000000,0,0.000000,0
brisbane,22,8,0.000676,0.000000,0,0.000000,0
brisbane,23,1,0.000662,0.000000,0,0.000000,0
brisbane,23,2,0.000662,0.000000,0,0.000000,0
brisbane,23,3,0.000662,0.000000,0,0.000000,0
brisbane,23,4,0.000662,0.000000,0,0.000000,0
brisbane,23,5,0.000662,0.000000,0,0.000000,0
brisbane,23,6,0.000662,0.000000,0,0.000000,0
brisbane,23,7,0.000662,0.000000,0,0.000000,0
brisbane,23,8,0.000662,0.000000,0,0.000000,0
brisbane,24,1,0.000708,0.000000,0,0.000000,0
brisbane,24,2,0.000708,0.000000,0,0.000000,0
brisbane,24,3,0.000708,0.000000,0,0.000000,0
brisbane,24,4,0.000708,0.000000,0,0.000000,0
brisbane,24,5,0.000708,0.000000,0,0.000000,0
brisbane,24,6,0.000708,0.000000,0,0.000000,0
brisbane,24,7,0.000708,0.000000,0,0.000000,0
brisbane,24,8,0.000708,0.000000,0,0.000000,0
brisbane,25,1,0.000677,0.000000,0,0.000000,0
brisbane,25,2,0.000677,0.000000,0,0.000000,0
brisbane,25,3,0.000677,0.000000,0,0.000000,0
brisbane,25,4,0.000677,0.000000,0,0.000000,0
brisbane,25,5,0.000677,0.000000,0,0.000000,0
brisbane,25,6,0.000677,0.000000,0,0.000000,0
brisbane,25,7,0.000677,0.000000,0,0.000000,0
brisbane,25,8,0.000677,0.000000,0,0.000000,0
brisbane,26,1,0.000705,0.000000,0,0.000000,0
brisbane,26,2,0.000705,0.000000,0,0.000000,0
brisbane,26,3,0.000705,0.000000,0,0.000000,0
brisbane,26,4,0.000705,0.000000,0,0.000000,0
brisbane,26,5,0.000705,0.000000,0,0.000000,0
brisbane,26,6,0.000705,0.000000,0,0.000000,0
brisbane,26,7,0.000705,0.000000,0,0.000000,0
brisbane,26,8,0.000705,0.000000,0,0.000000,0
brisbane,27,1,0.000681,0.000000,0,0.000000,0
brisbane,27,2,0.000681,0.000000,0,0.000000,0
brisbane,27,3,0.000681,0.000000,0,0.000000,0
brisbane,27,4,0.000681,0.000000,0,0.000000,0
brisbane,27,5,0.000681,0.000000,0,0.000000,0
brisbane,27,6,0.000681,0.000000,0,0.000000,0
brisbane,27,7,0.000681,0.000000,0,0.000000,0
brisbane,27,8,0.000681,0.000000,0,0.000000,0
brisbane,28,1,0.000691,0.000000,0,0.000000,0
brisbane,28,2,0.000691,0.000000,0,0.000000,0
brisbane,28,3,0.000691,0.000000,0,0.000000,0
brisbane,28,4,0.000691,0.000000,0,0.000000,0
brisbane,28,5,0.000691,0.000000,0,0.000000,0
brisbane,28,6,0.000691,0.000000,0,0.000000,0
brisbane,28,7,0.000691,0.000000,0,0.000000,0
brisbane,28,8,0.000691,0.000000,0,0.000000,0
brisbane,29,1,0.000643,0.000000,0,0.000000,0
brisbane,29,2,0.000643,0.000000,0,0.000000,0
brisbane,29,3,0.000643,0.000000,0,0.000000,0
brisbane,29,4,0.000643,0.000000,0,0.000000,0
brisbane,29,5,0.000643,0.000000,0,0.000000,0
brisbane,29,6,0.000643,0.000000,0,0.000000,0
brisbane,29,7,0.000643,0.000000,0,0.000000,0
brisbane,29,8,0.000643,0.000000,0,0.000000,0
brisbane,30,1,0.000668,0.000000,0,0.000000,0
brisbane,30,2,0.000668,0.000000,0,0.000000,0
brisbane,30,3,0.000668,0.000000,0,0.000000,0
brisbane,30,4,0.000668,0.000000,0,0.000000,0
brisbane,30,5,0.000668,0.000000,0,0.000000,0
brisbane,30,6,0.000668,0.000000,0,0.000000,0
brisbane,30,7,0.000668,0.000000,0,0.000000,0
brisbane,30,8,0.000668,0.000000,0,0.000000,0
brisbane,31,1,0.000665,0.000000,0,0.000000,0
brisbane,31,2,0.000665,0.000000,0,0.000000,0
brisbane,31,3,0.000665,0.000000,0,0.000000,0
brisbane,31,4,0.000665,0.000000,0,0.000000,0
brisbane,31,5,0.000665,0.000000,0,0.000000,0
brisbane,31,6,0.000665,0.000000,0,0.000000,0
brisbane,31,7,0.000665,0.000000,0,0.000000,0
brisbane,31,8,0.000665,0.000000,0,0.000000,0
brisbane,32,1,0.000675,0.000000,0,0.000000,0
brisbane,32,2,0.000675,0.000000,0,0.000000,0
brisbane,32,3,0.000675,0.000000,0,0.000000,0
brisbane,32,4,0.000675,0.000000,0,0.000000,0
brisbane,32,5,0.000675,0.000000,0,0.000000,0
brisbane,32,6,0.000675,0.000000,0,0.000000,0
brisbane,32,7,0.000675,0.000000,0,0.000000,0
brisbane,32,8,0.000675,0.000000,0,0.000000,0
brisbane,33,1,0.000671,0.000000,0,0.000000,0
brisbane,33,2,0.000671,0.000000,0,0.000000,0
brisbane,33,3,0.000671,0.000000,0,0.000000,0
brisbane,33,4,0.000671,0.000000,0,0.000000,0
brisbane,33,5,0.000671,0.000000,0,0.000000,0
brisbane,33,6,0.000671,0.000000,0,0.000000,0
brisbane,33,7,0.000671,0.000000,0,0.000000,0
brisbane,33,8,0.000671,0.000000,0,0.000000,0
brisbane,34,1,0.000683,0.000000,0,0.000000,0
brisbane,34,2,0.000683,0.000000,0,0.000000,0
brisbane,34,3,0.000683,0.000000,0,0.000000,0
brisbane,34,4,0.000683,0.000000,0,0.000000,0
brisbane,34,5,0.000683,0.000000,0,0.000000,0
brisbane,34,6,0.000683,0.000000,0,0.000000,0
brisbane,34,7,0.000683,0.000000,0,0.000000,0
brisbane,34,8,0.000683,0.000000,0,0.000000,0
brisbane,35,1,0.000686,0.000000,0,0.000000,0
brisbane,35,2,0.000686,0.000000,0,0.000000,0
brisbane,35,3,0.000686,0.000000,0,0.000000,0
brisbane,35,4,0.000686,0.000000,0,0.000000,0
brisbane,35,5,0.000686,0.000000,0,0.000000,0
brisbane,35,6,0.000686,0.000000,0,0.000000,0
brisbane,35,7,0.000686,0.000000,0,0.000000,0
brisbane,35,8,0.000686,0.000000,0,0.000000,0
brisbane,36,1,0.000673,0.000000,0,0.000000,0
brisbane,36,2,0.000673,0.000000,0,0.000000,0
brisbane,36,3,0.000673,0.000000,0,0.000000,0
brisbane,36,4,0.000673,0.000000,0,0.000000,0
brisbane,36,5,0.000673,0.000000,0,0.000000,0
brisbane,36,6,0.000673,0.000000,0,0.000000,0
brisbane,36,7,0.000673,0.000000,0,0.000000,0
brisbane,36,8,0.000673,0.000000,0,0.000000,0
brisbane,37,1,0.000711,0.000000,0,0.000000,0
brisbane,37,2,0.000711,0.000000,0,0.000000,0
brisbane,37,3,0.000711,0.000000,0,0.000000,0
brisbane,37,4,0.000711,0.000000,0,0.000000,0
brisbane,37,5,0.000711,0.000000,0,0.000000,0
brisbane,37,6,0.000711,0.000000,0,0.000000,0
brisbane,37,7,0.000711,0.000000,0,0.000000,0
brisbane,37,8,0.000711,0.000000,0,0.000000,0
brisbane,38,1,0.000736,0.000000,0,0.000000,0
brisbane,38,2,0.000736,0.000000,0,0.000000,0
brisbane,38,3,0.000736,0.000000,0,0.000000,0
brisbane,38,4,0.000736,0.000000,0,0.000000,0
brisbane,38,5,0.000736,0.000000,0,0.000000,0
brisbane,38,6,0.000736,0.000000,0,0.000000,0
brisbane,38,7,0.000736,0.000000,0,0.000000,0
brisbane,38,8,0.000736,0.000000,0,0.000000,0
brisbane,39,1,0.000657,0.000000,0,0.000000,0
brisbane,39,2,0.000657,0.000000,0,0.000000,0
brisbane,39,3,0.000657,0.000000,0,0.000000,0
brisbane,39,4,0.000657,0.000000,0,0.000000,0
brisbane,39,5,0.000657,0.000000,0,0.000000,0
brisbane,39,6,0.000657,0.000000,0,0.000000,0
brisbane,39,7,0.000657,0.000000,0,0.000000,0
brisbane,39,8,0.000657,0.000000,0,0.000000,0
brisbane,40,1,0.000657,0.000000,0,0.000000,0
brisbane,40,2,0.000657,0.000000,0,0.000000,0
brisbane,40,3,0.000657,0.000000,0,0.000000,0
brisbane,40,4,0.000657,0.000000,0,0.000000,0
brisbane,40,5,0.000657,0.000000,0,0.000000,0
brisbane,40,6,0.000657,0.000000,0,0.000000,0
brisbane,40,7,0.000657,0.000000,0,0.000000,0
brisbane,40,8,0.000657,0.000000,0,0.000000,0
brisbane,41,1,0.000662,0.000000,0,0.000000,0
brisbane,41,2,0.000662,0.000000,0,0.000000,0
brisbane,41,3,0.000662,0.000000,0,0.000000,0
brisbane,41,4,0.000662,0.000000,0,0.000000,0
brisbane,41,5,0.000662,0.000000,0,0.000000,0
brisbane,41,6,0.000662,0.000000,0,0.000000,0
brisbane,41,7,0.000662,0.000000,0,0.000000,0
brisbane,41,8,0.000662,0.000000,0,0.000000,0
brisbane,42,1,0.000675,0.000000,0,0.000000,0
brisbane,42,2,0.000675,0.000000,0,0.000000,0
brisbane,42,3,0.000675,0.000000,0,0.000000,0
brisbane,42,4,0.000675,0.000000,0,0.000000,0
brisbane,42,5,0.000675,0.000000,0,0.000000,0
brisbane,42,6,0.000675,0.000000,0,0.000000,0
brisbane,42,7,0.000675,0.000000,0,0.000000,0
brisbane,42,8,0.000675,0.000000,0,0.000000,0
brisbane,43,1,0.000670,0.000000,0,0.000000,0
brisbane,43,2,0.000670,0.000000,0,0.000000,0
brisbane,43,3,0.000670,0.000000,0,0.000000,0
brisbane,43,4,0.000670,0.000000,0,0.000000,0
brisbane,43,5,0.000670,0.000000,0,0.000000,0
brisbane,43,6,0.000670,0.000000,0,0.000000,0
brisbane,43,7,0.000670,0.000000,0,0.000000,0
brisbane,43,8,0.000670,0.000000,0,0.000000,0
brisbane,44,1,0.000679,0.000000,0,0.000000,0
brisbane,44,2,0.000679,0.000000,0,0.000000,0
brisbane,44,3,0.000679,0.000000,0,0.000000,0
brisbane,44,4,0.000679,0.000000,0,0.000000,0
brisbane,44,5,0.000679,0.000000,0,0.000000,0
brisbane,44,6,0.000679,0.000000,0,0.000000,0
brisbane,44,7,0.000679,0.000000,0,0.000000,0
brisbane,44,8,0.000679,0.000000,0,0.000000,0
brisbane,45,1,0.000657,0.000000,0,0.000000,0
brisbane,45,2,0.000657,0.000000,0,0.000000,0
brisbane,45,3,0.000657,0.000000,0,0.000000,0
brisbane,45,4,0.000657,0.000000,0,0.000000,0
brisbane,45,5,0.000657,0.000000,0,0.000000,0
brisbane,45,6,0.000657,0.000000,0,0.000000,0
brisbane,45,7,0.000657,0.000000,0,0.000000,0
brisbane,45,8,0.000657,0.000000,0,0.000000,0
brisbane,46,1,0.000697,0.000000,0,0.000000,0
brisbane,46,2,0.000697,0.000000,0,0.000000,0
brisbane,46,3,0.000697,0.000000,0,0.000000,0
brisbane,46,4,0.000697,0.000000,0,0.000000,0
brisbane,46,5,0.000697,0.000000,0,0.000000,0
brisbane,46,6,0.000697,0.000000,0,0.000000,0
brisbane,46,7,0.000697,0.000000,0,0.000000,0
brisbane,46,8,0.000697,0.000000,0,0.000000,0
brisbane,47,1,0.000671,0.000000,0,0.000000,0
brisbane,47,2,0.000671,0.000000,0,0.000000,0
brisbane,47,3,0.000671,0.000000,0,0.000000,0
brisbane,47,4,0.000671,0.000000,0,0.000000,0
brisbane,47,5,0.000671,0.000000,0,0.000000,0
brisbane,47,6,0.000671,0.000000,0,0.000000,0
brisbane,47,7,0.000671,0.000000,0,0.000000,0
brisbane,47,8,0.000671,0.000000,0,0.000000,0
brisbane,48,1,0.000725,0.000000,0,0.000000,0
brisbane,48,2,0.000725,0.000000,0,0.000000,0
brisbane,48,3,0.000725,0.000000,0,0.000000,0
brisbane,48,4,0.000725,0.000000,0,0.000000,0
brisbane,48,5,0.000725,0.000000,0,0.000000,0
brisbane,48,6,0.000725,0.000000,0,0.000000,0
brisbane,48,7,0.000725,0.000000,0,0.000000,0
brisbane,48,8,0.000725,0.000000,0,0.000000,0
brisbane,49,1,0.000649,0.000000,0,0.000000,0
brisbane,49,2,0.000649,0.000000,0,0.000000,0
brisbane,49,3,0.000649,0.000000,0,0.000000,0
brisbane,49,4,0.000649,0.000000,0,0.000000,0
brisbane,49,5,0.000649,0.000000,0,0.000000,0
brisbane,49,6,0.000649,0.000000,0,0.000000,0
brisbane,49,7,0.000649,0.000000,0,0.000000,0
brisbane,49,8,0.000649,0.000000,0,0.000000,0
brisbane,50,1,0.000669,0.000000,0,0.000000,0
brisbane,50,2,0.000669,0.000000,0,0.000000,0
brisbane,50,3,0.000669,0.000000,0,0.000000,0
brisbane,50,4,0.000669,0.000000,0,0.000000,0
brisbane,50,5,0.000669,0.000000,0,0.000000,0
brisbane,50,6,0.000669,0.000000,0,0.000000,0
brisbane,50,7,0.000669,0.000000,0,0.000000,0
brisbane,50,8,0.000669,0.000000,0,0.000000,0
brisbane,51,1,0.000650,0.000000,0,0.000000,0
brisbane,51,2,0.000650,0.000000,0,0.000000,0
brisbane,51,3,0.000650,0.000000,0,0.000000,0
brisbane,51,4,0.000650,0.000000,0,0.000000,0
brisbane,51,5,0.000650,0.000000,0,0.000000,0
brisbane,51,6,0.000650,0.000000,0,0.000000,0
brisbane,51,7,0.000650,0.000000,0,0.000000,0
brisbane,51,8,0.000650,0.000000,0,0.000000,0
brisbane,52,1,0.000645,0.000000,0,0.000000,0
brisbane,52,2,0.000645,0.000000,0,0.000000,0
brisbane,52,3,0.000645,0.000000,0,0.000000,0
brisbane,52,4,0.000645,0.000000,0,0.000000,0
brisbane,52,5,0.000645,0.000000,0,0.000000,0
brisbane,52,6,0.000645,0.000000,0,0.000000,0
brisbane,52,7,0.000645,0.000000,0,0.000000,0
brisbane,52,8,0.000645,0.000000,0,0.000000,0
brisbane,53,1,0.000645,0.000000,0,0.000000,0
brisbane,53,2,0.000645,0.000000,0,0.000000,0
brisbane,53,3,0.000645,0.000000,0,0.000000,0
brisbane,53,4,0.000645,0.000000,0,0.000000,0
brisbane,53,5,0.000645,0.000000,0,0.000000,0
brisbane,53,6,0.000645,0.000000,0,0.000000,0
brisbane,53,7,0.000645,0.000000,0,0.000000,0
brisbane,53,8,0.000645,0.000000,0,0.000000,0
brisbane,54,1,0.000690,0.000000,0,0.000000,0
brisbane,54,2,0.000690,0.000000,0,0.000000,0
brisbane,54,3,0.000690,0.000000,0,0.000000,0
brisbane,54,4,0.000690,0.000000,0,0.000000,0
brisbane,54,5,0.000690,0.000000,0,0.000000,0
brisbane,54,6,0.000690,0.000000,0,0.000000,0
brisbane,54,7,0.000690,0.000000,0,0.000000,0
brisbane,54,8,0.000690,0.000000,0,0.000000,0
brisbane,55,1,0.000697,0.000000,0,0.000000,0
brisbane,55,2,0.000697,0.000000,0,0.000000,0
brisbane,55,3,0.000697,0.000000,0,0.000000,0
brisbane,55,4,0.000697,0.000000,0,0.000000,0
brisbane,55,5,0.000697,0.000000,0,0.000000,0
brisbane,55,6,0.000697,0.000000,0,0.000000,0
brisbane,55,7,0.000697,0.000000,0,0.000000,0
brisbane,55,8,0.000697,0.000000,0,0.000000,0
brisbane,56,1,0.000656,0.000000,0,0.000000,0
brisbane,56,2,0.000656,0.000000,0,0.000000,0
brisbane,56,3,0.000656,0.000000,0,0.000000,0
brisbane,56,4,0.000656,0.000000,0,0.000000,0
brisbane,56,5,0.000656,0.000000,0,0.000000,0
brisbane,56,6,0.000656,0.000000,0,0.000000,0
brisbane,56,7,0.000656,0.000000,0,0.000000,0
brisbane,56,8,0.000656,0.000000,0,0.000000,0
brisbane,57,1,0.000684,0.000000,0,0.000000,0
brisbane,57,2,0.000684,0.000000,0,0.000000,0
brisbane,57,3,0.000684,0.000000,0,0.000000,0
brisbane,57,4,0.000684,0.000000,0,0.000000,0
brisbane,57,5,0.000684,0.000000,0,0.000000,0
brisbane,57,6,0.000684,0.000000,0,0.000000,0
brisbane,57,7,0.000684,0.000000,0,0.000000,0
brisbane,57,8,0.000684,0.000000,0,0.000000,0
brisbane,58,1,0.000690,0.000000,0,0.000000,0
brisbane,58,2,0.000690,0.000000,0,0.000000,0
brisbane,58,3,0.000690,0.000000,0,0.000000,0
brisbane,58,4,0.000690,0.000000,0,0.000000,0
brisbane,58,5,0.000690,0.000000,0,0.000000,0
brisbane,58,6,0.000690,0.000000,0,0.000000,0
brisbane,58,7,0.000690,0.000000,0,0.000000,0
brisbane,58,8,0.000690,0.000000,0,0.000000,0
brisbane,59,1,0.000658,0.000000,0,0.000000,0
brisbane,59,2,0.000658,0.000000,0,0.000000,0
brisbane,59,3,0.000658,0.000000,0,0.000000,0
brisbane,59,4,0.000658,0.000000,0,0.000000,0
brisbane,59,5,0.000658,0.000000,0,0.000000,0
brisbane,59,6,0.000658,0.000000,0,0.000000,0
brisbane,59,7,0.000658,0.000000,0,0.000000,0
brisbane,59,8,0.000658,0.000000,0,0.000000,0
brisbane,60,1,0.000651,0.000000,0,0.000000,0
brisbane,60,2,0.000651,0.000000,0,0.000000,0
brisbane,60,3,0.000651,0.000000,0,0.000000,0
brisbane,60,4,0.000651,0.000000,0,0.000000,0
brisbane,60,5,0.000651,0.000000,0,0.000000,0
brisbane,60,6,0.000651,0.000000,0,0.000000,0
brisbane,60,7,0.000651,0.000000,0,0.000000,0
brisbane,60,8,0.000651,0.000000,0,0.000000,0
brisbane,61,1,0.000681,0.000000,0,0.000000,0
brisbane,61,2,0.000681,0.000000,0,0.000000,0
brisbane,61,3,0.000681,0.000000,0,0.000000,0
brisbane,61,4,0.000681,0.000000,0,0.000000,0
brisbane,61,5,0.000681,0.000000,0,0.000000,0
brisbane,61,6,0.000681,0.000000,0,0.000000,0
brisbane,61,7,0.000681,0.000000,0,0.000000,0
brisbane,61,8,0.000681,0.000000,0,0.000000,0
brisbane,62,1,0.000686,0.000000,0,0.000000,0
brisbane,62,2,0.000686,0.000000,0,0.000000,0
brisbane,62,3,0.000686,0.000000,0,0.000000,0
brisbane,62,4,0.000686,0.000000,0,0.000000,0
brisbane,62,5,0.000686,0.000000,0,0.000000,0
brisbane,62,6,0.000686,0.000000,0,0.000000,0
brisbane,62,7,0.000686,0.000000,0,0.000000,0
brisbane,62,8,0.000686,0.000000,0,0.000000,0
brisbane,63,1,0.000680,0.000000,0,0.000000,0
brisbane,63,2,0.000680,0.000000,0,0.000000,0
brisbane,63,3,0.000680,0.000000,0,0.000000,0
brisbane,63,4,0.000680,0.000000,0,0.000000,0
brisbane,63,5,0.000680,0.000000,0,0.000000,0
brisbane,63,6,0.000680,0.000000,0,0.000000,0
brisbane,63,7,0.000680,0.000000,0,0.000000,0
brisbane,63,8,0.000680,0.000000,0,0.000000,0
brisbane,64,1,0.000655,0.000000,0,0.000000,0
brisbane,64,2,0.000655,0.000000,0,0.000000,0
brisbane,64,3,0.000655,0.000000,0,0.000000,0
brisbane,64,4,0.000655,0.000000,0,0.000000,0
brisbane,64,5,0.000655,0.000000,0,0.000000,0
brisbane,64,6,0.000655,0.000000,0,0.000000,0
brisbane,64,7,0.000655,0.000000,0,0.000000,0
brisbane,64,8,0.000655,0.000000,0,0.000000,0
brisbane,65,1,0.000679,0.000000,0,0.000000,0
brisbane,65,2,0.000679,0.000000,0,0.000000,0
brisbane,65,3,0.000679,0.000000,0,0.000000,0
brisbane,65,4,0.000679,0.000000,0,0.000000,0
brisbane,65,5,0.000679,0.000000,0,0.000000,0
brisbane,65,6,0.000679,0.000000,0,0.000000,0
brisbane,65,7,0.000679,0.000000,0,0.000000,0
brisbane,65,8,0.000679,0.000000,0,0.000000,0
brisbane,66,1,0.000655,0.000000,0,0.000000,0
brisbane,66,2,0.000655,0.000000,0,0.000000,0
brisbane,66,3,0.000655,0.000000,0,0.000000,0
brisbane,66,4,0.000655,0.000000,0,0.000000,0
brisbane,66,5,0.000655,0.000000,0,0.000000,0
brisbane,66,6,0.000655,0.000000,0,0.000000,0
brisbane,66,7,0.000655,0.000000,0,0.000000,0
brisbane,66,8,0.000655,0.000000,0,0.000000,0
brisbane,67,1,0.000664,0.000000,0,0.000000,0
brisbane,67,2,0.000664,0.000000,0,0.000000,0
brisbane,67,3,0.000664,0.000000,0,0.000000,0
brisbane,67,4,0.000664,0.000000,0,0.000000,0
brisbane,67,5,0.000664,0.000000,0,0.000000,0
brisbane,67,6,0.000664,0.000000,0,0.000000,0
brisbane,67,7,0.000664,0.000000,0,0.000000,0
brisbane,67,8,0.000664,0.000000,0,0.000000,0
brisbane,68,1,0.000671,0.000000,0,0.000000,0
brisbane,68,2,0.000671,0.000000,0,0.000000,0
brisbane,68,3,0.000671,0.000000,0,0.000000,0
brisbane,68,4,0.000671,0.000000,0,0.000000,0
brisbane,68,5,0.000671,0.000000,0,0.000000,0
brisbane,68,6,0.000671,0.000000,0,0.000000,0
brisbane,68,7,0.000671,0.000000,0,0.000000,0
brisbane,68,8,0.000671,0.000000,0,0.000000,0
brisbane,69,1,0.000696,0.000000,0,0.000000,0
brisbane,69,2,0.000696,0.000000,0,0.000000,0
brisbane,69,3,0.000696,0.000000,0,0.000000,0
brisbane,69,4,0.000696,0.000000,0,0.000000,0
brisbane,69,5,0.000696,0.000000,0,0.000000,0
brisbane,69,6,0.000696,0.000000,0,0.000000,0
brisbane,69,7,0.000696,0.000000,0,0.000000,0
brisbane,69,8,0.000696,0.000000,0,0.000000,0
brisbane,70,1,0.000694,0.000000,0,0.000000,0
brisbane,70,2,0.000694,0.000000,0,0.000000,0
brisbane,70,3,0.000694,0.000000,0,0.000000,0
brisbane,70,4,0.000694,0.000000,0,0.000000,0
brisbane,70,5,0.000694,0.000000,0,0.000000,0
brisbane,70,6,0.000694,0.000000,0,0.000000,0
brisbane,70,7,0.000694,0.000000,0,0.000000,0
brisbane,70,8,0.000694,0.000000,0,0.000000,0
brisbane,71,1,0.000694,0.000000,0,0.000000,0
brisbane,71,2,0.000694,0.000000,0,0.000000,0
brisbane,71,3,0.000694,0.000000,0,0.000000,0
brisbane,71,4,0.000694,0.000000,0,0.000000,0
brisbane,71,5,0.000694,0.000000,0,0.000000,0
brisbane,71,6,0.000694,0.000000,0,0.000000,0
brisbane,71,7,0.000694,0.000000,0,0.000000,0
brisbane,71,8,0.000694,0.000000,0,0.000000,0
brisbane,72,1,0.000782,0.000000,0,0.000000,0
brisbane,72,2,0.000782,0.000000,0,0.000000,0
brisbane,72,3,0.000782,0.000000,0,0.000000,0
brisbane,72,4,0.000782,0.000000,0,0.000000,0
brisbane,72,5,0.000782,0.000000,0,0.000000,0
brisbane,72,6,0.000782,0.000000,0,0.000000,0
brisbane,72,7,0.000782,0.000000,0,0.000000,0
brisbane,72,8,0.000782,0.000000,0,0.000000,0
brisbane,73,1,0.000665,0.000000,0,0.000000,0
brisbane,73,2,0.000665,0.000000,0,0.000000,0
brisbane,73,3,0.000665,0.000000,0,0.000000,0
brisbane,73,4,0.000665,0.000000,0,0.000000,0
brisbane,73,5,0.000665,0.000000,0,0.000000,0
brisbane,73,6,0.000665,0.000000,0,0.000000,0
brisbane,73,7,0.000665,0.000000,0,0.000000,0
brisbane,73,8,0.000665,0.000000,0,0.000000,0
brisbane,74,1,0.000685,0.000000,0,0.000000,0
brisbane,74,2,0.000685,0.000000,0,0.000000,0
brisbane,74,3,0.000685,0.000000,0,0.000000,0
brisbane,74,4,0.000685,0.000000,0,0.000000,0
brisbane,74,5,0.000685,0.000000,0,0.000000,0
brisbane,74,6,0.000685,0.000000,0,0.000000,0
brisbane,74,7,0.000685,0.000000,0,0.000000,0
brisbane,74,8,0.000685,0.000000,0,0.000000,0
brisbane,75,1,0.000669,0.000000,0,0.000000,0
brisbane,75,2,0.000669,0.000000,0,0.000000,0
brisbane,75,3,0.000669,0.000000,0,0.000000,0
brisbane,75,4,0.000669,0.000000,0,0.000000,0
brisbane,75,5,0.000669,0.000000,0,0.000000,0
brisbane,75,6,0.000669,0.000000,0,0.000000,0
brisbane,75,7,0.000669,0.000000,0,0.000000,0
brisbane,75,8,0.000669,0.000000,0,0.000000,0
brisbane,76,1,0.000675,0.000000,0,0.000000,0
brisbane,76,2,0.000675,0.000000,0,0.000000,0
brisbane,76,3,0.000675,0.000000,0,0.000000,0
brisbane,76,4,0.000675,0.000000,0,0.000000,0
brisbane,76,5,0.000675,0.000000,0,0.000000,0
brisbane,76,6,0.000675,0.000000,0,0.000000,0
brisbane,76,7,0.000675,0.000000,0,0.000000,0
brisbane,76,8,0.000675,0.000000,0,0.000000,0
brisbane,77,1,0.000635,0.000000,0,0.000000,0
brisbane,77,2,0.000635,0.000000,0,0.000000,0
brisbane,77,3,0.000635,0.000000,0,0.000000,0
brisbane,77,4,0.000635,0.000000,0,0.000000,0
brisbane,77,5,0.000635,0.000000,0,0.000000,0
brisbane,77,6,0.000635,0.000000,0,0.000000,0
brisbane,77,7,0.000635,0.000000,0,0.000000,0
brisbane,77,8,0.000635,0.000000,0,0.000000,0
brisbane,78,1,0.000693,0.000000,0,0.000000,0
brisbane,78,2,0.000693,0.000000,0,0.000000,0
brisbane,78,3,0.000693,0.000000,0,0.000000,0
brisbane,78,4,0.000693,0.000000,0,0.000000,0
brisbane,78,5,0.000693,0.000000,0,0.000000,0
brisbane,78,6,0.000693,0.000000,0,0.000000,0
brisbane,78,7,0.000693,0.000000,0,0.000000,0
brisbane,78,8,0.000693,0.000000,0,0.000000,0
brisbane,79,1,0.000659,0.000000,0,0.000000,0
brisbane,79,2,0.000659,0.000000,0,0.000000,0
brisbane,79,3,0.000659,0.000000,0,0.000000,0
brisbane,79,4,0.000659,0.000000,0,0.000000,0
brisbane,79,5,0.000659,0.000000,0,0.000000,0
brisbane,79,6,0.000659,0.000000,0,0.000000,0
brisbane,79,7,0.000659,0.000000,0,0.000000,0
brisbane,79,8,0.000659,0.000000,0,0.000000,0
brisbane,80,1,0.000661,0.000000,0,0.000000,0
brisbane,80,2,0.000661,0.000000,0,0.000000,0
brisbane,80,3,0.000661,0.000000,0,0.000000,0
brisbane,80,4,0.000661,0.000000,0,0.000000,0
brisbane,80,5,0.000661,0.000000,0,0.000000,0
brisbane,80,6,0.000661,0.000000,0,0.000000,0
brisbane,80,7,0.000661,0.000000,0,0.000000,0
brisbane,80,8,0.000661,0.000000,0,0.000000,0
brisbane,81,1,0.000740,0.000000,0,0.000000,0
brisbane,81,2,0.000740,0.000000,0,0.000000,0
brisbane,81,3,0.000740,0.000000,0,0.000000,0
brisbane,81,4,0.000740,0.000000,0,0.000000,0
brisbane,81,5,0.000740,0.000000,0,0.000000,0
brisbane,81,6,0.000740,0.000000,0,0.000000,0
brisbane,81,7,0.000740,0.000000,0,0.000000,0
brisbane,81,8,0.000740,0.000000,0,0.000000,0
brisbane,82,1,0.000702,0.000000,0,0.000000,0
brisbane,82,2,0.000702,0.000000,0,0.000000,0
brisbane,82,3,0.000702,0.000000,0,0.000000,0
brisbane,82,4,0.000702,0.000000,0,0.000000,0
brisbane,82,5,0.000702,0.000000,0,0.000000,0
brisbane,82,6,0.000702,0.000000,0,0.000000,0
brisbane,82,7,0.000702,0.000000,0,0.000000,0
brisbane,82,8,0.000702,0.000000,0,0.000000,0
brisbane,83,1,0.000706,0.000000,0,0.000000,0
brisbane,83,2,0.000706,0.000000,0,0.000000,0
brisbane,83,3,0.000706,0.000000,0,0.000000,0
brisbane,83,4,0.000706,0.000000,0,0.000000,0
brisbane,83,5,0.000706,0.000000,0,0.000000,0
brisbane,83,6,0.000706,0.000000,0,0.000000,0
brisbane,83,7,0.000706,0.000000,0,0.000000,0
brisbane,83,8,0.000706,0.000000,0,0.000000,0
brisbane,84,1,0.000647,0.000000,0,0.000000,0
brisbane,84,2,0.000647,0.000000,0,0.000000,0
brisbane,84,3,0.000647,0.000000,0,0.000000,0
brisbane,84,4,0.000647,0.000000,0,0.000000,0
brisbane,84,5,0.000647,0.000000,0,0.000000,0
brisbane,84,6,0.000647,0.000000,0,0.000000,0
brisbane,84,7,0.000647,0.000000,0,0.000000,0
brisbane,84,8,0.000647,0.000000,0,0.000000,0
brisbane,85,1,0.000650,0.000000,0,0.000000,0
brisbane,85,2,0.000650,0.000000,0,0.000000,0
brisbane,85,3,0.000650,0.000000,0,0.000000,0
brisbane,85,4,0.000650,0.000000,0,0.000000,0
brisbane,85,5,0.000650,0.000000,0,0.000000,0
brisbane,85,6,0.000650,0.000000,0,0.000000,0
brisbane,85,7,0.000650,0.000000,0,0.000000,0
brisbane,85,8,0.000650,0.000000,0,0.000000,0
brisbane,86,1,0.000679,0.000000,0,0.000000,0
brisbane,86,2,0.000679,0.000000,0,0.000000,0
brisbane,86,3,0.000679,0.000000,0,0.000000,0
brisbane,86,4,0.000679,0.000000,0,0.000000,0
brisbane,86,5,0.000679,0.000000,0,0.000000,0
brisbane,86,6,0.000679,0.000000,0,0.000000,0
brisbane,86,7,0.000679,0.000000,0,0.000000,0
brisbane,86,8,0.000679,0.000000,0,0.000000,0
brisbane,87,1,0.000705,0.000000,0,0.000000,0
brisbane,87,2,0.000705,0.000000,0,0.000000,0
brisbane,87,3,0.000705,0.000000,0,0.000000,0
brisbane,87,4,0.000705,0.000000,0,0.000000,0
brisbane,87,5,0.000705,0.000000,0,0.000000,0
brisbane,87,6,0.000705,0.000000,0,0.000000,0
brisbane,87,7,0.000705,0.000000,0,0.000000,0
brisbane,87,8,0.000705,0.000000,0,0.000000,0
brisbane,88,1,0.000689,0.000000,0,0.000000,0
brisbane,88,2,0.000689,0.000000,0,0.000000,0
brisbane,88,3,0.000689,0.000000,0,0.000000,0
brisbane,88,4,0.000689,0.000000,0,0.000000,0
brisbane,88,5,0.000689,0.000000,0,0.000000,0
brisbane,88,6,0.000689,0.000000,0,0.000000,0
brisbane,88,7,0.000689,0.000000,0,0.000000,0
brisbane,88,8,0.000689,0.000000,0,0.000000,0
brisbane,89,1,0.000693,0.000000,0,0.000000,0
brisbane,89,2,0.000693,0.000000,0,0.000000,0
brisbane,89,3,0.000693,0.000000,0,0.000000,0
brisbane,89,4,0.000693,0.000000,0,0.000000,0
brisbane,89,5,0.000693,0.000000,0,0.000000,0
brisbane,89,6,0.000693,0.000000,0,0.000000,0
brisbane,89,7,0.000693,0.000000,0,0.000000,0
brisbane,89,8,0.000693,0.000000,0,0.000000,0
brisbane,90,1,0.000675,0.000000,0,0.000000,0
brisbane,90,2,0.000675,0.000000,0,0.000000,0
brisbane,90,3,0.000675,0.000000,0,0.000000,0
brisbane,90,4,0.000675,0.000000,0,0.000000,0
brisbane,90,5,0.000675,0.000000,0,0.000000,0
brisbane,90,6,0.000675,0.000000,0,0.000000,0
brisbane,90,7,0.000675,0.000000,0,0.000000,0
brisbane,90,8,0.000675,0.000000,0,0.000000,0
brisbane,91,1,0.000684,0.000000,0,0.000000,0
brisbane,91,2,0.000684,0.000000,0,0.000000,0
brisbane,91,3,0.000684,0.000000,0,0.000000,0
brisbane,91,4,0.000684,0.000000,0,0.000000,0
brisbane,91,5,0.000684,0.000000,0,0.000000,0
brisbane,91,6,0.000684,0.000000,0,0.000000,0
brisbane,91,7,0.000684,0.000000,0,0.000000,0
brisbane,91,8,0.000684,0.000000,0,0.000000,0
brisbane,92,1,0.000682,0.000000,0,0.000000,0
brisbane,92,2,0.000682,0.000000,0,0.000000,0
brisbane,92,3,0.000682,0.000000,0,0.000000,0
brisbane,92,4,0.000682,0.000000,0,0.000000,0
brisbane,92,5,0.000682,0.000000,0,0.000000,0
brisbane,92,6,0.000682,0.000000,0,0.000000,0
brisbane,92,7,0.000682,0.000000,0,0.000000,0
brisbane,92,8,0.000682,0.000000,0,0.000000,0
brisbane,93,1,0.000661,0.000000,0,0.000000,0
brisbane,93,2,0.000661,0.000000,0,0.000000,0
brisbane,93,3,0.000661,0.000000,0,0.000000,0
brisbane,93,4,0.000661,0.000000,0,0.000000,0
brisbane,93,5,0.000661,0.000000,0,0.000000,0
brisbane,93,6,0.000661,0.000000,0,0.000000,0
brisbane,93,7,0.000661,0.000000,0,0.000000,0
brisbane,93,8,0.000661,0.000000,0,0.000000,0
brisbane,94,1,0.000647,0.000000,0,0.000000,0
brisbane,94,2,0.000647,0.000000,0,0.000000,0
brisbane,94,3,0.000647,0.000000,0,0.000000,0
brisbane,94,4,0.000647,0.000000,0,0.000000,0
brisbane,94,5,0.000647,0.000000,0,0.000000,0
brisbane,94,6,0.000647,0.000000,0,0.000000,0
brisbane,94,7,0.000647,0.000000,0,0.000000,0
brisbane,94,8,0.000647,0.000000,0,0.000000,0
brisbane,95,1,0.000681,0.000000,0,0.000000,0
brisbane,95,2,0.000681,0.000000,0,0.000000,0
brisbane,95,3,0.000681,0.000000,0,0.000000,0
brisbane,95,4,0.000681,0.000000,0,0.000000,0
brisbane,95,5,0.000681,0.000000,0,0.000000,0
brisbane,95,6,0.000681,0.000000,0,0.000000,0
brisbane,95,7,0.000681,0.000000,0,0.000000,0
brisbane,95,8,0.000681,0.000000,0,0.000000,0
brisbane,96,1,0.000670,0.000000,0,0.000000,0
brisbane,96,2,0.000670,0.000000,0,0.000000,0
brisbane,96,3,0.000670,0.000000,0,0.000000,0
brisbane,96,4,0.000670,0.000000,0,0.000000,0
brisbane,96,5,0.000670,0.000000,0,0.000000,0
brisbane,96,6,0.000670,0.000000,0,0.000000,0
brisbane,96,7,0.000670,0.000000,0,0.000000,0
brisbane,96,8,0.000670,0.000000,0,0.000000,0
brisbane,97,1,0.000667,0.000000,0,0.000000,0
brisbane,97,2,0.000667,0.000000,0,0.000000,0
brisbane,97,3,0.000667,0.000000,0,0.000000,0
brisbane,97,4,0.000667,0.000000,0,0.000000,0
brisbane,97,5,0.000667,0.000000,0,0.000000,0
brisbane,97,6,0.000667,0.000000,0,0.000000,0
brisbane,97,7,0.000667,0.000000,0,0.000000,0
brisbane,97,8,0.000667,0.000000,0,0.000000,0
brisbane,98,1,0.000694,0.000000,0,0.000000,0
brisbane,98,2,0.000694,0.000000,0,0.000000,0
brisbane,98,3,0.000694,0.000000,0,0.000000,0
brisbane,98,4,0.000694,0.000000,0,0.000000,0
brisbane,98,5,0.000694,0.000000,0,0.000000,0
brisbane,98,6,0.000694,0.000000,0,0.000000,0
brisbane,98,7,0.000694,0.000000,0,0.000000,0
brisbane,98,8,0.000694,0.000000,0,0.000000,0
brisbane,99,1,0.000630,0.000000,0,0.000000,0
brisbane,99,2,0.000630,0.000000,0,0.000000,0
brisbane,99,3,0.000630,0.000000,0,0.000000,0
brisbane,99,4,0.000630,0.000000,0,0.000000,0
brisbane,99,5,0.000630,0.000000,0,0.000000,0
brisbane,99,6,0.000630,0.000000,0,0.000000,0
brisbane,99,7,0.000630,0.000000,0,0.000000,0
brisbane,99,8,0.000630,0.000000,0,0.000000,0
brisbane,100,1,0.000716,0.000000,0,0.000000,0
brisbane,100,2,0.000716,0.000000,0,0.000000,0
brisbane,100,3,0.000716,0.000000,0,0.000000,0
brisbane,100,4,0.000716,0.000000,0,0.000000,0
brisbane,100,5,0.000716,0.000000,0,0.000000,0
brisbane,100,6,0.000716,0.000000,0,0.000000,0
brisbane,100,7,0.000716,0.000000,0,0.000000,0
brisbane,100,8,0.000716,0.000000,0,0.000000,0
brisbane,101,1,0.000676,0.000000,0,0.000000,0
brisbane,101,2,0.000676,0.000000,0,0.000000,0
brisbane,101,3,0.000676,0.000000,0,0.000000,0
brisbane,101,4,0.000676,0.000000,0,0.000000,0
brisbane,101,5,0.000676,0.000000,0,0.000000,0
brisbane,101,6,0.000676,0.000000,0,0.000000,0
brisbane,101,7,0.000676,0.000000,0,0.000000,0
brisbane,101,8,0.000676,0.000000,0,0.000000,0
brisbane,102,1,0.000731,0.000000,0,0.000000,0
brisbane,102,2,0.000731,0.000000,0,0.000000,0
brisbane,102,3,0.000731,0.000000,0,0.000000,0
brisbane,102,4,0.000731,0.000000,0,0.000000,0
brisbane,102,5,0.000731,0.000000,0,0.000000,0
brisbane,102,6,0.000731,0.000000,0,0.000000,0
brisbane,102,7,0.000731,0.000000,0,0.000000,0
brisbane,102,8,0.000731,0.000000,0,0.000000,0
brisbane,103,1,0.000698,0.000000,0,0.000000,0
brisbane,103,2,0.000698,0.000000,0,0.000000,0
brisbane,103,3,0.000698,0.000000,0,0.000000,0
brisbane,103,4,0.000698,0.000000,0,0.000000,0
brisbane,103,5,0.000698,0.000000,0,0.000000,0
brisbane,103,6,0.000698,0.000000,0,0.000000,0
brisbane,103,7,0.000698,0.000000,0,0.000000,0
brisbane,103,8,0.000698,0.000000,0,0.000000,0
brisbane,104,1,0.000689,0.000000,0,0.000000,0
brisbane,104,2,0.000689,0.000000,0,0.000000,0
brisbane,104,3,0.000689,0.000000,0,0.000000,0
brisbane,104,4,0.000689,0.000000,0,0.000000,0
brisbane,104,5,0.000689,0.000000,0,0.000000,0
brisbane,104,6,0.000689,0.000000,0,0.000000,0
brisbane,104,7,0.000689,0.000000,0,0.000000,0
brisbane,104,8,0.000689,0.000000,0,0.000000,0
brisbane,105,1,0.000652,0.000000,0,0.000000,0
brisbane,105,2,0.000652,0.000000,0,0.000000,0
brisbane,105,3,0.000652,0.000000,0,0.000000,0
brisbane,105,4,0.000652,0.000000,0,0.000000,0
brisbane,105,5,0.000652,0.000000,0,0.000000,0
brisbane,105,6,0.000652,0.000000,0,0.000000,0
brisbane,105,7,0.000652,0.000000,0,0.000000,0
brisbane,105,8,0.000652,0.000000,0,0.000000,0
brisbane,106,1,0.000650,0.000000,0,0.000000,0
brisbane,106,2,0.000650,0.000000,0,0.000000,0
brisbane,106,3,0.000650,0.000000,0,0.000000,0
brisbane,106,4,0.000650,0.000000,0,0.000000,0
brisbane,106,5,0.000650,0.000000,0,0.000000,0
brisbane,106,6,0.000650,0.000000,0,0.000000,0
brisbane,106,7,0.000650,0.000000,0,0.000000,0
brisbane,106,8,0.000650,0.000000,0,0.000000,0
brisbane,107,1,0.000707,0.000000,0,0.000000,0
brisbane,107,2,0.000707,0.000000,0,0.000000,0
brisbane,107,3,0.000707,0.000000,0,0.000000,0
brisbane,107,4,0.000707,0.000000,0,0.000000,0
brisbane,107,5,0.000707,0.000000,0,0.000000,0
brisbane,107,6,0.000707,0.000000,0,0.000000,0
brisbane,107,7,0.000707,0.000000,0,0.000000,0
brisbane,107,8,0.000707,0.000000,0,0.000000,0
brisbane,108,1,0.000690,0.000000,0,0.000000,0
brisbane,108,2,0.000690,0.000000,0,0.000000,0
brisbane,108,3,0.000690,0.000000,0,0.000000,0
brisbane,108,4,0.000690,0.000000,0,0.000000,0
brisbane,108,5,0.000690,0.000000,0,0.000000,0
brisbane,108,6,0.000690,0.000000,0,0.000000,0
brisbane,108,7,0.000690,0.000000,0,0.000000,0
brisbane,108,8,0.000690,0.000000,0,0.000000,0
brisbane,109,1,0.000697,0.000000,0,0.000000,0
brisbane,109,2,0.000697,0.000000,0,0.000000,0
brisbane,109,3,0.000697,0.000000,0,0.000000,0
brisbane,109,4,0.000697,0.000000,0,0.000000,0
brisbane,109,5,0.000697,0.000000,0,0.000000,0
brisbane,109,6,0.000697,0.000000,0,0.000000,0
brisbane,109,7,0.000697,0.000000,0,0.000000,0
brisbane,109,8,0.000697,0.000000,0,0.000000,0
brisbane,110,1,0.000689,0.000000,0,0.000000,0
brisbane,110,2,0.000689,0.000000,0,0.000000,0
brisbane,110,3,0.000689,0.000000,0,0.000000,0
brisbane,110,4,0.000689,0.000000,0,0.000000,0
brisbane,110,5,0.000689,0.000000,0,0.000000,0
brisbane,110,6,0.000689,0.000000,0,0.000000,0
brisbane,110,7,0.000689,0.000000,0,0.000000,0
brisbane,110,8,0.000689,0.000000,0,0.000000,0
brisbane,111,1,0.000701,0.000000,0,0.000000,0
brisbane,111,2,0.000701,0.000000,0,0.000000,0
brisbane,111,3,0.000701,0.000000,0,0.000000,0
brisbane,111,4,0.000701,0.000000,0,0.000000,0
brisbane,111,5,0.000701,0.000000,0,0.000000,0
brisbane,111,6,0.000701,0.000000,0,0.000000,0
brisbane,111,7,0.000701,0.000000,0,0.000000,0
brisbane,111,8,0.000701,0.000000,0,0.000000,0
brisbane,112,1,0.000662,0.000000,0,0.000000,0
brisbane,112,2,0.000662,0.000000,0,0.000000,0
brisbane,112,3,0.000662,0.000000,0,0.000000,0
brisbane,112,4,0.000662,0.000000,0,0.000000,0
brisbane,112,5,0.000662,0.000000,0,0.000000,0
brisbane,112,6,0.000662,0.000000,0,0.000000,0
brisbane,112,7,0.000662,0.000000,0,0.000000,0
brisbane,112,8,0.000662,0.000000,0,0.000000,0
brisbane,113,1,0.000673,0.000000,0,0.000000,0
brisbane,113,2,0.000673,0.000000,0,0.000000,0
brisbane,113,3,0.000673,0.000000,0,0.000000,0
brisbane,113,4,0.000673,0.000000,0,0.000000,0
brisbane,113,5,0.000673,0.000000,0,0.000000,0
brisbane,113,6,0.000673,0.000000,0,0.000000,0
brisbane,113,7,0.000673,0.000000,0,0.000000,0
brisbane,113,8,0.000673,0.000000,0,0.000000,0
brisbane,114,1,0.000667,0.000000,0,0.000000,0
brisbane,114,2,0.000667,0.000000,0,0.000000,0
brisbane,114,3,0.000667,0.000000,0,0.000000,0
brisbane,114,4,0.000667,0.000000,0,0.000000,0
brisbane,114,5,0.000667,0.000000,0,0.000000,0
brisbane,114,6,0.000667,0.000000,0,0.000000,0
brisbane,114,7,0.000667,0.000000,0,0.000000,0
brisbane,114,8,0.000667,0.000000,0,0.000000,0
brisbane,115,1,0.000688,0.000000,0,0.000000,0
brisbane,115,2,0.000688,0.000000,0,0.000000,0
brisbane,115,3,0.000688,0.000000,0,0.000000,0
brisbane,115,4,0.000688,0.000000,0,0.000000,0
brisbane,115,5,0.000688,0.000000,0,0.000000,0
brisbane,115,6,0.000688,0.000000,0,0.000000,0
brisbane,115,7,0.000688,0.000000,0,0.000000,0
brisbane,115,8,0.000688,0.000000,0,0.000000,0
brisbane,116,1,0.000656,0.000000,0,0.000000,0
brisbane,116,2,0.000656,0.000000,0,0.000000,0
brisbane,116,3,0.000656,0.000000,0,0.000000,0
brisbane,116,4,0.000656,0.000000,0,0.000000,0
brisbane,116,5,0.000656,0.000000,0,0.000000,0
brisbane,116,6,0.000656,0.000000,0,0.000000,0
brisbane,116,7,0.000656,0.000000,0,0.000000,0
brisbane,116,8,0.000656,0.000000,0,0.000000,0
brisbane,117,1,0.000685,0.000000,0,0.000000,0
brisbane,117,2,0.000685,0.000000,0,0.000000,0
brisbane,117,3,0.000685,0.000000,0,0.000000,0
brisbane,117,4,0.000685,0.000000,0,0.000000,0
brisbane,117,5,0.000685,0.000000,0,0.000000,0
brisbane,117,6,0.000685,0.000000,0,0.000000,0
brisbane,117,7,0.000685,0.000000,0,0.000000,0
brisbane,117,8,0.000685,0.000000,0,0.000000,0
brisbane,118,1,0.000668,0.000000,0,0.000000,0
brisbane,118,2,0.000668,0.000000,0,0.000000,0
brisbane,118,3,0.000668,0.000000,0,0.000000,0
brisbane,118,4,0.000668,0.000000,0,0.000000,0
brisbane,118,5,0.000668,0.000000,0,0.000000,0
brisbane,118,6,0.000668,0.000000,0,0.000000,0
brisbane,118,7,0.000668,0.000000,0,0.000000,0
brisbane,118,8,0.000668,0.000000,0,0.000000,0
brisbane,119,1,0.000674,0.000000,0,0.000000,0
brisbane,119,2,0.000674,0.000000,0,0.000000,0
brisbane,119,3,0.000674,0.000000,0,0.000000,0
brisbane,119,4,0.000674,0.000000,0,0.000000,0
brisbane,119,5,0.000674,0.000000,0,0.000000,0
brisbane,119,6,0.000674,0.000000,0,0.000000,0
brisbane,119,7,0.000674,0.000000,0,0.000000,0
brisbane,119,8,0.000674,0.000000,0,0.000000,0
brisbane,120,1,0.000672,0.000000,0,0.000000,0
brisbane,120,2,0.000672,0.000000,0,0.000000,0
brisbane,120,3,0.000672,0.000000,0,0.000000,0
brisbane,120,4,0.000672,0.000000,0,0.000000,0
brisbane,120,5,0.000672,0.000000,0,0.000000,0
brisbane,120,6,0.000672,0.000000,0,0.000000,0
brisbane,120,7,0.000672,0.000000,0,0.000000,0
brisbane,120,8,0.000672,0.000000,0,0.000000,0
brisbane,121,1,0.000697,0.000000,0,0.000000,0
brisbane,121,2,0.000697,0.000000,0,0.000000,0
brisbane,121,3,0.000697,0.000000,0,0.000000,0
brisbane,121,4,0.000697,0.000000,0,0.000000,0
brisbane,121,5,0.000697,0.000000,0,0.000000,0
brisbane,121,6,0.000697,0.000000,0,0.000000,0
brisbane,121,7,0.000697,0.000000,0,0.000000,0
brisbane,121,8,0.000697,0.000000,0,0.000000,0
brisbane,122,1,0.000655,0.000000,0,0.000000,0
brisbane,122,2,0.000655,0.000000,0,0.000000,0
brisbane,122,3,0.000655,0.000000,0,0.000000,0
brisbane,122,4,0.000655,0.000000,0,0.000000,0
brisbane,122,5,0.000655,0.000000,0,0.000000,0
brisbane,122,6,0.000655,0.000000,0,0.000000,0
brisbane,122,7,0.000655,0.000000,0,0.000000,0
brisbane,122,8,0.000655,0.000000,0,0.000000,0
brisbane,123,1,0.000678,0.000000,0,0.000000,0
brisbane,123,2,0.000678,0.000000,0,0.000000,0
brisbane,123,3,0.000678,0.000000,0,0.000000,0
brisbane,123,4,0.000678,0.000000,0,0.000000,0
brisbane,123,5,0.000678,0.000000,0,0.000000,0
brisbane,123,6,0.000678,0.000000,0,0.000000,0
brisbane,123,7,0.000678,0.000000,0,0.000000,0
brisbane,123,8,0.000678,0.000000,0,0.000000,0
brisbane,124,1,0.000663,0.000000,0,0.000000,0
brisbane,124,2,0.000663,0.000000,0,0.000000,0
brisbane,124,3,0.000663,0.000000,0,0.000000,0
brisbane,124,4,0.000663,0.000000,0,0.000000,0
brisbane,124,5,0.000663,0.000000,0,0.000000,0
brisbane,124,6,0.000663,0.000000,0,0.000000,0
brisbane,124,7,0.000663,0.000000,0,0.000000,0
brisbane,124,8,0.000663,0.000000,0,0.000000,0
brisbane,125,1,0.000710,0.000000,0,0.000000,0
brisbane,125,2,0.000710,0.000000,0,0.000000,0
brisbane,125,3,0.000710,0.000000,0,0.000000,0
brisbane,125,4,0.000710,0.000000,0,0.000000,0
brisbane,125,5,0.000710,0.000000,0,0.000000,0
brisbane,125,6,0.000710,0.000000,0,0.000000,0
brisbane,125,7,0.000710,0.000000,0,0.000000,0
brisbane,125,8,0.000710,0.000000,0,0.000000,0
brisbane,126,1,0.000708,0.000000,0,0.000000,0
brisbane,126,2,0.000708,0.000000,0,0.000000,0
brisbane,126,3,0.000708,0.000000,0,0.000000,0
brisbane,126,4,0.000708,0.000000,0,0.000000,0
brisbane,126,5,0.000708,0.000000,0,0.000000,0
brisbane,126,6,0.000708,0.000000,0,0.000000,0
brisbane,126,7,0.000708,0.000000,0,0.000000,0
brisbane,126,8,0.000708,0.000000,0,0.000000,0
brooklyn,0,1,0.000653,0.000000,0,0.000000,0
brooklyn,0,2,0.000653,0.000000,0,0.000000,0
brooklyn,0,3,0.000653,0.000000,0,0.000000,0
brooklyn,0,4,0.000653,0.000000,0,0.000000,0
brooklyn,0,5,0.000653,0.000000,0,0.000000,0
brooklyn,0,6,0.000653,0.000000,0,0.000000,0
brooklyn,0,7,0.000653,0.000000,0,0.000000,0
brooklyn,0,8,0.000653,0.000000,0,0.000000,0
brooklyn,1,1,0.000658,0.000000,0,0.000000,0
brooklyn,1,2,0.000658,0.000000,0,0.000000,0
brooklyn,1,3,0.000658,0.000000,0,0.000000,0
brooklyn,1,4,0.000658,0.000000,0,0.000000,0
brooklyn,1,5,0.000658,0.000000,0,0.000000,0
brooklyn,1,6,0.000658,0.000000,0,0.000000,0
brooklyn,1,7,0.000658,0.000000,0,0.000000,0
brooklyn,1,8,0.000658,0.000000,0,0.000000,0
brooklyn,2,1,0.000630,0.000000,0,0.000000,0
brooklyn,2,2,0.000630,0.000000,0,0.000000,0
brooklyn,2,3,0.000630,0.000000,0,0.000000,0
brooklyn,2,4,0.000630,0.000000,0,0.000000,0
brooklyn,2,5,0.000630,0.000000,0,0.000000,0
brooklyn,2,6,0.000630,0.000000,0,0.000000,0
brooklyn,2,7,0.000630,0.000000,0,0.000000,0
brooklyn,2,8,0.000630,0.000000,0,0.000000,0
brooklyn,3,1,0.000727,0.000000,0,0.000000,0
brooklyn,3,2,0.000727,0.000000,0,0.000000,0
brooklyn,3,3,0.000727,0.000000,0,0.000000,0
brooklyn,3,4,0.000727,0.000000,0,0.000000,0
brooklyn,3,5,0.000727,0.000000,0,0.000000,0
brooklyn,3,6,0.000727,0.000000,0,0.000000,0
brooklyn,3,7,0.000727,0.000000,0,0.000000,0
brooklyn,3,8,0.000727,0.000000,0,0.000000,0
brooklyn,4,1,0.000668,0.000000,0,0.000000,0
brooklyn,4,2,0.000668,0.000000,0,0.000000,0
brooklyn,4,3,0.000668,0.000000,0,0.000000,0
brooklyn,4,4,0.000668,0.000000,0,0.000000,0
brooklyn,4,5,0.000668,0.000000,0,0.000000,0
brooklyn,4,6,0.000668,0.000000,0,0.000000,0
brooklyn,4,7,0.000668,0.000000,0,0.000000,0
brooklyn,4,8,0.000668,0.000000,0,0.000000,0
brooklyn,5,1,0.000654,0.000000,0,0.000000,0
brooklyn,5,2,0.000654,0.000000,0,0.000000,0
brooklyn,5,3,0.000654,0.000000,0,0.000000,0
brooklyn,5,4,0.000654,0.000000,0,0.000000,0
brooklyn,5,5,0.000654,0.000000,0,0.000000,0
brooklyn,5,6,0.000654,0.000000,0,0.000000,0
brooklyn,5,7,0.000654,0.000000,0,0.000000,0
brooklyn,5,8,0.000654,0.000000,0,0.000000,0
brooklyn,6,1,0.000660,0.000000,0,0.000000,0
brooklyn,6,2,0.000660,0.000000,0,0.000000,0
brooklyn,6,3,0.000660,0.000000,0,0.000000,0
brooklyn,6,4,0.000660,0.000000,0,0.000000,0
brooklyn,6,5,0.000660,0.000000,0,0.000000,0
brooklyn,6,6,0.000660,0.000000,0,0.000000,0
brooklyn,6,7,0.000660,0.000000,0,0.000000,0
brooklyn,6,8,0.000660,0.000000,0,0.000000,0
brooklyn,7,1,0.000632,0.000000,0,0.000000,0
brooklyn,7,2,0.000632,0.000000,0,0.000000,0
brooklyn,7,3,0.000632,0.000000,0,0.000000,0
brooklyn,7,4,0.000632,0.000000,0,0.000000,0
brooklyn,7,5,0.000632,0.000000,0,0.000000,0
brooklyn,7,6,0.000632,0.000000,0,0.000000,0
brooklyn,7,7,0.000632,0.000000,0,0.000000,0
brooklyn,7,8,0.000632,0.000000,0,0.000000,0
brooklyn,8,1,0.000619,0.000000,0,0.000000,0
brooklyn,8,2,0.000619,0.000000,0,0.000000,0
brooklyn,8,3,0.000619,0.000000,0,0.000000,0
brooklyn,8,4,0.000619,0.000000,0,0.000000,0
brooklyn,8,5,0.000619,0.000000,0,0.000000,0
brooklyn,8,6,0.000619,0.000000,0,0.000000,0
brooklyn,8,7,0.000619,0.000000,0,0.000000,0
brooklyn,8,8,0.000619,0.000000,0,0.000000,0
brooklyn,9,1,0.000666,0.000000,0,0.000000,0
brooklyn,9,2,0.000666,0.000000,0,0.000000,0
brooklyn,9,3,0.000666,0.000000,0,0.000000,0
brooklyn,9,4,0.000666,0.000000,0,0.000000,0
brooklyn,9,5,0.000666,0.000000,0,0.000000,0
brooklyn,9,6,0.000666,0.000000,0,0.000000,0
brooklyn,9,7,0.000666,0.000000,0,0.000000,0
brooklyn,9,8,0.000666,0.000000,0,0.000000,0
brooklyn,10,1,0.000667,0.000000,0,0.000000,0
brooklyn,10,2,0.000667,0.000000,0,0.000000,0
brooklyn,10,3,0.000667,0.000000,0,0.000000,0
brooklyn,10,4,0.000667,0.000000,0,0.000000,0
brooklyn,10,5,0.000667,0.000000,0,0.000000,0
brooklyn,10,6,0.000667,0.000000,0,0.000000,0
brooklyn,10,7,0.000667,0.000000,0,0.000000,0
brooklyn,10,8,0.000667,0.000000,0,0.000000,0
brooklyn,11,1,0.000659,0.000000,0,0.000000,0
brooklyn,11,2,0.000659,0.000000,0,0.000000,0
brooklyn,11,3,0.000659,0.000000,0,0.000000,0
brooklyn,11,4,0.000659,0.000000,0,0.000000,0
brooklyn,11,5,0.000659,0.000000,0,0.000000,0
brooklyn,11,6,0.000659,0.000000,0,0.000000,0
brooklyn,11,7,0.000659,0.000000,0,0.000000,0
brooklyn,11,8,0.000659,0.000000,0,0.000000,0
brooklyn,12,1,0.000636,0.000000,0,0.000000,0
brooklyn,12,2,0.000636,0.000000,0,0.000000,0
brooklyn,12,3,0.000636,0.000000,0,0.000000,0
brooklyn,12,4,0.000636,0.000000,0,0.000000,0
brooklyn,12,5,0.000636,0.000000,0,0.000000,0
brooklyn,12,6,0.000636,0.000000,0,0.000000,0
brooklyn,12,7,0.000636,0.000000,0,0.000000,0
brooklyn,12,8,0.000636,0.000000,0,0.000000,0
brooklyn,13,1,0.000657,0.000000,0,0.000000,0
brooklyn,13,2,0.000657,0.000000,0,0.000000,0
brooklyn,13,3,0.000657,0.000000,0,0.000000,0
brooklyn,13,4,0.000657,0.000000,0,0.000000,0
brooklyn,13,5,0.000657,0.000000,0,0.000000,0
brooklyn,13,6,0.000657,0.000000,0,0.000000,0
brooklyn,13,7,0.000657,0.000000,0,0.000000,0
brooklyn,13,8,0.000657,0.000000,0,0.000000,0
brooklyn,14,1,0.000608,0.000000,0,0.000000,0
brooklyn,14,2,0.000608,0.000000,0,0.000000,0
brooklyn,14,3,0.000608,0.000000,0,0.000000,0
brooklyn,14,4,0.000608,0.000000,0,0.000000,0
brooklyn,14,5,0.000608,0.000000,0,0.000000,0
brooklyn,14,6,0.000608,0.000000,0,0.000000,0
brooklyn,14,7,0.000608,0.000000,0,0.000000,0
brooklyn,14,8,0.000608,0.000000,0,0.000000,0
brooklyn,15,1,0.000654,0.000000,0,0.000000,0
brooklyn,15,2,0.000654,0.000000,0,0.000000,0
brooklyn,15,3,0.000654,0.000000,0,0.000000,0
brooklyn,15,4,0.000654,0.000000,0,0.000000,0
brooklyn,15,5,0.000654,0.000000,0,0.000000,0
brooklyn,15,6,0.000654,0.000000,0,0.000000,0
brooklyn,15,7,0.000654,0.000000,0,0.000000,0
brooklyn,15,8,0.000654,0.000000,0,0.000000,0
brooklyn,16,1,0.000653,0.000000,0,0.000000,0
brooklyn,16,2,0.000653,0.000000,0,0.000000,0
brooklyn,16,3,0.000653,0.000000,0,0.000000,0
brooklyn,16,4,0.000653,0.000000,0,0.000000,0
brooklyn,16,5,0.000653,0.000000,0,0.000000,0
brooklyn,16,6,0.000653,0.000000,0,0.000000,0
brooklyn,16,7,0.000653,0.000000,0,0.000000,0
brooklyn,16,8,0.000653,0.000000,0,0.000000,0
brooklyn,17,1,0.000664,0.000000,0,0.000000,0
brooklyn,17,2,0.000664,0.000000,0,0.000000,0
brooklyn,17,3,0.000664,0.000000,0,0.000000,0
brooklyn,17,4,0.000664,0.000000,0,0.000000,0
brooklyn,17,5,0.000664,0.000000,0,0.000000,0
brooklyn,17,6,0.000664,0.000000,0,0.000000,0
brooklyn,17,7,0.000664,0.000000,0,0.000000,0
brooklyn,17,8,0.000664,0.000000,0,0.000000,0
brooklyn,18,1,0.000628,0.000000,0,0.000000,0
brooklyn,18,2,0.000628,0.000000,0,0.000000,0
brooklyn,18,3,0.000628,0.000000,0,0.000000,0
brooklyn,18,4,0.000628,0.000000,0,0.000000,0
brooklyn,18,5,0.000628,0.000000,0,0.000000,0
brooklyn,18,6,0.000628,0.000000,0,0.000000,0
brooklyn,18,7,0.000628,0.000000,0,0.000000,0
brooklyn,18,8,0.000628,0.000000,0,0.000000,0
brooklyn,19,1,0.000663,0.000000,0,0.000000,0
brooklyn,19,2,0.000663,0.000000,0,0.000000,0
brooklyn,19,3,0.000663,0.000000,0,0.000000,0
brooklyn,19,4,0.000663,0.000000,0,0.000000,0
brooklyn,19,5,0.000663,0.000000,0,0.000000,0
brooklyn,19,6,0.000663,0.000000,0,0.000000,0
brooklyn,19,7,0.000663,0.000000,0,0.000000,0
brooklyn,19,8,0.000663,0.000000,0,0.000000,0
brooklyn,20,1,0.000653,0.000000,0,0.000000,0
brooklyn,20,2,0.000653,0.000000,0,0.000000,0
brooklyn,20,3,0.000653,0.000000,0,0.000000,0
brooklyn,20,4,0.000653,0.000000,0,0.000000,0
brooklyn,20,5,0.000653,0.000000,0,0.000000,0
brooklyn,20,6,0.000653,0.000000,0,0.000000,0
brooklyn,20,7,0.000653,0.000000,0,0.000000,0
brooklyn,20,8,0.000653,0.000000,0,0.000000,0
brooklyn,21,1,0.000657,0.000000,0,0.000000,0
brooklyn,21,2,0.000657,0.000000,0,0.000000,0
brooklyn,21,3,0.000657,0.000000,0,0.000000,0
brooklyn,21,4,0.000657,0.000000,0,0.000000,0
brooklyn,21,5,0.000657,0.000000,0,0.000000,0
brooklyn,21,6,0.000657,0.000000,0,0.000000,0
brooklyn,21,7,0.000657,0.000000,0,0.000000,0
brooklyn,21,8,0.000657,0.000000,0,0.000000,0
brooklyn,22,1,0.000619,0.000000,0,0.000000,0
brooklyn,22,2,0.000619,0.000000,0,0.000000,0
brooklyn,22,3,0.000619,0.000000,0,0.000000,0
brooklyn,22,4,0.000619,0.000000,0,0.000000,0
brooklyn,22,5,0.000619,0.000000,0,0.000000,0
brooklyn,22,6,0.000619,0.000000,0,0.000000,0
brooklyn,22,7,0.000619,0.000000,0,0.000000,0
brooklyn,22,8,0.000619,0.000000,0,0.000000,0
brooklyn,23,1,0.000628,0.000000,0,0.000000,0
brooklyn,23,2,0.000628,0.000000,0,0.000000,0
brooklyn,23,3,0.000628,0.000000,0,0.000000,0
brooklyn,23,4,0.000628,0.000000,0,0.000000,0
brooklyn,23,5,0.000628,0.000000,0,0.000000,0
brooklyn,23,6,0.000628,0.000000,0,0.000000,0
brooklyn,23,7,0.000628,0.000000,0,0.000000,0
brooklyn,23,8,0.000628,0.000000,0,0.000000,0
brooklyn,24,1,0.000637,0.000000,0,0.000000,0
brooklyn,24,2,0.000637,0.000000,0,0.000000,0
brooklyn,24,3,0.000637,0.000000,0,0.000000,0
brooklyn,24,4,0.000637,0.000000,0,0.000000,0
brooklyn,24,5,0.000637,0.000000,0,0.000000,0
brooklyn,24,6,0.000637,0.000000,0,0.000000,0
brooklyn,24,7,0.000637,0.000000,0,0.000000,0
brooklyn,24,8,0.000637,0.000000,0,0.000000,0
brooklyn,25,1,0.000670,0.000000,0,0.000000,0
brooklyn,25,2,0.000670,0.000000,0,0.000000,0
brooklyn,25,3,0.000670,0.000000,0,0.000000,0
brooklyn,25,4,0.000670,0.000000,0,0.000000,0
brooklyn,25,5,0.000670,0.000000,0,0.000000,0
brooklyn,25,6,0.000670,0.000000,0,0.000000,0
brooklyn,25,7,0.000670,0.000000,0,0.000000,0
brooklyn,25,8,0.000670,0.000000,0,0.000000,0
brooklyn,26,1,0.000637,0.000000,0,0.000000,0
brooklyn,26,2,0.000637,0.000000,0,0.000000,0
brooklyn,26,3,0.000637,0.000000,0,0.000000,0
brooklyn,26,4,0.000637,0.000000,0,0.000000,0
brooklyn,26,5,0.000637,0.000000,0,0.000000,0
brooklyn,26,6,0.000637,0.000000,0,0.000000,0
brooklyn,26,7,0.000637,0.000000,0,0.000000,0
brooklyn,26,8,0.000637,0.000000,0,0.000000,0
brooklyn,27,1,0.000671,0.000000,0,0.000000,0
brooklyn,27,2,0.000671,0.000000,0,0.000000,0
brooklyn,27,3,0.000671,0.000000,0,0.000000,0
brooklyn,27,4,0.000671,0.000000,0,0.000000,0
brooklyn,27,5,0.000671,0.000000,0,0.000000,0
brooklyn,27,6,0.000671,0.000000,0,0.000000,0
brooklyn,27,7,0.000671,0.000000,0,0.000000,0
brooklyn,27,8,0.000671,0.000000,0,0.000000,0
brooklyn,28,1,0.000636,0.000000,0,0.000000,0
brooklyn,28,2,0.000636,0.000000,0,0.000000,0
brooklyn,28,3,0.000636,0.000000,0,0.000000,0
brooklyn,28,4,0.000636,0.000000,0,0.000000,0
brooklyn,28,5,0.000636,0.000000,0,0.000000,0
brooklyn,28,6,0.000636,0.000000,0,0.000000,0
brooklyn,28,7,0.000636,0.000000,0,0.000000,0
brooklyn,28,8,0.000636,0.000000,0,0.000000,0
brooklyn,29,1,0.000625,0.000000,0,0.000000,0
brooklyn,29,2,0.000625,0.000000,0,0.000000,0
brooklyn,29,3,0.000625,0.000000,0,0.000000,0
brooklyn,29,4,0.000625,0.000000,0,0.000000,0
brooklyn,29,5,0.000625,0.000000,0,0.000000,0
brooklyn,29,6,0.000625,0.000000,0,0.000000,0
brooklyn,29,7,0.000625,0.000000,0,0.000000,0
brooklyn,29,8,0.000625,0.000000,0,0.000000,0
brooklyn,30,1,0.000642,0.000000,0,0.000000,0
brooklyn,30,2,0.000642,0.000000,0,0.000000,0
brooklyn,30,3,0.000642,0.000000,0,0.000000,0
brooklyn,30,4,0.000642,0.000000,0,0.000000,0
brooklyn,30,5,0.000642,0.000000,0,0.000000,0
brooklyn,30,6,0.000642,0.000000,0,0.000000,0
brooklyn,30,7,0.000642,0.000000,0,0.000000,0
brooklyn,30,8,0.000642,0.000000,0,0.000000,0
brooklyn,31,1,0.000735,0.000000,0,0.000000,0
brooklyn,31,2,0.000735,0.000000,0,0.000000,0
brooklyn,31,3,0.000735,0.000000,0,0.000000,0
brooklyn,31,4,0.000735,0.000000,0,0.000000,0
brooklyn,31,5,0.000735,0.000000,0,0.000000,0
brooklyn,31,6,0.000735,0.000000,0,0.000000,0
brooklyn,31,7,0.000735,0.000000,0,0.000000,0
brooklyn,31,8,0.000735,0.000000,0,0.000000,0
brooklyn,32,1,0.000640,0.000000,0,0.000000,0
brooklyn,32,2,0.000640,0.000000,0,0.000000,0
brooklyn,32,3,0.000640,0.000000,0,0.000000,0
brooklyn,32,4,0.000640,0.000000,0,0.000000,0
brooklyn,32,5,0.000640,0.000000,0,0.000000,0
brooklyn,32,6,0.000640,0.000000,0,0.000000,0
brooklyn,32,7,0.000640,0.000000,0,0.000000,0
brooklyn,32,8,0.000640,0.000000,0,0.000000,0
brooklyn,33,1,0.000675,0.000000,0,0.000000,0
brooklyn,33,2,0.000675,0.000000,0,0.000000,0
brooklyn,33,3,0.000675,0.000000,0,0.000000,0
brooklyn,33,4,0.000675,0.000000,0,0.000000,0
brooklyn,33,5,0.000675,0.000000,0,0.000000,0
brooklyn,33,6,0.000675,0.000000,0,0.000000,0
brooklyn,33,7,0.000675,0.000000,0,0.000000,0
brooklyn,33,8,0.000675,0.000000,0,0.000000,0
brooklyn,34,1,0.000676,0.000000,0,0.000000,0
brooklyn,34,2,0.000676,0.000000,0,0.000000,0
brooklyn,34,3,0.000676,0.000000,0,0.000000,0
brooklyn,34,4,0.000676,0.000000,0,0.000000,0
brooklyn,34,5,0.000676,0.000000,0,0.000000,0
brooklyn,34,6,0.000676,0.000000,0,0.000000,0
brooklyn,34,7,0.000676,0.000000,0,0.000000,0
brooklyn,34,8,0.000676,0.000000,0,0.000000,0
brooklyn,35,1,0.000635,0.000000,0,0.000000,0
brooklyn,35,2,0.000635,0.000000,0,0.000000,0
brooklyn,35,3,0.000635,0.000000,0,0.000000,0
brooklyn,35,4,0.000635,0.000000,0,0.000000,0
brooklyn,35,5,0.000635,0.000000,0,0.000000,0
brooklyn,35,6,0.000635,0.000000,0,0.000000,0
brooklyn,35,7,0.000635,0.000000,0,0.000000,0
brooklyn,35,8,0.000635,0.000000,0,0.000000,0
brooklyn,36,1,0.000619,0.000000,0,0.000000,0
brooklyn,36,2,0.000619,0.000000,0,0.000000,0
brooklyn,36,3,0.000619,0.000000,0,0.000000,0
brooklyn,36,4,0.000619,0.000000,0,0.000000,0
brooklyn,36,5,0.000619,0.000000,0,0.000000,0
brooklyn,36,6,0.000619,0.000000,0,0.000000,0
brooklyn,36,7,0.000619,0.000000,0,0.000000,0
brooklyn,36,8,0.000619,0.000000,0,0.000000,0
brooklyn,37,1,0.000649,0.000000,0,0.000000,0
brooklyn,37,2,0.000649,0.000000,0,0.000000,0
brooklyn,37,3,0.000649,0.000000,0,0.000000,0
brooklyn,37,4,0.000649,0.000000,0,0.000000,0
brooklyn,37,5,0.000649,0.000000,0,0.000000,0
brooklyn,37,6,0.000649,0.000000,0,0.000000,0
brooklyn,37,7,0.000649,0.000000,0,0.000000,0
brooklyn,37,8,0.000649,0.000000,0,0.000000,0
brooklyn,38,1,0.000640,0.000000,0,0.000000,0
brooklyn,38,2,0.000640,0.000000,0,0.000000,0
brooklyn,38,3,0.000640,0.000000,0,0.000000,0
brooklyn,38,4,0.000640,0.000000,0,0.000000,0
brooklyn,38,5,0.000640,0.000000,0,0.000000,0
brooklyn,38,6,0.000640,0.000000,0,0.000000,0
brooklyn,38,7,0.000640,0.000000,0,0.000000,0
brooklyn,38,8,0.000640,0.000000,0,0.000000,0
brooklyn,39,1,0.000636,0.000000,0,0.000000,0
brooklyn,39,2,0.000636,0.000000,0,0.000000,0
brooklyn,39,3,0.000636,0.000000,0,0.000000,0
brooklyn,39,4,0.000636,0.000000,0,0.000000,0
brooklyn,39,5,0.000636,0.000000,0,0.000000,0
brooklyn,39,6,0.000636,0.000000,0,0.000000,0
brooklyn,39,7,0.000636,0.000000,0,0.000000,0
brooklyn,39,8,0.000636,0.000000,0,0.000000,0
brooklyn,40,1,0.000625,0.000000,0,0.000000,0
brooklyn,40,2,0.000625,0.000000,0,0.000000,0
brooklyn,40,3,0.000625,0.000000,0,0.000000,0
brooklyn,40,4,0.000625,0.000000,0,0.000000,0
brooklyn,40,5,0.000625,0.000000,0,0.000000,0
brooklyn,40,6,0.000625,0.000000,0,0.000000,0
brooklyn,40,7,0.000625,0.000000,0,0.000000,0
brooklyn,40,8,0.000625,0.000000,0,0.000000,0
brooklyn,41,1,0.000664,0.000000,0,0.000000,0
brooklyn,41,2,0.000664,0.000000,0,0.000000,0
brooklyn,41,3,0.000664,0.000000,0,0.000000,0
brooklyn,41,4,0.000664,0.000000,0,0.000000,0
brooklyn,41,5,0.000664,0.000000,0,0.000000,0
brooklyn,41,6,0.000664,0.000000,0,0.000000,0
brooklyn,41,7,0.000664,0.000000,0,0.000000,0
brooklyn,41,8,0.000664,0.000000,0,0.000000,0
brooklyn,42,1,0.000620,0.000000,0,0.000000,0
brooklyn,42,2,0.000620,0.000000,0,0.000000,0
brooklyn,42,3,0.000620,0.000000,0,0.000000,0
brooklyn,42,4,0.000620,0.000000,0,0.000000,0
brooklyn,42,5,0.000620,0.000000,0,0.000000,0
brooklyn,42,6,0.000620,0.000000,0,0.000000,0
brooklyn,42,7,0.000620,0.000000,0,0.000000,0
brooklyn,42,8,0.000620,0.000000,0,0.000000,0
brooklyn,43,1,0.000646,0.000000,0,0.000000,0
brooklyn,43,2,0.000646,0.000000,0,0.000000,0
brooklyn,43,3,0.000646,0.000000,0,0.000000,0
brooklyn,43,4,0.000646,0.000000,0,0.000000,0
brooklyn,43,5,0.000646,0.000000,0,0.000000,0
brooklyn,43,6,0.000646,0.000000,0,0.000000,0
brooklyn,43,7,0.000646,0.000000,0,0.000000,0
brooklyn,43,8,0.000646,0.000000,0,0.000000,0
brooklyn,44,1,0.000632,0.000000,0,0.000000,0
brooklyn,44,2,0.000632,0.000000,0,0.000000,0
brooklyn,44,3,0.000632,0.000000,0,0.000000,0
brooklyn,44,4,0.000632,0.000000,0,0.000000,0
brooklyn,44,5,0.000632,0.000000,0,0.000000,0
brooklyn,44,6,0.000632,0.000000,0,0.000000,0
brooklyn,44,7,0.000632,0.000000,0,0.000000,0
brooklyn,44,8,0.000632,0.000000,0,0.000000,0
brooklyn,45,1,0.000635,0.000000,0,0.000000,0
brooklyn,45,2,0.000635,0.000000,0,0.000000,0
brooklyn,45,3,0.000635,0.000000,0,0.000000,0
brooklyn,45,4,0.000635,0.000000,0,0.000000,0
brooklyn,45,5,0.000635,0.000000,0,0.000000,0
brooklyn,45,6,0.000635,0.000000,0,0.000000,0
brooklyn,45,7,0.000635,0.000000,0,0.000000,0
brooklyn,45,8,0.000635,0.000000,0,0.000000,0
brooklyn,46,1,0.000626,0.000000,0,0.000000,0
brooklyn,46,2,0.000626,0.000000,0,0.000000,0
brooklyn,46,3,0.000626,0.000000,0,0.000000,0
brooklyn,46,4,0.000626,0.000000,0,0.000000,0
brooklyn,46,5,0.000626,0.000000,0,0.000000,0
brooklyn,46,6,0.000626,0.000000,0,0.000000,0
brooklyn,46,7,0.000626,0.000000,0,0.000000,0
brooklyn,46,8,0.000626,0.000000,0,0.000000,0
brooklyn,47,1,0.000648,0.000000,0,0.000000,0
brooklyn,47,2,0.000648,0.000000,0,0.000000,0
brooklyn,47,3,0.000648,0.000000,0,0.000000,0
brooklyn,47,4,0.000648,0.000000,0,0.000000,0
brooklyn,47,5,0.000648,0.000000,0,0.000000,0
brooklyn,47,6,0.000648,0.000000,0,0.000000,0
brooklyn,47,7,0.000648,0.000000,0,0.000000,0
brooklyn,47,8,0.000648,0.000000,0,0.000000,0
brooklyn,48,1,0.000630,0.000000,0,0.000000,0
brooklyn,48,2,0.000630,0.000000,0,0.000000,0
brooklyn,48,3,0.000630,0.000000,0,0.000000,0
brooklyn,48,4,0.000630,0.000000,0,0.000000,0
brooklyn,48,5,0.000630,0.000000,0,0.000000,0
brooklyn,48,6,0.000630,0.000000,0,0.000000,0
brooklyn,48,7,0.000630,0.000000,0,0.000000,0
brooklyn,48,8,0.000630,0.000000,0,0.000000,0
brooklyn,49,1,0.000676,0.000000,0,0.000000,0
brooklyn,49,2,0.000676,0.000000,0,0.000000,0
brooklyn,49,3,0.000676,0.000000,0,0.000000,0
brooklyn,49,4,0.000676,0.000000,0,0.000000,0
brooklyn,49,5,0.000676,0.000000,0,0.000000,0
brooklyn,49,6,0.000676,0.000000,0,0.000000,0
brooklyn,49,7,0.000676,0.000000,0,0.000000,0
brooklyn,49,8,0.000676,0.000000,0,0.000000,0
brooklyn,50,1,0.000623,0.000000,0,0.000000,0
brooklyn,50,2,0.000623,0.000000,0,0.000000,0
brooklyn,50,3,0.000623,0.000000,0,0.000000,0
brooklyn,50,4,0.000623,0.000000,0,0.000000,0
brooklyn,50,5,0.000623,0.000000,0,0.000000,0
brooklyn,50,6,0.000623,0.000000,0,0.000000,0
brooklyn,50,7,0.000623,0.000000,0,0.000000,0
brooklyn,50,8,0.000623,0.000000,0,0.000000,0
brooklyn,51,1,0.000637,0.000000,0,0.000000,0
brooklyn,51,2,0.000637,0.000000,0,0.000000,0
brooklyn,51,3,0.000637,0.000000,0,0.000000,0
brooklyn,51,4,0.000637,0.000000,0,0.000000,0
brooklyn,51,5,0.000637,0.000000,0,0.000000,0
brooklyn,51,6,0.000637,0.000000,0,0.000000,0
brooklyn,51,7,0.000637,0.000000,0,0.000000,0
brooklyn,51,8,0.000637,0.000000,0,0.000000,0
brooklyn,52,1,0.000618,0.000000,0,0.000000,0
brooklyn,52,2,0.000618,0.000000,0,0.000000,0
brooklyn,52,3,0.000618,0.000000,0,0.000000,0
brooklyn,52,4,0.000618,0.000000,0,0.000000,0
brooklyn,52,5,0.000618,0.000000,0,0.000000,0
brooklyn,52,6,0.000618,0.000000,0,0.000000,0
brooklyn,52,7,0.000618,0.000000,0,0.000000,0
brooklyn,52,8,0.000618,0.000000,0,0.000000,0
brooklyn,53,1,0.000664,0.000000,0,0.000000,0
brooklyn,53,2,0.000664,0.000000,0,0.000000,0
brooklyn,53,3,0.000664,0.000000,0,0.000000,0
brooklyn,53,4,0.000664,0.000000,0,0.000000,0
brooklyn,53,5,0.000664,0.000000,0,0.000000,0
brooklyn,53,6,0.000664,0.000000,0,0.000000,0
brooklyn,53,7,0.000664,0.000000,0,0.000000,0
brooklyn,53,8,0.000664,0.000000,0,0.000000,0
brooklyn,54,1,0.000627,0.000000,0,0.000000,0
brooklyn,54,2,0.000627,0.000000,0,0.000000,0
brooklyn,54,3,0.000627,0.000000,0,0.000000,0
brooklyn,54,4,0.000627,0.000000,0,0.000000,0
brooklyn,54,5,0.000627,0.000000,0,0.000000,0
brooklyn,54,6,0.000627,0.000000,0,0.000000,0
brooklyn,54,7,0.000627,0.000000,0,0.000000,0
brooklyn,54,8,0.000627,0.000000,0,0.000000,0
brooklyn,55,1,0.000645,0.000000,0,0.000000,0
brooklyn,55,2,0.000645,0.000000,0,0.000000,0
brooklyn,55,3,0.000645,0.000000,0,0.000000,0
brooklyn,55,4,0.000645,0.000000,0,0.000000,0
brooklyn,55,5,0.000645,0.000000,0,0.000000,0
brooklyn,55,6,0.000645,0.000000,0,0.000000,0
brooklyn,55,7,0.000645,0.000000,0,0.000000,0
brooklyn,55,8,0.000645,0.000000,0,0.000000,0
brooklyn,56,1,0.000630,0.000000,0,0.000000,0
brooklyn,56,2,0.000630,0.000000,0,0.000000,0
brooklyn,56,3,0.000630,0.000000,0,0.000000,0
brooklyn,56,4,0.000630,0.000000,0,0.000000,0
brooklyn,56,5,0.000630,0.000000,0,0.000000,0
brooklyn,56,6,0.000630,0.000000,0,0.000000,0
brooklyn,56,7,0.000630,0.000000,0,0.000000,0
brooklyn,56,8,0.000630,0.000000,0,0.000000,0
brooklyn,57,1,0.000632,0.000000,0,0.000000,0
brooklyn,57,2,0.000632,0.000000,0,0.000000,0
brooklyn,57,3,0.000632,0.000000,0,0.000000,0
brooklyn,57,4,0.000632,0.000000,0,0.000000,0
brooklyn,57,5,0.000632,0.000000,0,0.000000,0
brooklyn,57,6,0.000632,0.000000,0,0.000000,0
brooklyn,57,7,0.000632,0.000000,0,0.000000,0
brooklyn,57,8,0.000632,0.000000,0,0.000000,0
brooklyn,58,1,0.000629,0.000000,0,0.000000,0
brooklyn,58,2,0.000629,0.000000,0,0.000000,0
brooklyn,58,3,0.000629,0.000000,0,0.000000,0
brooklyn,58,4,0.000629,0.000000,0,0.000000,0
brooklyn,58,5,0.000629,0.000000,0,0.000000,0
brooklyn,58,6,0.000629,0.000000,0,0.000000,0
brooklyn,58,7,0.000629,0.000000,0,0.000000,0
brooklyn,58,8,0.000629,0.000000,0,0.000000,0
brooklyn,59,1,0.000612,0.000000,0,0.000000,0
brooklyn,59,2,0.000612,0.000000,0,0.000000,0
brooklyn,59,3,0.000612,0.000000,0,0.000000,0
brooklyn,59,4,0.000612,0.000000,0,0.000000,0
brooklyn,59,5,0.000612,0.000000,0,0.000000,0
brooklyn,59,6,0.000612,0.000000,0,0.000000,0
brooklyn,59,7,0.000612,0.000000,0,0.000000,0
brooklyn,59,8,0.000612,0.000000,0,0.000000,0
brooklyn,60,1,0.000642,0.000000,0,0.000000,0
brooklyn,60,2,0.000642,0.000000,0,0.000000,0
brooklyn,60,3,0.000642,0.000000,0,0.000000,0
brooklyn,60,4,0.000642,0.000000,0,0.000000,0
brooklyn,60,5,0.000642,0.000000,0,0.000000,0
brooklyn,60,6,0.000642,0.000000,0,0.000000,0
brooklyn,60,7,0.000642,0.000000,0,0.000000,0
brooklyn,60,8,0.000642,0.000000,0,0.000000,0
brooklyn,61,1,0.000658,0.000000,0,0.000000,0
brooklyn,61,2,0.000658,0.000000,0,0.000000,0
brooklyn,61,3,0.000658,0.000000,0,0.000000,0
brooklyn,61,4,0.000658,0.000000,0,0.000000,0
brooklyn,61,5,0.000658,0.000000,0,0.000000,0
brooklyn,61,6,0.000658,0.000000,0,0.000000,0
brooklyn,61,7,0.000658,0.000000,0,0.000000,0
brooklyn,61,8,0.000658,0.000000,0,0.000000,0
brooklyn,62,1,0.000652,0.000000,0,0.000000,0
brooklyn,62,2,0.000652,0.000000,0,0.000000,0
brooklyn,62,3,0.000652,0.000000,0,0.000000,0
brooklyn,62,4,0.000652,0.000000,0,0.000000,0
brooklyn,62,5,0.000652,0.000000,0,0.000000,0
brooklyn,62,6,0.000652,0.000000,0,0.000000,0
brooklyn,62,7,0.000652,0.000000,0,0.000000,0
brooklyn,62,8,0.000652,0.000000,0,0.000000,0
brooklyn,63,1,0.000653,0.000000,0,0.000000,0
brooklyn,63,2,0.000653,0.000000,0,0.000000,0
brooklyn,63,3,0.000653,0.000000,0,0.000000,0
brooklyn,63,4,0.000653,0.000000,0,0.000000,0
brooklyn,63,5,0.000653,0.000000,0,0.000000,0
brooklyn,63,6,0.000653,0.000000,0,0.000000,0
brooklyn,63,7,0.000653,0.000000,0,0.000000,0
brooklyn,63,8,0.000653,0.000000,0,0.000000,0
brooklyn,64,1,0.000660,0.000000,0,0.000000,0
brooklyn,64,2,0.000660,0.000000,0,0.000000,0
brooklyn,64,3,0.000660,0.000000,0,0.000000,0
brooklyn,64,4,0.000660,0.000000,0,0.000000,0
brooklyn,64,5,0.000660,0.000000,0,0.000000,0
brooklyn,64,6,0.000660,0.000000,0,0.000000,0
brooklyn,64,7,0.000660,0.000000,0,0.000000,0
brooklyn,64,8,0.000660,0.000000,0,0.000000,0
burlington,0,1,0.000610,0.000000,0,0.000000,0
burlington,0,2,0.000610,0.000000,0,0.000000,0
burlington,0,3,0.000610,0.000000,0,0.000000,0
burlington,0,4,0.000610,0.000000,0,0.000000,0
burlington,0,5,0.000610,0.000000,0,0.000000,0
burlington,0,6,0.000610,0.000000,0,0.000000,0
burlington,0,7,0.000610,0.000000,0,0.000000,0
burlington,0,8,0.000610,0.000000,0,0.000000,0
burlington,1,1,0.000620,0.000000,0,0.000000,0
burlington,1,2,0.000620,0.000000,0,0.000000,0
burlington,1,3,0.000620,0.000000,0,0.000000,0
burlington,1,4,0.000620,0.000000,0,0.000000,0
burlington,1,5,0.000620,0.000000,0,0.000000,0
burlington,1,6,0.000620,0.000000,0,0.000000,0
burlington,1,7,0.000620,0.000000,0,0.000000,0
burlington,1,8,0.000620,0.000000,0,0.000000,0
burlington,2,1,0.000591,0.000000,0,0.000000,0
burlington,2,2,0.000591,0.000000,0,0.000000,0
burlington,2,3,0.000591,0.000000,0,0.000000,0
burlington,2,4,0.000591,0.000000,0,0.000000,0
burlington,2,5,0.000591,0.000000,0,0.000000,0
burlington,2,6,0.000591,0.000000,0,0.000000,0
burlington,2,7,0.000591,0.000000,0,0.000000,0
burlington,2,8,0.000591,0.000000,0,0.000000,0
burlington,3,1,0.000581,0.000000,0,0.000000,0
burlington,3,2,0.000581,0.000000,0,0.000000,0
burlington,3,3,0.000581,0.000000,0,0.000000,0
burlington,3,4,0.000581,0.000000,0,0.000000,0
burlington,3,5,0.000581,0.000000,0,0.000000,0
burlington,3,6,0.000581,0.000000,0,0.000000,0
burlington,3,7,0.000581,0.000000,0,0.000000,0
burlington,3,8,0.000581,0.000000,0,0.000000,0
burlington,4,1,0.000591,0.000000,0,0.000000,0
burlington,4,2,0.000591,0.000000,0,0.000000,0
burlington,4,3,0.000591,0.000000,0,0.000000,0
burlington,4,4,0.000591,0.000000,0,0.000000,0
burlington,4,5,0.000591,0.000000,0,0.000000,0
burlington,4,6,0.000591,0.000000,0,0.000000,0
burlington,4,7,0.000591,0.000000,0,0.000000,0
burlington,4,8,0.000591,0.000000,0,0.000000,0
cairo,0,1,0.000617,0.000000,0,0.000000,0
cairo,0,2,0.000617,0.000000,0,0.000000,0
cairo,0,3,0.000617,0.000000,0,0.000000,0
cairo,0,4,0.000617,0.000000,0,0.000000,0
cairo,0,5,0.000617,0.000000,0,0.000000,0
cairo,0,6,0.000617,0.000000,0,0.000000,0
cairo,0,7,0.000617,0.000000,0,0.000000,0
cairo,0,8,0.000617,0.000000,0,0.000000,0
cairo,1,1,0.000584,0.000000,0,0.000000,0
cairo,1,2,0.000584,0.000000,0,0.000000,0
cairo,1,3,0.000584,0.000000,0,0.000000,0
cairo,1,4,0.000584,0.000000,0,0.000000,0
cairo,1,5,0.000584,0.000000,0,0.000000,0
cairo,1,6,0.000584,0.000000,0,0.000000,0
cairo,1,7,0.000584,0.000000,0,0.000000,0
cairo,1,8,0.000584,0.000000,0,0.000000,0
cairo,2,1,0.000630,0.000000,0,0.000000,0
cairo,2,2,0.000630,0.000000,0,0.000000,0
cairo,2,3,0.000630,0.000000,0,0.000000,0
cairo,2,4,0.000630,0.000000,0,0.000000,0
cairo,2,5,0.000630,0.000000,0,0.000000,0
cairo,2,6,0.000630,0.000000,0,0.000000,0
cairo,2,7,0.000630,0.000000,0,0.000000,0
cairo,2,8,0.000630,0.000000,0,0.000000,0
cairo,3,1,0.000590,0.000000,0,0.000000,0
cairo,3,2,0.000590,0.000000,0,0.000000,0
cairo,3,3,0.000590,0.000000,0,0.000000,0
cairo,3,4,0.000590,0.000000,0,0.000000,0
cairo,3,5,0.000590,0.000000,0,0.000000,0
cairo,3,6,0.000590,0.000000,0,0.000000,0
cairo,3,7,0.000590,0.000000,0,0.000000,0
cairo,3,8,0.000590,0.000000,0,0.000000,0
cairo,4,1,0.000609,0.000000,0,0.000000,0
cairo,4,2,0.000609,0.000000,0,0.000000,0
cairo,4,3,0.000609,0.000000,0,0.000000,0
cairo,4,4,0.000609,0.000000,0,0.000000,0
cairo,4,5,0.000609,0.000000,0,0.000000,0
cairo,4,6,0.000609,0.000000,0,0.000000,0
cairo,4,7,0.000609,0.000000,0,0.000000,0
cairo,4,8,0.000609,0.000000,0,0.000000,0
cairo,5,1,0.000596,0.000000,0,0.000000,0
cairo,5,2,0.000596,0.000000,0,0.000000,0
cairo,5,3,0.000596,0.000000,0,0.000000,0
cairo,5,4,0.000596,0.000000,0,0.000000,0
cairo,5,5,0.000596,0.000000,0,0.000000,0
cairo,5,6,0.000596,0.000000,0,0.000000,0
cairo,5,7,0.000596,0.000000,0,0.000000,0
cairo,5,8,0.000596,0.000000,0,0.000000,0
cairo,6,1,0.000596,0.000000,0,0.000000,0
cairo,6,2,0.000596,0.000000,0,0.000000,0
cairo,6,3,0.000596,0.000000,0,0.000000,0
cairo,6,4,0.000596,0.000000,0,0.000000,0
cairo,6,5,0.000596,0.000000,0,0.000000,0
cairo,6,6,0.000596,0.000000,0,0.000000,0
cairo,6,7,0.000596,0.000000,0,0.000000,0
cairo,6,8,0.000596,0.000000,0,0.000000,0
cairo,7,1,0.000614,0.000000,0,0.000000,0
cairo,7,2,0.000614,0.000000,0,0.000000,0
cairo,7,3,0.000614,0.000000,0,0.000000,0
cairo,7,4,0.000614,0.000000,0,0.000000,0
cairo,7,5,0.000614,0.000000,0,0.000000,0
cairo,7,6,0.000614,0.000000,0,0.000000,0
cairo,7,7,0.000614,0.000000,0,0.000000,0
cairo,7,8,0.000614,0.000000,0,0.000000,0
cairo,8,1,0.000598,0.000000,0,0.000000,0
cairo,8,2,0.000598,0.000000,0,0.000000,0
cairo,8,3,0.000598,0.000000,0,0.000000,0
cairo,8,4,0.000598,0.000000,0,0.000000,0
cairo,8,5,0.000598,0.000000,0,0.000000,0
cairo,8,6,0.000598,0.000000,0,0.000000,0
cairo,8,7,0.000598,0.000000,0,0.000000,0
cairo,8,8,0.000598,0.000000,0,0.000000,0
cairo,9,1,0.000591,0.000000,0,0.000000,0
cairo,9,2,0.000591,0.000000,0,0.000000,0
cairo,9,3,0.000591,0.000000,0,0.000000,0
cairo,9,4,0.000591,0.000000,0,0.000000,0
cairo,9,5,0.000591,0.000000,0,0.000000,0
cairo,9,6,0.000591,0.000000,0,0.000000,0
cairo,9,7,0.000591,0.000000,0,0.000000,0
cairo,9,8,0.000591,0.000000,0,0.000000,0
cairo,10,1,0.000597,0.000000,0,0.000000,0
cairo,10,2,0.000597,0.000000,0,0.000000,0
cairo,10,3,0.000597,0.000000,0,0.000000,0
cairo,10,4,0.000597,0.000000,0,0.000000,0
cairo,10,5,0.000597,0.000000,0,0.000000,0
cairo,10,6,0.000597,0.000000,0,0.000000,0
cairo,10,7,0.000597,0.000000,0,0.000000,0
cairo,10,8,0.000597,0.000000,0,0.000000,0
cairo,11,1,0.000617,0.000000,0,0.000000,0
cairo,11,2,0.000617,0.000000,0,0.000000,0
cairo,11,3,0.000617,0.000000,0,0.000000,0
cairo,11,4,0.000617,0.000000,0,0.000000,0
cairo,11,5,0.000617,0.000000,0,0.000000,0
cairo,11,6,0.000617,0.000000,0,0.000000,0
cairo,11,7,0.000617,0.000000,0,0.000000,0
cairo,11,8,0.000617,0.000000,0,0.000000,0
cairo,12,1,0.000597,0.000000,0,0.000000,0
cairo,12,2,0.000597,0.000000,0,0.000000,0
cairo,12,3,0.000597,0.000000,0,0.000000,0
cairo,12,4,0.000597,0.000000,0,0.000000,0
cairo,12,5,0.000597,0.000000,0,0.000000,0
cairo,12,6,0.000597,0.000000,0,0.000000,0
cairo,12,7,0.000597,0.000000,0,0.000000,0
cairo,12,8,0.000597,0.000000,0,0.000000,0
cairo,13,1,0.000622,0.000000,0,0.000000,0
cairo,13,2,0.000622,0.000000,0,0.000000,0
cairo,13,3,0.000622,0.000000,0,0.000000,0
cairo,13,4,0.000622,0.000000,0,0.000000,0
cairo,13,5,0.000622,0.000000,0,0.000000,0
cairo,13,6,0.000622,0.000000,0,0.000000,0
cairo,13,7,0.000622,0.000000,0,0.000000,0
cairo,13,8,0.000622,0.000000,0,0.000000,0
cairo,14,1,0.000635,0.000000,0,0.000000,0
cairo,14,2,0.000635,0.000000,0,0.000000,0
cairo,14,3,0.000635,0.000000,0,0.000000,0
cairo,14,4,0.000635,0.000000,0,0.000000,0
cairo,14,5,0.000635,0.000000,0,0.000000,0
cairo,14,6,0.000635,0.000000,0,0.000000,0
cairo,14,7,0.000635,0.000000,0,0.000000,0
cairo,14,8,0.000635,0.000000,0,0.000000,0
cairo,15,1,0.000582,0.000000,0,0.000000,0
cairo,15,2,0.000582,0.000000,0,0.000000,0
cairo,15,3,0.000582,0.000000,0,0.000000,0
cairo,15,4,0.000582,0.000000,0,0.000000,0
cairo,15,5,0.000582,0.000000,0,0.000000,0
cairo,15,6,0.000582,0.000000,0,0.000000,0
cairo,15,7,0.000582,0.000000,0,0.000000,0
cairo,15,8,0.000582,0.000000,0,0.000000,0
cairo,16,1,0.000616,0.000000,0,0.000000,0
cairo,16,2,0.000616,0.000000,0,0.000000,0
cairo,16,3,0.000616,0.000000,0,0.000000,0
cairo,16,4,0.000616,0.000000,0,0.000000,0
cairo,16,5,0.000616,0.000000,0,0.000000,0
cairo,16,6,0.000616,0.000000,0,0.000000,0
cairo,16,7,0.000616,0.000000,0,0.000000,0
cairo,16,8,0.000616,0.000000,0,0.000000,0
cairo,17,1,0.000605,0.000000,0,0.000000,0
cairo,17,2,0.000605,0.000000,0,0.000000,0
cairo,17,3,0.000605,0.000000,0,0.000000,0
cairo,17,4,0.000605,0.000000,0,0.000000,0
cairo,17,5,0.000605,0.000000,0,0.000000,0
cairo,17,6,0.000605,0.000000,0,0.000000,0
cairo,17,7,0.000605,0.000000,0,0.000000,0
cairo,17,8,0.000605,0.000000,0,0.000000,0
cairo,18,1,0.000593,0.000000,0,0.000000,0
cairo,18,2,0.000593,0.000000,0,0.000000,0
cairo,18,3,0.000593,0.000000,0,0.000000,0
cairo,18,4,0.000593,0.000000,0,0.000000,0
cairo,18,5,0.000593,0.000000,0,0.000000,0
cairo,18,6,0.000593,0.000000,0,0.000000,0
cairo,18,7,0.000593,0.000000,0,0.000000,0
cairo,18,8,0.000593,0.000000,0,0.000000,0
cairo,19,1,0.000603,0.000000,0,0.000000,0
cairo,19,2,0.000603,0.000000,0,0.000000,0
cairo,19,3,0.000603,0.000000,0,0.000000,0
cairo,19,4,0.000603,0.000000,0,0.000000,0
cairo,19,5,0.000603,0.000000,0,0.000000,0
cairo,19,6,0.000603,0.000000,0,0.000000,0
cairo,19,7,0.000603,0.000000,0,0.000000,0
cairo,19,8,0.000603,0.000000,0,0.000000,0
cairo,20,1,0.000683,0.000000,0,0.000000,0
cairo,20,2,0.000683,0.000000,0,0.000000,0
cairo,20,3,0.000683,0.000000,0,0.000000,0
cairo,20,4,0.000683,0.000000,0,0.000000,0
cairo,20,5,0.000683,0.000000,0,0.000000,0
cairo,20,6,0.000683,0.000000,0,0.000000,0
cairo,20,7,0.000683,0.000000,0,0.000000,0
cairo,20,8,0.000683,0.000000,0,0.000000,0
cairo,21,1,0.000587,0.000000,0,0.000000,0
cairo,21,2,0.000587,0.000000,0,0.000000,0
cairo,21,3,0.000587,0.000000,0,0.000000,0
cairo,21,4,0.000587,0.000000,0,0.000000,0
cairo,21,5,0.000587,0.000000,0,0.000000,0
cairo,21,6,0.000587,0.000000,0,0.000000,0
cairo,21,7,0.000587,0.000000,0,0.000000,0
cairo,21,8,0.000587,0.000000,0,0.000000,0
cairo,22,1,0.000615,0.000000,0,0.000000,0
cairo,22,2,0.000615,0.000000,0,0.000000,0
cairo,22,3,0.000615,0.000000,0,0.000000,0
cairo,22,4,0.000615,0.000000,0,0.000000,0
cairo,22,5,0.000615,0.000000,0,0.000000,0
cairo,22,6,0.000615,0.000000,0,0.000000,0
cairo,22,7,0.000615,0.000000,0,0.000000,0
cairo,22,8,0.000615,0.000000,0,0.000000,0
cairo,23,1,0.000601,0.000000,0,0.000000,0
cairo,23,2,0.000601,0.000000,0,0.000000,0
cairo,23,3,0.000601,0.000000,0,0.000000,0
cairo,23,4,0.000601,0.000000,0,0.000000,0
cairo,23,5,0.000601,0.000000,0,0.000000,0
cairo,23,6,0.000601,0.000000,0,0.000000,0
cairo,23,7,0.000601,0.000000,0,0.000000,0
cairo,23,8,0.000601,0.000000,0,0.000000,0
cairo,24,1,0.000635,0.000000,0,0.000000,0
cairo,24,2,0.000635,0.000000,0,0.000000,0
cairo,24,3,0.000635,0.000000,0,0.000000,0
cairo,24,4,0.000635,0.000000,0,0.000000,0
cairo,24,5,0.000635,0.000000,0,0.000000,0
cairo,24,6,0.000635,0.000000,0,0.000000,0
cairo,24,7,0.000635,0.000000,0,0.000000,0
cairo,24,8,0.000635,0.000000,0,0.000000,0
cairo,25,1,0.000573,0.000000,0,0.000000,0
cairo,25,2,0.000573,0.000000,0,0.000000,0
cairo,25,3,0.000573,0.000000,0,0.000000,0
cairo,25,4,0.000573,0.000000,0,0.000000,0
cairo,25,5,0.000573,0.000000,0,0.000000,0
cairo,25,6,0.000573,0.000000,0,0.000000,0
cairo,25,7,0.000573,0.000000,0,0.000000,0
cairo,25,8,0.000573,0.000000,0,0.000000,0
cairo,26,1,0.000594,0.000000,0,0.000000,0
cairo,26,2,0.000594,0.000000,0,0.000000,0
cairo,26,3,0.000594,0.000000,0,0.000000,0
cairo,26,4,0.000594,0.000000,0,0.000000,0
cairo,26,5,0.000594,0.000000,0,0.000000,0
cairo,26,6,0.000594,0.000000,0,0.000000,0
cairo,26,7,0.000594,0.000000,0,0.000000,0
cairo,26,8,0.000594,0.000000,0,0.000000,0
cambridge,0,1,0.000651,0.000000,0,0.000000,0
cambridge,0,2,0.000651,0.000000,0,0.000000,0
cambridge,0,3,0.000651,0.000000,0,0.000000,0
cambridge,0,4,0.000651,0.000000,0,0.000000,0
cambridge,0,5,0.000651,0.000000,0,0.000000,0
cambridge,0,6,0.000651,0.000000,0,0.000000,0
cambridge,0,7,0.000651,0.000000,0,0.000000,0
cambridge,0,8,0.000651,0.000000,0,0.000000,0
cambridge,1,1,0.000675,0.000000,0,0.000000,0
cambridge,1,2,0.000675,0.000000,0,0.000000,0
cambridge,1,3,0.000675,0.000000,0,0.000000,0
cambridge,1,4,0.000675,0.000000,0,0.000000,0
cambridge,1,5,0.000675,0.000000,0,0.000000,0
cambridge,1,6,0.000675,0.000000,0,0.000000,0
cambridge,1,7,0.000675,0.000000,0,0.000000,0
cambridge,1,8,0.000675,0.000000,0,0.000000,0
cambridge,2,1,0.000624,0.000000,0,0.000000,0
cambridge,2,2,0.000624,0.000000,0,0.000000,0
cambridge,2,3,0.000624,0.000000,0,0.000000,0
cambridge,2,4,0.000624,0.000000,0,0.000000,0
cambridge,2,5,0.000624,0.000000,0,0.000000,0
cambridge,2,6,0.000624,0.000000,0,0.000000,0
cambridge,2,7,0.000624,0.000000,0,0.000000,0
cambridge,2,8,0.000624,0.000000,0,0.000000,0
cambridge,3,1,0.000615,0.000000,0,0.000000,0
cambridge,3,2,0.000615,0.000000,0,0.000000,0
cambridge,3,3,0.000615,0.000000,0,0.000000,0
cambridge,3,4,0.000615,0.000000,0,0.000000,0
cambridge,3,5,0.000615,0.000000,0,0.000000,0
cambridge,3,6,0.000615,0.000000,0,0.000000,0
cambridge,3,7,0.000615,0.000000,0,0.000000,0
cambridge,3,8,0.000615,0.000000,0,0.000000,0
cambridge,4,1,0.000618,0.000000,0,0.000000,0
cambridge,4,2,0.000618,0.000000,0,0.000000,0
cambridge,4,3,0.000618,0.000000,0,0.000000,0
cambridge,4,4,0.000618,0.000000,0,0.000000,0
cambridge,4,5,0.000618,0.000000,0,0.000000,0
cambridge,4,6,0.000618,0.000000,0,0.000000,0
cambridge,4,7,0.000618,0.000000,0,0.000000,0
cambridge,4,8,0.000618,0.000000,0,0.000000,0
cambridge,5,1,0.000648,0.000000,0,0.000000,0
cambridge,5,2,0.000648,0.000000,0,0.000000,0
cambridge,5,3,0.000648,0.000000,0,0.000000,0
cambridge,5,4,0.000648,0.000000,0,0.000000,0
cambridge,5,5,0.000648,0.000000,0,0.000000,0
cambridge,5,6,0.000648,0.000000,0,0.000000,0
cambridge,5,7,0.000648,0.000000,0,0.000000,0
cambridge,5,8,0.000648,0.000000,0,0.000000,0
cambridge,6,1,0.000609,0.000000,0,0.000000,0
cambridge,6,2,0.000609,0.000000,0,0.000000,0
cambridge,6,3,0.000609,0.000000,0,0.000000,0
cambridge,6,4,0.000609,0.000000,0,0.000000,0
cambridge,6,5,0.000609,0.000000,0,0.000000,0
cambridge,6,6,0.000609,0.000000,0,0.000000,0
cambridge,6,7,0.000609,0.000000,0,0.000000,0
cambridge,6,8,0.000609,0.000000,0,0.000000,0
cambridge,7,1,0.000638,0.000000,0,0.000000,0
cambridge,7,2,0.000638,0.000000,0,0.000000,0
cambridge,7,3,0.000638,0.000000,0,0.000000,0
cambridge,7,4,0.000638,0.000000,0,0.000000,0
cambridge,7,5,0.000638,0.000000,0,0.000000,0
cambridge,7,6,0.000638,0.000000,0,0.000000,0
cambridge,7,7,0.000638,0.000000,0,0.000000,0
cambridge,7,8,0.000638,0.000000,0,0.000000,0
cambridge,8,1,0.000604,0.000000,0,0.000000,0
cambridge,8,2,0.000604,0.000000,0,0.000000,0
cambridge,8,3,0.000604,0.000000,0,0.000000,0
cambridge,8,4,0.000604,0.000000,0,0.000000,0
cambridge,8,5,0.000604,0.000000,0,0.000000,0
cambridge,8,6,0.000604,0.000000,0,0.000000,0
cambridge,8,7,0.000604,0.000000,0,0.000000,0
cambridge,8,8,0.000604,0.000000,0,0.000000,0
cambridge,9,1,0.000649,0.000000,0,0.000000,0
cambridge,9,2,0.000649,0.000000,0,0.000000,0
cambridge,9,3,0.000649,0.000000,0,0.000000,0
cambridge,9,4,0.000649,0.000000,0,0.000000,0
cambridge,9,5,0.000649,0.000000,0,0.000000,0
cambridge,9,6,0.000649,0.000000,0,0.000000,0
cambridge,9,7,0.000649,0.000000,0,0.000000,0
cambridge,9,8,0.000649,0.000000,0,0.000000,0
cambridge,10,1,0.000640,0.000000,0,0.000000,0
cambridge,10,2,0.000640,0.000000,0,0.000000,0
cambridge,10,3,0.000640,0.000000,0,0.000000,0
cambridge,10,4,0.000640,0.000000,0,0.000000,0
cambridge,10,5,0.000640,0.000000,0,0.000000,0
cambridge,10,6,0.000640,0.000000,0,0.000000,0
cambridge,10,7,0.000640,0.000000,0,0.000000,0
cambridge,10,8,0.000640,0.000000,0,0.000000,0
cambridge,11,1,0.000722,0.000000,0,0.000000,0
cambridge,11,2,0.000722,0.000000,0,0.000000,0
cambridge,11,3,0.000722,0.000000,0,0.000000,0
cambridge,11,4,0.000722,0.000000,0,0.000000,0
cambridge,11,5,0.000722,0.000000,0,0.000000,0
cambridge,11,6,0.000722,0.000000,0,0.000000,0
cambridge,11,7,0.000722,0.000000,0,0.000000,0
cambridge,11,8,0.000722,0.000000,0,0.000000,0
cambridge,12,1,0.000627,0.000000,0,0.000000,0
cambridge,12,2,0.000627,0.000000,0,0.000000,0
cambridge,12,3,0.000627,0.000000,0,0.000000,0
cambridge,12,4,0.000627,0.000000,0,0.000000,0
cambridge,12,5,0.000627,0.000000,0,0.000000,0
cambridge,12,6,0.000627,0.000000,0,0.000000,0
cambridge,12,7,0.000627,0.000000,0,0.000000,0
cambridge,12,8,0.000627,0.000000,0,0.000000,0
cambridge,13,1,0.000620,0.000000,0,0.000000,0
cambridge,13,2,0.000620,0.000000,0,0.000000,0
cambridge,13,3,0.000620,0.000000,0,0.000000,0
cambridge,13,4,0.000620,0.000000,0,0.000000,0
cambridge,13,5,0.000620,0.000000,0,0.000000,0
cambridge,13,6,0.000620,0.000000,0,0.000000,0
cambridge,13,7,0.000620,0.000000,0,0.000000,0
cambridge,13,8,0.000620,0.000000,0,0.000000,0
cambridge,14,1,0.000643,0.000000,0,0.000000,0
cambridge,14,2,0.000643,0.000000,0,0.000000,0
cambridge,14,3,0.000643,0.000000,0,0.000000,0
cambridge,14,4,0.000643,0.000000,0,0.000000,0
cambridge,14,5,0.000643,0.000000,0,0.000000,0
cambridge,14,6,0.000643,0.000000,0,0.000000,0
cambridge,14,7,0.000643,0.000000,0,0.000000,0
cambridge,14,8,0.000643,0.000000,0,0.000000,0
cambridge,15,1,0.000642,0.000000,0,0.000000,0
cambridge,15,2,0.000642,0.000000,0,0.000000,0
cambridge,15,3,0.000642,0.000000,0,0.000000,0
cambridge,15,4,0.000642,0.000000,0,0.000000,0
cambridge,15,5,0.000642,0.000000,0,0.000000,0
cambridge,15,6,0.000642,0.000000,0,0.000000,0
cambridge,15,7,0.000642,0.000000,0,0.000000,0
cambridge,15,8,0.000642,0.000000,0,0.000000,0
cambridge,16,1,0.000630,0.000000,0,0.000000,0
cambridge,16,2,0.000630,0.000000,0,0.000000,0
cambridge,16,3,0.000630,0.000000,0,0.000000,0
cambridge,16,4,0.000630,0.000000,0,0.000000,0
cambridge,16,5,0.000630,0.000000,0,0.000000,0
cambridge,16,6,0.000630,0.000000,0,0.000000,0
cambridge,16,7,0.000630,0.000000,0,0.000000,0
cambridge,16,8,0.000630,0.000000,0,0.000000,0
cambridge,17,1,0.000609,0.000000,0,0.000000,0
cambridge,17,2,0.000609,0.000000,0,0.000000,0
cambridge,17,3,0.000609,0.000000,0,0.000000,0
cambridge,17,4,0.000609,0.000000,0,0.000000,0
cambridge,17,5,0.000609,0.000000,0,0.000000,0
cambridge,17,6,0.000609,0.000000,0,0.000000,0
cambridge,17,7,0.000609,0.000000,0,0.000000,0
cambridge,17,8,0.000609,0.000000,0,0.000000,0
cambridge,18,1,0.000602,0.000000,0,0.000000,0
cambridge,18,2,0.000602,0.000000,0,0.000000,0
cambridge,18,3,0.000602,0.000000,0,0.000000,0
cambridge,18,4,0.000602,0.000000,0,0.000000,0
cambridge,18,5,0.000602,0.000000,0,0.000000,0
cambridge,18,6,0.000602,0.000000,0,0.000000,0
cambridge,18,7,0.000602,0.000000,0,0.000000,0
cambridge,18,8,0.000602,0.000000,0,0.000000,0
cambridge,19,1,0.000637,0.000000,0,0.000000,0
cambridge,19,2,0.000637,0.000000,0,0.000000,0
cambridge,19,3,0.000637,0.000000,0,0.000000,0
cambridge,19,4,0.000637,0.000000,0,0.000000,0
cambridge,19,5,0.000637,0.000000,0,0.000000,0
cambridge,19,6,0.000637,0.000000,0,0.000000,0
cambridge,19,7,0.000637,0.000000,0,0.000000,0
cambridge,19,8,0.000637,0.000000,0,0.000000,0
cambridge,20,1,0.000629,0.000000,0,0.000000,0
cambridge,20,2,0.000629,0.000000,0,0.000000,0
cambridge,20,3,0.000629,0.000000,0,0.000000,0
cambridge,20,4,0.000629,0.000000,0,0.000000,0
cambridge,20,5,0.000629,0.000000,0,0.000000,0
cambridge,20,6,0.000629,0.000000,0,0.000000,0
cambridge,20,7,0.000629,0.000000,0,0.000000,0
cambridge,20,8,0.000629,0.000000,0,0.000000,0
cambridge,21,1,0.000695,0.000000,0,0.000000,0
cambridge,21,2,0.000695,0.000000,0,0.000000,0
cambridge,21,3,0.000695,0.000000,0,0.000000,0
cambridge,21,4,0.000695,0.000000,0,0.000000,0
cambridge,21,5,0.000695,0.000000,0,0.000000,0
cambridge,21,6,0.000695,0.000000,0,0.000000,0
cambridge,21,7,0.000695,0.000000,0,0.000000,0
cambridge,21,8,0.000695,0.000000,0,0.000000,0
cambridge,22,1,0.000644,0.000000,0,0.000000,0
cambridge,22,2,0.000644,0.000000,0,0.000000,0
cambridge,22,3,0.000644,0.000000,0,0.000000,0
cambridge,22,4,0.000644,0.000000,0,0.000000,0
cambridge,22,5,0.000644,0.000000,0,0.000000,0
cambridge,22,6,0.000644,0.000000,0,0.000000,0
cambridge,22,7,0.000644,0.000000,0,0.000000,0
cambridge,22,8,0.000644,0.000000,0,0.000000,0
cambridge,23,1,0.000606,0.000000,0,0.000000,0
cambridge,23,2,0.000606,0.000000,0,0.000000,0
cambridge,23,3,0.000606,0.000000,0,0.000000,0
cambridge,23,4,0.000606,0.000000,0,0.000000,0
cambridge,23,5,0.000606,0.000000,0,0.000000,0
cambridge,23,6,0.000606,0.000000,0,0.000000,0
cambridge,23,7,0.000606,0.000000,0,0.000000,0
cambridge,23,8,0.000606,0.000000,0,0.000000,0
cambridge,24,1,0.000617,0.000000,0,0.000000,0
cambridge,24,2,0.000617,0.000000,0,0.000000,0
cambridge,24,3,0.000617,0.000000,0,0.000000,0
cambridge,24,4,0.000617,0.000000,0,0.000000,0
cambridge,24,5,0.000617,0.000000,0,0.000000,0
cambridge,24,6,0.000617,0.000000,0,0.000000,0
cambridge,24,7,0.000617,0.000000,0,0.000000,0
cambridge,24,8,0.000617,0.000000,0,0.000000,0
cambridge,25,1,0.000622,0.000000,0,0.000000,0
cambridge,25,2,0.000622,0.000000,0,0.000000,0
cambridge,25,3,0.000622,0.000000,0,0.000000,0
cambridge,25,4,0.000622,0.000000,0,0.000000,0
cambridge,25,5,0.000622,0.000000,0,0.000000,0
cambridge,25,6,0.000622,0.000000,0,0.000000,0
cambridge,25,7,0.000622,0.000000,0,0.000000,0
cambridge,25,8,0.000622,0.000000,0,0.000000,0
cambridge,26,1,0.000625,0.000000,0,0.000000,0
cambridge,26,2,0.000625,0.000000,0,0.000000,0
cambridge,26,3,0.000625,0.000000,0,0.000000,0
cambridge,26,4,0.000625,0.000000,0,0.000000,0
cambridge,26,5,0.000625,0.000000,0,0.000000,0
cambridge,26,6,0.000625,0.000000,0,0.000000,0
cambridge,26,7,0.000625,0.000000,0,0.000000,0
cambridge,26,8,0.000625,0.000000,0,0.000000,0
cambridge,27,1,0.000615,0.000000,0,0.000000,0
cambridge,27,2,0.000615,0.000000,0,0.000000,0
cambridge,27,3,0.000615,0.000000,0,0.000000,0
cambridge,27,4,0.000615,0.000000,0,0.000000,0
cambridge,27,5,0.000615,0.000000,0,0.000000,0
cambridge,27,6,0.000615,0.000000,0,0.000000,0
cambridge,27,7,0.000615,0.000000,0,0.000000,0
cambridge,27,8,0.000615,0.000000,0,0.000000,0
casablanca,0,1,0.000585,0.000000,0,0.000000,0
casablanca,0,2,0.000585,0.000000,0,0.000000,0
casablanca,0,3,0.000585,0.000000,0,0.000000,0
casablanca,0,4,0.000585,0.000000,0,0.000000,0
casablanca,0,5,0.000585,0.000000,0,0.000000,0
casablanca,0,6,0.000585,0.000000,0,0.000000,0
casablanca,0,7,0.000585,0.000000,0,0.000000,0
casablanca,0,8,0.000585,0.000000,0,0.000000,0
casablanca,1,1,0.000568,0.000000,0,0.000000,0
casablanca,1,2,0.000568,0.000000,0,0.000000,0
casablanca,1,3,0.000568,0.000000,0,0.000000,0
casablanca,1,4,0.000568,0.000000,0,0.000000,0
casablanca,1,5,0.000568,0.000000,0,0.000000,0
casablanca,1,6,0.000568,0.000000,0,0.000000,0
casablanca,1,7,0.000568,0.000000,0,0.000000,0
casablanca,1,8,0.000568,0.000000,0,0.000000,0
casablanca,2,1,0.000563,0.000000,0,0.000000,0
casablanca,2,2,0.000563,0.000000,0,0.000000,0
casablanca,2,3,0.000563,0.000000,0,0.000000,0
casablanca,2,4,0.000563,0.000000,0,0.000000,0
casablanca,2,5,0.000563,0.000000,0,0.000000,0
casablanca,2,6,0.000563,0.000000,0,0.000000,0
casablanca,2,7,0.000563,0.000000,0,0.000000,0
casablanca,2,8,0.000563,0.000000,0,0.000000,0
casablanca,3,1,0.000590,0.000000,0,0.000000,0
casablanca,3,2,0.000590,0.000000,0,0.000000,0
casablanca,3,3,0.000590,0.000000,0,0.000000,0
casablanca,3,4,0.000590,0.000000,0,0.000000,0
casablanca,3,5,0.000590,0.000000,0,0.000000,0
casablanca,3,6,0.000590,0.000000,0,0.000000,0
casablanca,3,7,0.000590,0.000000,0,0.000000,0
casablanca,3,8,0.000590,0.000000,0,0.000000,0
casablanca,4,1,0.000602,0.000000,0,0.000000,0
casablanca,4,2,0.000602,0.000000,0,0.000000,0
casablanca,4,3,0.000602,0.000000,0,0.000000,0
casablanca,4,4,0.000602,0.000000,0,0.000000,0
casablanca,4,5,0.000602,0.000000,0,0.000000,0
casablanca,4,6,0.000602,0.000000,0,0.000000,0
casablanca,4,7,0.000602,0.000000,0,0.000000,0
casablanca,4,8,0.000602,0.000000,0,0.000000,0
casablanca,5,1,0.000574,0.000000,0,0.000000,0
casablanca,5,2,0.000574,0.000000,0,0.000000,0
casablanca,5,3,0.000574,0.000000,0,0.000000,0
casablanca,5,4,0.000574,0.000000,0,0.000000,0
casablanca,5,5,0.000574,0.000000,0,0.000000,0
casablanca,5,6,0.000574,0.000000,0,0.000000,0
casablanca,5,7,0.000574,0.000000,0,0.000000,0
casablanca,5,8,0.000574,0.000000,0,0.000000,0
casablanca,6,1,0.000590,0.000000,0,0.000000,0
casablanca,6,2,0.000590,0.000000,0,0.000000,0
casablanca,6,3,0.000590,0.000000,0,0.000000,0
casablanca,6,4,0.000590,0.000000,0,0.000000,0
casablanca,6,5,0.000590,0.000000,0,0.000000,0
casablanca,6,6,0.000590,0.000000,0,0.000000,0
casablanca,6,7,0.000590,0.000000,0,0.000000,0
casablanca,6,8,0.000590,0.000000,0,0.000000,0
cusco,0,1,0.000685,0.000000,0,0.000000,0
cusco,0,2,0.000685,0.000000,0,0.000000,0
cusco,0,3,0.000685,0.000000,0,0.000000,0
cusco,0,4,0.000685,0.000000,0,0.000000,0
cusco,0,5,0.000685,0.000000,0,0.000000,0
cusco,0,6,0.000685,0.000000,0,0.000000,0
cusco,0,7,0.000685,0.000000,0,0.000000,0
cusco,0,8,0.000685,0.000000,0,0.000000,0
cusco,1,1,0.000666,0.000000,0,0.000000,0
cusco,1,2,0.000666,0.000000,0,0.000000,0
cusco,1,3,0.000666,0.000000,0,0.000000,0
cusco,1,4,0.000666,0.000000,0,0.000000,0
cusco,1,5,0.000666,0.000000,0,0.000000,0
cusco,1,6,0.000666,0.000000,0,0.000000,0
cusco,1,7,0.000666,0.000000,0,0.000000,0
cusco,1,8,0.000666,0.000000,0,0.000000,0
cusco,2,1,0.000692,0.000000,0,0.000000,0
cusco,2,2,0.000692,0.000000,0,0.000000,0
cusco,2,3,0.000692,0.000000,0,0.000000,0
cusco,2,4,0.000692,0.000000,0,0.000000,0
cusco,2,5,0.000692,0.000000,0,0.000000,0
cusco,2,6,0.000692,0.000000,0,0.000000,0
cusco,2,7,0.000692,0.000000,0,0.000000,0
cusco,2,8,0.000692,0.000000,0,0.000000,0
cusco,3,1,0.000691,0.000000,0,0.000000,0
cusco,3,2,0.000691,0.000000,0,0.000000,0
cusco,3,3,0.000691,0.000000,0,0.000000,0
cusco,3,4,0.000691,0.000000,0,0.000000,0
cusco,3,5,0.000691,0.000000,0,0.000000,0
cusco,3,6,0.000691,0.000000,0,0.000000,0
cusco,3,7,0.000691,0.000000,0,0.000000,0
cusco,3,8,0.000691,0.000000,0,0.000000,0
cusco,4,1,0.000659,0.000000,0,0.000000,0
cusco,4,2,0.000659,0.000000,0,0.000000,0
cusco,4,3,0.000659,0.000000,0,0.000000,0
cusco,4,4,0.000659,0.000000,0,0.000000,0
cusco,4,5,0.000659,0.000000,0,0.000000,0
cusco,4,6,0.000659,0.000000,0,0.000000,0
cusco,4,7,0.000659,0.000000,0,0.000000,0
cusco,4,8,0.000659,0.000000,0,0.000000,0
cusco,5,1,0.000673,0.000000,0,0.000000,0
cusco,5,2,0.000673,0.000000,0,0.000000,0
cusco,5,3,0.000673,0.000000,0,0.000000,0
cusco,5,4,0.000673,0.000000,0,0.000000,0
cusco,5,5,0.000673,0.000000,0,0.000000,0
cusco,5,6,0.000673,0.000000,0,0.000000,0
cusco,5,7,0.000673,0.000000,0,0.000000,0
cusco,5,8,0.000673,0.000000,0,0.000000,0
cusco,6,1,0.000656,0.000000,0,0.000000,0
cusco,6,2,0.000656,0.000000,0,0.000000,0
cusco,6,3,0.000656,0.000000,0,0.000000,0
cusco,6,4,0.000656,0.000000,0,0.000000,0
cusco,6,5,0.000656,0.000000,0,0.000000,0
cusco,6,6,0.000656,0.000000,0,0.000000,0
cusco,6,7,0.000656,0.000000,0,0.000000,0
cusco,6,8,0.000656,0.000000,0,0.000000,0
cusco,7,1,0.000688,0.000000,0,0.000000,0
cusco,7,2,0.000688,0.000000,0,0.000000,0
cusco,7,3,0.000688,0.000000,0,0.000000,0
cusco,7,4,0.000688,0.000000,0,0.000000,0
cusco,7,5,0.000688,0.000000,0,0.000000,0
cusco,7,6,0.000688,0.000000,0,0.000000,0
cusco,7,7,0.000688,0.000000,0,0.000000,0
cusco,7,8,0.000688,0.000000,0,0.000000,0
cusco,8,1,0.000688,0.000000,0,0.000000,0
cusco,8,2,0.000688,0.000000,0,0.000000,0
cusco,8,3,0.000688,0.000000,0,0.000000,0
cusco,8,4,0.000688,0.000000,0,0.000000,0
cusco,8,5,0.000688,0.000000,0,0.000000,0
cusco,8,6,0.000688,0.000000,0,0.000000,0
cusco,8,7,0.000688,0.000000,0,0.000000,0
cusco,8,8,0.000688,0.000000,0,0.000000,0
cusco,9,1,0.000678,0.000000,0,0.000000,0
cusco,9,2,0.000678,0.000000,0,0.000000,0
cusco,9,3,0.000678,0.000000,0,0.000000,0
cusco,9,4,0.000678,0.000000,0,0.000000,0
cusco,9,5,0.000678,0.000000,0,0.000000,0
cusco,9,6,0.000678,0.000000,0,0.000000,0
cusco,9,7,0.000678,0.000000,0,0.000000,0
cusco,9,8,0.000678,0.000000,0,0.000000,0
cusco,10,1,0.000671,0.000000,0,0.000000,0
cusco,10,2,0.000671,0.000000,0,0.000000,0
cusco,10,3,0.000671,0.000000,0,0.000000,0
cusco,10,4,0.000671,0.000000,0,0.000000,0
cusco,10,5,0.000671,0.000000,0,0.000000,0
cusco,10,6,0.000671,0.000000,0,0.000000,0
cusco,10,7,0.000671,0.000000,0,0.000000,0
cusco,10,8,0.000671,0.000000,0,0.000000,0
cusco,11,1,0.000685,0.000000,0,0.000000,0
cusco,11,2,0.000685,0.000000,0,0.000000,0
cusco,11,3,0.000685,0.000000,0,0.000000,0
cusco,11,4,0.000685,0.000000,0,0.000000,0
cusco,11,5,0.000685,0.000000,0,0.000000,0
cusco,11,6,0.000685,0.000000,0,0.000000,0
cusco,11,7,0.000685,0.000000,0,0.000000,0
cusco,11,8,0.000685,0.000000,0,0.000000,0
cusco,12,1,0.000663,0.000000,0,0.000000,0
cusco,12,2,0.000663,0.000000,0,0.000000,0
cusco,12,3,0.000663,0.000000,0,0.000000,0
cusco,12,4,0.000663,0.000000,0,0.000000,0
cusco,12,5,0.000663,0.000000,0,0.000000,0
cusco,12,6,0.000663,0.000000,0,0.000000,0
cusco,12,7,0.000663,0.000000,0,0.000000,0
cusco,12,8,0.000663,0.000000,0,0.000000,0
cusco,13,1,0.000676,0.000000,0,0.000000,0
cusco,13,2,0.000676,0.000000,0,0.000000,0
cusco,13,3,0.000676,0.000000,0,0.000000,0
cusco,13,4,0.000676,0.000000,0,0.000000,0
cusco,13,5,0.000676,0.000000,0,0.000000,0
cusco,13,6,0.000676,0.000000,0,0.000000,0
cusco,13,7,0.000676,0.000000,0,0.000000,0
cusco,13,8,0.000676,0.000000,0,0.000000,0
cusco,14,1,0.000654,0.000000,0,0.000000,0
cusco,14,2,0.000654,0.000000,0,0.000000,0
cusco,14,3,0.000654,0.000000,0,0.000000,0
cusco,14,4,0.000654,0.000000,0,0.000000,0
cusco,14,5,0.000654,0.000000,0,0.000000,0
cusco,14,6,0.000654,0.000000,0,0.000000,0
cusco,14,7,0.000654,0.000000,0,0.000000,0
cusco,14,8,0.000654,0.000000,0,0.000000,0
cusco,15,1,0.000679,0.000000,0,0.000000,0
cusco,15,2,0.000679,0.000000,0,0.000000,0
cusco,15,3,0.000679,0.000000,0,0.000000,0
cusco,15,4,0.000679,0.000000,0,0.000000,0
cusco,15,5,0.000679,0.000000,0,0.000000,0
cusco,15,6,0.000679,0.000000,0,0.000000,0
cusco,15,7,0.000679,0.000000,0,0.000000,0
cusco,15,8,0.000679,0.000000,0,0.000000,0
cusco,16,1,0.000653,0.000000,0,0.000000,0
cusco,16,2,0.000653,0.000000,0,0.000000,0
cusco,16,3,0.000653,0.000000,0,0.000000,0
cusco,16,4,0.000653,0.000000,0,0.000000,0
cusco,16,5,0.000653,0.000000,0,0.000000,0
cusco,16,6,0.000653,0.000000,0,0.000000,0
cusco,16,7,0.000653,0.000000,0,0.000000,0
cusco,16,8,0.000653,0.000000,0,0.000000,0
cusco,17,1,0.000641,0.000000,0,0.000000,0
cusco,17,2,0.000641,0.000000,0,0.000000,0
cusco,17,3,0.000641,0.000000,0,0.000000,0
cusco,17,4,0.000641,0.000000,0,0.000000,0
cusco,17,5,0.000641,0.000000,0,0.000000,0
cusco,17,6,0.000641,0.000000,0,0.000000,0
cusco,17,7,0.000641,0.000000,0,0.000000,0
cusco,17,8,0.000641,0.000000,0,0.000000,0
cusco,18,1,0.000714,0.000000,0,0.000000,0
cusco,18,2,0.000714,0.000000,0,0.000000,0
cusco,18,3,0.000714,0.000000,0,0.000000,0
cusco,18,4,0.000714,0.000000,0,0.000000,0
cusco,18,5,0.000714,0.000000,0,0.000000,0
cusco,18,6,0.000714,0.000000,0,0.000000,0
cusco,18,7,0.000714,0.000000,0,0.000000,0
cusco,18,8,0.000714,0.000000,0,0.000000,0
cusco,19,1,0.000658,0.000000,0,0.000000,0
cusco,19,2,0.000658,0.000000,0,0.000000,0
cusco,19,3,0.000658,0.000000,0,0.000000,0
cusco,19,4,0.000658,0.000000,0,0.000000,0
cusco,19,5,0.000658,0.000000,0,0.000000,0
cusco,19,6,0.000658,0.000000,0,0.000000,0
cusco,19,7,0.000658,0.000000,0,0.000000,0
cusco,19,8,0.000658,0.000000,0,0.000000,0
cusco,20,1,0.000709,0.000000,0,0.000000,0
cusco,20,2,0.000709,0.000000,0,0.000000,0
cusco,20,3,0.000709,0.000000,0,0.000000,0
cusco,20,4,0.000709,0.000000,0,0.000000,0
cusco,20,5,0.000709,0.000000,0,0.000000,0
cusco,20,6,0.000709,0.000000,0,0.000000,0
cusco,20,7,0.000709,0.000000,0,0.000000,0
cusco,20,8,0.000709,0.000000,0,0.000000,0
cusco,21,1,0.000637,0.000000,0,0.000000,0
cusco,21,2,0.000637,0.000000,0,0.000000,0
cusco,21,3,0.000637,0.000000,0,0.000000,0
cusco,21,4,0.000637,0.000000,0,0.000000,0
cusco,21,5,0.000637,0.000000,0,0.000000,0
cusco,21,6,0.000637,0.000000,0,0.000000,0
cusco,21,7,0.000637,0.000000,0,0.000000,0
cusco,21,8,0.000637,0.000000,0,0.000000,0
cusco,22,1,0.000665,0.000000,0,0.000000,0
cusco,22,2,0.000665,0.000000,0,0.000000,0
cusco,22,3,0.000665,0.000000,0,0.000000,0
cusco,22,4,0.000665,0.000000,0,0.000000,0
cusco,22,5,0.000665,0.000000,0,0.000000,0
cusco,22,6,0.000665,0.000000,0,0.000000,0
cusco,22,7,0.000665,0.000000,0,0.000000,0
cusco,22,8,0.000665,0.000000,0,0.000000,0
cusco,23,1,0.000679,0.000000,0,0.000000,0
cusco,23,2,0.000679,0.000000,0,0.000000,0
cusco,23,3,0.000679,0.000000,0,0.000000,0
cusco,23,4,0.000679,0.000000,0,0.000000,0
cusco,23,5,0.000679,0.000000,0,0.000000,0
cusco,23,6,0.000679,0.000000,0,0.000000,0
cusco,23,7,0.000679,0.000000,0,0.000000,0
cusco,23,8,0.000679,0.000000,0,0.000000,0
cusco,24,1,0.000647,0.000000,0,0.000000,0
cusco,24,2,0.000647,0.000000,0,0.000000,0
cusco,24,3,0.000647,0.000000,0,0.000000,0
cusco,24,4,0.000647,0.000000,0,0.000000,0
cusco,24,5,0.000647,0.000000,0,0.000000,0
cusco,24,6,0.000647,0.000000,0,0.000000,0
cusco,24,7,0.000647,0.000000,0,0.000000,0
cusco,24,8,0.000647,0.000000,0,0.000000,0
cusco,25,1,0.000665,0.000000,0,0.000000,0
cusco,25,2,0.000665,0.000000,0,0.000000,0
cusco,25,3,0.000665,0.000000,0,0.000000,0
cusco,25,4,0.000665,0.000000,0,0.000000,0
cusco,25,5,0.000665,0.000000,0,0.000000,0
cusco,25,6,0.000665,0.000000,0,0.000000,0
cusco,25,7,0.000665,0.000000,0,0.000000,0
cusco,25,8,0.000665,0.000000,0,0.000000,0
cusco,26,1,0.000664,0.000000,0,0.000000,0
cusco,26,2,0.000664,0.000000,0,0.000000,0
cusco,26,3,0.000664,0.000000,0,0.000000,0
cusco,26,4,0.000664,0.000000,0,0.000000,0
cusco,26,5,0.000664,0.000000,0,0.000000,0
cusco,26,6,0.000664,0.000000,0,0.000000,0
cusco,26,7,0.000664,0.000000,0,0.000000,0
cusco,26,8,0.000664,0.000000,0,0.000000,0
cusco,27,1,0.000682,0.000000,0,0.000000,0
cusco,27,2,0.000682,0.000000,0,0.000000,0
cusco,27,3,0.000682,0.000000,0,0.000000,0
cusco,27,4,0.000682,0.000000,0,0.000000,0
cusco,27,5,0.000682,0.000000,0,0.000000,0
cusco,27,6,0.000682,0.000000,0,0.000000,0
cusco,27,7,0.000682,0.000000,0,0.000000,0
cusco,27,8,0.000682,0.000000,0,0.000000,0
cusco,28,1,0.000674,0.000000,0,0.000000,0
cusco,28,2,0.000674,0.000000,0,0.000000,0
cusco,28,3,0.000674,0.000000,0,0.000000,0
cusco,28,4,0.000674,0.000000,0,0.000000,0
cusco,28,5,0.000674,0.000000,0,0.000000,0
cusco,28,6,0.000674,0.000000,0,0.000000,0
cusco,28,7,0.000674,0.000000,0,0.000000,0
cusco,28,8,0.000674,0.000000,0,0.000000,0
cusco,29,1,0.000656,0.000000,0,0.000000,0
cusco,29,2,0.000656,0.000000,0,0.000000,0
cusco,29,3,0.000656,0.000000,0,0.000000,0
cusco,29,4,0.000656,0.000000,0,0.000000,0
cusco,29,5,0.000656,0.000000,0,0.000000,0
cusco,29,6,0.000656,0.000000,0,0.000000,0
cusco,29,7,0.000656,0.000000,0,0.000000,0
cusco,29,8,0.000656,0.000000,0,0.000000,0
cusco,30,1,0.000661,0.000000,0,0.000000,0
cusco,30,2,0.000661,0.000000,0,0.000000,0
cusco,30,3,0.000661,0.000000,0,0.000000,0
cusco,30,4,0.000661,0.000000,0,0.000000,0
cusco,30,5,0.000661,0.000000,0,0.000000,0
cusco,30,6,0.000661,0.000000,0,0.000000,0
cusco,30,7,0.000661,0.000000,0,0.000000,0
cusco,30,8,0.000661,0.000000,0,0.000000,0
cusco,31,1,0.000700,0.000000,0,0.000000,0
cusco,31,2,0.000700,0.000000,0,0.000000,0
cusco,31,3,0.000700,0.000000,0,0.000000,0
cusco,31,4,0.000700,0.000000,0,0.000000,0
cusco,31,5,0.000700,0.000000,0,0.000000,0
cusco,31,6,0.000700,0.000000,0,0.000000,0
cusco,31,7,0.000700,0.000000,0,0.000000,0
cusco,31,8,0.000700,0.000000,0,0.000000,0
cusco,32,1,0.000684,0.000000,0,0.000000,0
cusco,32,2,0.000684,0.000000,0,0.000000,0
cusco,32,3,0.000684,0.000000,0,0.000000,0
cusco,32,4,0.000684,0.000000,0,0.000000,0
cusco,32,5,0.000684,0.000000,0,0.000000,0
cusco,32,6,0.000684,0.000000,0,0.000000,0
cusco,32,7,0.000684,0.000000,0,0.000000,0
cusco,32,8,0.000684,0.000000,0,0.000000,0
cusco,33,1,0.000709,0.000000,0,0.000000,0
cusco,33,2,0.000709,0.000000,0,0.000000,0
cusco,33,3,0.000709,0.000000,0,0.000000,0
cusco,33,4,0.000709,0.000000,0,0.000000,0
cusco,33,5,0.000709,0.000000,0,0.000000,0
cusco,33,6,0.000709,0.000000,0,0.000000,0
cusco,33,7,0.000709,0.000000,0,0.000000,0
cusco,33,8,0.000709,0.000000,0,0.000000,0
cusco,34,1,0.000669,0.000000,0,0.000000,0
cusco,34,2,0.000669,0.000000,0,0.000000,0
cusco,34,3,0.000669,0.000000,0,0.000000,0
cusco,34,4,0.000669,0.000000,0,0.000000,0
cusco,34,5,0.000669,0.000000,0,0.000000,0
cusco,34,6,0.000669,0.000000,0,0.000000,0
cusco,34,7,0.000669,0.000000,0,0.000000,0
cusco,34,8,0.000669,0.000000,0,0.000000,0
cusco,35,1,0.000701,0.000000,0,0.000000,0
cusco,35,2,0.000701,0.000000,0,0.000000,0
cusco,35,3,0.000701,0.000000,0,0.000000,0
cusco,35,4,0.000701,0.000000,0,0.000000,0
cusco,35,5,0.000701,0.000000,0,0.000000,0
cusco,35,6,0.000701,0.000000,0,0.000000,0
cusco,35,7,0.000701,0.000000,0,0.000000,0
cusco,35,8,0.000701,0.000000,0,0.000000,0
cusco,36,1,0.000689,0.000000,0,0.000000,0
cusco,36,2,0.000689,0.000000,0,0.000000,0
cusco,36,3,0.000689,0.000000,0,0.000000,0
cusco,36,4,0.000689,0.000000,0,0.000000,0
cusco,36,5,0.000689,0.000000,0,0.000000,0
cusco,36,6,0.000689,0.000000,0,0.000000,0
cusco,36,7,0.000689,0.000000,0,0.000000,0
cusco,36,8,0.000689,0.000000,0,0.000000,0
cusco,37,1,0.000646,0.000000,0,0.000000,0
cusco,37,2,0.000646,0.000000,0,0.000000,0
cusco,37,3,0.000646,0.000000,0,0.000000,0
cusco,37,4,0.000646,0.000000,0,0.000000,0
cusco,37,5,0.000646,0.000000,0,0.000000,0
cusco,37,6,0.000646,0.000000,0,0.000000,0
cusco,37,7,0.000646,0.000000,0,0.000000,0
cusco,37,8,0.000646,0.000000,0,0.000000,0
cusco,38,1,0.000661,0.000000,0,0.000000,0
cusco,38,2,0.000661,0.000000,0,0.000000,0
cusco,38,3,0.000661,0.000000,0,0.000000,0
cusco,38,4,0.000661,0.000000,0,0.000000,0
cusco,38,5,0.000661,0.000000,0,0.000000,0
cusco,38,6,0.000661,0.000000,0,0.000000,0
cusco,38,7,0.000661,0.000000,0,0.000000,0
cusco,38,8,0.000661,0.000000,0,0.000000,0
cusco,39,1,0.000695,0.000000,0,0.000000,0
cusco,39,2,0.000695,0.000000,0,0.000000,0
cusco,39,3,0.000695,0.000000,0,0.000000,0
cusco,39,4,0.000695,0.000000,0,0.000000,0
cusco,39,5,0.000695,0.000000,0,0.000000,0
cusco,39,6,0.000695,0.000000,0,0.000000,0
cusco,39,7,0.000695,0.000000,0,0.000000,0
cusco,39,8,0.000695,0.000000,0,0.000000,0
cusco,40,1,0.000701,0.000000,0,0.000000,0
cusco,40,2,0.000701,0.000000,0,0.000000,0
cusco,40,3,0.000701,0.000000,0,0.000000,0
cusco,40,4,0.000701,0.000000,0,0.000000,0
cusco,40,5,0.000701,0.000000,0,0.000000,0
cusco,40,6,0.000701,0.000000,0,0.000000,0
cusco,40,7,0.000701,0.000000,0,0.000000,0
cusco,40,8,0.000701,0.000000,0,0.000000,0
cusco,41,1,0.000705,0.000000,0,0.000000,0
cusco,41,2,0.000705,0.000000,0,0.000000,0
cusco,41,3,0.000705,0.000000,0,0.000000,0
cusco,41,4,0.000705,0.000000,0,0.000000,0
cusco,41,5,0.000705,0.000000,0,0.000000,0
cusco,41,6,0.000705,0.000000,0,0.000000,0
cusco,41,7,0.000705,0.000000,0,0.000000,0
cusco,41,8,0.000705,0.000000,0,0.000000,0
cusco,42,1,0.000690,0.000000,0,0.000000,0
cusco,42,2,0.000690,0.000000,0,0.000000,0
cusco,42,3,0.000690,0.000000,0,0.000000,0
cusco,42,4,0.000690,0.000000,0,0.000000,0
cusco,42,5,0.000690,0.000000,0,0.000000,0
cusco,42,6,0.000690,0.000000,0,0.000000,0
cusco,42,7,0.000690,0.000000,0,0.000000,0
cusco,42,8,0.000690,0.000000,0,0.000000,0
cusco,43,1,0.000629,0.000000,0,0.000000,0
cusco,43,2,0.000629,0.000000,0,0.000000,0
cusco,43,3,0.000629,0.000000,0,0.000000,0
cusco,43,4,0.000629,0.000000,0,0.000000,0
cusco,43,5,0.000629,0.000000,0,0.000000,0
cusco,43,6,0.000629,0.000000,0,0.000000,0
cusco,43,7,0.000629,0.000000,0,0.000000,0
cusco,43,8,0.000629,0.000000,0,0.000000,0
cusco,44,1,0.000655,0.000000,0,0.000000,0
cusco,44,2,0.000655,0.000000,0,0.000000,0
cusco,44,3,0.000655,0.000000,0,0.000000,0
cusco,44,4,0.000655,0.000000,0,0.000000,0
cusco,44,5,0.000655,0.000000,0,0.000000,0
cusco,44,6,0.000655,0.000000,0,0.000000,0
cusco,44,7,0.000655,0.000000,0,0.000000,0
cusco,44,8,0.000655,0.000000,0,0.000000,0
cusco,45,1,0.000639,0.000000,0,0.000000,0
cusco,45,2,0.000639,0.000000,0,0.000000,0
cusco,45,3,0.000639,0.000000,0,0.000000,0
cusco,45,4,0.000639,0.000000,0,0.000000,0
cusco,45,5,0.000639,0.000000,0,0.000000,0
cusco,45,6,0.000639,0.000000,0,0.000000,0
cusco,45,7,0.000639,0.000000,0,0.000000,0
cusco,45,8,0.000639,0.000000,0,0.000000,0
cusco,46,1,0.000658,0.000000,0,0.000000,0
cusco,46,2,0.000658,0.000000,0,0.000000,0
cusco,46,3,0.000658,0.000000,0,0.000000,0
cusco,46,4,0.000658,0.000000,0,0.000000,0
cusco,46,5,0.000658,0.000000,0,0.000000,0
cusco,46,6,0.000658,0.000000,0,0.000000,0
cusco,46,7,0.000658,0.000000,0,0.000000,0
cusco,46,8,0.000658,0.000000,0,0.000000,0
cusco,47,1,0.000673,0.000000,0,0.000000,0
cusco,47,2,0.000673,0.000000,0,0.000000,0
cusco,47,3,0.000673,0.000000,0,0.000000,0
cusco,47,4,0.000673,0.000000,0,0.000000,0
cusco,47,5,0.000673,0.000000,0,0.000000,0
cusco,47,6,0.000673,0.000000,0,0.000000,0
cusco,47,7,0.000673,0.000000,0,0.000000,0
cusco,47,8,0.000673,0.000000,0,0.000000,0
cusco,48,1,0.000668,0.000000,0,0.000000,0
cusco,48,2,0.000668,0.000000,0,0.000000,0
cusco,48,3,0.000668,0.000000,0,0.000000,0
cusco,48,4,0.000668,0.000000,0,0.000000,0
cusco,48,5,0.000668,0.000000,0,0.000000,0
cusco,48,6,0.000668,0.000000,0,0.000000,0
cusco,48,7,0.000668,0.000000,0,0.000000,0
cusco,48,8,0.000668,0.000000,0,0.000000,0
cusco,49,1,0.000714,0.000000,0,0.000000,0
cusco,49,2,0.000714,0.000000,0,0.000000,0
cusco,49,3,0.000714,0.000000,0,0.000000,0
cusco,49,4,0.000714,0.000000,0,0.000000,0
cusco,49,5,0.000714,0.000000,0,0.000000,0
cusco,49,6,0.000714,0.000000,0,0.000000,0
cusco,49,7,0.000714,0.000000,0,0.000000,0
cusco,49,8,0.000714,0.000000,0,0.000000,0
cusco,50,1,0.000685,0.000000,0,0.000000,0
cusco,50,2,0.000685,0.000000,0,0.000000,0
cusco,50,3,0.000685,0.000000,0,0.000000,0
cusco,50,4,0.000685,0.000000,0,0.000000,0
cusco,50,5,0.000685,0.000000,0,0.000000,0
cusco,50,6,0.000685,0.000000,0,0.000000,0
cusco,50,7,0.000685,0.000000,0,0.000000,0
cusco,50,8,0.000685,0.000000,0,0.000000,0
cusco,51,1,0.000692,0.000000,0,0.000000,0
cusco,51,2,0.000692,0.000000,0,0.000000,0
cusco,51,3,0.000692,0.000000,0,0.000000,0
cusco,51,4,0.000692,0.000000,0,0.000000,0
cusco,51,5,0.000692,0.000000,0,0.000000,0
cusco,51,6,0.000692,0.000000,0,0.000000,0
cusco,51,7,0.000692,0.000000,0,0.000000,0
cusco,51,8,0.000692,0.000000,0,0.000000,0
cusco,52,1,0.000700,0.000000,0,0.000000,0
cusco,52,2,0.000700,0.000000,0,0.000000,0
cusco,52,3,0.000700,0.000000,0,0.000000,0
cusco,52,4,0.000700,0.000000,0,0.000000,0
cusco,52,5,0.000700,0.000000,0,0.000000,0
cusco,52,6,0.000700,0.000000,0,0.000000,0
cusco,52,7,0.000700,0.000000,0,0.000000,0
cusco,52,8,0.000700,0.000000,0,0.000000,0
cusco,53,1,0.000664,0.000000,0,0.000000,0
cusco,53,2,0.000664,0.000000,0,0.000000,0
cusco,53,3,0.000664,0.000000,0,0.000000,0
cusco,53,4,0.000664,0.000000,0,0.000000,0
cusco,53,5,0.000664,0.000000,0,0.000000,0
cusco,53,6,0.000664,0.000000,0,0.000000,0
cusco,53,7,0.000664,0.000000,0,0.000000,0
cusco,53,8,0.000664,0.000000,0,0.000000,0
cusco,54,1,0.000681,0.000000,0,0.000000,0
cusco,54,2,0.000681,0.000000,0,0.000000,0
cusco,54,3,0.000681,0.000000,0,0.000000,0
cusco,54,4,0.000681,0.000000,0,0.000000,0
cusco,54,5,0.000681,0.000000,0,0.000000,0
cusco,54,6,0.000681,0.000000,0,0.000000,0
cusco,54,7,0.000681,0.000000,0,0.000000,0
cusco,54,8,0.000681,0.000000,0,0.000000,0
cusco,55,1,0.000689,0.000000,0,0.000000,0
cusco,55,2,0.000689,0.000000,0,0.000000,0
cusco,55,3,0.000689,0.000000,0,0.000000,0
cusco,55,4,0.000689,0.000000,0,0.000000,0
cusco,55,5,0.000689,0.000000,0,0.000000,0
cusco,55,6,0.000689,0.000000,0,0.000000,0
cusco,55,7,0.000689,0.000000,0,0.000000,0
cusco,55,8,0.000689,0.000000,0,0.000000,0
cusco,56,1,0.000683,0.000000,0,0.000000,0
cusco,56,2,0.000683,0.000000,0,0.000000,0
cusco,56,3,0.000683,0.000000,0,0.000000,0
cusco,56,4,0.000683,0.000000,0,0.000000,0
cusco,56,5,0.000683,0.000000,0,0.000000,0
cusco,56,6,0.000683,0.000000,0,0.000000,0
cusco,56,7,0.000683,0.000000,0,0.000000,0
cusco,56,8,0.000683,0.000000,0,0.000000,0
cusco,57,1,0.000660,0.000000,0,0.000000,0
cusco,57,2,0.000660,0.000000,0,0.000000,0
cusco,57,3,0.000660,0.000000,0,0.000000,0
cusco,57,4,0.000660,0.000000,0,0.000000,0
cusco,57,5,0.000660,0.000000,0,0.000000,0
cusco,57,6,0.000660,0.000000,0,0.000000,0
cusco,57,7,0.000660,0.000000,0,0.000000,0
cusco,57,8,0.000660,0.000000,0,0.000000,0
cusco,58,1,0.000647,0.000000,0,0.000000,0
cusco,58,2,0.000647,0.000000,0,0.000000,0
cusco,58,3,0.000647,0.000000,0,0.000000,0
cusco,58,4,0.000647,0.000000,0,0.000000,0
cusco,58,5,0.000647,0.000000,0,0.000000,0
cusco,58,6,0.000647,0.000000,0,0.000000,0
cusco,58,7,0.000647,0.000000,0,0.000000,0
cusco,58,8,0.000647,0.000000,0,0.000000,0
cusco,59,1,0.000700,0.000000,0,0.000000,0
cusco,59,2,0.000700,0.000000,0,0.000000,0
cusco,59,3,0.000700,0.000000,0,0.000000,0
cusco,59,4,0.000700,0.000000,0,0.000000,0
cusco,59,5,0.000700,0.000000,0,0.000000,0
cusco,59,6,0.000700,0.000000,0,0.000000,0
cusco,59,7,0.000700,0.000000,0,0.000000,0
cusco,59,8,0.000700,0.000000,0,0.000000,0
cusco,60,1,0.000701,0.000000,0,0.000000,0
cusco,60,2,0.000701,0.000000,0,0.000000,0
cusco,60,3,0.000701,0.000000,0,0.000000,0
cusco,60,4,0.000701,0.000000,0,0.000000,0
cusco,60,5,0.000701,0.000000,0,0.000000,0
cusco,60,6,0.000701,0.000000,0,0.000000,0
cusco,60,7,0.000701,0.000000,0,0.000000,0
cusco,60,8,0.000701,0.000000,0,0.000000,0
cusco,61,1,0.000689,0.000000,0,0.000000,0
cusco,61,2,0.000689,0.000000,0,0.000000,0
cusco,61,3,0.000689,0.000000,0,0.000000,0
cusco,61,4,0.000689,0.000000,0,0.000000,0
cusco,61,5,0.000689,0.000000,0,0.000000,0
cusco,61,6,0.000689,0.000000,0,0.000000,0
cusco,61,7,0.000689,0.000000,0,0.000000,0
cusco,61,8,0.000689,0.000000,0,0.000000,0
cusco,62,1,0.000721,0.000000,0,0.000000,0
cusco,62,2,0.000721,0.000000,0,0.000000,0
cusco,62,3,0.000721,0.000000,0,0.000000,0
cusco,62,4,0.000721,0.000000,0,0.000000,0
cusco,62,5,0.000721,0.000000,0,0.000000,0
cusco,62,6,0.000721,0.000000,0,0.000000,0
cusco,62,7,0.000721,0.000000,0,0.000000,0
cusco,62,8,0.000721,0.000000,0,0.000000,0
cusco,63,1,0.000659,0.000000,0,0.000000,0
cusco,63,2,0.000659,0.000000,0,0.000000,0
cusco,63,3,0.000659,0.000000,0,0.000000,0
cusco,63,4,0.000659,0.000000,0,0.000000,0
cusco,63,5,0.000659,0.000000,0,0.000000,0
cusco,63,6,0.000659,0.000000,0,0.000000,0
cusco,63,7,0.000659,0.000000,0,0.000000,0
cusco,63,8,0.000659,0.000000,0,0.000000,0
cusco,64,1,0.000706,0.000000,0,0.000000,0
cusco,64,2,0.000706,0.000000,0,0.000000,0
cusco,64,3,0.000706,0.000000,0,0.000000,0
cusco,64,4,0.000706,0.000000,0,0.000000,0
cusco,64,5,0.000706,0.000000,0,0.000000,0
cusco,64,6,0.000706,0.000000,0,0.000000,0
cusco,64,7,0.000706,0.000000,0,0.000000,0
cusco,64,8,0.000706,0.000000,0,0.000000,0
cusco,65,1,0.000682,0.000000,0,0.000000,0
cusco,65,2,0.000682,0.000000,0,0.000000,0
cusco,65,3,0.000682,0.000000,0,0.000000,0
cusco,65,4,0.000682,0.000000,0,0.000000,0
cusco,65,5,0.000682,0.000000,0,0.000000,0
cusco,65,6,0.000682,0.000000,0,0.000000,0
cusco,65,7,0.000682,0.000000,0,0.000000,0
cusco,65,8,0.000682,0.000000,0,0.000000,0
cusco,66,1,0.000665,0.000000,0,0.000000,0
cusco,66,2,0.000665,0.000000,0,0.000000,0
cusco,66,3,0.000665,0.000000,0,0.000000,0
cusco,66,4,0.000665,0.000000,0,0.000000,0
cusco,66,5,0.000665,0.000000,0,0.000000,0
cusco,66,6,0.000665,0.000000,0,0.000000,0
cusco,66,7,0.000665,0.000000,0,0.000000,0
cusco,66,8,0.000665,0.000000,0,0.000000,0
cusco,67,1,0.000669,0.000000,0,0.000000,0
cusco,67,2,0.000669,0.000000,0,0.000000,0
cusco,67,3,0.000669,0.000000,0,0.000000,0
cusco,67,4,0.000669,0.000000,0,0.000000,0
cusco,67,5,0.000669,0.000000,0,0.000000,0
cusco,67,6,0.000669,0.000000,0,0.000000,0
cusco,67,7,0.000669,0.000000,0,0.000000,0
cusco,67,8,0.000669,0.000000,0,0.000000,0
cusco,68,1,0.000808,0.000000,0,0.000000,0
cusco,68,2,0.000808,0.000000,0,0.000000,0
cusco,68,3,0.000808,0.000000,0,0.000000,0
cusco,68,4,0.000808,0.000000,0,0.000000,0
cusco,68,5,0.000808,0.000000,0,0.000000,0
cusco,68,6,0.000808,0.000000,0,0.000000,0
cusco,68,7,0.000808,0.000000,0,0.000000,0
cusco,68,8,0.000808,0.000000,0,0.000000,0
cusco,69,1,0.000677,0.000000,0,0.000000,0
cusco,69,2,0.000677,0.000000,0,0.000000,0
cusco,69,3,0.000677,0.000000,0,0.000000,0
cusco,69,4,0.000677,0.000000,0,0.000000,0
cusco,69,5,0.000677,0.000000,0,0.000000,0
cusco,69,6,0.000677,0.000000,0,0.000000,0
cusco,69,7,0.000677,0.000000,0,0.000000,0
cusco,69,8,0.000677,0.000000,0,0.000000,0
cusco,70,1,0.000663,0.000000,0,0.000000,0
cusco,70,2,0.000663,0.000000,0,0.000000,0
cusco,70,3,0.000663,0.000000,0,0.000000,0
cusco,70,4,0.000663,0.000000,0,0.000000,0
cusco,70,5,0.000663,0.000000,0,0.000000,0
cusco,70,6,0.000663,0.000000,0,0.000000,0
cusco,70,7,0.000663,0.000000,0,0.000000,0
cusco,70,8,0.000663,0.000000,0,0.000000,0
cusco,71,1,0.000667,0.000000,0,0.000000,0
cusco,71,2,0.000667,0.000000,0,0.000000,0
cusco,71,3,0.000667,0.000000,0,0.000000,0
cusco,71,4,0.000667,0.000000,0,0.000000,0
cusco,71,5,0.000667,0.000000,0,0.000000,0
cusco,71,6,0.000667,0.000000,0,0.000000,0
cusco,71,7,0.000667,0.000000,0,0.000000,0
cusco,71,8,0.000667,0.000000,0,0.000000,0
cusco,72,1,0.000668,0.000000,0,0.000000,0
cusco,72,2,0.000668,0.000000,0,0.000000,0
cusco,72,3,0.000668,0.000000,0,0.000000,0
cusco,72,4,0.000668,0.000000,0,0.000000,0
cusco,72,5,0.000668,0.000000,0,0.000000,0
cusco,72,6,0.000668,0.000000,0,0.000000,0
cusco,72,7,0.000668,0.000000,0,0.000000,0
cusco,72,8,0.000668,0.000000,0,0.000000,0
cusco,73,1,0.000674,0.000000,0,0.000000,0
cusco,73,2,0.000674,0.000000,0,0.000000,0
cusco,73,3,0.000674,0.000000,0,0.000000,0
cusco,73,4,0.000674,0.000000,0,0.000000,0
cusco,73,5,0.000674,0.000000,0,0.000000,0
cusco,73,6,0.000674,0.000000,0,0.000000,0
cusco,73,7,0.000674,0.000000,0,0.000000,0
cusco,73,8,0.000674,0.000000,0,0.000000,0
cusco,74,1,0.000667,0.000000,0,0.000000,0
cusco,74,2,0.000667,0.000000,0,0.000000,0
cusco,74,3,0.000667,0.000000,0,0.000000,0
cusco,74,4,0.000667,0.000000,0,0.000000,0
cusco,74,5,0.000667,0.000000,0,0.000000,0
cusco,74,6,0.000667,0.000000,0,0.000000,0
cusco,74,7,0.000667,0.000000,0,0.000000,0
cusco,74,8,0.000667,0.000000,0,0.000000,0
cusco,75,1,0.000663,0.000000,0,0.000000,0
cusco,75,2,0.000663,0.000000,0,0.000000,0
cusco,75,3,0.000663,0.000000,0,0.000000,0
cusco,75,4,0.000663,0.000000,0,0.000000,0
cusco,75,5,0.000663,0.000000,0,0.000000,0
cusco,75,6,0.000663,0.000000,0,0.000000,0
cusco,75,7,0.000663,0.000000,0,0.000000,0
cusco,75,8,0.000663,0.000000,0,0.000000,0
cusco,76,1,0.000699,0.000000,0,0.000000,0
cusco,76,2,0.000699,0.000000,0,0.000000,0
cusco,76,3,0.000699,0.000000,0,0.000000,0
cusco,76,4,0.000699,0.000000,0,0.000000,0
cusco,76,5,0.000699,0.000000,0,0.000000,0
cusco,76,6,0.000699,0.000000,0,0.000000,0
cusco,76,7,0.000699,0.000000,0,0.000000,0
cusco,76,8,0.000699,0.000000,0,0.000000,0
cusco,77,1,0.000684,0.000000,0,0.000000,0
cusco,77,2,0.000684,0.000000,0,0.000000,0
cusco,77,3,0.000684,0.000000,0,0.000000,0
cusco,77,4,0.000684,0.000000,0,0.000000,0
cusco,77,5,0.000684,0.000000,0,0.000000,0
cusco,77,6,0.000684,0.000000,0,0.000000,0
cusco,77,7,0.000684,0.000000,0,0.000000,0
cusco,77,8,0.000684,0.000000,0,0.000000,0
cusco,78,1,0.000631,0.000000,0,0.000000,0
cusco,78,2,0.000631,0.000000,0,0.000000,0
cusco,78,3,0.000631,0.000000,0,0.000000,0
cusco,78,4,0.000631,0.000000,0,0.000000,0
cusco,78,5,0.000631,0.000000,0,0.000000,0
cusco,78,6,0.000631,0.000000,0,0.000000,0
cusco,78,7,0.000631,0.000000,0,0.000000,0
cusco,78,8,0.000631,0.000000,0,0.000000,0
cusco,79,1,0.000696,0.000000,0,0.000000,0
cusco,79,2,0.000696,0.000000,0,0.000000,0
cusco,79,3,0.000696,0.000000,0,0.000000,0
cusco,79,4,0.000696,0.000000,0,0.000000,0
cusco,79,5,0.000696,0.000000,0,0.000000,0
cusco,79,6,0.000696,0.000000,0,0.000000,0
cusco,79,7,0.000696,0.000000,0,0.000000,0
cusco,79,8,0.000696,0.000000,0,0.000000,0
cusco,80,1,0.000700,0.000000,0,0.000000,0
cusco,80,2,0.000700,0.000000,0,0.000000,0
cusco,80,3,0.000700,0.000000,0,0.000000,0
cusco,80,4,0.000700,0.000000,0,0.000000,0
cusco,80,5,0.000700,0.000000,0,0.000000,0
cusco,80,6,0.000700,0.000000,0,0.000000,0
cusco,80,7,0.000700,0.000000,0,0.000000,0
cusco,80,8,0.000700,0.000000,0,0.000000,0
cusco,81,1,0.000808,0.000000,0,0.000000,0
cusco,81,2,0.000808,0.000000,0,0.000000,0
cusco,81,3,0.000808,0.000000,0,0.000000,0
cusco,81,4,0.000808,0.000000,0,0.000000,0
cusco,81,5,0.000808,0.000000,0,0.000000,0
cusco,81,6,0.000808,0.000000,0,0.000000,0
cusco,81,7,0.000808,0.000000,0,0.000000,0
cusco,81,8,0.000808,0.000000,0,0.000000,0
cusco,82,1,0.000679,0.000000,0,0.000000,0
cusco,82,2,0.000679,0.000000,0,0.000000,0
cusco,82,3,0.000679,0.000000,0,0.000000,0
cusco,82,4,0.000679,0.000000,0,0.000000,0
cusco,82,5,0.000679,0.000000,0,0.000000,0
cusco,82,6,0.000679,0.000000,0,0.000000,0
cusco,82,7,0.000679,0.000000,0,0.000000,0
cusco,82,8,0.000679,0.000000,0,0.000000,0
cusco,83,1,0.000674,0.000000,0,0.000000,0
cusco,83,2,0.000674,0.000000,0,0.000000,0
cusco,83,3,0.000674,0.000000,0,0.000000,0
cusco,83,4,0.000674,0.000000,0,0.000000,0
cusco,83,5,0.000674,0.000000,0,0.000000,0
cusco,83,6,0.000674,0.000000,0,0.000000,0
cusco,83,7,0.000674,0.000000,0,0.000000,0
cusco,83,8,0.000674,0.000000,0,0.000000,0
cusco,84,1,0.000679,0.000000,0,0.000000,0
cusco,84,2,0.000679,0.000000,0,0.000000,0
cusco,84,3,0.000679,0.000000,0,0.000000,0
cusco,84,4,0.000679,0.000000,0,0.000000,0
cusco,84,5,0.000679,0.000000,0,0.000000,0
cusco,84,6,0.000679,0.000000,0,0.000000,0
cusco,84,7,0.000679,0.000000,0,0.000000,0
cusco,84,8,0.000679,0.000000,0,0.000000,0
cusco,85,1,0.000705,0.000000,0,0.000000,0
cusco,85,2,0.000705,0.000000,0,0.000000,0
cusco,85,3,0.000705,0.000000,0,0.000000,0
cusco,85,4,0.000705,0.000000,0,0.000000,0
cusco,85,5,0.000705,0.000000,0,0.000000,0
cusco,85,6,0.000705,0.000000,0,0.000000,0
cusco,85,7,0.000705,0.000000,0,0.000000,0
cusco,85,8,0.000705,0.000000,0,0.000000,0
cusco,86,1,0.000694,0.000000,0,0.000000,0
cusco,86,2,0.000694,0.000000,0,0.000000,0
cusco,86,3,0.000694,0.000000,0,0.000000,0
cusco,86,4,0.000694,0.000000,0,0.000000,0
cusco,86,5,0.000694,0.000000,0,0.000000,0
cusco,86,6,0.000694,0.000000,0,0.000000,0
cusco,86,7,0.000694,0.000000,0,0.000000,0
cusco,86,8,0.000694,0.000000,0,0.000000,0
cusco,87,1,0.000690,0.000000,0,0.000000,0
cusco,87,2,0.000690,0.000000,0,0.000000,0
cusco,87,3,0.000690,0.000000,0,0.000000,0
cusco,87,4,0.000690,0.000000,0,0.000000,0
cusco,87,5,0.000690,0.000000,0,0.000000,0
cusco,87,6,0.000690,0.000000,0,0.000000,0
cusco,87,7,0.000690,0.000000,0,0.000000,0
cusco,87,8,0.000690,0.000000,0,0.000000,0
cusco,88,1,0.000636,0.000000,0,0.000000,0
cusco,88,2,0.000636,0.000000,0,0.000000,0
cusco,88,3,0.000636,0.000000,0,0.000000,0
cusco,88,4,0.000636,0.000000,0,0.000000,0
cusco,88,5,0.000636,0.000000,0,0.000000,0
cusco,88,6,0.000636,0.000000,0,0.000000,0
cusco,88,7,0.000636,0.000000,0,0.000000,0
cusco,88,8,0.000636,0.000000,0,0.000000,0
cusco,89,1,0.000682,0.000000,0,0.000000,0
cusco,89,2,0.000682,0.000000,0,0.000000,0
cusco,89,3,0.000682,0.000000,0,0.000000,0
cusco,89,4,0.000682,0.000000,0,0.000000,0
cusco,89,5,0.000682,0.000000,0,0.000000,0
cusco,89,6,0.000682,0.000000,0,0.000000,0
cusco,89,7,0.000682,0.000000,0,0.000000,0
cusco,89,8,0.000682,0.000000,0,0.000000,0
cusco,90,1,0.000651,0.000000,0,0.000000,0
cusco,90,2,0.000651,0.000000,0,0.000000,0
cusco,90,3,0.000651,0.000000,0,0.000000,0
cusco,90,4,0.000651,0.000000,0,0.000000,0
cusco,90,5,0.000651,0.000000,0,0.000000,0
cusco,90,6,0.000651,0.000000,0,0.000000,0
cusco,90,7,0.000651,0.000000,0,0.000000,0
cusco,90,8,0.000651,0.000000,0,0.000000,0
cusco,91,1,0.000841,0.000000,0,0.000000,0
cusco,91,2,0.000841,0.000000,0,0.000000,0
cusco,91,3,0.000841,0.000000,0,0.000000,0
cusco,91,4,0.000841,0.000000,0,0.000000,0
cusco,91,5,0.000841,0.000000,0,0.000000,0
cusco,91,6,0.000841,0.000000,0,0.000000,0
cusco,91,7,0.000841,0.000000,0,0.000000,0
cusco,91,8,0.000841,0.000000,0,0.000000,0
cusco,92,1,0.000683,0.000000,0,0.000000,0
cusco,92,2,0.000683,0.000000,0,0.000000,0
cusco,92,3,0.000683,0.000000,0,0.000000,0
cusco,92,4,0.000683,0.000000,0,0.000000,0
cusco,92,5,0.000683,0.000000,0,0.000000,0
cusco,92,6,0.000683,0.000000,0,0.000000,0
cusco,92,7,0.000683,0.000000,0,0.000000,0
cusco,92,8,0.000683,0.000000,0,0.000000,0
cusco,93,1,0.000669,0.000000,0,0.000000,0
cusco,93,2,0.000669,0.000000,0,0.000000,0
cusco,93,3,0.000669,0.000000,0,0.000000,0
cusco,93,4,0.000669,0.000000,0,0.000000,0
cusco,93,5,0.000669,0.000000,0,0.000000,0
cusco,93,6,0.000669,0.000000,0,0.000000,0
cusco,93,7,0.000669,0.000000,0,0.000000,0
cusco,93,8,0.000669,0.000000,0,0.000000,0
cusco,94,1,0.000691,0.000000,0,0.000000,0
cusco,94,2,0.000691,0.000000,0,0.000000,0
cusco,94,3,0.000691,0.000000,0,0.000000,0
cusco,94,4,0.000691,0.000000,0,0.000000,0
cusco,94,5,0.000691,0.000000,0,0.000000,0
cusco,94,6,0.000691,0.000000,0,0.000000,0
cusco,94,7,0.000691,0.000000,0,0.000000,0
cusco,94,8,0.000691,0.000000,0,0.000000,0
cusco,95,1,0.000712,0.000000,0,0.000000,0
cusco,95,2,0.000712,0.000000,0,0.000000,0
cusco,95,3,0.000712,0.000000,0,0.000000,0
cusco,95,4,0.000712,0.000000,0,0.000000,0
cusco,95,5,0.000712,0.000000,0,0.000000,0
cusco,95,6,0.000712,0.000000,0,0.000000,0
cusco,95,7,0.000712,0.000000,0,0.000000,0
cusco,95,8,0.000712,0.000000,0,0.000000,0
cusco,96,1,0.000660,0.000000,0,0.000000,0
cusco,96,2,0.000660,0.000000,0,0.000000,0
cusco,96,3,0.000660,0.000000,0,0.000000,0
cusco,96,4,0.000660,0.000000,0,0.000000,0
cusco,96,5,0.000660,0.000000,0,0.000000,0
cusco,96,6,0.000660,0.000000,0,0.000000,0
cusco,96,7,0.000660,0.000000,0,0.000000,0
cusco,96,8,0.000660,0.000000,0,0.000000,0
cusco,97,1,0.000698,0.000000,0,0.000000,0
cusco,97,2,0.000698,0.000000,0,0.000000,0
cusco,97,3,0.000698,0.000000,0,0.000000,0
cusco,97,4,0.000698,0.000000,0,0.000000,0
cusco,97,5,0.000698,0.000000,0,0.000000,0
cusco,97,6,0.000698,0.000000,0,0.000000,0
cusco,97,7,0.000698,0.000000,0,0.000000,0
cusco,97,8,0.000698,0.000000,0,0.000000,0
cusco,98,1,0.000690,0.000000,0,0.000000,0
cusco,98,2,0.000690,0.000000,0,0.000000,0
cusco,98,3,0.000690,0.000000,0,0.000000,0
cusco,98,4,0.000690,0.000000,0,0.000000,0
cusco,98,5,0.000690,0.000000,0,0.000000,0
cusco,98,6,0.000690,0.000000,0,0.000000,0
cusco,98,7,0.000690,0.000000,0,0.000000,0
cusco,98,8,0.000690,0.000000,0,0.000000,0
cusco,99,1,0.000706,0.000000,0,0.000000,0
cusco,99,2,0.000706,0.000000,0,0.000000,0
cusco,99,3,0.000706,0.000000,0,0.000000,0
cusco,99,4,0.000706,0.000000,0,0.000000,0
cusco,99,5,0.000706,0.000000,0,0.000000,0
cusco,99,6,0.000706,0.000000,0,0.000000,0
cusco,99,7,0.000706,0.000000,0,0.000000,0
cusco,99,8,0.000706,0.000000,0,0.000000,0
cusco,100,1,0.000653,0.000000,0,0.000000,0
cusco,100,2,0.000653,0.000000,0,0.000000,0
cusco,100,3,0.000653,0.000000,0,0.000000,0
cusco,100,4,0.000653,0.000000,0,0.000000,0
cusco,100,5,0.000653,0.000000,0,0.000000,0
cusco,100,6,0.000653,0.000000,0,0.000000,0
cusco,100,7,0.000653,0.000000,0,0.000000,0
cusco,100,8,0.000653,0.000000,0,0.000000,0
cusco,101,1,0.000664,0.000000,0,0.000000,0
cusco,101,2,0.000664,0.000000,0,0.000000,0
cusco,101,3,0.000664,0.000000,0,0.000000,0
cusco,101,4,0.000664,0.000000,0,0.000000,0
cusco,101,5,0.000664,0.000000,0,0.000000,0
cusco,101,6,0.000664,0.000000,0,0.000000,0
cusco,101,7,0.000664,0.000000,0,0.000000,0
cusco,101,8,0.000664,0.000000,0,0.000000,0
cusco,102,1,0.000678,0.000000,0,0.000000,0
cusco,102,2,0.000678,0.000000,0,0.000000,0
cusco,102,3,0.000678,0.000000,0,0.000000,0
cusco,102,4,0.000678,0.000000,0,0.000000,0
cusco,102,5,0.000678,0.000000,0,0.000000,0
cusco,102,6,0.000678,0.000000,0,0.000000,0
cusco,102,7,0.000678,0.000000,0,0.000000,0
cusco,102,8,0.000678,0.000000,0,0.000000,0
cusco,103,1,0.000691,0.000000,0,0.000000,0
cusco,103,2,0.000691,0.000000,0,0.000000,0
cusco,103,3,0.000691,0.000000,0,0.000000,0
cusco,103,4,0.000691,0.000000,0,0.000000,0
cusco,103,5,0.000691,0.000000,0,0.000000,0
cusco,103,6,0.000691,0.000000,0,0.000000,0
cusco,103,7,0.000691,0.000000,0,0.000000,0
cusco,103,8,0.000691,0.000000,0,0.000000,0
cusco,104,1,0.000725,0.000000,0,0.000000,0
cusco,104,2,0.000725,0.000000,0,0.000000,0
cusco,104,3,0.000725,0.000000,0,0.000000,0
cusco,104,4,0.000725,0.000000,0,0.000000,0
cusco,104,5,0.000725,0.000000,0,0.000000,0
cusco,104,6,0.000725,0.000000,0,0.000000,0
cusco,104,7,0.000725,0.000000,0,0.000000,0
cusco,104,8,0.000725,0.000000,0,0.000000,0
cusco,105,1,0.000682,0.000000,0,0.000000,0
cusco,105,2,0.000682,0.000000,0,0.000000,0
cusco,105,3,0.000682,0.000000,0,0.000000,0
cusco,105,4,0.000682,0.000000,0,0.000000,0
cusco,105,5,0.000682,0.000000,0,0.000000,0
cusco,105,6,0.000682,0.000000,0,0.000000,0
cusco,105,7,0.000682,0.000000,0,0.000000,0
cusco,105,8,0.000682,0.000000,0,0.000000,0
cusco,106,1,0.000656,0.000000,0,0.000000,0
cusco,106,2,0.000656,0.000000,0,0.000000,0
cusco,106,3,0.000656,0.000000,0,0.000000,0
cusco,106,4,0.000656,0.000000,0,0.000000,0
cusco,106,5,0.000656,0.000000,0,0.000000,0
cusco,106,6,0.000656,0.000000,0,0.000000,0
cusco,106,7,0.000656,0.000000,0,0.000000,0
cusco,106,8,0.000656,0.000000,0,0.000000,0
cusco,107,1,0.000657,0.000000,0,0.000000,0
cusco,107,2,0.000657,0.000000,0,0.000000,0
cusco,107,3,0.000657,0.000000,0,0.000000,0
cusco,107,4,0.000657,0.000000,0,0.000000,0
cusco,107,5,0.000657,0.000000,0,0.000000,0
cusco,107,6,0.000657,0.000000,0,0.000000,0
cusco,107,7,0.000657,0.000000,0,0.000000,0
cusco,107,8,0.000657,0.000000,0,0.000000,0
cusco,108,1,0.000691,0.000000,0,0.000000,0
cusco,108,2,0.000691,0.000000,0,0.000000,0
cusco,108,3,0.000691,0.000000,0,0.000000,0
cusco,108,4,0.000691,0.000000,0,0.000000,0
cusco,108,5,0.000691,0.000000,0,0.000000,0
cusco,108,6,0.000691,0.000000,0,0.000000,0
cusco,108,7,0.000691,0.000000,0,0.000000,0
cusco,108,8,0.000691,0.000000,0,0.000000,0
cusco,109,1,0.000692,0.000000,0,0.000000,0
cusco,109,2,0.000692,0.000000,0,0.000000,0
cusco,109,3,0.000692,0.000000,0,0.000000,0
cusco,109,4,0.000692,0.000000,0,0.000000,0
cusco,109,5,0.000692,0.000000,0,0.000000,0
cusco,109,6,0.000692,0.000000,0,0.000000,0
cusco,109,7,0.000692,0.000000,0,0.000000,0
cusco,109,8,0.000692,0.000000,0,0.000000,0
cusco,110,1,0.000689,0.000000,0,0.000000,0
cusco,110,2,0.000689,0.000000,0,0.000000,0
cusco,110,3,0.000689,0.000000,0,0.000000,0
cusco,110,4,0.000689,0.000000,0,0.000000,0
cusco,110,5,0.000689,0.000000,0,0.000000,0
cusco,110,6,0.000689,0.000000,0,0.000000,0
cusco,110,7,0.000689,0.000000,0,0.000000,0
cusco,110,8,0.000689,0.000000,0,0.000000,0
cusco,111,1,0.000660,0.000000,0,0.000000,0
cusco,111,2,0.000660,0.000000,0,0.000000,0
cusco,111,3,0.000660,0.000000,0,0.000000,0
cusco,111,4,0.000660,0.000000,0,0.000000,0
cusco,111,5,0.000660,0.000000,0,0.000000,0
cusco,111,6,0.000660,0.000000,0,0.000000,0
cusco,111,7,0.000660,0.000000,0,0.000000,0
cusco,111,8,0.000660,0.000000,0,0.000000,0
cusco,112,1,0.000716,0.000000,0,0.000000,0
cusco,112,2,0.000716,0.000000,0,0.000000,0
cusco,112,3,0.000716,0.000000,0,0.000000,0
cusco,112,4,0.000716,0.000000,0,0.000000,0
cusco,112,5,0.000716,0.000000,0,0.000000,0
cusco,112,6,0.000716,0.000000,0,0.000000,0
cusco,112,7,0.000716,0.000000,0,0.000000,0
cusco,112,8,0.000716,0.000000,0,0.000000,0
cusco,113,1,0.000665,0.000000,0,0.000000,0
cusco,113,2,0.000665,0.000000,0,0.000000,0
cusco,113,3,0.000665,0.000000,0,0.000000,0
cusco,113,4,0.000665,0.000000,0,0.000000,0
cusco,113,5,0.000665,0.000000,0,0.000000,0
cusco,113,6,0.000665,0.000000,0,0.000000,0
cusco,113,7,0.000665,0.000000,0,0.000000,0
cusco,113,8,0.000665,0.000000,0,0.000000,0
cusco,114,1,0.000684,0.000000,0,0.000000,0
cusco,114,2,0.000684,0.000000,0,0.000000,0
cusco,114,3,0.000684,0.000000,0,0.000000,0
cusco,114,4,0.000684,0.000000,0,0.000000,0
cusco,114,5,0.000684,0.000000,0,0.000000,0
cusco,114,6,0.000684,0.000000,0,0.000000,0
cusco,114,7,0.000684,0.000000,0,0.000000,0
cusco,114,8,0.000684,0.000000,0,0.000000,0
cusco,115,1,0.000701,0.000000,0,0.000000,0
cusco,115,2,0.000701,0.000000,0,0.000000,0
cusco,115,3,0.000701,0.000000,0,0.000000,0
cusco,115,4,0.000701,0.000000,0,0.000000,0
cusco,115,5,0.000701,0.000000,0,0.000000,0
cusco,115,6,0.000701,0.000000,0,0.000000,0
cusco,115,7,0.000701,0.000000,0,0.000000,0
cusco,115,8,0.000701,0.000000,0,0.000000,0
cusco,116,1,0.000658,0.000000,0,0.000000,0
cusco,116,2,0.000658,0.000000,0,0.000000,0
cusco,116,3,0.000658,0.000000,0,0.000000,0
cusco,116,4,0.000658,0.000000,0,0.000000,0
cusco,116,5,0.000658,0.000000,0,0.000000,0
cusco,116,6,0.000658,0.000000,0,0.000000,0
cusco,116,7,0.000658,0.000000,0,0.000000,0
cusco,116,8,0.000658,0.000000,0,0.000000,0
cusco,117,1,0.000690,0.000000,0,0.000000,0
cusco,117,2,0.000690,0.000000,0,0.000000,0
cusco,117,3,0.000690,0.000000,0,0.000000,0
cusco,117,4,0.000690,0.000000,0,0.000000,0
cusco,117,5,0.000690,0.000000,0,0.000000,0
cusco,117,6,0.000690,0.000000,0,0.000000,0
cusco,117,7,0.000690,0.000000,0,0.000000,0
cusco,117,8,0.000690,0.000000,0,0.000000,0
cusco,118,1,0.000684,0.000000,0,0.000000,0
cusco,118,2,0.000684,0.000000,0,0.000000,0
cusco,118,3,0.000684,0.000000,0,0.000000,0
cusco,118,4,0.000684,0.000000,0,0.000000,0
cusco,118,5,0.000684,0.000000,0,0.000000,0
cusco,118,6,0.000684,0.000000,0,0.000000,0
cusco,118,7,0.000684,0.000000,0,0.000000,0
cusco,118,8,0.000684,0.000000,0,0.000000,0
cusco,119,1,0.000800,0.000000,0,0.000000,0
cusco,119,2,0.000800,0.000000,0,0.000000,0
cusco,119,3,0.000800,0.000000,0,0.000000,0
cusco,119,4,0.000800,0.000000,0,0.000000,0
cusco,119,5,0.000800,0.000000,0,0.000000,0
cusco,119,6,0.000800,0.000000,0,0.000000,0
cusco,119,7,0.000800,0.000000,0,0.000000,0
cusco,119,8,0.000800,0.000000,0,0.000000,0
cusco,120,1,0.000658,0.000000,0,0.000000,0
cusco,120,2,0.000658,0.000000,0,0.000000,0
cusco,120,3,0.000658,0.000000,0,0.000000,0
cusco,120,4,0.000658,0.000000,0,0.000000,0
cusco,120,5,0.000658,0.000000,0,0.000000,0
cusco,120,6,0.000658,0.000000,0,0.000000,0
cusco,120,7,0.000658,0.000000,0,0.000000,0
cusco,120,8,0.000658,0.000000,0,0.000000,0
cusco,121,1,0.000665,0.000000,0,0.000000,0
cusco,121,2,0.000665,0.000000,0,0.000000,0
cusco,121,3,0.000665,0.000000,0,0.000000,0
cusco,121,4,0.000665,0.000000,0,0.000000,0
cusco,121,5,0.000665,0.000000,0,0.000000,0
cusco,121,6,0.000665,0.000000,0,0.000000,0
cusco,121,7,0.000665,0.000000,0,0.000000,0
cusco,121,8,0.000665,0.000000,0,0.000000,0
cusco,122,1,0.000780,0.000000,0,0.000000,0
cusco,122,2,0.000780,0.000000,0,0.000000,0
cusco,122,3,0.000780,0.000000,0,0.000000,0
cusco,122,4,0.000780,0.000000,0,0.000000,0
cusco,122,5,0.000780,0.000000,0,0.000000,0
cusco,122,6,0.000780,0.000000,0,0.000000,0
cusco,122,7,0.000780,0.000000,0,0.000000,0
cusco,122,8,0.000780,0.000000,0,0.000000,0
cusco,123,1,0.000684,0.000000,0,0.000000,0
cusco,123,2,0.000684,0.000000,0,0.000000,0
cusco,123,3,0.000684,0.000000,0,0.000000,0
cusco,123,4,0.000684,0.000000,0,0.000000,0
cusco,123,5,0.000684,0.000000,0,0.000000,0
cusco,123,6,0.000684,0.000000,0,0.000000,0
cusco,123,7,0.000684,0.000000,0,0.000000,0
cusco,123,8,0.000684,0.000000,0,0.000000,0
cusco,124,1,0.000668,0.000000,0,0.000000,0
cusco,124,2,0.000668,0.000000,0,0.000000,0
cusco,124,3,0.000668,0.000000,0,0.000000,0
cusco,124,4,0.000668,0.000000,0,0.000000,0
cusco,124,5,0.000668,0.000000,0,0.000000,0
cusco,124,6,0.000668,0.000000,0,0.000000,0
cusco,124,7,0.000668,0.000000,0,0.000000,0
cusco,124,8,0.000668,0.000000,0,0.000000,0
cusco,125,1,0.000669,0.000000,0,0.000000,0
cusco,125,2,0.000669,0.000000,0,0.000000,0
cusco,125,3,0.000669,0.000000,0,0.000000,0
cusco,125,4,0.000669,0.000000,0,0.000000,0
cusco,125,5,0.000669,0.000000,0,0.000000,0
cusco,125,6,0.000669,0.000000,0,0.000000,0
cusco,125,7,0.000669,0.000000,0,0.000000,0
cusco,125,8,0.000669,0.000000,0,0.000000,0
cusco,126,1,0.000638,0.000000,0,0.000000,0
cusco,126,2,0.000638,0.000000,0,0.000000,0
cusco,126,3,0.000638,0.000000,0,0.000000,0
cusco,126,4,0.000638,0.000000,0,0.000000,0
cusco,126,5,0.000638,0.000000,0,0.000000,0
cusco,126,6,0.000638,0.000000,0,0.000000,0
cusco,126,7,0.000638,0.000000,0,0.000000,0
cusco,126,8,0.000638,0.000000,0,0.000000,0
essex,0,1,0.000638,0.000000,0,0.000000,0
essex,0,2,0.000638,0.000000,0,0.000000,0
essex,0,3,0.000638,0.000000,0,0.000000,0
essex,0,4,0.000638,0.000000,0,0.000000,0
essex,0,5,0.000638,0.000000,0,0.000000,0
essex,0,6,0.000638,0.000000,0,0.000000,0
essex,0,7,0.000638,0.000000,0,0.000000,0
essex,0,8,0.000638,0.000000,0,0.000000,0
essex,1,1,0.000608,0.000000,0,0.000000,0
essex,1,2,0.000608,0.000000,0,0.000000,0
essex,1,3,0.000608,0.000000,0,0.000000,0
essex,1,4,0.000608,0.000000,0,0.000000,0
essex,1,5,0.000608,0.000000,0,0.000000,0
essex,1,6,0.000608,0.000000,0,0.000000,0
essex,1,7,0.000608,0.000000,0,0.000000,0
essex,1,8,0.000608,0.000000,0,0.000000,0
essex,2,1,0.000589,0.000000,0,0.000000,0
essex,2,2,0.000589,0.000000,0,0.000000,0
essex,2,3,0.000589,0.000000,0,0.000000,0
essex,2,4,0.000589,0.000000,0,0.000000,0
essex,2,5,0.000589,0.000000,0,0.000000,0
essex,2,6,0.000589,0.000000,0,0.000000,0
essex,2,7,0.000589,0.000000,0,0.000000,0
essex,2,8,0.000589,0.000000,0,0.000000,0
essex,3,1,0.000612,0.000000,0,0.000000,0
essex,3,2,0.000612,0.000000,0,0.000000,0
essex,3,3,0.000612,0.000000,0,0.000000,0
essex,3,4,0.000612,0.000000,0,0.000000,0
essex,3,5,0.000612,0.000000,0,0.000000,0
essex,3,6,0.000612,0.000000,0,0.000000,0
essex,3,7,0.000612,0.000000,0,0.000000,0
essex,3,8,0.000612,0.000000,0,0.000000,0
essex,4,1,0.000583,0.000000,0,0.000000,0
essex,4,2,0.000583,0.000000,0,0.000000,0
essex,4,3,0.000583,0.000000,0,0.000000,0
essex,4,4,0.000583,0.000000,0,0.000000,0
essex,4,5,0.000583,0.000000,0,0.000000,0
essex,4,6,0.000583,0.000000,0,0.000000,0
essex,4,7,0.000583,0.000000,0,0.000000,0
essex,4,8,0.000583,0.000000,0,0.000000,0
fez,0,1,0.000681,0.000000,0,0.000000,0
fez,0,2,0.000681,0.000000,0,0.000000,0
fez,0,3,0.000681,0.000000,0,0.000000,0
fez,0,4,0.000681,0.000000,0,0.000000,0
fez,0,5,0.000681,0.000000,0,0.000000,0
fez,0,6,0.000681,0.000000,0,0.000000,0
fez,0,7,0.000681,0.000000,0,0.000000,0
fez,0,8,0.000681,0.000000,0,0.000000,0
fez,1,1,0.000856,0.000000,0,0.000000,0
fez,1,2,0.000856,0.000000,0,0.000000,0
fez,1,3,0.000856,0.000000,0,0.000000,0
fez,1,4,0.000856,0.000000,0,0.000000,0
fez,1,5,0.000856,0.000000,0,0.000000,0
fez,1,6,0.000856,0.000000,0,0.000000,0
fez,1,7,0.000856,0.000000,0,0.000000,0
fez,1,8,0.000856,0.000000,0,0.000000,0
fez,2,1,0.000702,0.000000,0,0.000000,0
fez,2,2,0.000702,0.000000,0,0.000000,0
fez,2,3,0.000702,0.000000,0,0.000000,0
fez,2,4,0.000702,0.000000,0,0.000000,0
fez,2,5,0.000702,0.000000,0,0.000000,0
fez,2,6,0.000702,0.000000,0,0.000000,0
fez,2,7,0.000702,0.000000,0,0.000000,0
fez,2,8,0.000702,0.000000,0,0.000000,0
fez,3,1,0.000685,0.000000,0,0.000000,0
fez,3,2,0.000685,0.000000,0,0.000000,0
fez,3,3,0.000685,0.000000,0,0.000000,0
fez,3,4,0.000685,0.000000,0,0.000000,0
fez,3,5,0.000685,0.000000,0,0.000000,0
fez,3,6,0.000685,0.000000,0,0.000000,0
fez,3,7,0.000685,0.000000,0,0.000000,0
fez,3,8,0.000685,0.000000,0,0.000000,0
fez,4,1,0.000711,0.000000,0,0.000000,0
fez,4,2,0.000711,0.000000,0,0.000000,0
fez,4,3,0.000711,0.000000,0,0.000000,0
fez,4,4,0.000711,0.000000,0,0.000000,0
fez,4,5,0.000711,0.000000,0,0.000000,0
fez,4,6,0.000711,0.000000,0,0.000000,0
fez,4,7,0.000711,0.000000,0,0.000000,0
fez,4,8,0.000711,0.000000,0,0.000000,0
fez,5,1,0.000734,0.000000,0,0.000000,0
fez,5,2,0.000734,0.000000,0,0.000000,0
fez,5,3,0.000734,0.000000,0,0.000000,0
fez,5,4,0.000734,0.000000,0,0.000000,0
fez,5,5,0.000734,0.000000,0,0.000000,0
fez,5,6,0.000734,0.000000,0,0.000000,0
fez,5,7,0.000734,0.000000,0,0.000000,0
fez,5,8,0.000734,0.000000,0,0.000000,0
fez,6,1,0.000740,0.000000,0,0.000000,0
fez,6,2,0.000740,0.000000,0,0.000000,0
fez,6,3,0.000740,0.000000,0,0.000000,0
fez,6,4,0.000740,0.000000,0,0.000000,0
fez,6,5,0.000740,0.000000,0,0.000000,0
fez,6,6,0.000740,0.000000,0,0.000000,0
fez,6,7,0.000740,0.000000,0,0.000000,0
fez,6,8,0.000740,0.000000,0,0.000000,0
fez,7,1,0.000707,0.000000,0,0.000000,0
fez,7,2,0.000707,0.000000,0,0.000000,0
fez,7,3,0.000707,0.000000,0,0.000000,0
fez,7,4,0.000707,0.000000,0,0.000000,0
fez,7,5,0.000707,0.000000,0,0.000000,0
fez,7,6,0.000707,0.000000,0,0.000000,0
fez,7,7,0.000707,0.000000,0,0.000000,0
fez,7,8,0.000707,0.000000,0,0.000000,0
fez,8,1,0.000751,0.000000,0,0.000000,0
fez,8,2,0.000751,0.000000,0,0.000000,0
fez,8,3,0.000751,0.000000,0,0.000000,0
fez,8,4,0.000751,0.000000,0,0.000000,0
fez,8,5,0.000751,0.000000,0,0.000000,0
fez,8,6,0.000751,0.000000,0,0.000000,0
fez,8,7,0.000751,0.000000,0,0.000000,0
fez,8,8,0.000751,0.000000,0,0.000000,0
fez,9,1,0.000703,0.000000,0,0.000000,0
fez,9,2,0.000703,0.000000,0,0.000000,0
fez,9,3,0.000703,0.000000,0,0.000000,0
fez,9,4,0.000703,0.000000,0,0.000000,0
fez,9,5,0.000703,0.000000,0,0.000000,0
fez,9,6,0.000703,0.000000,0,0.000000,0
fez,9,7,0.000703,0.000000,0,0.000000,0
fez,9,8,0.000703,0.000000,0,0.000000,0
fez,10,1,0.000679,0.000000,0,0.000000,0
fez,10,2,0.000679,0.000000,0,0.000000,0
fez,10,3,0.000679,0.000000,0,0.000000,0
fez,10,4,0.000679,0.000000,0,0.000000,0
fez,10,5,0.000679,0.000000,0,0.000000,0
fez,10,6,0.000679,0.000000,0,0.000000,0
fez,10,7,0.000679,0.000000,0,0.000000,0
fez,10,8,0.000679,0.000000,0,0.000000,0
fez,11,1,0.000750,0.000000,0,0.000000,0
fez,11,2,0.000750,0.000000,0,0.000000,0
fez,11,3,0.000750,0.000000,0,0.000000,0
fez,11,4,0.000750,0.000000,0,0.000000,0
fez,11,5,0.000750,0.000000,0,0.000000,0
fez,11,6,0.000750,0.000000,0,0.000000,0
fez,11,7,0.000750,0.000000,0,0.000000,0
fez,11,8,0.000750,0.000000,0,0.000000,0
fez,12,1,0.000718,0.000000,0,0.000000,0
fez,12,2,0.000718,0.000000,0,0.000000,0
fez,12,3,0.000718,0.000000,0,0.000000,0
fez,12,4,0.000718,0.000000,0,0.000000,0
fez,12,5,0.000718,0.000000,0,0.000000,0
fez,12,6,0.000718,0.000000,0,0.000000,0
fez,12,7,0.000718,0.000000,0,0.000000,0
fez,12,8,0.000718,0.000000,0,0.000000,0
fez,13,1,0.000728,0.000000,0,0.000000,0
fez,13,2,0.000728,0.000000,0,0.000000,0
fez,13,3,0.000728,0.000000,0,0.000000,0
fez,13,4,0.000728,0.000000,0,0.000000,0
fez,13,5,0.000728,0.000000,0,0.000000,0
fez,13,6,0.000728,0.000000,0,0.000000,0
fez,13,7,0.000728,0.000000,0,0.000000,0
fez,13,8,0.000728,0.000000,0,0.000000,0
fez,14,1,0.000748,0.000000,0,0.000000,0
fez,14,2,0.000748,0.000000,0,0.000000,0
fez,14,3,0.000748,0.000000,0,0.000000,0
fez,14,4,0.000748,0.000000,0,0.000000,0
fez,14,5,0.000748,0.000000,0,0.000000,0
fez,14,6,0.000748,0.000000,0,0.000000,0
fez,14,7,0.000748,0.000000,0,0.000000,0
fez,14,8,0.000748,0.000000,0,0.000000,0
fez,15,1,0.000775,0.000000,0,0.000000,0
fez,15,2,0.000775,0.000000,0,0.000000,0
fez,15,3,0.000775,0.000000,0,0.000000,0
fez,15,4,0.000775,0.000000,0,0.000000,0
fez,15,5,0.000775,0.000000,0,0.000000,0
fez,15,6,0.000775,0.000000,0,0.000000,0
fez,15,7,0.000775,0.000000,0,0.000000,0
fez,15,8,0.000775,0.000000,0,0.000000,0
fez,16,1,0.000703,0.000000,0,0.000000,0
fez,16,2,0.000703,0.000000,0,0.000000,0
fez,16,3,0.000703,0.000000,0,0.000000,0
fez,16,4,0.000703,0.000000,0,0.000000,0
fez,16,5,0.000703,0.000000,0,0.000000,0
fez,16,6,0.000703,0.000000,0,0.000000,0
fez,16,7,0.000703,0.000000,0,0.000000,0
fez,16,8,0.000703,0.000000,0,0.000000,0
fez,17,1,0.000753,0.000000,0,0.000000,0
fez,17,2,0.000753,0.000000,0,0.000000,0
fez,17,3,0.000753,0.000000,0,0.000000,0
fez,17,4,0.000753,0.000000,0,0.000000,0
fez,17,5,0.000753,0.000000,0,0.000000,0
fez,17,6,0.000753,0.000000,0,0.000000,0
fez,17,7,0.000753,0.000000,0,0.000000,0
fez,17,8,0.000753,0.000000,0,0.000000,0
fez,18,1,0.000680,0.000000,0,0.000000,0
fez,18,2,0.000680,0.000000,0,0.000000,0
fez,18,3,0.000680,0.000000,0,0.000000,0
fez,18,4,0.000680,0.000000,0,0.000000,0
fez,18,5,0.000680,0.000000,0,0.000000,0
fez,18,6,0.000680,0.000000,0,0.000000,0
fez,18,7,0.000680,0.000000,0,0.000000,0
fez,18,8,0.000680,0.000000,0,0.000000,0
fez,19,1,0.000747,0.000000,0,0.000000,0
fez,19,2,0.000747,0.000000,0,0.000000,0
fez,19,3,0.000747,0.000000,0,0.000000,0
fez,19,4,0.000747,0.000000,0,0.000000,0
fez,19,5,0.000747,0.000000,0,0.000000,0
fez,19,6,0.000747,0.000000,0,0.000000,0
fez,19,7,0.000747,0.000000,0,0.000000,0
fez,19,8,0.000747,0.000000,0,0.000000,0
fez,20,1,0.000745,0.000000,0,0.000000,0
fez,20,2,0.000745,0.000000,0,0.000000,0
fez,20,3,0.000745,0.000000,0,0.000000,0
fez,20,4,0.000745,0.000000,0,0.000000,0
fez,20,5,0.000745,0.000000,0,0.000000,0
fez,20,6,0.000745,0.000000,0,0.000000,0
fez,20,7,0.000745,0.000000,0,0.000000,0
fez,20,8,0.000745,0.000000,0,0.000000,0
fez,21,1,0.000718,0.000000,0,0.000000,0
fez,21,2,0.000718,0.000000,0,0.000000,0
fez,21,3,0.000718,0.000000,0,0.000000,0
fez,21,4,0.000718,0.000000,0,0.000000,0
fez,21,5,0.000718,0.000000,0,0.000000,0
fez,21,6,0.000718,0.000000,0,0.000000,0
fez,21,7,0.000718,0.000000,0,0.000000,0
fez,21,8,0.000718,0.000000,0,0.000000,0
fez,22,1,0.000728,0.000000,0,0.000000,0
fez,22,2,0.000728,0.000000,0,0.000000,0
fez,22,3,0.000728,0.000000,0,0.000000,0
fez,22,4,0.000728,0.000000,0,0.000000,0
fez,22,5,0.000728,0.000000,0,0.000000,0
fez,22,6,0.000728,0.000000,0,0.000000,0
fez,22,7,0.000728,0.000000,0,0.000000,0
fez,22,8,0.000728,0.000000,0,0.000000,0
fez,23,1,0.000713,0.000000,0,0.000000,0
fez,23,2,0.000713,0.000000,0,0.000000,0
fez,23,3,0.000713,0.000000,0,0.000000,0
fez,23,4,0.000713,0.000000,0,0.000000,0
fez,23,5,0.000713,0.000000,0,0.000000,0
fez,23,6,0.000713,0.000000,0,0.000000,0
fez,23,7,0.000713,0.000000,0,0.000000,0
fez,23,8,0.000713,0.000000,0,0.000000,0
fez,24,1,0.000706,0.000000,0,0.000000,0
fez,24,2,0.000706,0.000000,0,0.000000,0
fez,24,3,0.000706,0.000000,0,0.000000,0
fez,24,4,0.000706,0.000000,0,0.000000,0
fez,24,5,0.000706,0.000000,0,0.000000,0
fez,24,6,0.000706,0.000000,0,0.000000,0
fez,24,7,0.000706,0.000000,0,0.000000,0
fez,24,8,0.000706,0.000000,0,0.000000,0
fez,25,1,0.000738,0.000000,0,0.000000,0
fez,25,2,0.000738,0.000000,0,0.000000,0
fez,25,3,0.000738,0.000000,0,0.000000,0
fez,25,4,0.000738,0.000000,0,0.000000,0
fez,25,5,0.000738,0.000000,0,0.000000,0
fez,25,6,0.000738,0.000000,0,0.000000,0
fez,25,7,0.000738,0.000000,0,0.000000,0
fez,25,8,0.000738,0.000000,0,0.000000,0
fez,26,1,0.000741,0.000000,0,0.000000,0
fez,26,2,0.000741,0.000000,0,0.000000,0
fez,26,3,0.000741,0.000000,0,0.000000,0
fez,26,4,0.000741,0.000000,0,0.000000,0
fez,26,5,0.000741,0.000000,0,0.000000,0
fez,26,6,0.000741,0.000000,0,0.000000,0
fez,26,7,0.000741,0.000000,0,0.000000,0
fez,26,8,0.000741,0.000000,0,0.000000,0
fez,27,1,0.000734,0.000000,0,0.000000,0
fez,27,2,0.000734,0.000000,0,0.000000,0
fez,27,3,0.000734,0.000000,0,0.000000,0
fez,27,4,0.000734,0.000000,0,0.000000,0
fez,27,5,0.000734,0.000000,0,0.000000,0
fez,27,6,0.000734,0.000000,0,0.000000,0
fez,27,7,0.000734,0.000000,0,0.000000,0
fez,27,8,0.000734,0.000000,0,0.000000,0
fez,28,1,0.000766,0.000000,0,0.000000,0
fez,28,2,0.000766,0.000000,0,0.000000,0
fez,28,3,0.000766,0.000000,0,0.000000,0
fez,28,4,0.000766,0.000000,0,0.000000,0
fez,28,5,0.000766,0.000000,0,0.000000,0
fez,28,6,0.000766,0.000000,0,0.000000,0
fez,28,7,0.000766,0.000000,0,0.000000,0
fez,28,8,0.000766,0.000000,0,0.000000,0
fez,29,1,0.000719,0.000000,0,0.000000,0
fez,29,2,0.000719,0.000000,0,0.000000,0
fez,29,3,0.000719,0.000000,0,0.000000,0
fez,29,4,0.000719,0.000000,0,0.000000,0
fez,29,5,0.000719,0.000000,0,0.000000,0
fez,29,6,0.000719,0.000000,0,0.000000,0
fez,29,7,0.000719,0.000000,0,0.000000,0
fez,29,8,0.000719,0.000000,0,0.000000,0
fez,30,1,0.000692,0.000000,0,0.000000,0
fez,30,2,0.000692,0.000000,0,0.000000,0
fez,30,3,0.000692,0.000000,0,0.000000,0
fez,30,4,0.000692,0.000000,0,0.000000,0
fez,30,5,0.000692,0.000000,0,0.000000,0
fez,30,6,0.000692,0.000000,0,0.000000,0
fez,30,7,0.000692,0.000000,0,0.000000,0
fez,30,8,0.000692,0.000000,0,0.000000,0
fez,31,1,0.000694,0.000000,0,0.000000,0
fez,31,2,0.000694,0.000000,0,0.000000,0
fez,31,3,0.000694,0.000000,0,0.000000,0
fez,31,4,0.000694,0.000000,0,0.000000,0
fez,31,5,0.000694,0.000000,0,0.000000,0
fez,31,6,0.000694,0.000000,0,0.000000,0
fez,31,7,0.000694,0.000000,0,0.000000,0
fez,31,8,0.000694,0.000000,0,0.000000,0
fez,32,1,0.000718,0.000000,0,0.000000,0
fez,32,2,0.000718,0.000000,0,0.000000,0
fez,32,3,0.000718,0.000000,0,0.000000,0
fez,32,4,0.000718,0.000000,0,0.000000,0
fez,32,5,0.000718,0.000000,0,0.000000,0
fez,32,6,0.000718,0.000000,0,0.000000,0
fez,32,7,0.000718,0.000000,0,0.000000,0
fez,32,8,0.000718,0.000000,0,0.000000,0
fez,33,1,0.000738,0.000000,0,0.000000,0
fez,33,2,0.000738,0.000000,0,0.000000,0
fez,33,3,0.000738,0.000000,0,0.000000,0
fez,33,4,0.000738,0.000000,0,0.000000,0
fez,33,5,0.000738,0.000000,0,0.000000,0
fez,33,6,0.000738,0.000000,0,0.000000,0
fez,33,7,0.000738,0.000000,0,0.000000,0
fez,33,8,0.000738,0.000000,0,0.000000,0
fez,34,1,0.000713,0.000000,0,0.000000,0
fez,34,2,0.000713,0.000000,0,0.000000,0
fez,34,3,0.000713,0.000000,0,0.000000,0
fez,34,4,0.000713,0.000000,0,0.000000,0
fez,34,5,0.000713,0.000000,0,0.000000,0
fez,34,6,0.000713,0.000000,0,0.000000,0
fez,34,7,0.000713,0.000000,0,0.000000,0
fez,34,8,0.000713,0.000000,0,0.000000,0
fez,35,1,0.000702,0.000000,0,0.000000,0
fez,35,2,0.000702,0.000000,0,0.000000,0
fez,35,3,0.000702,0.000000,0,0.000000,0
fez,35,4,0.000702,0.000000,0,0.000000,0
fez,35,5,0.000702,0.000000,0,0.000000,0
fez,35,6,0.000702,0.000000,0,0.000000,0
fez,35,7,0.000702,0.000000,0,0.000000,0
fez,35,8,0.000702,0.000000,0,0.000000,0
fez,36,1,0.000713,0.000000,0,0.000000,0
fez,36,2,0.000713,0.000000,0,0.000000,0
fez,36,3,0.000713,0.000000,0,0.000000,0
fez,36,4,0.000713,0.000000,0,0.000000,0
fez,36,5,0.000713,0.000000,0,0.000000,0
fez,36,6,0.000713,0.000000,0,0.000000,0
fez,36,7,0.000713,0.000000,0,0.000000,0
fez,36,8,0.000713,0.000000,0,0.000000,0
fez,37,1,0.000736,0.000000,0,0.000000,0
fez,37,2,0.000736,0.000000,0,0.000000,0
fez,37,3,0.000736,0.000000,0,0.000000,0
fez,37,4,0.000736,0.000000,0,0.000000,0
fez,37,5,0.000736,0.000000,0,0.000000,0
fez,37,6,0.000736,0.000000,0,0.000000,0
fez,37,7,0.000736,0.000000,0,0.000000,0
fez,37,8,0.000736,0.000000,0,0.000000,0
fez,38,1,0.000743,0.000000,0,0.000000,0
fez,38,2,0.000743,0.000000,0,0.000000,0
fez,38,3,0.000743,0.000000,0,0.000000,0
fez,38,4,0.000743,0.000000,0,0.000000,0
fez,38,5,0.000743,0.000000,0,0.000000,0
fez,38,6,0.000743,0.000000,0,0.000000,0
fez,38,7,0.000743,0.000000,0,0.000000,0
fez,38,8,0.000743,0.000000,0,0.000000,0
fez,39,1,0.000729,0.000000,0,0.000000,0
fez,39,2,0.000729,0.000000,0,0.000000,0
fez,39,3,0.000729,0.000000,0,0.000000,0
fez,39,4,0.000729,0.000000,0,0.000000,0
fez,39,5,0.000729,0.000000,0,0.000000,0
fez,39,6,0.000729,0.000000,0,0.000000,0
fez,39,7,0.000729,0.000000,0,0.000000,0
fez,39,8,0.000729,0.000000,0,0.000000,0
fez,40,1,0.000688,0.000000,0,0.000000,0
fez,40,2,0.000688,0.000000,0,0.000000,0
fez,40,3,0.000688,0.000000,0,0.000000,0
fez,40,4,0.000688,0.000000,0,0.000000,0
fez,40,5,0.000688,0.000000,0,0.000000,0
fez,40,6,0.000688,0.000000,0,0.000000,0
fez,40,7,0.000688,0.000000,0,0.000000,0
fez,40,8,0.000688,0.000000,0,0.000000,0
fez,41,1,0.000752,0.000000,0,0.000000,0
fez,41,2,0.000752,0.000000,0,0.000000,0
fez,41,3,0.000752,0.000000,0,0.000000,0
fez,41,4,0.000752,0.000000,0,0.000000,0
fez,41,5,0.000752,0.000000,0,0.000000,0
fez,41,6,0.000752,0.000000,0,0.000000,0
fez,41,7,0.000752,0.000000,0,0.000000,0
fez,41,8,0.000752,0.000000,0,0.000000,0
fez,42,1,0.000709,0.000000,0,0.000000,0
fez,42,2,0.000709,0.000000,0,0.000000,0
fez,42,3,0.000709,0.000000,0,0.000000,0
fez,42,4,0.000709,0.000000,0,0.000000,0
fez,42,5,0.000709,0.000000,0,0.000000,0
fez,42,6,0.000709,0.000000,0,0.000000,0
fez,42,7,0.000709,0.000000,0,0.000000,0
fez,42,8,0.000709,0.000000,0,0.000000,0
fez,43,1,0.000735,0.000000,0,0.000000,0
fez,43,2,0.000735,0.000000,0,0.000000,0
fez,43,3,0.000735,0.000000,0,0.000000,0
fez,43,4,0.000735,0.000000,0,0.000000,0
fez,43,5,0.000735,0.000000,0,0.000000,0
fez,43,6,0.000735,0.000000,0,0.000000,0
fez,43,7,0.000735,0.000000,0,0.000000,0
fez,43,8,0.000735,0.000000,0,0.000000,0
fez,44,1,0.000715,0.000000,0,0.000000,0
fez,44,2,0.000715,0.000000,0,0.000000,0
fez,44,3,0.000715,0.000000,0,0.000000,0
fez,44,4,0.000715,0.000000,0,0.000000,0
fez,44,5,0.000715,0.000000,0,0.000000,0
fez,44,6,0.000715,0.000000,0,0.000000,0
fez,44,7,0.000715,0.000000,0,0.000000,0
fez,44,8,0.000715,0.000000,0,0.000000,0
fez,45,1,0.000730,0.000000,0,0.000000,0
fez,45,2,0.000730,0.000000,0,0.000000,0
fez,45,3,0.000730,0.000000,0,0.000000,0
fez,45,4,0.000730,0.000000,0,0.000000,0
fez,45,5,0.000730,0.000000,0,0.000000,0
fez,45,6,0.000730,0.000000,0,0.000000,0
fez,45,7,0.000730,0.000000,0,0.000000,0
fez,45,8,0.000730,0.000000,0,0.000000,0
fez,46,1,0.000702,0.000000,0,0.000000,0
fez,46,2,0.000702,0.000000,0,0.000000,0
fez,46,3,0.000702,0.000000,0,0.000000,0
fez,46,4,0.000702,0.000000,0,0.000000,0
fez,46,5,0.000702,0.000000,0,0.000000,0
fez,46,6,0.000702,0.000000,0,0.000000,0
fez,46,7,0.000702,0.000000,0,0.000000,0
fez,46,8,0.000702,0.000000,0,0.000000,0
fez,47,1,0.000858,0.000000,0,0.000000,0
fez,47,2,0.000858,0.000000,0,0.000000,0
fez,47,3,0.000858,0.000000,0,0.000000,0
fez,47,4,0.000858,0.000000,0,0.000000,0
fez,47,5,0.000858,0.000000,0,0.000000,0
fez,47,6,0.000858,0.000000,0,0.000000,0
fez,47,7,0.000858,0.000000,0,0.000000,0
fez,47,8,0.000858,0.000000,0,0.000000,0
fez,48,1,0.000748,0.000000,0,0.000000,0
fez,48,2,0.000748,0.000000,0,0.000000,0
fez,48,3,0.000748,0.000000,0,0.000000,0
fez,48,4,0.000748,0.000000,0,0.000000,0
fez,48,5,0.000748,0.000000,0,0.000000,0
fez,48,6,0.000748,0.000000,0,0.000000,0
fez,48,7,0.000748,0.000000,0,0.000000,0
fez,48,8,0.000748,0.000000,0,0.000000,0
fez,49,1,0.000709,0.000000,0,0.000000,0
fez,49,2,0.000709,0.000000,0,0.000000,0
fez,49,3,0.000709,0.000000,0,0.000000,0
fez,49,4,0.000709,0.000000,0,0.000000,0
fez,49,5,0.000709,0.000000,0,0.000000,0
fez,49,6,0.000709,0.000000,0,0.000000,0
fez,49,7,0.000709,0.000000,0,0.000000,0
fez,49,8,0.000709,0.000000,0,0.000000,0
fez,50,1,0.000735,0.000000,0,0.000000,0
fez,50,2,0.000735,0.000000,0,0.000000,0
fez,50,3,0.000735,0.000000,0,0.000000,0
fez,50,4,0.000735,0.000000,0,0.000000,0
fez,50,5,0.000735,0.000000,0,0.000000,0
fez,50,6,0.000735,0.000000,0,0.000000,0
fez,50,7,0.000735,0.000000,0,0.000000,0
fez,50,8,0.000735,0.000000,0,0.000000,0
fez,51,1,0.000696,0.000000,0,0.000000,0
fez,51,2,0.000696,0.000000,0,0.000000,0
fez,51,3,0.000696,0.000000,0,0.000000,0
fez,51,4,0.000696,0.000000,0,0.000000,0
fez,51,5,0.000696,0.000000,0,0.000000,0
fez,51,6,0.000696,0.000000,0,0.000000,0
fez,51,7,0.000696,0.000000,0,0.000000,0
fez,51,8,0.000696,0.000000,0,0.000000,0
fez,52,1,0.000732,0.000000,0,0.000000,0
fez,52,2,0.000732,0.000000,0,0.000000,0
fez,52,3,0.000732,0.000000,0,0.000000,0
fez,52,4,0.000732,0.000000,0,0.000000,0
fez,52,5,0.000732,0.000000,0,0.000000,0
fez,52,6,0.000732,0.000000,0,0.000000,0
fez,52,7,0.000732,0.000000,0,0.000000,0
fez,52,8,0.000732,0.000000,0,0.000000,0
fez,53,1,0.000699,0.000000,0,0.000000,0
fez,53,2,0.000699,0.000000,0,0.000000,0
fez,53,3,0.000699,0.000000,0,0.000000,0
fez,53,4,0.000699,0.000000,0,0.000000,0
fez,53,5,0.000699,0.000000,0,0.000000,0
fez,53,6,0.000699,0.000000,0,0.000000,0
fez,53,7,0.000699,0.000000,0,0.000000,0
fez,53,8,0.000699,0.000000,0,0.000000,0
fez,54,1,0.000703,0.000000,0,0.000000,0
fez,54,2,0.000703,0.000000,0,0.000000,0
fez,54,3,0.000703,0.000000,0,0.000000,0
fez,54,4,0.000703,0.000000,0,0.000000,0
fez,54,5,0.000703,0.000000,0,0.000000,0
fez,54,6,0.000703,0.000000,0,0.000000,0
fez,54,7,0.000703,0.000000,0,0.000000,0
fez,54,8,0.000703,0.000000,0,0.000000,0
fez,55,1,0.000704,0.000000,0,0.000000,0
fez,55,2,0.000704,0.000000,0,0.000000,0
fez,55,3,0.000704,0.000000,0,0.000000,0
fez,55,4,0.000704,0.000000,0,0.000000,0
fez,55,5,0.000704,0.000000,0,0.000000,0
fez,55,6,0.000704,0.000000,0,0.000000,0
fez,55,7,0.000704,0.000000,0,0.000000,0
fez,55,8,0.000704,0.000000,0,0.000000,0
fez,56,1,0.000748,0.000000,0,0.000000,0
fez,56,2,0.000748,0.000000,0,0.000000,0
fez,56,3,0.000748,0.000000,0,0.000000,0
fez,56,4,0.000748,0.000000,0,0.000000,0
fez,56,5,0.000748,0.000000,0,0.000000,0
fez,56,6,0.000748,0.000000,0,0.000000,0
fez,56,7,0.000748,0.000000,0,0.000000,0
fez,56,8,0.000748,0.000000,0,0.000000,0
fez,57,1,0.000704,0.000000,0,0.000000,0
fez,57,2,0.000704,0.000000,0,0.000000,0
fez,57,3,0.000704,0.000000,0,0.000000,0
fez,57,4,0.000704,0.000000,0,0.000000,0
fez,57,5,0.000704,0.000000,0,0.000000,0
fez,57,6,0.000704,0.000000,0,0.000000,0
fez,57,7,0.000704,0.000000,0,0.000000,0
fez,57,8,0.000704,0.000000,0,0.000000,0
fez,58,1,0.000745,0.000000,0,0.000000,0
fez,58,2,0.000745,0.000000,0,0.000000,0
fez,58,3,0.000745,0.000000,0,0.000000,0
fez,58,4,0.000745,0.000000,0,0.000000,0
fez,58,5,0.000745,0.000000,0,0.000000,0
fez,58,6,0.000745,0.000000,0,0.000000,0
fez,58,7,0.000745,0.000000,0,0.000000,0
fez,58,8,0.000745,0.000000,0,0.000000,0
fez,59,1,0.000717,0.000000,0,0.000000,0
fez,59,2,0.000717,0.000000,0,0.000000,0
fez,59,3,0.000717,0.000000,0,0.000000,0
fez,59,4,0.000717,0.000000,0,0.000000,0
fez,59,5,0.000717,0.000000,0,0.000000,0
fez,59,6,0.000717,0.000000,0,0.000000,0
fez,59,7,0.000717,0.000000,0,0.000000,0
fez,59,8,0.000717,0.000000,0,0.000000,0
fez,60,1,0.000737,0.000000,0,0.000000,0
fez,60,2,0.000737,0.000000,0,0.000000,0
fez,60,3,0.000737,0.000000,0,0.000000,0
fez,60,4,0.000737,0.000000,0,0.000000,0
fez,60,5,0.000737,0.000000,0,0.000000,0
fez,60,6,0.000737,0.000000,0,0.000000,0
fez,60,7,0.000737,0.000000,0,0.000000,0
fez,60,8,0.000737,0.000000,0,0.000000,0
fez,61,1,0.000701,0.000000,0,0.000000,0
fez,61,2,0.000701,0.000000,0,0.000000,0
fez,61,3,0.000701,0.000000,0,0.000000,0
fez,61,4,0.000701,0.000000,0,0.000000,0
fez,61,5,0.000701,0.000000,0,0.000000,0
fez,61,6,0.000701,0.000000,0,0.000000,0
fez,61,7,0.000701,0.000000,0,0.000000,0
fez,61,8,0.000701,0.000000,0,0.000000,0
fez,62,1,0.000708,0.000000,0,0.000000,0
fez,62,2,0.000708,0.000000,0,0.000000,0
fez,62,3,0.000708,0.000000,0,0.000000,0
fez,62,4,0.000708,0.000000,0,0.000000,0
fez,62,5,0.000708,0.000000,0,0.000000,0
fez,62,6,0.000708,0.000000,0,0.000000,0
fez,62,7,0.000708,0.000000,0,0.000000,0
fez,62,8,0.000708,0.000000,0,0.000000,0
fez,63,1,0.000734,0.000000,0,0.000000,0
fez,63,2,0.000734,0.000000,0,0.000000,0
fez,63,3,0.000734,0.000000,0,0.000000,0
fez,63,4,0.000734,0.000000,0,0.000000,0
fez,63,5,0.000734,0.000000,0,0.000000,0
fez,63,6,0.000734,0.000000,0,0.000000,0
fez,63,7,0.000734,0.000000,0,0.000000,0
fez,63,8,0.000734,0.000000,0,0.000000,0
fez,64,1,0.000721,0.000000,0,0.000000,0
fez,64,2,0.000721,0.000000,0,0.000000,0
fez,64,3,0.000721,0.000000,0,0.000000,0
fez,64,4,0.000721,0.000000,0,0.000000,0
fez,64,5,0.000721,0.000000,0,0.000000,0
fez,64,6,0.000721,0.000000,0,0.000000,0
fez,64,7,0.000721,0.000000,0,0.000000,0
fez,64,8,0.000721,0.000000,0,0.000000,0
fez,65,1,0.000699,0.000000,0,0.000000,0
fez,65,2,0.000699,0.000000,0,0.000000,0
fez,65,3,0.000699,0.000000,0,0.000000,0
fez,65,4,0.000699,0.000000,0,0.000000,0
fez,65,5,0.000699,0.000000,0,0.000000,0
fez,65,6,0.000699,0.000000,0,0.000000,0
fez,65,7,0.000699,0.000000,0,0.000000,0
fez,65,8,0.000699,0.000000,0,0.000000,0
fez,66,1,0.000698,0.000000,0,0.000000,0
fez,66,2,0.000698,0.000000,0,0.000000,0
fez,66,3,0.000698,0.000000,0,0.000000,0
fez,66,4,0.000698,0.000000,0,0.000000,0
fez,66,5,0.000698,0.000000,0,0.000000,0
fez,66,6,0.000698,0.000000,0,0.000000,0
fez,66,7,0.000698,0.000000,0,0.000000,0
fez,66,8,0.000698,0.000000,0,0.000000,0
fez,67,1,0.000727,0.000000,0,0.000000,0
fez,67,2,0.000727,0.000000,0,0.000000,0
fez,67,3,0.000727,0.000000,0,0.000000,0
fez,67,4,0.000727,0.000000,0,0.000000,0
fez,67,5,0.000727,0.000000,0,0.000000,0
fez,67,6,0.000727,0.000000,0,0.000000,0
fez,67,7,0.000727,0.000000,0,0.000000,0
fez,67,8,0.000727,0.000000,0,0.000000,0
fez,68,1,0.000715,0.000000,0,0.000000,0
fez,68,2,0.000715,0.000000,0,0.000000,0
fez,68,3,0.000715,0.000000,0,0.000000,0
fez,68,4,0.000715,0.000000,0,0.000000,0
fez,68,5,0.000715,0.000000,0,0.000000,0
fez,68,6,0.000715,0.000000,0,0.000000,0
fez,68,7,0.000715,0.000000,0,0.000000,0
fez,68,8,0.000715,0.000000,0,0.000000,0
fez,69,1,0.000743,0.000000,0,0.000000,0
fez,69,2,0.000743,0.000000,0,0.000000,0
fez,69,3,0.000743,0.000000,0,0.000000,0
fez,69,4,0.000743,0.000000,0,0.000000,0
fez,69,5,0.000743,0.000000,0,0.000000,0
fez,69,6,0.000743,0.000000,0,0.000000,0
fez,69,7,0.000743,0.000000,0,0.000000,0
fez,69,8,0.000743,0.000000,0,0.000000,0
fez,70,1,0.000728,0.000000,0,0.000000,0
fez,70,2,0.000728,0.000000,0,0.000000,0
fez,70,3,0.000728,0.000000,0,0.000000,0
fez,70,4,0.000728,0.000000,0,0.000000,0
fez,70,5,0.000728,0.000000,0,0.000000,0
fez,70,6,0.000728,0.000000,0,0.000000,0
fez,70,7,0.000728,0.000000,0,0.000000,0
fez,70,8,0.000728,0.000000,0,0.000000,0
fez,71,1,0.000695,0.000000,0,0.000000,0
fez,71,2,0.000695,0.000000,0,0.000000,0
fez,71,3,0.000695,0.000000,0,0.000000,0
fez,71,4,0.000695,0.000000,0,0.000000,0
fez,71,5,0.000695,0.000000,0,0.000000,0
fez,71,6,0.000695,0.000000,0,0.000000,0
fez,71,7,0.000695,0.000000,0,0.000000,0
fez,71,8,0.000695,0.000000,0,0.000000,0
fez,72,1,0.000787,0.000000,0,0.000000,0
fez,72,2,0.000787,0.000000,0,0.000000,0
fez,72,3,0.000787,0.000000,0,0.000000,0
fez,72,4,0.000787,0.000000,0,0.000000,0
fez,72,5,0.000787,0.000000,0,0.000000,0
fez,72,6,0.000787,0.000000,0,0.000000,0
fez,72,7,0.000787,0.000000,0,0.000000,0
fez,72,8,0.000787,0.000000,0,0.000000,0
fez,73,1,0.000727,0.000000,0,0.000000,0
fez,73,2,0.000727,0.000000,0,0.000000,0
fez,73,3,0.000727,0.000000,0,0.000000,0
fez,73,4,0.000727,0.000000,0,0.000000,0
fez,73,5,0.000727,0.000000,0,0.000000,0
fez,73,6,0.000727,0.000000,0,0.000000,0
fez,73,7,0.000727,0.000000,0,0.000000,0
fez,73,8,0.000727,0.000000,0,0.000000,0
fez,74,1,0.000747,0.000000,0,0.000000,0
fez,74,2,0.000747,0.000000,0,0.000000,0
fez,74,3,0.000747,0.000000,0,0.000000,0
fez,74,4,0.000747,0.000000,0,0.000000,0
fez,74,5,0.000747,0.000000,0,0.000000,0
fez,74,6,0.000747,0.000000,0,0.000000,0
fez,74,7,0.000747,0.000000,0,0.000000,0
fez,74,8,0.000747,0.000000,0,0.000000,0
fez,75,1,0.000718,0.000000,0,0.000000,0
fez,75,2,0.000718,0.000000,0,0.000000,0
fez,75,3,0.000718,0.000000,0,0.000000,0
fez,75,4,0.000718,0.000000,0,0.000000,0
fez,75,5,0.000718,0.000000,0,0.000000,0
fez,75,6,0.000718,0.000000,0,0.000000,0
fez,75,7,0.000718,0.000000,0,0.000000,0
fez,75,8,0.000718,0.000000,0,0.000000,0
fez,76,1,0.000703,0.000000,0,0.000000,0
fez,76,2,0.000703,0.000000,0,0.000000,0
fez,76,3,0.000703,0.000000,0,0.000000,0
fez,76,4,0.000703,0.000000,0,0.000000,0
fez,76,5,0.000703,0.000000,0,0.000000,0
fez,76,6,0.000703,0.000000,0,0.000000,0
fez,76,7,0.000703,0.000000,0,0.000000,0
fez,76,8,0.000703,0.000000,0,0.000000,0
fez,77,1,0.000724,0.000000,0,0.000000,0
fez,77,2,0.000724,0.000000,0,0.000000,0
fez,77,3,0.000724,0.000000,0,0.000000,0
fez,77,4,0.000724,0.000000,0,0.000000,0
fez,77,5,0.000724,0.000000,0,0.000000,0
fez,77,6,0.000724,0.000000,0,0.000000,0
fez,77,7,0.000724,0.000000,0,0.000000,0
fez,77,8,0.000724,0.000000,0,0.000000,0
fez,78,1,0.000694,0.000000,0,0.000000,0
fez,78,2,0.000694,0.000000,0,0.000000,0
fez,78,3,0.000694,0.000000,0,0.000000,0
fez,78,4,0.000694,0.000000,0,0.000000,0
fez,78,5,0.000694,0.000000,0,0.000000,0
fez,78,6,0.000694,0.000000,0,0.000000,0
fez,78,7,0.000694,0.000000,0,0.000000,0
fez,78,8,0.000694,0.000000,0,0.000000,0
fez,79,1,0.000724,0.000000,0,0.000000,0
fez,79,2,0.000724,0.000000,0,0.000000,0
fez,79,3,0.000724,0.000000,0,0.000000,0
fez,79,4,0.000724,0.000000,0,0.000000,0
fez,79,5,0.000724,0.000000,0,0.000000,0
fez,79,6,0.000724,0.000000,0,0.000000,0
fez,79,7,0.000724,0.000000,0,0.000000,0
fez,79,8,0.000724,0.000000,0,0.000000,0
fez,80,1,0.000752,0.000000,0,0.000000,0
fez,80,2,0.000752,0.000000,0,0.000000,0
fez,80,3,0.000752,0.000000,0,0.000000,0
fez,80,4,0.000752,0.000000,0,0.000000,0
fez,80,5,0.000752,0.000000,0,0.000000,0
fez,80,6,0.000752,0.000000,0,0.000000,0
fez,80,7,0.000752,0.000000,0,0.000000,0
fez,80,8,0.000752,0.000000,0,0.000000,0
fez,81,1,0.000710,0.000000,0,0.000000,0
fez,81,2,0.000710,0.000000,0,0.000000,0
fez,81,3,0.000710,0.000000,0,0.000000,0
fez,81,4,0.000710,0.000000,0,0.000000,0
fez,81,5,0.000710,0.000000,0,0.000000,0
fez,81,6,0.000710,0.000000,0,0.000000,0
fez,81,7,0.000710,0.000000,0,0.000000,0
fez,81,8,0.000710,0.000000,0,0.000000,0
fez,82,1,0.000721,0.000000,0,0.000000,0
fez,82,2,0.000721,0.000000,0,0.000000,0
fez,82,3,0.000721,0.000000,0,0.000000,0
fez,82,4,0.000721,0.000000,0,0.000000,0
fez,82,5,0.000721,0.000000,0,0.000000,0
fez,82,6,0.000721,0.000000,0,0.000000,0
fez,82,7,0.000721,0.000000,0,0.000000,0
fez,82,8,0.000721,0.000000,0,0.000000,0
fez,83,1,0.000700,0.000000,0,0.000000,0
fez,83,2,0.000700,0.000000,0,0.000000,0
fez,83,3,0.000700,0.000000,0,0.000000,0
fez,83,4,0.000700,0.000000,0,0.000000,0
fez,83,5,0.000700,0.000000,0,0.000000,0
fez,83,6,0.000700,0.000000,0,0.000000,0
fez,83,7,0.000700,0.000000,0,0.000000,0
fez,83,8,0.000700,0.000000,0,0.000000,0
fez,84,1,0.000760,0.000000,0,0.000000,0
fez,84,2,0.000760,0.000000,0,0.000000,0
fez,84,3,0.000760,0.000000,0,0.000000,0
fez,84,4,0.000760,0.000000,0,0.000000,0
fez,84,5,0.000760,0.000000,0,0.000000,0
fez,84,6,0.000760,0.000000,0,0.000000,0
fez,84,7,0.000760,0.000000,0,0.000000,0
fez,84,8,0.000760,0.000000,0,0.000000,0
fez,85,1,0.000759,0.000000,0,0.000000,0
fez,85,2,0.000759,0.000000,0,0.000000,0
fez,85,3,0.000759,0.000000,0,0.000000,0
fez,85,4,0.000759,0.000000,0,0.000000,0
fez,85,5,0.000759,0.000000,0,0.000000,0
fez,85,6,0.000759,0.000000,0,0.000000,0
fez,85,7,0.000759,0.000000,0,0.000000,0
fez,85,8,0.000759,0.000000,0,0.000000,0
fez,86,1,0.000722,0.000000,0,0.000000,0
fez,86,2,0.000722,0.000000,0,0.000000,0
fez,86,3,0.000722,0.000000,0,0.000000,0
fez,86,4,0.000722,0.000000,0,0.000000,0
fez,86,5,0.000722,0.000000,0,0.000000,0
fez,86,6,0.000722,0.000000,0,0.000000,0
fez,86,7,0.000722,0.000000,0,0.000000,0
fez,86,8,0.000722,0.000000,0,0.000000,0
fez,87,1,0.000713,0.000000,0,0.000000,0
fez,87,2,0.000713,0.000000,0,0.000000,0
fez,87,3,0.000713,0.000000,0,0.000000,0
fez,87,4,0.000713,0.000000,0,0.000000,0
fez,87,5,0.000713,0.000000,0,0.000000,0
fez,87,6,0.000713,0.000000,0,0.000000,0
fez,87,7,0.000713,0.000000,0,0.000000,0
fez,87,8,0.000713,0.000000,0,0.000000,0
fez,88,1,0.000742,0.000000,0,0.000000,0
fez,88,2,0.000742,0.000000,0,0.000000,0
fez,88,3,0.000742,0.000000,0,0.000000,0
fez,88,4,0.000742,0.000000,0,0.000000,0
fez,88,5,0.000742,0.000000,0,0.000000,0
fez,88,6,0.000742,0.000000,0,0.000000,0
fez,88,7,0.000742,0.000000,0,0.000000,0
fez,88,8,0.000742,0.000000,0,0.000000,0
fez,89,1,0.000685,0.000000,0,0.000000,0
fez,89,2,0.000685,0.000000,0,0.000000,0
fez,89,3,0.000685,0.000000,0,0.000000,0
fez,89,4,0.000685,0.000000,0,0.000000,0
fez,89,5,0.000685,0.000000,0,0.000000,0
fez,89,6,0.000685,0.000000,0,0.000000,0
fez,89,7,0.000685,0.000000,0,0.000000,0
fez,89,8,0.000685,0.000000,0,0.000000,0
fez,90,1,0.000719,0.000000,0,0.000000,0
fez,90,2,0.000719,0.000000,0,0.000000,0
fez,90,3,0.000719,0.000000,0,0.000000,0
fez,90,4,0.000719,0.000000,0,0.000000,0
fez,90,5,0.000719,0.000000,0,0.000000,0
fez,90,6,0.000719,0.000000,0,0.000000,0
fez,90,7,0.000719,0.000000,0,0.000000,0
fez,90,8,0.000719,0.000000,0,0.000000,0
fez,91,1,0.000754,0.000000,0,0.000000,0
fez,91,2,0.000754,0.000000,0,0.000000,0
fez,91,3,0.000754,0.000000,0,0.000000,0
fez,91,4,0.000754,0.000000,0,0.000000,0
fez,91,5,0.000754,0.000000,0,0.000000,0
fez,91,6,0.000754,0.000000,0,0.000000,0
fez,91,7,0.000754,0.000000,0,0.000000,0
fez,91,8,0.000754,0.000000,0,0.000000,0
fez,92,1,0.000720,0.000000,0,0.000000,0
fez,92,2,0.000720,0.000000,0,0.000000,0
fez,92,3,0.000720,0.000000,0,0.000000,0
fez,92,4,0.000720,0.000000,0,0.000000,0
fez,92,5,0.000720,0.000000,0,0.000000,0
fez,92,6,0.000720,0.000000,0,0.000000,0
fez,92,7,0.000720,0.000000,0,0.000000,0
fez,92,8,0.000720,0.000000,0,0.000000,0
fez,93,1,0.000728,0.000000,0,0.000000,0
fez,93,2,0.000728,0.000000,0,0.000000,0
fez,93,3,0.000728,0.000000,0,0.000000,0
fez,93,4,0.000728,0.000000,0,0.000000,0
fez,93,5,0.000728,0.000000,0,0.000000,0
fez,93,6,0.000728,0.000000,0,0.000000,0
fez,93,7,0.000728,0.000000,0,0.000000,0
fez,93,8,0.000728,0.000000,0,0.000000,0
fez,94,1,0.000707,0.000000,0,0.000000,0
fez,94,2,0.000707,0.000000,0,0.000000,0
fez,94,3,0.000707,0.000000,0,0.000000,0
fez,94,4,0.000707,0.000000,0,0.000000,0
fez,94,5,0.000707,0.000000,0,0.000000,0
fez,94,6,0.000707,0.000000,0,0.000000,0
fez,94,7,0.000707,0.000000,0,0.000000,0
fez,94,8,0.000707,0.000000,0,0.000000,0
fez,95,1,0.000742,0.000000,0,0.000000,0
fez,95,2,0.000742,0.000000,0,0.000000,0
fez,95,3,0.000742,0.000000,0,0.000000,0
fez,95,4,0.000742,0.000000,0,0.000000,0
fez,95,5,0.000742,0.000000,0,0.000000,0
fez,95,6,0.000742,0.000000,0,0.000000,0
fez,95,7,0.000742,0.000000,0,0.000000,0
fez,95,8,0.000742,0.000000,0,0.000000,0
fez,96,1,0.000733,0.000000,0,0.000000,0
fez,96,2,0.000733,0.000000,0,0.000000,0
fez,96,3,0.000733,0.000000,0,0.000000,0
fez,96,4,0.000733,0.000000,0,0.000000,0
fez,96,5,0.000733,0.000000,0,0.000000,0
fez,96,6,0.000733,0.000000,0,0.000000,0
fez,96,7,0.000733,0.000000,0,0.000000,0
fez,96,8,0.000733,0.000000,0,0.000000,0
fez,97,1,0.000733,0.000000,0,0.000000,0
fez,97,2,0.000733,0.000000,0,0.000000,0
fez,97,3,0.000733,0.000000,0,0.000000,0
fez,97,4,0.000733,0.000000,0,0.000000,0
fez,97,5,0.000733,0.000000,0,0.000000,0
fez,97,6,0.000733,0.000000,0,0.000000,0
fez,97,7,0.000733,0.000000,0,0.000000,0
fez,97,8,0.000733,0.000000,0,0.000000,0
fez,98,1,0.000737,0.000000,0,0.000000,0
fez,98,2,0.000737,0.000000,0,0.000000,0
fez,98,3,0.000737,0.000000,0,0.000000,0
fez,98,4,0.000737,0.000000,0,0.000000,0
fez,98,5,0.000737,0.000000,0,0.000000,0
fez,98,6,0.000737,0.000000,0,0.000000,0
fez,98,7,0.000737,0.000000,0,0.000000,0
fez,98,8,0.000737,0.000000,0,0.000000,0
fez,99,1,0.000698,0.000000,0,0.000000,0
fez,99,2,0.000698,0.000000,0,0.000000,0
fez,99,3,0.000698,0.000000,0,0.000000,0
fez,99,4,0.000698,0.000000,0,0.000000,0
fez,99,5,0.000698,0.000000,0,0.000000,0
fez,99,6,0.000698,0.000000,0,0.000000,0
fez,99,7,0.000698,0.000000,0,0.000000,0
fez,99,8,0.000698,0.000000,0,0.000000,0
fez,100,1,0.000716,0.000000,0,0.000000,0
fez,100,2,0.000716,0.000000,0,0.000000,0
fez,100,3,0.000716,0.000000,0,0.000000,0
fez,100,4,0.000716,0.000000,0,0.000000,0
fez,100,5,0.000716,0.000000,0,0.000000,0
fez,100,6,0.000716,0.000000,0,0.000000,0
fez,100,7,0.000716,0.000000,0,0.000000,0
fez,100,8,0.000716,0.000000,0,0.000000,0
fez,101,1,0.000716,0.000000,0,0.000000,0
fez,101,2,0.000716,0.000000,0,0.000000,0
fez,101,3,0.000716,0.000000,0,0.000000,0
fez,101,4,0.000716,0.000000,0,0.000000,0
fez,101,5,0.000716,0.000000,0,0.000000,0
fez,101,6,0.000716,0.000000,0,0.000000,0
fez,101,7,0.000716,0.000000,0,0.000000,0
fez,101,8,0.000716,0.000000,0,0.000000,0
fez,102,1,0.000725,0.000000,0,0.000000,0
fez,102,2,0.000725,0.000000,0,0.000000,0
fez,102,3,0.000725,0.000000,0,0.000000,0
fez,102,4,0.000725,0.000000,0,0.000000,0
fez,102,5,0.000725,0.000000,0,0.000000,0
fez,102,6,0.000725,0.000000,0,0.000000,0
fez,102,7,0.000725,0.000000,0,0.000000,0
fez,102,8,0.000725,0.000000,0,0.000000,0
fez,103,1,0.000705,0.000000,0,0.000000,0
fez,103,2,0.000705,0.000000,0,0.000000,0
fez,103,3,0.000705,0.000000,0,0.000000,0
fez,103,4,0.000705,0.000000,0,0.000000,0
fez,103,5,0.000705,0.000000,0,0.000000,0
fez,103,6,0.000705,0.000000,0,0.000000,0
fez,103,7,0.000705,0.000000,0,0.000000,0
fez,103,8,0.000705,0.000000,0,0.000000,0
fez,104,1,0.000696,0.000000,0,0.000000,0
fez,104,2,0.000696,0.000000,0,0.000000,0
fez,104,3,0.000696,0.000000,0,0.000000,0
fez,104,4,0.000696,0.000000,0,0.000000,0
fez,104,5,0.000696,0.000000,0,0.000000,0
fez,104,6,0.000696,0.000000,0,0.000000,0
fez,104,7,0.000696,0.000000,0,0.000000,0
fez,104,8,0.000696,0.000000,0,0.000000,0
fez,105,1,0.000734,0.000000,0,0.000000,0
fez,105,2,0.000734,0.000000,0,0.000000,0
fez,105,3,0.000734,0.000000,0,0.000000,0
fez,105,4,0.000734,0.000000,0,0.000000,0
fez,105,5,0.000734,0.000000,0,0.000000,0
fez,105,6,0.000734,0.000000,0,0.000000,0
fez,105,7,0.000734,0.000000,0,0.000000,0
fez,105,8,0.000734,0.000000,0,0.000000,0
fez,106,1,0.000699,0.000000,0,0.000000,0
fez,106,2,0.000699,0.000000,0,0.000000,0
fez,106,3,0.000699,0.000000,0,0.000000,0
fez,106,4,0.000699,0.000000,0,0.000000,0
fez,106,5,0.000699,0.000000,0,0.000000,0
fez,106,6,0.000699,0.000000,0,0.000000,0
fez,106,7,0.000699,0.000000,0,0.000000,0
fez,106,8,0.000699,0.000000,0,0.000000,0
fez,107,1,0.000754,0.000000,0,0.000000,0
fez,107,2,0.000754,0.000000,0,0.000000,0
fez,107,3,0.000754,0.000000,0,0.000000,0
fez,107,4,0.000754,0.000000,0,0.000000,0
fez,107,5,0.000754,0.000000,0,0.000000,0
fez,107,6,0.000754,0.000000,0,0.000000,0
fez,107,7,0.000754,0.000000,0,0.000000,0
fez,107,8,0.000754,0.000000,0,0.000000,0
fez,108,1,0.000736,0.000000,0,0.000000,0
fez,108,2,0.000736,0.000000,0,0.000000,0
fez,108,3,0.000736,0.000000,0,0.000000,0
fez,108,4,0.000736,0.000000,0,0.000000,0
fez,108,5,0.000736,0.000000,0,0.000000,0
fez,108,6,0.000736,0.000000,0,0.000000,0
fez,108,7,0.000736,0.000000,0,0.000000,0
fez,108,8,0.000736,0.000000,0,0.000000,0
fez,109,1,0.000673,0.000000,0,0.000000,0
fez,109,2,0.000673,0.000000,0,0.000000,0
fez,109,3,0.000673,0.000000,0,0.000000,0
fez,109,4,0.000673,0.000000,0,0.000000,0
fez,109,5,0.000673,0.000000,0,0.000000,0
fez,109,6,0.000673,0.000000,0,0.000000,0
fez,109,7,0.000673,0.000000,0,0.000000,0
fez,109,8,0.000673,0.000000,0,0.000000,0
fez,110,1,0.000719,0.000000,0,0.000000,0
fez,110,2,0.000719,0.000000,0,0.000000,0
fez,110,3,0.000719,0.000000,0,0.000000,0
fez,110,4,0.000719,0.000000,0,0.000000,0
fez,110,5,0.000719,0.000000,0,0.000000,0
fez,110,6,0.000719,0.000000,0,0.000000,0
fez,110,7,0.000719,0.000000,0,0.000000,0
fez,110,8,0.000719,0.000000,0,0.000000,0
fez,111,1,0.000731,0.000000,0,0.000000,0
fez,111,2,0.000731,0.000000,0,0.000000,0
fez,111,3,0.000731,0.000000,0,0.000000,0
fez,111,4,0.000731,0.000000,0,0.000000,0
fez,111,5,0.000731,0.000000,0,0.000000,0
fez,111,6,0.000731,0.000000,0,0.000000,0
fez,111,7,0.000731,0.000000,0,0.000000,0
fez,111,8,0.000731,0.000000,0,0.000000,0
fez,112,1,0.000729,0.000000,0,0.000000,0
fez,112,2,0.000729,0.000000,0,0.000000,0
fez,112,3,0.000729,0.000000,0,0.000000,0
fez,112,4,0.000729,0.000000,0,0.000000,0
fez,112,5,0.000729,0.000000,0,0.000000,0
fez,112,6,0.000729,0.000000,0,0.000000,0
fez,112,7,0.000729,0.000000,0,0.000000,0
fez,112,8,0.000729,0.000000,0,0.000000,0
fez,113,1,0.000740,0.000000,0,0.000000,0
fez,113,2,0.000740,0.000000,0,0.000000,0
fez,113,3,0.000740,0.000000,0,0.000000,0
fez,113,4,0.000740,0.000000,0,0.000000,0
fez,113,5,0.000740,0.000000,0,0.000000,0
fez,113,6,0.000740,0.000000,0,0.000000,0
fez,113,7,0.000740,0.000000,0,0.000000,0
fez,113,8,0.000740,0.000000,0,0.000000,0
fez,114,1,0.000727,0.000000,0,0.000000,0
fez,114,2,0.000727,0.000000,0,0.000000,0
fez,114,3,0.000727,0.000000,0,0.000000,0
fez,114,4,0.000727,0.000000,0,0.000000,0
fez,114,5,0.000727,0.000000,0,0.000000,0
fez,114,6,0.000727,0.000000,0,0.000000,0
fez,114,7,0.000727,0.000000,0,0.000000,0
fez,114,8,0.000727,0.000000,0,0.000000,0
fez,115,1,0.000741,0.000000,0,0.000000,0
fez,115,2,0.000741,0.000000,0,0.000000,0
fez,115,3,0.000741,0.000000,0,0.000000,0
fez,115,4,0.000741,0.000000,0,0.000000,0
fez,115,5,0.000741,0.000000,0,0.000000,0
fez,115,6,0.000741,0.000000,0,0.000000,0
fez,115,7,0.000741,0.000000,0,0.000000,0
fez,115,8,0.000741,0.000000,0,0.000000,0
fez,116,1,0.000726,0.000000,0,0.000000,0
fez,116,2,0.000726,0.000000,0,0.000000,0
fez,116,3,0.000726,0.000000,0,0.000000,0
fez,116,4,0.000726,0.000000,0,0.000000,0
fez,116,5,0.000726,0.000000,0,0.000000,0
fez,116,6,0.000726,0.000000,0,0.000000,0
fez,116,7,0.000726,0.000000,0,0.000000,0
fez,116,8,0.000726,0.000000,0,0.000000,0
fez,117,1,0.000742,0.000000,0,0.000000,0
fez,117,2,0.000742,0.000000,0,0.000000,0
fez,117,3,0.000742,0.000000,0,0.000000,0
fez,117,4,0.000742,0.000000,0,0.000000,0
fez,117,5,0.000742,0.000000,0,0.000000,0
fez,117,6,0.000742,0.000000,0,0.000000,0
fez,117,7,0.000742,0.000000,0,0.000000,0
fez,117,8,0.000742,0.000000,0,0.000000,0
fez,118,1,0.000719,0.000000,0,0.000000,0
fez,118,2,0.000719,0.000000,0,0.000000,0
fez,118,3,0.000719,0.000000,0,0.000000,0
fez,118,4,0.000719,0.000000,0,0.000000,0
fez,118,5,0.000719,0.000000,0,0.000000,0
fez,118,6,0.000719,0.000000,0,0.000000,0
fez,118,7,0.000719,0.000000,0,0.000000,0
fez,118,8,0.000719,0.000000,0,0.000000,0
fez,119,1,0.000718,0.000000,0,0.000000,0
fez,119,2,0.000718,0.000000,0,0.000000,0
fez,119,3,0.000718,0.000000,0,0.000000,0
fez,119,4,0.000718,0.000000,0,0.000000,0
fez,119,5,0.000718,0.000000,0,0.000000,0
fez,119,6,0.000718,0.000000,0,0.000000,0
fez,119,7,0.000718,0.000000,0,0.000000,0
fez,119,8,0.000718,0.000000,0,0.000000,0
fez,120,1,0.000700,0.000000,0,0.000000,0
fez,120,2,0.000700,0.000000,0,0.000000,0
fez,120,3,0.000700,0.000000,0,0.000000,0
fez,120,4,0.000700,0.000000,0,0.000000,0
fez,120,5,0.000700,0.000000,0,0.000000,0
fez,120,6,0.000700,0.000000,0,0.000000,0
fez,120,7,0.000700,0.000000,0,0.000000,0
fez,120,8,0.000700,0.000000,0,0.000000,0
fez,121,1,0.000691,0.000000,0,0.000000,0
fez,121,2,0.000691,0.000000,0,0.000000,0
fez,121,3,0.000691,0.000000,0,0.000000,0
fez,121,4,0.000691,0.000000,0,0.000000,0
fez,121,5,0.000691,0.000000,0,0.000000,0
fez,121,6,0.000691,0.000000,0,0.000000,0
fez,121,7,0.000691,0.000000,0,0.000000,0
fez,121,8,0.000691,0.000000,0,0.000000,0
fez,122,1,0.000731,0.000000,0,0.000000,0
fez,122,2,0.000731,0.000000,0,0.000000,0
fez,122,3,0.000731,0.000000,0,0.000000,0
fez,122,4,0.000731,0.000000,0,0.000000,0
fez,122,5,0.000731,0.000000,0,0.000000,0
fez,122,6,0.000731,0.000000,0,0.000000,0
fez,122,7,0.000731,0.000000,0,0.000000,0
fez,122,8,0.000731,0.000000,0,0.000000,0
fez,123,1,0.000705,0.000000,0,0.000000,0
fez,123,2,0.000705,0.000000,0,0.000000,0
fez,123,3,0.000705,0.000000,0,0.000000,0
fez,123,4,0.000705,0.000000,0,0.000000,0
fez,123,5,0.000705,0.000000,0,0.000000,0
fez,123,6,0.000705,0.000000,0,0.000000,0
fez,123,7,0.000705,0.000000,0,0.000000,0
fez,123,8,0.000705,0.000000,0,0.000000,0
fez,124,1,0.000705,0.000000,0,0.000000,0
fez,124,2,0.000705,0.000000,0,0.000000,0
fez,124,3,0.000705,0.000000,0,0.000000,0
fez,124,4,0.000705,0.000000,0,0.000000,0
fez,124,5,0.000705,0.000000,0,0.000000,0
fez,124,6,0.000705,0.000000,0,0.000000,0
fez,124,7,0.000705,0.000000,0,0.000000,0
fez,124,8,0.000705,0.000000,0,0.000000,0
fez,125,1,0.000714,0.000000,0,0.000000,0
fez,125,2,0.000714,0.000000,0,0.000000,0
fez,125,3,0.000714,0.000000,0,0.000000,0
fez,125,4,0.000714,0.000000,0,0.000000,0
fez,125,5,0.000714,0.000000,0,0.000000,0
fez,125,6,0.000714,0.000000,0,0.000000,0
fez,125,7,0.000714,0.000000,0,0.000000,0
fez,125,8,0.000714,0.000000,0,0.000000,0
fez,126,1,0.000687,0.000000,0,0.000000,0
fez,126,2,0.000687,0.000000,0,0.000000,0
fez,126,3,0.000687,0.000000,0,0.000000,0
fez,126,4,0.000687,0.000000,0,0.000000,0
fez,126,5,0.000687,0.000000,0,0.000000,0
fez,126,6,0.000687,0.000000,0,0.000000,0
fez,126,7,0.000687,0.000000,0,0.000000,0
fez,126,8,0.000687,0.000000,0,0.000000,0
fez,127,1,0.000720,0.000000,0,0.000000,0
fez,127,2,0.000720,0.000000,0,0.000000,0
fez,127,3,0.000720,0.000000,0,0.000000,0
fez,127,4,0.000720,0.000000,0,0.000000,0
fez,127,5,0.000720,0.000000,0,0.000000,0
fez,127,6,0.000720,0.000000,0,0.000000,0
fez,127,7,0.000720,0.000000,0,0.000000,0
fez,127,8,0.000720,0.000000,0,0.000000,0
fez,128,1,0.000737,0.000000,0,0.000000,0
fez,128,2,0.000737,0.000000,0,0.000000,0
fez,128,3,0.000737,0.000000,0,0.000000,0
fez,128,4,0.000737,0.000000,0,0.000000,0
fez,128,5,0.000737,0.000000,0,0.000000,0
fez,128,6,0.000737,0.000000,0,0.000000,0
fez,128,7,0.000737,0.000000,0,0.000000,0
fez,128,8,0.000737,0.000000,0,0.000000,0
fez,129,1,0.000709,0.000000,0,0.000000,0
fez,129,2,0.000709,0.000000,0,0.000000,0
fez,129,3,0.000709,0.000000,0,0.000000,0
fez,129,4,0.000709,0.000000,0,0.000000,0
fez,129,5,0.000709,0.000000,0,0.000000,0
fez,129,6,0.000709,0.000000,0,0.000000,0
fez,129,7,0.000709,0.000000,0,0.000000,0
fez,129,8,0.000709,0.000000,0,0.000000,0
fez,130,1,0.000749,0.000000,0,0.000000,0
fez,130,2,0.000749,0.000000,0,0.000000,0
fez,130,3,0.000749,0.000000,0,0.000000,0
fez,130,4,0.000749,0.000000,0,0.000000,0
fez,130,5,0.000749,0.000000,0,0.000000,0
fez,130,6,0.000749,0.000000,0,0.000000,0
fez,130,7,0.000749,0.000000,0,0.000000,0
fez,130,8,0.000749,0.000000,0,0.000000,0
fez,131,1,0.000743,0.000000,0,0.000000,0
fez,131,2,0.000743,0.000000,0,0.000000,0
fez,131,3,0.000743,0.000000,0,0.000000,0
fez,131,4,0.000743,0.000000,0,0.000000,0
fez,131,5,0.000743,0.000000,0,0.000000,0
fez,131,6,0.000743,0.000000,0,0.000000,0
fez,131,7,0.000743,0.000000,0,0.000000,0
fez,131,8,0.000743,0.000000,0,0.000000,0
fez,132,1,0.000737,0.000000,0,0.000000,0
fez,132,2,0.000737,0.000000,0,0.000000,0
fez,132,3,0.000737,0.000000,0,0.000000,0
fez,132,4,0.000737,0.000000,0,0.000000,0
fez,132,5,0.000737,0.000000,0,0.000000,0
fez,132,6,0.000737,0.000000,0,0.000000,0
fez,132,7,0.000737,0.000000,0,0.000000,0
fez,132,8,0.000737,0.000000,0,0.000000,0
fez,133,1,0.000708,0.000000,0,0.000000,0
fez,133,2,0.000708,0.000000,0,0.000000,0
fez,133,3,0.000708,0.000000,0,0.000000,0
fez,133,4,0.000708,0.000000,0,0.000000,0
fez,133,5,0.000708,0.000000,0,0.000000,0
fez,133,6,0.000708,0.000000,0,0.000000,0
fez,133,7,0.000708,0.000000,0,0.000000,0
fez,133,8,0.000708,0.000000,0,0.000000,0
fez,134,1,0.000697,0.000000,0,0.000000,0
fez,134,2,0.000697,0.000000,0,0.000000,0
fez,134,3,0.000697,0.000000,0,0.000000,0
fez,134,4,0.000697,0.000000,0,0.000000,0
fez,134,5,0.000697,0.000000,0,0.000000,0
fez,134,6,0.000697,0.000000,0,0.000000,0
fez,134,7,0.000697,0.000000,0,0.000000,0
fez,134,8,0.000697,0.000000,0,0.000000,0
fez,135,1,0.000728,0.000000,0,0.000000,0
fez,135,2,0.000728,0.000000,0,0.000000,0
fez,135,3,0.000728,0.000000,0,0.000000,0
fez,135,4,0.000728,0.000000,0,0.000000,0
fez,135,5,0.000728,0.000000,0,0.000000,0
fez,135,6,0.000728,0.000000,0,0.000000,0
fez,135,7,0.000728,0.000000,0,0.000000,0
fez,135,8,0.000728,0.000000,0,0.000000,0
fez,136,1,0.000722,0.000000,0,0.000000,0
fez,136,2,0.000722,0.000000,0,0.000000,0
fez,136,3,0.000722,0.000000,0,0.000000,0
fez,136,4,0.000722,0.000000,0,0.000000,0
fez,136,5,0.000722,0.000000,0,0.000000,0
fez,136,6,0.000722,0.000000,0,0.000000,0
fez,136,7,0.000722,0.000000,0,0.000000,0
fez,136,8,0.000722,0.000000,0,0.000000,0
fez,137,1,0.000696,0.000000,0,0.000000,0
fez,137,2,0.000696,0.000000,0,0.000000,0
fez,137,3,0.000696,0.000000,0,0.000000,0
fez,137,4,0.000696,0.000000,0,0.000000,0
fez,137,5,0.000696,0.000000,0,0.000000,0
fez,137,6,0.000696,0.000000,0,0.000000,0
fez,137,7,0.000696,0.000000,0,0.000000,0
fez,137,8,0.000696,0.000000,0,0.000000,0
fez,138,1,0.000738,0.000000,0,0.000000,0
fez,138,2,0.000738,0.000000,0,0.000000,0
fez,138,3,0.000738,0.000000,0,0.000000,0
fez,138,4,0.000738,0.000000,0,0.000000,0
fez,138,5,0.000738,0.000000,0,0.000000,0
fez,138,6,0.000738,0.000000,0,0.000000,0
fez,138,7,0.000738,0.000000,0,0.000000,0
fez,138,8,0.000738,0.000000,0,0.000000,0
fez,139,1,0.000727,0.000000,0,0.000000,0
fez,139,2,0.000727,0.000000,0,0.000000,0
fez,139,3,0.000727,0.000000,0,0.000000,0
fez,139,4,0.000727,0.000000,0,0.000000,0
fez,139,5,0.000727,0.000000,0,0.000000,0
fez,139,6,0.000727,0.000000,0,0.000000,0
fez,139,7,0.000727,0.000000,0,0.000000,0
fez,139,8,0.000727,0.000000,0,0.000000,0
fez,140,1,0.000759,0.000000,0,0.000000,0
fez,140,2,0.000759,0.000000,0,0.000000,0
fez,140,3,0.000759,0.000000,0,0.000000,0
fez,140,4,0.000759,0.000000,0,0.000000,0
fez,140,5,0.000759,0.000000,0,0.000000,0
fez,140,6,0.000759,0.000000,0,0.000000,0
fez,140,7,0.000759,0.000000,0,0.000000,0
fez,140,8,0.000759,0.000000,0,0.000000,0
fez,141,1,0.000737,0.000000,0,0.000000,0
fez,141,2,0.000737,0.000000,0,0.000000,0
fez,141,3,0.000737,0.000000,0,0.000000,0
fez,141,4,0.000737,0.000000,0,0.000000,0
fez,141,5,0.000737,0.000000,0,0.000000,0
fez,141,6,0.000737,0.000000,0,0.000000,0
fez,141,7,0.000737,0.000000,0,0.000000,0
fez,141,8,0.000737,0.000000,0,0.000000,0
fez,142,1,0.000710,0.000000,0,0.000000,0
fez,142,2,0.000710,0.000000,0,0.000000,0
fez,142,3,0.000710,0.000000,0,0.000000,0
fez,142,4,0.000710,0.000000,0,0.000000,0
fez,142,5,0.000710,0.000000,0,0.000000,0
fez,142,6,0.000710,0.000000,0,0.000000,0
fez,142,7,0.000710,0.000000,0,0.000000,0
fez,142,8,0.000710,0.000000,0,0.000000,0
fez,143,1,0.000719,0.000000,0,0.000000,0
fez,143,2,0.000719,0.000000,0,0.000000,0
fez,143,3,0.000719,0.000000,0,0.000000,0
fez,143,4,0.000719,0.000000,0,0.000000,0
fez,143,5,0.000719,0.000000,0,0.000000,0
fez,143,6,0.000719,0.000000,0,0.000000,0
fez,143,7,0.000719,0.000000,0,0.000000,0
fez,143,8,0.000719,0.000000,0,0.000000,0
fez,144,1,0.000704,0.000000,0,0.000000,0
fez,144,2,0.000704,0.000000,0,0.000000,0
fez,144,3,0.000704,0.000000,0,0.000000,0
fez,144,4,0.000704,0.000000,0,0.000000,0
fez,144,5,0.000704,0.000000,0,0.000000,0
fez,144,6,0.000704,0.000000,0,0.000000,0
fez,144,7,0.000704,0.000000,0,0.000000,0
fez,144,8,0.000704,0.000000,0,0.000000,0
fez,145,1,0.000731,0.000000,0,0.000000,0
fez,145,2,0.000731,0.000000,0,0.000000,0
fez,145,3,0.000731,0.000000,0,0.000000,0
fez,145,4,0.000731,0.000000,0,0.000000,0
fez,145,5,0.000731,0.000000,0,0.000000,0
fez,145,6,0.000731,0.000000,0,0.000000,0
fez,145,7,0.000731,0.000000,0,0.000000,0
fez,145,8,0.000731,0.000000,0,0.000000,0
fez,146,1,0.000737,0.000000,0,0.000000,0
fez,146,2,0.000737,0.000000,0,0.000000,0
fez,146,3,0.000737,0.000000,0,0.000000,0
fez,146,4,0.000737,0.000000,0,0.000000,0
fez,146,5,0.000737,0.000000,0,0.000000,0
fez,146,6,0.000737,0.000000,0,0.000000,0
fez,146,7,0.000737,0.000000,0,0.000000,0
fez,146,8,0.000737,0.000000,0,0.000000,0
fez,147,1,0.000727,0.000000,0,0.000000,0
fez,147,2,0.000727,0.000000,0,0.000000,0
fez,147,3,0.000727,0.000000,0,0.000000,0
fez,147,4,0.000727,0.000000,0,0.000000,0
fez,147,5,0.000727,0.000000,0,0.000000,0
fez,147,6,0.000727,0.000000,0,0.000000,0
fez,147,7,0.000727,0.000000,0,0.000000,0
fez,147,8,0.000727,0.000000,0,0.000000,0
fez,148,1,0.000709,0.000000,0,0.000000,0
fez,148,2,0.000709,0.000000,0,0.000000,0
fez,148,3,0.000709,0.000000,0,0.000000,0
fez,148,4,0.000709,0.000000,0,0.000000,0
fez,148,5,0.000709,0.000000,0,0.000000,0
fez,148,6,0.000709,0.000000,0,0.000000,0
fez,148,7,0.000709,0.000000,0,0.000000,0
fez,148,8,0.000709,0.000000,0,0.000000,0
fez,149,1,0.000691,0.000000,0,0.000000,0
fez,149,2,0.000691,0.000000,0,0.000000,0
fez,149,3,0.000691,0.000000,0,0.000000,0
fez,149,4,0.000691,0.000000,0,0.000000,0
fez,149,5,0.000691,0.000000,0,0.000000,0
fez,149,6,0.000691,0.000000,0,0.000000,0
fez,149,7,0.000691,0.000000,0,0.000000,0
fez,149,8,0.000691,0.000000,0,0.000000,0
fez,150,1,0.000737,0.000000,0,0.000000,0
fez,150,2,0.000737,0.000000,0,0.000000,0
fez,150,3,0.000737,0.000000,0,0.000000,0
fez,150,4,0.000737,0.000000,0,0.000000,0
fez,150,5,0.000737,0.000000,0,0.000000,0
fez,150,6,0.000737,0.000000,0,0.000000,0
fez,150,7,0.000737,0.000000,0,0.000000,0
fez,150,8,0.000737,0.000000,0,0.000000,0
fez,151,1,0.000717,0.000000,0,0.000000,0
fez,151,2,0.000717,0.000000,0,0.000000,0
fez,151,3,0.000717,0.000000,0,0.000000,0
fez,151,4,0.000717,0.000000,0,0.000000,0
fez,151,5,0.000717,0.000000,0,0.000000,0
fez,151,6,0.000717,0.000000,0,0.000000,0
fez,151,7,0.000717,0.000000,0,0.000000,0
fez,151,8,0.000717,0.000000,0,0.000000,0
fez,152,1,0.000707,0.000000,0,0.000000,0
fez,152,2,0.000707,0.000000,0,0.000000,0
fez,152,3,0.000707,0.000000,0,0.000000,0
fez,152,4,0.000707,0.000000,0,0.000000,0
fez,152,5,0.000707,0.000000,0,0.000000,0
fez,152,6,0.000707,0.000000,0,0.000000,0
fez,152,7,0.000707,0.000000,0,0.000000,0
fez,152,8,0.000707,0.000000,0,0.000000,0
fez,153,1,0.000753,0.000000,0,0.000000,0
fez,153,2,0.000753,0.000000,0,0.000000,0
fez,153,3,0.000753,0.000000,0,0.000000,0
fez,153,4,0.000753,0.000000,0,0.000000,0
fez,153,5,0.000753,0.000000,0,0.000000,0
fez,153,6,0.000753,0.000000,0,0.000000,0
fez,153,7,0.000753,0.000000,0,0.000000,0
fez,153,8,0.000753,0.000000,0,0.000000,0
fez,154,1,0.000721,0.000000,0,0.000000,0
fez,154,2,0.000721,0.000000,0,0.000000,0
fez,154,3,0.000721,0.000000,0,0.000000,0
fez,154,4,0.000721,0.000000,0,0.000000,0
fez,154,5,0.000721,0.000000,0,0.000000,0
fez,154,6,0.000721,0.000000,0,0.000000,0
fez,154,7,0.000721,0.000000,0,0.000000,0
fez,154,8,0.000721,0.000000,0,0.000000,0
fez,155,1,0.000723,0.000000,0,0.000000,0
fez,155,2,0.000723,0.000000,0,0.000000,0
fez,155,3,0.000723,0.000000,0,0.000000,0
fez,155,4,0.000723,0.000000,0,0.000000,0
fez,155,5,0.000723,0.000000,0,0.000000,0
fez,155,6,0.000723,0.000000,0,0.000000,0
fez,155,7,0.000723,0.000000,0,0.000000,0
fez,155,8,0.000723,0.000000,0,0.000000,0
geneva,0,1,0.000607,0.000000,0,0.000000,0
geneva,0,2,0.000607,0.000000,0,0.000000,0
geneva,0,3,0.000607,0.000000,0,0.000000,0
geneva,0,4,0.000607,0.000000,0,0.000000,0
geneva,0,5,0.000607,0.000000,0,0.000000,0
geneva,0,6,0.000607,0.000000,0,0.000000,0
geneva,0,7,0.000607,0.000000,0,0.000000,0
geneva,0,8,0.000607,0.000000,0,0.000000,0
geneva,1,1,0.000606,0.000000,0,0.000000,0
geneva,1,2,0.000606,0.000000,0,0.000000,0
geneva,1,3,0.000606,0.000000,0,0.000000,0
geneva,1,4,0.000606,0.000000,0,0.000000,0
geneva,1,5,0.000606,0.000000,0,0.000000,0
geneva,1,6,0.000606,0.000000,0,0.000000,0
geneva,1,7,0.000606,0.000000,0,0.000000,0
geneva,1,8,0.000606,0.000000,0,0.000000,0
geneva,2,1,0.000614,0.000000,0,0.000000,0
geneva,2,2,0.000614,0.000000,0,0.000000,0
geneva,2,3,0.000614,0.000000,0,0.000000,0
geneva,2,4,0.000614,0.000000,0,0.000000,0
geneva,2,5,0.000614,0.000000,0,0.000000,0
geneva,2,6,0.000614,0.000000,0,0.000000,0
geneva,2,7,0.000614,0.000000,0,0.000000,0
geneva,2,8,0.000614,0.000000,0,0.000000,0
geneva,3,1,0.000632,0.000000,0,0.000000,0
geneva,3,2,0.000632,0.000000,0,0.000000,0
geneva,3,3,0.000632,0.000000,0,0.000000,0
geneva,3,4,0.000632,0.000000,0,0.000000,0
geneva,3,5,0.000632,0.000000,0,0.000000,0
geneva,3,6,0.000632,0.000000,0,0.000000,0
geneva,3,7,0.000632,0.000000,0,0.000000,0
geneva,3,8,0.000632,0.000000,0,0.000000,0
geneva,4,1,0.000622,0.000000,0,0.000000,0
geneva,4,2,0.000622,0.000000,0,0.000000,0
geneva,4,3,0.000622,0.000000,0,0.000000,0
geneva,4,4,0.000622,0.000000,0,0.000000,0
geneva,4,5,0.000622,0.000000,0,0.000000,0
geneva,4,6,0.000622,0.000000,0,0.000000,0
geneva,4,7,0.000622,0.000000,0,0.000000,0
geneva,4,8,0.000622,0.000000,0,0.000000,0
geneva,5,1,0.000625,0.000000,0,0.000000,0
geneva,5,2,0.000625,0.000000,0,0.000000,0
geneva,5,3,0.000625,0.000000,0,0.000000,0
geneva,5,4,0.000625,0.000000,0,0.000000,0
geneva,5,5,0.000625,0.000000,0,0.000000,0
geneva,5,6,0.000625,0.000000,0,0.000000,0
geneva,5,7,0.000625,0.000000,0,0.000000,0
geneva,5,8,0.000625,0.000000,0,0.000000,0
geneva,6,1,0.000593,0.000000,0,0.000000,0
geneva,6,2,0.000593,0.000000,0,0.000000,0
geneva,6,3,0.000593,0.000000,0,0.000000,0
geneva,6,4,0.000593,0.000000,0,0.000000,0
geneva,6,5,0.000593,0.000000,0,0.000000,0
geneva,6,6,0.000593,0.000000,0,0.000000,0
geneva,6,7,0.000593,0.000000,0,0.000000,0
geneva,6,8,0.000593,0.000000,0,0.000000,0
geneva,7,1,0.000629,0.000000,0,0.000000,0
geneva,7,2,0.000629,0.000000,0,0.000000,0
geneva,7,3,0.000629,0.000000,0,0.000000,0
geneva,7,4,0.000629,0.000000,0,0.000000,0
geneva,7,5,0.000629,0.000000,0,0.000000,0
geneva,7,6,0.000629,0.000000,0,0.000000,0
geneva,7,7,0.000629,0.000000,0,0.000000,0
geneva,7,8,0.000629,0.000000,0,0.000000,0
geneva,8,1,0.000587,0.000000,0,0.000000,0
geneva,8,2,0.000587,0.000000,0,0.000000,0
geneva,8,3,0.000587,0.000000,0,0.000000,0
geneva,8,4,0.000587,0.000000,0,0.000000,0
geneva,8,5,0.000587,0.000000,0,0.000000,0
geneva,8,6,0.000587,0.000000,0,0.000000,0
geneva,8,7,0.000587,0.000000,0,0.000000,0
geneva,8,8,0.000587,0.000000,0,0.000000,0
geneva,9,1,0.000591,0.000000,0,0.000000,0
geneva,9,2,0.000591,0.000000,0,0.000000,0
geneva,9,3,0.000591,0.000000,0,0.000000,0
geneva,9,4,0.000591,0.000000,0,0.000000,0
geneva,9,5,0.000591,0.000000,0,0.000000,0
geneva,9,6,0.000591,0.000000,0,0.000000,0
geneva,9,7,0.000591,0.000000,0,0.000000,0
geneva,9,8,0.000591,0.000000,0,0.000000,0
geneva,10,1,0.000612,0.000000,0,0.000000,0
geneva,10,2,0.000612,0.000000,0,0.000000,0
geneva,10,3,0.000612,0.000000,0,0.000000,0
geneva,10,4,0.000612,0.000000,0,0.000000,0
geneva,10,5,0.000612,0.000000,0,0.000000,0
geneva,10,6,0.000612,0.000000,0,0.000000,0
geneva,10,7,0.000612,0.000000,0,0.000000,0
geneva,10,8,0.000612,0.000000,0,0.000000,0
geneva,11,1,0.000598,0.000000,0,0.000000,0
geneva,11,2,0.000598,0.000000,0,0.000000,0
geneva,11,3,0.000598,0.000000,0,0.000000,0
geneva,11,4,0.000598,0.000000,0,0.000000,0
geneva,11,5,0.000598,0.000000,0,0.000000,0
geneva,11,6,0.000598,0.000000,0,0.000000,0
geneva,11,7,0.000598,0.000000,0,0.000000,0
geneva,11,8,0.000598,0.000000,0,0.000000,0
geneva,12,1,0.000620,0.000000,0,0.000000,0
geneva,12,2,0.000620,0.000000,0,0.000000,0
geneva,12,3,0.000620,0.000000,0,0.000000,0
geneva,12,4,0.000620,0.000000,0,0.000000,0
geneva,12,5,0.000620,0.000000,0,0.000000,0
geneva,12,6,0.000620,0.000000,0,0.000000,0
geneva,12,7,0.000620,0.000000,0,0.000000,0
geneva,12,8,0.000620,0.000000,0,0.000000,0
geneva,13,1,0.000598,0.000000,0,0.000000,0
geneva,13,2,0.000598,0.000000,0,0.000000,0
geneva,13,3,0.000598,0.000000,0,0.000000,0
geneva,13,4,0.000598,0.000000,0,0.000000,0
geneva,13,5,0.000598,0.000000,0,0.000000,0
geneva,13,6,0.000598,0.000000,0,0.000000,0
geneva,13,7,0.000598,0.000000,0,0.000000,0
geneva,13,8,0.000598,0.000000,0,0.000000,0
geneva,14,1,0.000588,0.000000,0,0.000000,0
geneva,14,2,0.000588,0.000000,0,0.000000,0
geneva,14,3,0.000588,0.000000,0,0.000000,0
geneva,14,4,0.000588,0.000000,0,0.000000,0
geneva,14,5,0.000588,0.000000,0,0.000000,0
geneva,14,6,0.000588,0.000000,0,0.000000,0
geneva,14,7,0.000588,0.000000,0,0.000000,0
geneva,14,8,0.000588,0.000000,0,0.000000,0
geneva,15,1,0.000627,0.000000,0,0.000000,0
geneva,15,2,0.000627,0.000000,0,0.000000,0
geneva,15,3,0.000627,0.000000,0,0.000000,0
geneva,15,4,0.000627,0.000000,0,0.000000,0
geneva,15,5,0.000627,0.000000,0,0.000000,0
geneva,15,6,0.000627,0.000000,0,0.000000,0
geneva,15,7,0.000627,0.000000,0,0.000000,0
geneva,15,8,0.000627,0.000000,0,0.000000,0
geneva,16,1,0.000617,0.000000,0,0.000000,0
geneva,16,2,0.000617,0.000000,0,0.000000,0
geneva,16,3,0.000617,0.000000,0,0.000000,0
geneva,16,4,0.000617,0.000000,0,0.000000,0
geneva,16,5,0.000617,0.000000,0,0.000000,0
geneva,16,6,0.000617,0.000000,0,0.000000,0
geneva,16,7,0.000617,0.000000,0,0.000000,0
geneva,16,8,0.000617,0.000000,0,0.000000,0
geneva,17,1,0.000658,0.000000,0,0.000000,0
geneva,17,2,0.000658,0.000000,0,0.000000,0
geneva,17,3,0.000658,0.000000,0,0.000000,0
geneva,17,4,0.000658,0.000000,0,0.000000,0
geneva,17,5,0.000658,0.000000,0,0.000000,0
geneva,17,6,0.000658,0.000000,0,0.000000,0
geneva,17,7,0.000658,0.000000,0,0.000000,0
geneva,17,8,0.000658,0.000000,0,0.000000,0
geneva,18,1,0.000591,0.000000,0,0.000000,0
geneva,18,2,0.000591,0.000000,0,0.000000,0
geneva,18,3,0.000591,0.000000,0,0.000000,0
geneva,18,4,0.000591,0.000000,0,0.000000,0
geneva,18,5,0.000591,0.000000,0,0.000000,0
geneva,18,6,0.000591,0.000000,0,0.000000,0
geneva,18,7,0.000591,0.000000,0,0.000000,0
geneva,18,8,0.000591,0.000000,0,0.000000,0
geneva,19,1,0.000620,0.000000,0,0.000000,0
geneva,19,2,0.000620,0.000000,0,0.000000,0
geneva,19,3,0.000620,0.000000,0,0.000000,0
geneva,19,4,0.000620,0.000000,0,0.000000,0
geneva,19,5,0.000620,0.000000,0,0.000000,0
geneva,19,6,0.000620,0.000000,0,0.000000,0
geneva,19,7,0.000620,0.000000,0,0.000000,0
geneva,19,8,0.000620,0.000000,0,0.000000,0
geneva,20,1,0.000679,0.000000,0,0.000000,0
geneva,20,2,0.000679,0.000000,0,0.000000,0
geneva,20,3,0.000679,0.000000,0,0.000000,0
geneva,20,4,0.000679,0.000000,0,0.000000,0
geneva,20,5,0.000679,0.000000,0,0.000000,0
geneva,20,6,0.000679,0.000000,0,0.000000,0
geneva,20,7,0.000679,0.000000,0,0.000000,0
geneva,20,8,0.000679,0.000000,0,0.000000,0
geneva,21,1,0.000667,0.000000,0,0.000000,0
geneva,21,2,0.000667,0.000000,0,0.000000,0
geneva,21,3,0.000667,0.000000,0,0.000000,0
geneva,21,4,0.000667,0.000000,0,0.000000,0
geneva,21,5,0.000667,0.000000,0,0.000000,0
geneva,21,6,0.000667,0.000000,0,0.000000,0
geneva,21,7,0.000667,0.000000,0,0.000000,0
geneva,21,8,0.000667,0.000000,0,0.000000,0
geneva,22,1,0.002142,0.000000,0,0.000000,0
geneva,22,2,0.002142,0.000000,0,0.000000,0
geneva,22,3,0.002142,0.000000,0,0.000000,0
geneva,22,4,0.002142,0.000000,0,0.000000,0
geneva,22,5,0.002142,0.000000,0,0.000000,0
geneva,22,6,0.002142,0.000000,0,0.000000,0
geneva,22,7,0.002142,0.000000,0,0.000000,0
geneva,22,8,0.002142,0.000000,0,0.000000,0
geneva,23,1,0.000687,0.000000,0,0.000000,0
geneva,23,2,0.000687,0.000000,0,0.000000,0
geneva,23,3,0.000687,0.000000,0,0.000000,0
geneva,23,4,0.000687,0.000000,0,0.000000,0
geneva,23,5,0.000687,0.000000,0,0.000000,0
geneva,23,6,0.000687,0.000000,0,0.000000,0
geneva,23,7,0.000687,0.000000,0,0.000000,0
geneva,23,8,0.000687,0.000000,0,0.000000,0
geneva,24,1,0.000603,0.000000,0,0.000000,0
geneva,24,2,0.000603,0.000000,0,0.000000,0
geneva,24,3,0.000603,0.000000,0,0.000000,0
geneva,24,4,0.000603,0.000000,0,0.000000,0
geneva,24,5,0.000603,0.000000,0,0.000000,0
geneva,24,6,0.000603,0.000000,0,0.000000,0
geneva,24,7,0.000603,0.000000,0,0.000000,0
geneva,24,8,0.000603,0.000000,0,0.000000,0
geneva,25,1,0.000595,0.000000,0,0.000000,0
geneva,25,2,0.000595,0.000000,0,0.000000,0
geneva,25,3,0.000595,0.000000,0,0.000000,0
geneva,25,4,0.000595,0.000000,0,0.000000,0
geneva,25,5,0.000595,0.000000,0,0.000000,0
geneva,25,6,0.000595,0.000000,0,0.000000,0
geneva,25,7,0.000595,0.000000,0,0.000000,0
geneva,25,8,0.000595,0.000000,0,0.000000,0
geneva,26,1,0.000595,0.000000,0,0.000000,0
geneva,26,2,0.000595,0.000000,0,0.000000,0
geneva,26,3,0.000595,0.000000,0,0.000000,0
geneva,26,4,0.000595,0.000000,0,0.000000,0
geneva,26,5,0.000595,0.000000,0,0.000000,0
geneva,26,6,0.000595,0.000000,0,0.000000,0
geneva,26,7,0.000595,0.000000,0,0.000000,0
geneva,26,8,0.000595,0.000000,0,0.000000,0
guadalupe,0,1,0.000593,0.000000,0,0.000000,0
guadalupe,0,2,0.000593,0.000000,0,0.000000,0
guadalupe,0,3,0.000593,0.000000,0,0.000000,0
guadalupe,0,4,0.000593,0.000000,0,0.000000,0
guadalupe,0,5,0.000593,0.000000,0,0.000000,0
guadalupe,0,6,0.000593,0.000000,0,0.000000,0
guadalupe,0,7,0.000593,0.000000,0,0.000000,0
guadalupe,0,8,0.000593,0.000000,0,0.000000,0
guadalupe,1,1,0.000578,0.000000,0,0.000000,0
guadalupe,1,2,0.000578,0.000000,0,0.000000,0
guadalupe,1,3,0.000578,0.000000,0,0.000000,0
guadalupe,1,4,0.000578,0.000000,0,0.000000,0
guadalupe,1,5,0.000578,0.000000,0,0.000000,0
guadalupe,1,6,0.000578,0.000000,0,0.000000,0
guadalupe,1,7,0.000578,0.000000,0,0.000000,0
guadalupe,1,8,0.000578,0.000000,0,0.000000,0
guadalupe,2,1,0.000574,0.000000,0,0.000000,0
guadalupe,2,2,0.000574,0.000000,0,0.000000,0
guadalupe,2,3,0.000574,0.000000,0,0.000000,0
guadalupe,2,4,0.000574,0.000000,0,0.000000,0
guadalupe,2,5,0.000574,0.000000,0,0.000000,0
guadalupe,2,6,0.000574,0.000000,0,0.000000,0
guadalupe,2,7,0.000574,0.000000,0,0.000000,0
guadalupe,2,8,0.000574,0.000000,0,0.000000,0
guadalupe,3,1,0.000605,0.000000,0,0.000000,0
guadalupe,3,2,0.000605,0.000000,0,0.000000,0
guadalupe,3,3,0.000605,0.000000,0,0.000000,0
guadalupe,3,4,0.000605,0.000000,0,0.000000,0
guadalupe,3,5,0.000605,0.000000,0,0.000000,0
guadalupe,3,6,0.000605,0.000000,0,0.000000,0
guadalupe,3,7,0.000605,0.000000,0,0.000000,0
guadalupe,3,8,0.000605,0.000000,0,0.000000,0
guadalupe,4,1,0.000676,0.000000,0,0.000000,0
guadalupe,4,2,0.000676,0.000000,0,0.000000,0
guadalupe,4,3,0.000676,0.000000,0,0.000000,0
guadalupe,4,4,0.000676,0.000000,0,0.000000,0
guadalupe,4,5,0.000676,0.000000,0,0.000000,0
guadalupe,4,6,0.000676,0.000000,0,0.000000,0
guadalupe,4,7,0.000676,0.000000,0,0.000000,0
guadalupe,4,8,0.000676,0.000000,0,0.000000,0
guadalupe,5,1,0.000686,0.000000,0,0.000000,0
guadalupe,5,2,0.000686,0.000000,0,0.000000,0
guadalupe,5,3,0.000686,0.000000,0,0.000000,0
guadalupe,5,4,0.000686,0.000000,0,0.000000,0
guadalupe,5,5,0.000686,0.000000,0,0.000000,0
guadalupe,5,6,0.000686,0.000000,0,0.000000,0
guadalupe,5,7,0.000686,0.000000,0,0.000000,0
guadalupe,5,8,0.000686,0.000000,0,0.000000,0
guadalupe,6,1,0.000687,0.000000,0,0.000000,0
guadalupe,6,2,0.000687,0.000000,0,0.000000,0
guadalupe,6,3,0.000687,0.000000,0,0.000000,0
guadalupe,6,4,0.000687,0.000000,0,0.000000,0
guadalupe,6,5,0.000687,0.000000,0,0.000000,0
guadalupe,6,6,0.000687,0.000000,0,0.000000,0
guadalupe,6,7,0.000687,0.000000,0,0.000000,0
guadalupe,6,8,0.000687,0.000000,0,0.000000,0
guadalupe,7,1,0.000576,0.000000,0,0.000000,0
guadalupe,7,2,0.000576,0.000000,0,0.000000,0
guadalupe,7,3,0.000576,0.000000,0,0.000000,0
guadalupe,7,4,0.000576,0.000000,0,0.000000,0
guadalupe,7,5,0.000576,0.000000,0,0.000000,0
guadalupe,7,6,0.000576,0.000000,0,0.000000,0
guadalupe,7,7,0.000576,0.000000,0,0.000000,0
guadalupe,7,8,0.000576,0.000000,0,0.000000,0
guadalupe,8,1,0.000588,0.000000,0,0.000000,0
guadalupe,8,2,0.000588,0.000000,0,0.000000,0
guadalupe,8,3,0.000588,0.000000,0,0.000000,0
guadalupe,8,4,0.000588,0.000000,0,0.000000,0
guadalupe,8,5,0.000588,0.000000,0,0.000000,0
guadalupe,8,6,0.000588,0.000000,0,0.000000,0
guadalupe,8,7,0.000588,0.000000,0,0.000000,0
guadalupe,8,8,0.000588,0.000000,0,0.000000,0
guadalupe,9,1,0.000656,0.000000,0,0.000000,0
guadalupe,9,2,0.000656,0.000000,0,0.000000,0
guadalupe,9,3,0.000656,0.000000,0,0.000000,0
guadalupe,9,4,0.000656,0.000000,0,0.000000,0
guadalupe,9,5,0.000656,0.000000,0,0.000000,0
guadalupe,9,6,0.000656,0.000000,0,0.000000,0
guadalupe,9,7,0.000656,0.000000,0,0.000000,0
guadalupe,9,8,0.000656,0.000000,0,0.000000,0
guadalupe,10,1,0.000657,0.000000,0,0.000000,0
guadalupe,10,2,0.000657,0.000000,0,0.000000,0
guadalupe,10,3,0.000657,0.000000,0,0.000000,0
guadalupe,10,4,0.000657,0.000000,0,0.000000,0
guadalupe,10,5,0.000657,0.000000,0,0.000000,0
guadalupe,10,6,0.000657,0.000000,0,0.000000,0
guadalupe,10,7,0.000657,0.000000,0,0.000000,0
guadalupe,10,8,0.000657,0.000000,0,0.000000,0
guadalupe,11,1,0.000651,0.000000,0,0.000000,0
guadalupe,11,2,0.000651,0.000000,0,0.000000,0
guadalupe,11,3,0.000651,0.000000,0,0.000000,0
guadalupe,11,4,0.000651,0.000000,0,0.000000,0
guadalupe,11,5,0.000651,0.000000,0,0.000000,0
guadalupe,11,6,0.000651,0.000000,0,0.000000,0
guadalupe,11,7,0.000651,0.000000,0,0.000000,0
guadalupe,11,8,0.000651,0.000000,0,0.000000,0
guadalupe,12,1,0.000575,0.000000,0,0.000000,0
guadalupe,12,2,0.000575,0.000000,0,0.000000,0
guadalupe,12,3,0.000575,0.000000,0,0.000000,0
guadalupe,12,4,0.000575,0.000000,0,0.000000,0
guadalupe,12,5,0.000575,0.000000,0,0.000000,0
guadalupe,12,6,0.000575,0.000000,0,0.000000,0
guadalupe,12,7,0.000575,0.000000,0,0.000000,0
guadalupe,12,8,0.000575,0.000000,0,0.000000,0
guadalupe,13,1,0.000585,0.000000,0,0.000000,0
guadalupe,13,2,0.000585,0.000000,0,0.000000,0
guadalupe,13,3,0.000585,0.000000,0,0.000000,0
guadalupe,13,4,0.000585,0.000000,0,0.000000,0
guadalupe,13,5,0.000585,0.000000,0,0.000000,0
guadalupe,13,6,0.000585,0.000000,0,0.000000,0
guadalupe,13,7,0.000585,0.000000,0,0.000000,0
guadalupe,13,8,0.000585,0.000000,0,0.000000,0
guadalupe,14,1,0.000597,0.000000,0,0.000000,0
guadalupe,14,2,0.000597,0.000000,0,0.000000,0
guadalupe,14,3,0.000597,0.000000,0,0.000000,0
guadalupe,14,4,0.000597,0.000000,0,0.000000,0
guadalupe,14,5,0.000597,0.000000,0,0.000000,0
guadalupe,14,6,0.000597,0.000000,0,0.000000,0
guadalupe,14,7,0.000597,0.000000,0,0.000000,0
guadalupe,14,8,0.000597,0.000000,0,0.000000,0
guadalupe,15,1,0.000615,0.000000,0,0.000000,0
guadalupe,15,2,0.000615,0.000000,0,0.000000,0
guadalupe,15,3,0.000615,0.000000,0,0.000000,0
guadalupe,15,4,0.000615,0.000000,0,0.000000,0
guadalupe,15,5,0.000615,0.000000,0,0.000000,0
guadalupe,15,6,0.000615,0.000000,0,0.000000,0
guadalupe,15,7,0.000615,0.000000,0,0.000000,0
guadalupe,15,8,0.000615,0.000000,0,0.000000,0
hanoi,0,1,0.000596,0.000000,0,0.000000,0
hanoi,0,2,0.000596,0.000000,0,0.000000,0
hanoi,0,3,0.000596,0.000000,0,0.000000,0
hanoi,0,4,0.000596,0.000000,0,0.000000,0
hanoi,0,5,0.000596,0.000000,0,0.000000,0
hanoi,0,6,0.000596,0.000000,0,0.000000,0
hanoi,0,7,0.000596,0.000000,0,0.000000,0
hanoi,0,8,0.000596,0.000000,0,0.000000,0
hanoi,1,1,0.000604,0.000000,0,0.000000,0
hanoi,1,2,0.000604,0.000000,0,0.000000,0
hanoi,1,3,0.000604,0.000000,0,0.000000,0
hanoi,1,4,0.000604,0.000000,0,0.000000,0
hanoi,1,5,0.000604,0.000000,0,0.000000,0
hanoi,1,6,0.000604,0.000000,0,0.000000,0
hanoi,1,7,0.000604,0.000000,0,0.000000,0
hanoi,1,8,0.000604,0.000000,0,0.000000,0
hanoi,2,1,0.000589,0.000000,0,0.000000,0
hanoi,2,2,0.000589,0.000000,0,0.000000,0
hanoi,2,3,0.000589,0.000000,0,0.000000,0
hanoi,2,4,0.000589,0.000000,0,0.000000,0
hanoi,2,5,0.000589,0.000000,0,0.000000,0
hanoi,2,6,0.000589,0.000000,0,0.000000,0
hanoi,2,7,0.000589,0.000000,0,0.000000,0
hanoi,2,8,0.000589,0.000000,0,0.000000,0
hanoi,3,1,0.000602,0.000000,0,0.000000,0
hanoi,3,2,0.000602,0.000000,0,0.000000,0
hanoi,3,3,0.000602,0.000000,0,0.000000,0
hanoi,3,4,0.000602,0.000000,0,0.000000,0
hanoi,3,5,0.000602,0.000000,0,0.000000,0
hanoi,3,6,0.000602,0.000000,0,0.000000,0
hanoi,3,7,0.000602,0.000000,0,0.000000,0
hanoi,3,8,0.000602,0.000000,0,0.000000,0
hanoi,4,1,0.000583,0.000000,0,0.000000,0
hanoi,4,2,0.000583,0.000000,0,0.000000,0
hanoi,4,3,0.000583,0.000000,0,0.000000,0
hanoi,4,4,0.000583,0.000000,0,0.000000,0
hanoi,4,5,0.000583,0.000000,0,0.000000,0
hanoi,4,6,0.000583,0.000000,0,0.000000,0
hanoi,4,7,0.000583,0.000000,0,0.000000,0
hanoi,4,8,0.000583,0.000000,0,0.000000,0
hanoi,5,1,0.000592,0.000000,0,0.000000,0
hanoi,5,2,0.000592,0.000000,0,0.000000,0
hanoi,5,3,0.000592,0.000000,0,0.000000,0
hanoi,5,4,0.000592,0.000000,0,0.000000,0
hanoi,5,5,0.000592,0.000000,0,0.000000,0
hanoi,5,6,0.000592,0.000000,0,0.000000,0
hanoi,5,7,0.000592,0.000000,0,0.000000,0
hanoi,5,8,0.000592,0.000000,0,0.000000,0
hanoi,6,1,0.000600,0.000000,0,0.000000,0
hanoi,6,2,0.000600,0.000000,0,0.000000,0
hanoi,6,3,0.000600,0.000000,0,0.000000,0
hanoi,6,4,0.000600,0.000000,0,0.000000,0
hanoi,6,5,0.000600,0.000000,0,0.000000,0
hanoi,6,6,0.000600,0.000000,0,0.000000,0
hanoi,6,7,0.000600,0.000000,0,0.000000,0
hanoi,6,8,0.000600,0.000000,0,0.000000,0
hanoi,7,1,0.000587,0.000000,0,0.000000,0
hanoi,7,2,0.000587,0.000000,0,0.000000,0
hanoi,7,3,0.000587,0.000000,0,0.000000,0
hanoi,7,4,0.000587,0.000000,0,0.000000,0
hanoi,7,5,0.000587,0.000000,0,0.000000,0
hanoi,7,6,0.000587,0.000000,0,0.000000,0
hanoi,7,7,0.000587,0.000000,0,0.000000,0
hanoi,7,8,0.000587,0.000000,0,0.000000,0
hanoi,8,1,0.000611,0.000000,0,0.000000,0
hanoi,8,2,0.000611,0.000000,0,0.000000,0
hanoi,8,3,0.000611,0.000000,0,0.000000,0
hanoi,8,4,0.000611,0.000000,0,0.000000,0
hanoi,8,5,0.000611,0.000000,0,0.000000,0
hanoi,8,6,0.000611,0.000000,0,0.000000,0
hanoi,8,7,0.000611,0.000000,0,0.000000,0
hanoi,8,8,0.000611,0.000000,0,0.000000,0
hanoi,9,1,0.000690,0.000000,0,0.000000,0
hanoi,9,2,0.000690,0.000000,0,0.000000,0
hanoi,9,3,0.000690,0.000000,0,0.000000,0
hanoi,9,4,0.000690,0.000000,0,0.000000,0
hanoi,9,5,0.000690,0.000000,0,0.000000,0
hanoi,9,6,0.000690,0.000000,0,0.000000,0
hanoi,9,7,0.000690,0.000000,0,0.000000,0
hanoi,9,8,0.000690,0.000000,0,0.000000,0
hanoi,10,1,0.001192,0.000000,0,0.000000,0
hanoi,10,2,0.001192,0.000000,0,0.000000,0
hanoi,10,3,0.001192,0.000000,0,0.000000,0
hanoi,10,4,0.001192,0.000000,0,0.000000,0
hanoi,10,5,0.001192,0.000000,0,0.000000,0
hanoi,10,6,0.001192,0.000000,0,0.000000,0
hanoi,10,7,0.001192,0.000000,0,0.000000,0
hanoi,10,8,0.001192,0.000000,0,0.000000,0
hanoi,11,1,0.000642,0.000000,0,0.000000,0
hanoi,11,2,0.000642,0.000000,0,0.000000,0
hanoi,11,3,0.000642,0.000000,0,0.000000,0
hanoi,11,4,0.000642,0.000000,0,0.000000,0
hanoi,11,5,0.000642,0.000000,0,0.000000,0
hanoi,11,6,0.000642,0.000000,0,0.000000,0
hanoi,11,7,0.000642,0.000000,0,0.000000,0
hanoi,11,8,0.000642,0.000000,0,0.000000,0
hanoi,12,1,0.000593,0.000000,0,0.000000,0
hanoi,12,2,0.000593,0.000000,0,0.000000,0
hanoi,12,3,0.000593,0.000000,0,0.000000,0
hanoi,12,4,0.000593,0.000000,0,0.000000,0
hanoi,12,5,0.000593,0.000000,0,0.000000,0
hanoi,12,6,0.000593,0.000000,0,0.000000,0
hanoi,12,7,0.000593,0.000000,0,0.000000,0
hanoi,12,8,0.000593,0.000000,0,0.000000,0
hanoi,13,1,0.000580,0.000000,0,0.000000,0
hanoi,13,2,0.000580,0.000000,0,0.000000,0
hanoi,13,3,0.000580,0.000000,0,0.000000,0
hanoi,13,4,0.000580,0.000000,0,0.000000,0
hanoi,13,5,0.000580,0.000000,0,0.000000,0
hanoi,13,6,0.000580,0.000000,0,0.000000,0
hanoi,13,7,0.000580,0.000000,0,0.000000,0
hanoi,13,8,0.000580,0.000000,0,0.000000,0
hanoi,14,1,0.000612,0.000000,0,0.000000,0
hanoi,14,2,0.000612,0.000000,0,0.000000,0
hanoi,14,3,0.000612,0.000000,0,0.000000,0
hanoi,14,4,0.000612,0.000000,0,0.000000,0
hanoi,14,5,0.000612,0.000000,0,0.000000,0
hanoi,14,6,0.000612,0.000000,0,0.000000,0
hanoi,14,7,0.000612,0.000000,0,0.000000,0
hanoi,14,8,0.000612,0.000000,0,0.000000,0
hanoi,15,1,0.000587,0.000000,0,0.000000,0
hanoi,15,2,0.000587,0.000000,0,0.000000,0
hanoi,15,3,0.000587,0.000000,0,0.000000,0
hanoi,15,4,0.000587,0.000000,0,0.000000,0
hanoi,15,5,0.000587,0.000000,0,0.000000,0
hanoi,15,6,0.000587,0.000000,0,0.000000,0
hanoi,15,7,0.000587,0.000000,0,0.000000,0
hanoi,15,8,0.000587,0.000000,0,0.000000,0
hanoi,16,1,0.000627,0.000000,0,0.000000,0
hanoi,16,2,0.000627,0.000000,0,0.000000,0
hanoi,16,3,0.000627,0.000000,0,0.000000,0
hanoi,16,4,0.000627,0.000000,0,0.000000,0
hanoi,16,5,0.000627,0.000000,0,0.000000,0
hanoi,16,6,0.000627,0.000000,0,0.000000,0
hanoi,16,7,0.000627,0.000000,0,0.000000,0
hanoi,16,8,0.000627,0.000000,0,0.000000,0
hanoi,17,1,0.000588,0.000000,0,0.000000,0
hanoi,17,2,0.000588,0.000000,0,0.000000,0
hanoi,17,3,0.000588,0.000000,0,0.000000,0
hanoi,17,4,0.000588,0.000000,0,0.000000,0
hanoi,17,5,0.000588,0.000000,0,0.000000,0
hanoi,17,6,0.000588,0.000000,0,0.000000,0
hanoi,17,7,0.000588,0.000000,0,0.000000,0
hanoi,17,8,0.000588,0.000000,0,0.000000,0
hanoi,18,1,0.000613,0.000000,0,0.000000,0
hanoi,18,2,0.000613,0.000000,0,0.000000,0
hanoi,18,3,0.000613,0.000000,0,0.000000,0
hanoi,18,4,0.000613,0.000000,0,0.000000,0
hanoi,18,5,0.000613,0.000000,0,0.000000,0
hanoi,18,6,0.000613,0.000000,0,0.000000,0
hanoi,18,7,0.000613,0.000000,0,0.000000,0
hanoi,18,8,0.000613,0.000000,0,0.000000,0
hanoi,19,1,0.000590,0.000000,0,0.000000,0
hanoi,19,2,0.000590,0.000000,0,0.000000,0
hanoi,19,3,0.000590,0.000000,0,0.000000,0
hanoi,19,4,0.000590,0.000000,0,0.000000,0
hanoi,19,5,0.000590,0.000000,0,0.000000,0
hanoi,19,6,0.000590,0.000000,0,0.000000,0
hanoi,19,7,0.000590,0.000000,0,0.000000,0
hanoi,19,8,0.000590,0.000000,0,0.000000,0
hanoi,20,1,0.000594,0.000000,0,0.000000,0
hanoi,20,2,0.000594,0.000000,0,0.000000,0
hanoi,20,3,0.000594,0.000000,0,0.000000,0
hanoi,20,4,0.000594,0.000000,0,0.000000,0
hanoi,20,5,0.000594,0.000000,0,0.000000,0
hanoi,20,6,0.000594,0.000000,0,0.000000,0
hanoi,20,7,0.000594,0.000000,0,0.000000,0
hanoi,20,8,0.000594,0.000000,0,0.000000,0
hanoi,21,1,0.000583,0.000000,0,0.000000,0
hanoi,21,2,0.000583,0.000000,0,0.000000,0
hanoi,21,3,0.000583,0.000000,0,0.000000,0
hanoi,21,4,0.000583,0.000000,0,0.000000,0
hanoi,21,5,0.000583,0.000000,0,0.000000,0
hanoi,21,6,0.000583,0.000000,0,0.000000,0
hanoi,21,7,0.000583,0.000000,0,0.000000,0
hanoi,21,8,0.000583,0.000000,0,0.000000,0
hanoi,22,1,0.000597,0.000000,0,0.000000,0
hanoi,22,2,0.000597,0.000000,0,0.000000,0
hanoi,22,3,0.000597,0.000000,0,0.000000,0
hanoi,22,4,0.000597,0.000000,0,0.000000,0
hanoi,22,5,0.000597,0.000000,0,0.000000,0
hanoi,22,6,0.000597,0.000000,0,0.000000,0
hanoi,22,7,0.000597,0.000000,0,0.000000,0
hanoi,22,8,0.000597,0.000000,0,0.000000,0
hanoi,23,1,0.000580,0.000000,0,0.000000,0
hanoi,23,2,0.000580,0.000000,0,0.000000,0
hanoi,23,3,0.000580,0.000000,0,0.000000,0
hanoi,23,4,0.000580,0.000000,0,0.000000,0
hanoi,23,5,0.000580,0.000000,0,0.000000,0
hanoi,23,6,0.000580,0.000000,0,0.000000,0
hanoi,23,7,0.000580,0.000000,0,0.000000,0
hanoi,23,8,0.000580,0.000000,0,0.000000,0
hanoi,24,1,0.000595,0.000000,0,0.000000,0
hanoi,24,2,0.000595,0.000000,0,0.000000,0
hanoi,24,3,0.000595,0.000000,0,0.000000,0
hanoi,24,4,0.000595,0.000000,0,0.000000,0
hanoi,24,5,0.000595,0.000000,0,0.000000,0
hanoi,24,6,0.000595,0.000000,0,0.000000,0
hanoi,24,7,0.000595,0.000000,0,0.000000,0
hanoi,24,8,0.000595,0.000000,0,0.000000,0
hanoi,25,1,0.000611,0.000000,0,0.000000,0
hanoi,25,2,0.000611,0.000000,0,0.000000,0
hanoi,25,3,0.000611,0.000000,0,0.000000,0
hanoi,25,4,0.000611,0.000000,0,0.000000,0
hanoi,25,5,0.000611,0.000000,0,0.000000,0
hanoi,25,6,0.000611,0.000000,0,0.000000,0
hanoi,25,7,0.000611,0.000000,0,0.000000,0
hanoi,25,8,0.000611,0.000000,0,0.000000,0
hanoi,26,1,0.000591,0.000000,0,0.000000,0
hanoi,26,2,0.000591,0.000000,0,0.000000,0
hanoi,26,3,0.000591,0.000000,0,0.000000,0
hanoi,26,4,0.000591,0.000000,0,0.000000,0
hanoi,26,5,0.000591,0.000000,0,0.000000,0
hanoi,26,6,0.000591,0.000000,0,0.000000,0
hanoi,26,7,0.000591,0.000000,0,0.000000,0
hanoi,26,8,0.000591,0.000000,0,0.000000,0
jakarta,0,1,0.000595,0.000000,0,0.000000,0
jakarta,0,2,0.000595,0.000000,0,0.000000,0
jakarta,0,3,0.000595,0.000000,0,0.000000,0
jakarta,0,4,0.000595,0.000000,0,0.000000,0
jakarta,0,5,0.000595,0.000000,0,0.000000,0
jakarta,0,6,0.000595,0.000000,0,0.000000,0
jakarta,0,7,0.000595,0.000000,0,0.000000,0
jakarta,0,8,0.000595,0.000000,0,0.000000,0
jakarta,1,1,0.000564,0.000000,0,0.000000,0
jakarta,1,2,0.000564,0.000000,0,0.000000,0
jakarta,1,3,0.000564,0.000000,0,0.000000,0
jakarta,1,4,0.000564,0.000000,0,0.000000,0
jakarta,1,5,0.000564,0.000000,0,0.000000,0
jakarta,1,6,0.000564,0.000000,0,0.000000,0
jakarta,1,7,0.000564,0.000000,0,0.000000,0
jakarta,1,8,0.000564,0.000000,0,0.000000,0
jakarta,2,1,0.000561,0.000000,0,0.000000,0
jakarta,2,2,0.000561,0.000000,0,0.000000,0
jakarta,2,3,0.000561,0.000000,0,0.000000,0
jakarta,2,4,0.000561,0.000000,0,0.000000,0
jakarta,2,5,0.000561,0.000000,0,0.000000,0
jakarta,2,6,0.000561,0.000000,0,0.000000,0
jakarta,2,7,0.000561,0.000000,0,0.000000,0
jakarta,2,8,0.000561,0.000000,0,0.000000,0
jakarta,3,1,0.000564,0.000000,0,0.000000,0
jakarta,3,2,0.000564,0.000000,0,0.000000,0
jakarta,3,3,0.000564,0.000000,0,0.000000,0
jakarta,3,4,0.000564,0.000000,0,0.000000,0
jakarta,3,5,0.000564,0.000000,0,0.000000,0
jakarta,3,6,0.000564,0.000000,0,0.000000,0
jakarta,3,7,0.000564,0.000000,0,0.000000,0
jakarta,3,8,0.000564,0.000000,0,0.000000,0
jakarta,4,1,0.000576,0.000000,0,0.000000,0
jakarta,4,2,0.000576,0.000000,0,0.000000,0
jakarta,4,3,0.000576,0.000000,0,0.000000,0
jakarta,4,4,0.000576,0.000000,0,0.000000,0
jakarta,4,5,0.000576,0.000000,0,0.000000,0
jakarta,4,6,0.000576,0.000000,0,0.000000,0
jakarta,4,7,0.000576,0.000000,0,0.000000,0
jakarta,4,8,0.000576,0.000000,0,0.000000,0
jakarta,5,1,0.000602,0.000000,0,0.000000,0
jakarta,5,2,0.000602,0.000000,0,0.000000,0
jakarta,5,3,0.000602,0.000000,0,0.000000,0
jakarta,5,4,0.000602,0.000000,0,0.000000,0
jakarta,5,5,0.000602,0.000000,0,0.000000,0
jakarta,5,6,0.000602,0.000000,0,0.000000,0
jakarta,5,7,0.000602,0.000000,0,0.000000,0
jakarta,5,8,0.000602,0.000000,0,0.000000,0
jakarta,6,1,0.000578,0.000000,0,0.000000,0
jakarta,6,2,0.000578,0.000000,0,0.000000,0
jakarta,6,3,0.000578,0.000000,0,0.000000,0
jakarta,6,4,0.000578,0.000000,0,0.000000,0
jakarta,6,5,0.000578,0.000000,0,0.000000,0
jakarta,6,6,0.000578,0.000000,0,0.000000,0
jakarta,6,7,0.000578,0.000000,0,0.000000,0
jakarta,6,8,0.000578,0.000000,0,0.000000,0
johannesburg,0,1,0.000883,0.000000,0,0.000000,0
johannesburg,0,2,0.000883,0.000000,0,0.000000,0
johannesburg,0,3,0.000883,0.000000,0,0.000000,0
johannesburg,0,4,0.000883,0.000000,0,0.000000,0
johannesburg,0,5,0.000883,0.000000,0,0.000000,0
johannesburg,0,6,0.000883,0.000000,0,0.000000,0
johannesburg,0,7,0.000883,0.000000,0,0.000000,0
johannesburg,0,8,0.000883,0.000000,0,0.000000,0
johannesburg,1,1,0.000597,0.000000,0,0.000000,0
johannesburg,1,2,0.000597,0.000000,0,0.000000,0
johannesburg,1,3,0.000597,0.000000,0,0.000000,0
johannesburg,1,4,0.000597,0.000000,0,0.000000,0
johannesburg,1,5,0.000597,0.000000,0,0.000000,0
johannesburg,1,6,0.000597,0.000000,0,0.000000,0
johannesburg,1,7,0.000597,0.000000,0,0.000000,0
johannesburg,1,8,0.000597,0.000000,0,0.000000,0
johannesburg,2,1,0.000603,0.000000,0,0.000000,0
johannesburg,2,2,0.000603,0.000000,0,0.000000,0
johannesburg,2,3,0.000603,0.000000,0,0.000000,0
johannesburg,2,4,0.000603,0.000000,0,0.000000,0
johannesburg,2,5,0.000603,0.000000,0,0.000000,0
johannesburg,2,6,0.000603,0.000000,0,0.000000,0
johannesburg,2,7,0.000603,0.000000,0,0.000000,0
johannesburg,2,8,0.000603,0.000000,0,0.000000,0
johannesburg,3,1,0.000606,0.000000,0,0.000000,0
johannesburg,3,2,0.000606,0.000000,0,0.000000,0
johannesburg,3,3,0.000606,0.000000,0,0.000000,0
johannesburg,3,4,0.000606,0.000000,0,0.000000,0
johannesburg,3,5,0.000606,0.000000,0,0.000000,0
johannesburg,3,6,0.000606,0.000000,0,0.000000,0
johannesburg,3,7,0.000606,0.000000,0,0.000000,0
johannesburg,3,8,0.000606,0.000000,0,0.000000,0
johannesburg,4,1,0.000619,0.000000,0,0.000000,0
johannesburg,4,2,0.000619,0.000000,0,0.000000,0
johannesburg,4,3,0.000619,0.000000,0,0.000000,0
johannesburg,4,4,0.000619,0.000000,0,0.000000,0
johannesburg,4,5,0.000619,0.000000,0,0.000000,0
johannesburg,4,6,0.000619,0.000000,0,0.000000,0
johannesburg,4,7,0.000619,0.000000,0,0.000000,0
johannesburg,4,8,0.000619,0.000000,0,0.000000,0
johannesburg,5,1,0.000593,0.000000,0,0.000000,0
johannesburg,5,2,0.000593,0.000000,0,0.000000,0
johannesburg,5,3,0.000593,0.000000,0,0.000000,0
johannesburg,5,4,0.000593,0.000000,0,0.000000,0
johannesburg,5,5,0.000593,0.000000,0,0.000000,0
johannesburg,5,6,0.000593,0.000000,0,0.000000,0
johannesburg,5,7,0.000593,0.000000,0,0.000000,0
johannesburg,5,8,0.000593,0.000000,0,0.000000,0
johannesburg,6,1,0.000642,0.000000,0,0.000000,0
johannesburg,6,2,0.000642,0.000000,0,0.000000,0
johannesburg,6,3,0.000642,0.000000,0,0.000000,0
johannesburg,6,4,0.000642,0.000000,0,0.000000,0
johannesburg,6,5,0.000642,0.000000,0,0.000000,0
johannesburg,6,6,0.000642,0.000000,0,0.000000,0
johannesburg,6,7,0.000642,0.000000,0,0.000000,0
johannesburg,6,8,0.000642,0.000000,0,0.000000,0
johannesburg,7,1,0.000646,0.000000,0,0.000000,0
johannesburg,7,2,0.000646,0.000000,0,0.000000,0
johannesburg,7,3,0.000646,0.000000,0,0.000000,0
johannesburg,7,4,0.000646,0.000000,0,0.000000,0
johannesburg,7,5,0.000646,0.000000,0,0.000000,0
johannesburg,7,6,0.000646,0.000000,0,0.000000,0
johannesburg,7,7,0.000646,0.000000,0,0.000000,0
johannesburg,7,8,0.000646,0.000000,0,0.000000,0
johannesburg,8,1,0.000596,0.000000,0,0.000000,0
johannesburg,8,2,0.000596,0.000000,0,0.000000,0
johannesburg,8,3,0.000596,0.000000,0,0.000000,0
johannesburg,8,4,0.000596,0.000000,0,0.000000,0
johannesburg,8,5,0.000596,0.000000,0,0.000000,0
johannesburg,8,6,0.000596,0.000000,0,0.000000,0
johannesburg,8,7,0.000596,0.000000,0,0.000000,0
johannesburg,8,8,0.000596,0.000000,0,0.000000,0
johannesburg,9,1,0.000648,0.000000,0,0.000000,0
johannesburg,9,2,0.000648,0.000000,0,0.000000,0
johannesburg,9,3,0.000648,0.000000,0,0.000000,0
johannesburg,9,4,0.000648,0.000000,0,0.000000,0
johannesburg,9,5,0.000648,0.000000,0,0.000000,0
johannesburg,9,6,0.000648,0.000000,0,0.000000,0
johannesburg,9,7,0.000648,0.000000,0,0.000000,0
johannesburg,9,8,0.000648,0.000000,0,0.000000,0
johannesburg,10,1,0.000602,0.000000,0,0.000000,0
johannesburg,10,2,0.000602,0.000000,0,0.000000,0
johannesburg,10,3,0.000602,0.000000,0,0.000000,0
johannesburg,10,4,0.000602,0.000000,0,0.000000,0
johannesburg,10,5,0.000602,0.000000,0,0.000000,0
johannesburg,10,6,0.000602,0.000000,0,0.000000,0
johannesburg,10,7,0.000602,0.000000,0,0.000000,0
johannesburg,10,8,0.000602,0.000000,0,0.000000,0
johannesburg,11,1,0.000601,0.000000,0,0.000000,0
johannesburg,11,2,0.000601,0.000000,0,0.000000,0
johannesburg,11,3,0.000601,0.000000,0,0.000000,0
johannesburg,11,4,0.000601,0.000000,0,0.000000,0
johannesburg,11,5,0.000601,0.000000,0,0.000000,0
johannesburg,11,6,0.000601,0.000000,0,0.000000,0
johannesburg,11,7,0.000601,0.000000,0,0.000000,0
johannesburg,11,8,0.000601,0.000000,0,0.000000,0
johannesburg,12,1,0.000614,0.000000,0,0.000000,0
johannesburg,12,2,0.000614,0.000000,0,0.000000,0
johannesburg,12,3,0.000614,0.000000,0,0.000000,0
johannesburg,12,4,0.000614,0.000000,0,0.000000,0
johannesburg,12,5,0.000614,0.000000,0,0.000000,0
johannesburg,12,6,0.000614,0.000000,0,0.000000,0
johannesburg,12,7,0.000614,0.000000,0,0.000000,0
johannesburg,12,8,0.000614,0.000000,0,0.000000,0
johannesburg,13,1,0.000596,0.000000,0,0.000000,0
johannesburg,13,2,0.000596,0.000000,0,0.000000,0
johannesburg,13,3,0.000596,0.000000,0,0.000000,0
johannesburg,13,4,0.000596,0.000000,0,0.000000,0
johannesburg,13,5,0.000596,0.000000,0,0.000000,0
johannesburg,13,6,0.000596,0.000000,0,0.000000,0
johannesburg,13,7,0.000596,0.000000,0,0.000000,0
johannesburg,13,8,0.000596,0.000000,0,0.000000,0
johannesburg,14,1,0.000611,0.000000,0,0.000000,0
johannesburg,14,2,0.000611,0.000000,0,0.000000,0
johannesburg,14,3,0.000611,0.000000,0,0.000000,0
johannesburg,14,4,0.000611,0.000000,0,0.000000,0
johannesburg,14,5,0.000611,0.000000,0,0.000000,0
johannesburg,14,6,0.000611,0.000000,0,0.000000,0
johannesburg,14,7,0.000611,0.000000,0,0.000000,0
johannesburg,14,8,0.000611,0.000000,0,0.000000,0
johannesburg,15,1,0.000597,0.000000,0,0.000000,0
johannesburg,15,2,0.000597,0.000000,0,0.000000,0
johannesburg,15,3,0.000597,0.000000,0,0.000000,0
johannesburg,15,4,0.000597,0.000000,0,0.000000,0
johannesburg,15,5,0.000597,0.000000,0,0.000000,0
johannesburg,15,6,0.000597,0.000000,0,0.000000,0
johannesburg,15,7,0.000597,0.000000,0,0.000000,0
johannesburg,15,8,0.000597,0.000000,0,0.000000,0
johannesburg,16,1,0.000621,0.000000,0,0.000000,0
johannesburg,16,2,0.000621,0.000000,0,0.000000,0
johannesburg,16,3,0.000621,0.000000,0,0.000000,0
johannesburg,16,4,0.000621,0.000000,0,0.000000,0
johannesburg,16,5,0.000621,0.000000,0,0.000000,0
johannesburg,16,6,0.000621,0.000000,0,0.000000,0
johannesburg,16,7,0.000621,0.000000,0,0.000000,0
johannesburg,16,8,0.000621,0.000000,0,0.000000,0
johannesburg,17,1,0.000612,0.000000,0,0.000000,0
johannesburg,17,2,0.000612,0.000000,0,0.000000,0
johannesburg,17,3,0.000612,0.000000,0,0.000000,0
johannesburg,17,4,0.000612,0.000000,0,0.000000,0
johannesburg,17,5,0.000612,0.000000,0,0.000000,0
johannesburg,17,6,0.000612,0.000000,0,0.000000,0
johannesburg,17,7,0.000612,0.000000,0,0.000000,0
johannesburg,17,8,0.000612,0.000000,0,0.000000,0
johannesburg,18,1,0.000608,0.000000,0,0.000000,0
johannesburg,18,2,0.000608,0.000000,0,0.000000,0
johannesburg,18,3,0.000608,0.000000,0,0.000000,0
johannesburg,18,4,0.000608,0.000000,0,0.000000,0
johannesburg,18,5,0.000608,0.000000,0,0.000000,0
johannesburg,18,6,0.000608,0.000000,0,0.000000,0
johannesburg,18,7,0.000608,0.000000,0,0.000000,0
johannesburg,18,8,0.000608,0.000000,0,0.000000,0
johannesburg,19,1,0.000670,0.000000,0,0.000000,0
johannesburg,19,2,0.000670,0.000000,0,0.000000,0
johannesburg,19,3,0.000670,0.000000,0,0.000000,0
johannesburg,19,4,0.000670,0.000000,0,0.000000,0
johannesburg,19,5,0.000670,0.000000,0,0.000000,0
johannesburg,19,6,0.000670,0.000000,0,0.000000,0
johannesburg,19,7,0.000670,0.000000,0,0.000000,0
johannesburg,19,8,0.000670,0.000000,0,0.000000,0
kawasaki,0,1,0.000657,0.000000,0,0.000000,0
kawasaki,0,2,0.000657,0.000000,0,0.000000,0
kawasaki,0,3,0.000657,0.000000,0,0.000000,0
kawasaki,0,4,0.000657,0.000000,0,0.000000,0
kawasaki,0,5,0.000657,0.000000,0,0.000000,0
kawasaki,0,6,0.000657,0.000000,0,0.000000,0
kawasaki,0,7,0.000657,0.000000,0,0.000000,0
kawasaki,0,8,0.000657,0.000000,0,0.000000,0
kawasaki,1,1,0.000682,0.000000,0,0.000000,0
kawasaki,1,2,0.000682,0.000000,0,0.000000,0
kawasaki,1,3,0.000682,0.000000,0,0.000000,0
kawasaki,1,4,0.000682,0.000000,0,0.000000,0
kawasaki,1,5,0.000682,0.000000,0,0.000000,0
kawasaki,1,6,0.000682,0.000000,0,0.000000,0
kawasaki,1,7,0.000682,0.000000,0,0.000000,0
kawasaki,1,8,0.000682,0.000000,0,0.000000,0
kawasaki,2,1,0.000662,0.000000,0,0.000000,0
kawasaki,2,2,0.000662,0.000000,0,0.000000,0
kawasaki,2,3,0.000662,0.000000,0,0.000000,0
kawasaki,2,4,0.000662,0.000000,0,0.000000,0
kawasaki,2,5,0.000662,0.000000,0,0.000000,0
kawasaki,2,6,0.000662,0.000000,0,0.000000,0
kawasaki,2,7,0.000662,0.000000,0,0.000000,0
kawasaki,2,8,0.000662,0.000000,0,0.000000,0
kawasaki,3,1,0.000644,0.000000,0,0.000000,0
kawasaki,3,2,0.000644,0.000000,0,0.000000,0
kawasaki,3,3,0.000644,0.000000,0,0.000000,0
kawasaki,3,4,0.000644,0.000000,0,0.000000,0
kawasaki,3,5,0.000644,0.000000,0,0.000000,0
kawasaki,3,6,0.000644,0.000000,0,0.000000,0
kawasaki,3,7,0.000644,0.000000,0,0.000000,0
kawasaki,3,8,0.000644,0.000000,0,0.000000,0
kawasaki,4,1,0.000652,0.000000,0,0.000000,0
kawasaki,4,2,0.000652,0.000000,0,0.000000,0
kawasaki,4,3,0.000652,0.000000,0,0.000000,0
kawasaki,4,4,0.000652,0.000000,0,0.000000,0
kawasaki,4,5,0.000652,0.000000,0,0.000000,0
kawasaki,4,6,0.000652,0.000000,0,0.000000,0
kawasaki,4,7,0.000652,0.000000,0,0.000000,0
kawasaki,4,8,0.000652,0.000000,0,0.000000,0
kawasaki,5,1,0.000652,0.000000,0,0.000000,0
kawasaki,5,2,0.000652,0.000000,0,0.000000,0
kawasaki,5,3,0.000652,0.000000,0,0.000000,0
kawasaki,5,4,0.000652,0.000000,0,0.000000,0
kawasaki,5,5,0.000652,0.000000,0,0.000000,0
kawasaki,5,6,0.000652,0.000000,0,0.000000,0
kawasaki,5,7,0.000652,0.000000,0,0.000000,0
kawasaki,5,8,0.000652,0.000000,0,0.000000,0
kawasaki,6,1,0.000657,0.000000,0,0.000000,0
kawasaki,6,2,0.000657,0.000000,0,0.000000,0
kawasaki,6,3,0.000657,0.000000,0,0.000000,0
kawasaki,6,4,0.000657,0.000000,0,0.000000,0
kawasaki,6,5,0.000657,0.000000,0,0.000000,0
kawasaki,6,6,0.000657,0.000000,0,0.000000,0
kawasaki,6,7,0.000657,0.000000,0,0.000000,0
kawasaki,6,8,0.000657,0.000000,0,0.000000,0
kawasaki,7,1,0.000650,0.000000,0,0.000000,0
kawasaki,7,2,0.000650,0.000000,0,0.000000,0
kawasaki,7,3,0.000650,0.000000,0,0.000000,0
kawasaki,7,4,0.000650,0.000000,0,0.000000,0
kawasaki,7,5,0.000650,0.000000,0,0.000000,0
kawasaki,7,6,0.000650,0.000000,0,0.000000,0
kawasaki,7,7,0.000650,0.000000,0,0.000000,0
kawasaki,7,8,0.000650,0.000000,0,0.000000,0
kawasaki,8,1,0.000653,0.000000,0,0.000000,0
kawasaki,8,2,0.000653,0.000000,0,0.000000,0
kawasaki,8,3,0.000653,0.000000,0,0.000000,0
kawasaki,8,4,0.000653,0.000000,0,0.000000,0
kawasaki,8,5,0.000653,0.000000,0,0.000000,0
kawasaki,8,6,0.000653,0.000000,0,0.000000,0
kawasaki,8,7,0.000653,0.000000,0,0.000000,0
kawasaki,8,8,0.000653,0.000000,0,0.000000,0
kawasaki,9,1,0.000684,0.000000,0,0.000000,0
kawasaki,9,2,0.000684,0.000000,0,0.000000,0
kawasaki,9,3,0.000684,0.000000,0,0.000000,0
kawasaki,9,4,0.000684,0.000000,0,0.000000,0
kawasaki,9,5,0.000684,0.000000,0,0.000000,0
kawasaki,9,6,0.000684,0.000000,0,0.000000,0
kawasaki,9,7,0.000684,0.000000,0,0.000000,0
kawasaki,9,8,0.000684,0.000000,0,0.000000,0
kawasaki,10,1,0.000694,0.000000,0,0.000000,0
kawasaki,10,2,0.000694,0.000000,0,0.000000,0
kawasaki,10,3,0.000694,0.000000,0,0.000000,0
kawasaki,10,4,0.000694,0.000000,0,0.000000,0
kawasaki,10,5,0.000694,0.000000,0,0.000000,0
kawasaki,10,6,0.000694,0.000000,0,0.000000,0
kawasaki,10,7,0.000694,0.000000,0,0.000000,0
kawasaki,10,8,0.000694,0.000000,0,0.000000,0
kawasaki,11,1,0.000662,0.000000,0,0.000000,0
kawasaki,11,2,0.000662,0.000000,0,0.000000,0
kawasaki,11,3,0.000662,0.000000,0,0.000000,0
kawasaki,11,4,0.000662,0.000000,0,0.000000,0
kawasaki,11,5,0.000662,0.000000,0,0.000000,0
kawasaki,11,6,0.000662,0.000000,0,0.000000,0
kawasaki,11,7,0.000662,0.000000,0,0.000000,0
kawasaki,11,8,0.000662,0.000000,0,0.000000,0
kawasaki,12,1,0.000686,0.000000,0,0.000000,0
kawasaki,12,2,0.000686,0.000000,0,0.000000,0
kawasaki,12,3,0.000686,0.000000,0,0.000000,0
kawasaki,12,4,0.000686,0.000000,0,0.000000,0
kawasaki,12,5,0.000686,0.000000,0,0.000000,0
kawasaki,12,6,0.000686,0.000000,0,0.000000,0
kawasaki,12,7,0.000686,0.000000,0,0.000000,0
kawasaki,12,8,0.000686,0.000000,0,0.000000,0
kawasaki,13,1,0.000677,0.000000,0,0.000000,0
kawasaki,13,2,0.000677,0.000000,0,0.000000,0
kawasaki,13,3,0.000677,0.000000,0,0.000000,0
kawasaki,13,4,0.000677,0.000000,0,0.000000,0
kawasaki,13,5,0.000677,0.000000,0,0.000000,0
kawasaki,13,6,0.000677,0.000000,0,0.000000,0
kawasaki,13,7,0.000677,0.000000,0,0.000000,0
kawasaki,13,8,0.000677,0.000000,0,0.000000,0
kawasaki,14,1,0.000681,0.000000,0,0.000000,0
kawasaki,14,2,0.000681,0.000000,0,0.000000,0
kawasaki,14,3,0.000681,0.000000,0,0.000000,0
kawasaki,14,4,0.000681,0.000000,0,0.000000,0
kawasaki,14,5,0.000681,0.000000,0,0.000000,0
kawasaki,14,6,0.000681,0.000000,0,0.000000,0
kawasaki,14,7,0.000681,0.000000,0,0.000000,0
kawasaki,14,8,0.000681,0.000000,0,0.000000,0
kawasaki,15,1,0.000660,0.000000,0,0.000000,0
kawasaki,15,2,0.000660,0.000000,0,0.000000,0
kawasaki,15,3,0.000660,0.000000,0,0.000000,0
kawasaki,15,4,0.000660,0.000000,0,0.000000,0
kawasaki,15,5,0.000660,0.000000,0,0.000000,0
kawasaki,15,6,0.000660,0.000000,0,0.000000,0
kawasaki,15,7,0.000660,0.000000,0,0.000000,0
kawasaki,15,8,0.000660,0.000000,0,0.000000,0
kawasaki,16,1,0.000662,0.000000,0,0.000000,0
kawasaki,16,2,0.000662,0.000000,0,0.000000,0
kawasaki,16,3,0.000662,0.000000,0,0.000000,0
kawasaki,16,4,0.000662,0.000000,0,0.000000,0
kawasaki,16,5,0.000662,0.000000,0,0.000000,0
kawasaki,16,6,0.000662,0.000000,0,0.000000,0
kawasaki,16,7,0.000662,0.000000,0,0.000000,0
kawasaki,16,8,0.000662,0.000000,0,0.000000,0
kawasaki,17,1,0.000688,0.000000,0,0.000000,0
kawasaki,17,2,0.000688,0.000000,0,0.000000,0
kawasaki,17,3,0.000688,0.000000,0,0.000000,0
kawasaki,17,4,0.000688,0.000000,0,0.000000,0
kawasaki,17,5,0.000688,0.000000,0,0.000000,0
kawasaki,17,6,0.000688,0.000000,0,0.000000,0
kawasaki,17,7,0.000688,0.000000,0,0.000000,0
kawasaki,17,8,0.000688,0.000000,0,0.000000,0
kawasaki,18,1,0.000690,0.000000,0,0.000000,0
kawasaki,18,2,0.000690,0.000000,0,0.000000,0
kawasaki,18,3,0.000690,0.000000,0,0.000000,0
kawasaki,18,4,0.000690,0.000000,0,0.000000,0
kawasaki,18,5,0.000690,0.000000,0,0.000000,0
kawasaki,18,6,0.000690,0.000000,0,0.000000,0
kawasaki,18,7,0.000690,0.000000,0,0.000000,0
kawasaki,18,8,0.000690,0.000000,0,0.000000,0
kawasaki,19,1,0.000680,0.000000,0,0.000000,0
kawasaki,19,2,0.000680,0.000000,0,0.000000,0
kawasaki,19,3,0.000680,0.000000,0,0.000000,0
kawasaki,19,4,0.000680,0.000000,0,0.000000,0
kawasaki,19,5,0.000680,0.000000,0,0.000000,0
kawasaki,19,6,0.000680,0.000000,0,0.000000,0
kawasaki,19,7,0.000680,0.000000,0,0.000000,0
kawasaki,19,8,0.000680,0.000000,0,0.000000,0
kawasaki,20,1,0.000643,0.000000,0,0.000000,0
kawasaki,20,2,0.000643,0.000000,0,0.000000,0
kawasaki,20,3,0.000643,0.000000,0,0.000000,0
kawasaki,20,4,0.000643,0.000000,0,0.000000,0
kawasaki,20,5,0.000643,0.000000,0,0.000000,0
kawasaki,20,6,0.000643,0.000000,0,0.000000,0
kawasaki,20,7,0.000643,0.000000,0,0.000000,0
kawasaki,20,8,0.000643,0.000000,0,0.000000,0
kawasaki,21,1,0.000636,0.000000,0,0.000000,0
kawasaki,21,2,0.000636,0.000000,0,0.000000,0
kawasaki,21,3,0.000636,0.000000,0,0.000000,0
kawasaki,21,4,0.000636,0.000000,0,0.000000,0
kawasaki,21,5,0.000636,0.000000,0,0.000000,0
kawasaki,21,6,0.000636,0.000000,0,0.000000,0
kawasaki,21,7,0.000636,0.000000,0,0.000000,0
kawasaki,21,8,0.000636,0.000000,0,0.000000,0
kawasaki,22,1,0.000750,0.000000,0,0.000000,0
kawasaki,22,2,0.000750,0.000000,0,0.000000,0
kawasaki,22,3,0.000750,0.000000,0,0.000000,0
kawasaki,22,4,0.000750,0.000000,0,0.000000,0
kawasaki,22,5,0.000750,0.000000,0,0.000000,0
kawasaki,22,6,0.000750,0.000000,0,0.000000,0
kawasaki,22,7,0.000750,0.000000,0,0.000000,0
kawasaki,22,8,0.000750,0.000000,0,0.000000,0
kawasaki,23,1,0.000671,0.000000,0,0.000000,0
kawasaki,23,2,0.000671,0.000000,0,0.000000,0
kawasaki,23,3,0.000671,0.000000,0,0.000000,0
kawasaki,23,4,0.000671,0.000000,0,0.000000,0
kawasaki,23,5,0.000671,0.000000,0,0.000000,0
kawasaki,23,6,0.000671,0.000000,0,0.000000,0
kawasaki,23,7,0.000671,0.000000,0,0.000000,0
kawasaki,23,8,0.000671,0.000000,0,0.000000,0
kawasaki,24,1,0.000684,0.000000,0,0.000000,0
kawasaki,24,2,0.000684,0.000000,0,0.000000,0
kawasaki,24,3,0.000684,0.000000,0,0.000000,0
kawasaki,24,4,0.000684,0.000000,0,0.000000,0
kawasaki,24,5,0.000684,0.000000,0,0.000000,0
kawasaki,24,6,0.000684,0.000000,0,0.000000,0
kawasaki,24,7,0.000684,0.000000,0,0.000000,0
kawasaki,24,8,0.000684,0.000000,0,0.000000,0
kawasaki,25,1,0.000669,0.000000,0,0.000000,0
kawasaki,25,2,0.000669,0.000000,0,0.000000,0
kawasaki,25,3,0.000669,0.000000,0,0.000000,0
kawasaki,25,4,0.000669,0.000000,0,0.000000,0
kawasaki,25,5,0.000669,0.000000,0,0.000000,0
kawasaki,25,6,0.000669,0.000000,0,0.000000,0
kawasaki,25,7,0.000669,0.000000,0,0.000000,0
kawasaki,25,8,0.000669,0.000000,0,0.000000,0
kawasaki,26,1,0.000652,0.000000,0,0.000000,0
kawasaki,26,2,0.000652,0.000000,0,0.000000,0
kawasaki,26,3,0.000652,0.000000,0,0.000000,0
kawasaki,26,4,0.000652,0.000000,0,0.000000,0
kawasaki,26,5,0.000652,0.000000,0,0.000000,0
kawasaki,26,6,0.000652,0.000000,0,0.000000,0
kawasaki,26,7,0.000652,0.000000,0,0.000000,0
kawasaki,26,8,0.000652,0.000000,0,0.000000,0
kawasaki,27,1,0.000657,0.000000,0,0.000000,0
kawasaki,27,2,0.000657,0.000000,0,0.000000,0
kawasaki,27,3,0.000657,0.000000,0,0.000000,0
kawasaki,27,4,0.000657,0.000000,0,0.000000,0
kawasaki,27,5,0.000657,0.000000,0,0.000000,0
kawasaki,27,6,0.000657,0.000000,0,0.000000,0
kawasaki,27,7,0.000657,0.000000,0,0.000000,0
kawasaki,27,8,0.000657,0.000000,0,0.000000,0
kawasaki,28,1,0.000676,0.000000,0,0.000000,0
kawasaki,28,2,0.000676,0.000000,0,0.000000,0
kawasaki,28,3,0.000676,0.000000,0,0.000000,0
kawasaki,28,4,0.000676,0.000000,0,0.000000,0
kawasaki,28,5,0.000676,0.000000,0,0.000000,0
kawasaki,28,6,0.000676,0.000000,0,0.000000,0
kawasaki,28,7,0.000676,0.000000,0,0.000000,0
kawasaki,28,8,0.000676,0.000000,0,0.000000,0
kawasaki,29,1,0.000672,0.000000,0,0.000000,0
kawasaki,29,2,0.000672,0.000000,0,0.000000,0
kawasaki,29,3,0.000672,0.000000,0,0.000000,0
kawasaki,29,4,0.000672,0.000000,0,0.000000,0
kawasaki,29,5,0.000672,0.000000,0,0.000000,0
kawasaki,29,6,0.000672,0.000000,0,0.000000,0
kawasaki,29,7,0.000672,0.000000,0,0.000000,0
kawasaki,29,8,0.000672,0.000000,0,0.000000,0
kawasaki,30,1,0.000681,0.000000,0,0.000000,0
kawasaki,30,2,0.000681,0.000000,0,0.000000,0
kawasaki,30,3,0.000681,0.000000,0,0.000000,0
kawasaki,30,4,0.000681,0.000000,0,0.000000,0
kawasaki,30,5,0.000681,0.000000,0,0.000000,0
kawasaki,30,6,0.000681,0.000000,0,0.000000,0
kawasaki,30,7,0.000681,0.000000,0,0.000000,0
kawasaki,30,8,0.000681,0.000000,0,0.000000,0
kawasaki,31,1,0.000652,0.000000,0,0.000000,0
kawasaki,31,2,0.000652,0.000000,0,0.000000,0
kawasaki,31,3,0.000652,0.000000,0,0.000000,0
kawasaki,31,4,0.000652,0.000000,0,0.000000,0
kawasaki,31,5,0.000652,0.000000,0,0.000000,0
kawasaki,31,6,0.000652,0.000000,0,0.000000,0
kawasaki,31,7,0.000652,0.000000,0,0.000000,0
kawasaki,31,8,0.000652,0.000000,0,0.000000,0
kawasaki,32,1,0.000667,0.000000,0,0.000000,0
kawasaki,32,2,0.000667,0.000000,0,0.000000,0
kawasaki,32,3,0.000667,0.000000,0,0.000000,0
kawasaki,32,4,0.000667,0.000000,0,0.000000,0
kawasaki,32,5,0.000667,0.000000,0,0.000000,0
kawasaki,32,6,0.000667,0.000000,0,0.000000,0
kawasaki,32,7,0.000667,0.000000,0,0.000000,0
kawasaki,32,8,0.000667,0.000000,0,0.000000,0
kawasaki,33,1,0.000647,0.000000,0,0.000000,0
kawasaki,33,2,0.000647,0.000000,0,0.000000,0
kawasaki,33,3,0.000647,0.000000,0,0.000000,0
kawasaki,33,4,0.000647,0.000000,0,0.000000,0
kawasaki,33,5,0.000647,0.000000,0,0.000000,0
kawasaki,33,6,0.000647,0.000000,0,0.000000,0
kawasaki,33,7,0.000647,0.000000,0,0.000000,0
kawasaki,33,8,0.000647,0.000000,0,0.000000,0
kawasaki,34,1,0.000670,0.000000,0,0.000000,0
kawasaki,34,2,0.000670,0.000000,0,0.000000,0
kawasaki,34,3,0.000670,0.000000,0,0.000000,0
kawasaki,34,4,0.000670,0.000000,0,0.000000,0
kawasaki,34,5,0.000670,0.000000,0,0.000000,0
kawasaki,34,6,0.000670,0.000000,0,0.000000,0
kawasaki,34,7,0.000670,0.000000,0,0.000000,0
kawasaki,34,8,0.000670,0.000000,0,0.000000,0
kawasaki,35,1,0.000651,0.000000,0,0.000000,0
kawasaki,35,2,0.000651,0.000000,0,0.000000,0
kawasaki,35,3,0.000651,0.000000,0,0.000000,0
kawasaki,35,4,0.000651,0.000000,0,0.000000,0
kawasaki,35,5,0.000651,0.000000,0,0.000000,0
kawasaki,35,6,0.000651,0.000000,0,0.000000,0
kawasaki,35,7,0.000651,0.000000,0,0.000000,0
kawasaki,35,8,0.000651,0.000000,0,0.000000,0
kawasaki,36,1,0.000737,0.000000,0,0.000000,0
kawasaki,36,2,0.000737,0.000000,0,0.000000,0
kawasaki,36,3,0.000737,0.000000,0,0.000000,0
kawasaki,36,4,0.000737,0.000000,0,0.000000,0
kawasaki,36,5,0.000737,0.000000,0,0.000000,0
kawasaki,36,6,0.000737,0.000000,0,0.000000,0
kawasaki,36,7,0.000737,0.000000,0,0.000000,0
kawasaki,36,8,0.000737,0.000000,0,0.000000,0
kawasaki,37,1,0.000723,0.000000,0,0.000000,0
kawasaki,37,2,0.000723,0.000000,0,0.000000,0
kawasaki,37,3,0.000723,0.000000,0,0.000000,0
kawasaki,37,4,0.000723,0.000000,0,0.000000,0
kawasaki,37,5,0.000723,0.000000,0,0.000000,0
kawasaki,37,6,0.000723,0.000000,0,0.000000,0
kawasaki,37,7,0.000723,0.000000,0,0.000000,0
kawasaki,37,8,0.000723,0.000000,0,0.000000,0
kawasaki,38,1,0.000671,0.000000,0,0.000000,0
kawasaki,38,2,0.000671,0.000000,0,0.000000,0
kawasaki,38,3,0.000671,0.000000,0,0.000000,0
kawasaki,38,4,0.000671,0.000000,0,0.000000,0
kawasaki,38,5,0.000671,0.000000,0,0.000000,0
kawasaki,38,6,0.000671,0.000000,0,0.000000,0
kawasaki,38,7,0.000671,0.000000,0,0.000000,0
kawasaki,38,8,0.000671,0.000000,0,0.000000,0
kawasaki,39,1,0.000668,0.000000,0,0.000000,0
kawasaki,39,2,0.000668,0.000000,0,0.000000,0
kawasaki,39,3,0.000668,0.000000,0,0.000000,0
kawasaki,39,4,0.000668,0.000000,0,0.000000,0
kawasaki,39,5,0.000668,0.000000,0,0.000000,0
kawasaki,39,6,0.000668,0.000000,0,0.000000,0
kawasaki,39,7,0.000668,0.000000,0,0.000000,0
kawasaki,39,8,0.000668,0.000000,0,0.000000,0
kawasaki,40,1,0.000674,0.000000,0,0.000000,0
kawasaki,40,2,0.000674,0.000000,0,0.000000,0
kawasaki,40,3,0.000674,0.000000,0,0.000000,0
kawasaki,40,4,0.000674,0.000000,0,0.000000,0
kawasaki,40,5,0.000674,0.000000,0,0.000000,0
kawasaki,40,6,0.000674,0.000000,0,0.000000,0
kawasaki,40,7,0.000674,0.000000,0,0.000000,0
kawasaki,40,8,0.000674,0.000000,0,0.000000,0
kawasaki,41,1,0.000671,0.000000,0,0.000000,0
kawasaki,41,2,0.000671,0.000000,0,0.000000,0
kawasaki,41,3,0.000671,0.000000,0,0.000000,0
kawasaki,41,4,0.000671,0.000000,0,0.000000,0
kawasaki,41,5,0.000671,0.000000,0,0.000000,0
kawasaki,41,6,0.000671,0.000000,0,0.000000,0
kawasaki,41,7,0.000671,0.000000,0,0.000000,0
kawasaki,41,8,0.000671,0.000000,0,0.000000,0
kawasaki,42,1,0.000643,0.000000,0,0.000000,0
kawasaki,42,2,0.000643,0.000000,0,0.000000,0
kawasaki,42,3,0.000643,0.000000,0,0.000000,0
kawasaki,42,4,0.000643,0.000000,0,0.000000,0
kawasaki,42,5,0.000643,0.000000,0,0.000000,0
kawasaki,42,6,0.000643,0.000000,0,0.000000,0
kawasaki,42,7,0.000643,0.000000,0,0.000000,0
kawasaki,42,8,0.000643,0.000000,0,0.000000,0
kawasaki,43,1,0.000688,0.000000,0,0.000000,0
kawasaki,43,2,0.000688,0.000000,0,0.000000,0
kawasaki,43,3,0.000688,0.000000,0,0.000000,0
kawasaki,43,4,0.000688,0.000000,0,0.000000,0
kawasaki,43,5,0.000688,0.000000,0,0.000000,0
kawasaki,43,6,0.000688,0.000000,0,0.000000,0
kawasaki,43,7,0.000688,0.000000,0,0.000000,0
kawasaki,43,8,0.000688,0.000000,0,0.000000,0
kawasaki,44,1,0.000662,0.000000,0,0.000000,0
kawasaki,44,2,0.000662,0.000000,0,0.000000,0
kawasaki,44,3,0.000662,0.000000,0,0.000000,0
kawasaki,44,4,0.000662,0.000000,0,0.000000,0
kawasaki,44,5,0.000662,0.000000,0,0.000000,0
kawasaki,44,6,0.000662,0.000000,0,0.000000,0
kawasaki,44,7,0.000662,0.000000,0,0.000000,0
kawasaki,44,8,0.000662,0.000000,0,0.000000,0
kawasaki,45,1,0.000645,0.000000,0,0.000000,0
kawasaki,45,2,0.000645,0.000000,0,0.000000,0
kawasaki,45,3,0.000645,0.000000,0,0.000000,0
kawasaki,45,4,0.000645,0.000000,0,0.000000,0
kawasaki,45,5,0.000645,0.000000,0,0.000000,0
kawasaki,45,6,0.000645,0.000000,0,0.000000,0
kawasaki,45,7,0.000645,0.000000,0,0.000000,0
kawasaki,45,8,0.000645,0.000000,0,0.000000,0
kawasaki,46,1,0.000660,0.000000,0,0.000000,0
kawasaki,46,2,0.000660,0.000000,0,0.000000,0
kawasaki,46,3,0.000660,0.000000,0,0.000000,0
kawasaki,46,4,0.000660,0.000000,0,0.000000,0
kawasaki,46,5,0.000660,0.000000,0,0.000000,0
kawasaki,46,6,0.000660,0.000000,0,0.000000,0
kawasaki,46,7,0.000660,0.000000,0,0.000000,0
kawasaki,46,8,0.000660,0.000000,0,0.000000,0
kawasaki,47,1,0.000691,0.000000,0,0.000000,0
kawasaki,47,2,0.000691,0.000000,0,0.000000,0
kawasaki,47,3,0.000691,0.000000,0,0.000000,0
kawasaki,47,4,0.000691,0.000000,0,0.000000,0
kawasaki,47,5,0.000691,0.000000,0,0.000000,0
kawasaki,47,6,0.000691,0.000000,0,0.000000,0
kawasaki,47,7,0.000691,0.000000,0,0.000000,0
kawasaki,47,8,0.000691,0.000000,0,0.000000,0
kawasaki,48,1,0.000663,0.000000,0,0.000000,0
kawasaki,48,2,0.000663,0.000000,0,0.000000,0
kawasaki,48,3,0.000663,0.000000,0,0.000000,0
kawasaki,48,4,0.000663,0.000000,0,0.000000,0
kawasaki,48,5,0.000663,0.000000,0,0.000000,0
kawasaki,48,6,0.000663,0.000000,0,0.000000,0
kawasaki,48,7,0.000663,0.000000,0,0.000000,0
kawasaki,48,8,0.000663,0.000000,0,0.000000,0
kawasaki,49,1,0.000683,0.000000,0,0.000000,0
kawasaki,49,2,0.000683,0.000000,0,0.000000,0
kawasaki,49,3,0.000683,0.000000,0,0.000000,0
kawasaki,49,4,0.000683,0.000000,0,0.000000,0
kawasaki,49,5,0.000683,0.000000,0,0.000000,0
kawasaki,49,6,0.000683,0.000000,0,0.000000,0
kawasaki,49,7,0.000683,0.000000,0,0.000000,0
kawasaki,49,8,0.000683,0.000000,0,0.000000,0
kawasaki,50,1,0.000688,0.000000,0,0.000000,0
kawasaki,50,2,0.000688,0.000000,0,0.000000,0
kawasaki,50,3,0.000688,0.000000,0,0.000000,0
kawasaki,50,4,0.000688,0.000000,0,0.000000,0
kawasaki,50,5,0.000688,0.000000,0,0.000000,0
kawasaki,50,6,0.000688,0.000000,0,0.000000,0
kawasaki,50,7,0.000688,0.000000,0,0.000000,0
kawasaki,50,8,0.000688,0.000000,0,0.000000,0
kawasaki,51,1,0.000679,0.000000,0,0.000000,0
kawasaki,51,2,0.000679,0.000000,0,0.000000,0
kawasaki,51,3,0.000679,0.000000,0,0.000000,0
kawasaki,51,4,0.000679,0.000000,0,0.000000,0
kawasaki,51,5,0.000679,0.000000,0,0.000000,0
kawasaki,51,6,0.000679,0.000000,0,0.000000,0
kawasaki,51,7,0.000679,0.000000,0,0.000000,0
kawasaki,51,8,0.000679,0.000000,0,0.000000,0
kawasaki,52,1,0.000728,0.000000,0,0.000000,0
kawasaki,52,2,0.000728,0.000000,0,0.000000,0
kawasaki,52,3,0.000728,0.000000,0,0.000000,0
kawasaki,52,4,0.000728,0.000000,0,0.000000,0
kawasaki,52,5,0.000728,0.000000,0,0.000000,0
kawasaki,52,6,0.000728,0.000000,0,0.000000,0
kawasaki,52,7,0.000728,0.000000,0,0.000000,0
kawasaki,52,8,0.000728,0.000000,0,0.000000,0
kawasaki,53,1,0.000661,0.000000,0,0.000000,0
kawasaki,53,2,0.000661,0.000000,0,0.000000,0
kawasaki,53,3,0.000661,0.000000,0,0.000000,0
kawasaki,53,4,0.000661,0.000000,0,0.000000,0
kawasaki,53,5,0.000661,0.000000,0,0.000000,0
kawasaki,53,6,0.000661,0.000000,0,0.000000,0
kawasaki,53,7,0.000661,0.000000,0,0.000000,0
kawasaki,53,8,0.000661,0.000000,0,0.000000,0
kawasaki,54,1,0.000657,0.000000,0,0.000000,0
kawasaki,54,2,0.000657,0.000000,0,0.000000,0
kawasaki,54,3,0.000657,0.000000,0,0.000000,0
kawasaki,54,4,0.000657,0.000000,0,0.000000,0
kawasaki,54,5,0.000657,0.000000,0,0.000000,0
kawasaki,54,6,0.000657,0.000000,0,0.000000,0
kawasaki,54,7,0.000657,0.000000,0,0.000000,0
kawasaki,54,8,0.000657,0.000000,0,0.000000,0
kawasaki,55,1,0.000685,0.000000,0,0.000000,0
kawasaki,55,2,0.000685,0.000000,0,0.000000,0
kawasaki,55,3,0.000685,0.000000,0,0.000000,0
kawasaki,55,4,0.000685,0.000000,0,0.000000,0
kawasaki,55,5,0.000685,0.000000,0,0.000000,0
kawasaki,55,6,0.000685,0.000000,0,0.000000,0
kawasaki,55,7,0.000685,0.000000,0,0.000000,0
kawasaki,55,8,0.000685,0.000000,0,0.000000,0
kawasaki,56,1,0.000645,0.000000,0,0.000000,0
kawasaki,56,2,0.000645,0.000000,0,0.000000,0
kawasaki,56,3,0.000645,0.000000,0,0.000000,0
kawasaki,56,4,0.000645,0.000000,0,0.000000,0
kawasaki,56,5,0.000645,0.000000,0,0.000000,0
kawasaki,56,6,0.000645,0.000000,0,0.000000,0
kawasaki,56,7,0.000645,0.000000,0,0.000000,0
kawasaki,56,8,0.000645,0.000000,0,0.000000,0
kawasaki,57,1,0.000659,0.000000,0,0.000000,0
kawasaki,57,2,0.000659,0.000000,0,0.000000,0
kawasaki,57,3,0.000659,0.000000,0,0.000000,0
kawasaki,57,4,0.000659,0.000000,0,0.000000,0
kawasaki,57,5,0.000659,0.000000,0,0.000000,0
kawasaki,57,6,0.000659,0.000000,0,0.000000,0
kawasaki,57,7,0.000659,0.000000,0,0.000000,0
kawasaki,57,8,0.000659,0.000000,0,0.000000,0
kawasaki,58,1,0.000629,0.000000,0,0.000000,0
kawasaki,58,2,0.000629,0.000000,0,0.000000,0
kawasaki,58,3,0.000629,0.000000,0,0.000000,0
kawasaki,58,4,0.000629,0.000000,0,0.000000,0
kawasaki,58,5,0.000629,0.000000,0,0.000000,0
kawasaki,58,6,0.000629,0.000000,0,0.000000,0
kawasaki,58,7,0.000629,0.000000,0,0.000000,0
kawasaki,58,8,0.000629,0.000000,0,0.000000,0
kawasaki,59,1,0.000621,0.000000,0,0.000000,0
kawasaki,59,2,0.000621,0.000000,0,0.000000,0
kawasaki,59,3,0.000621,0.000000,0,0.000000,0
kawasaki,59,4,0.000621,0.000000,0,0.000000,0
kawasaki,59,5,0.000621,0.000000,0,0.000000,0
kawasaki,59,6,0.000621,0.000000,0,0.000000,0
kawasaki,59,7,0.000621,0.000000,0,0.000000,0
kawasaki,59,8,0.000621,0.000000,0,0.000000,0
kawasaki,60,1,0.000651,0.000000,0,0.000000,0
kawasaki,60,2,0.000651,0.000000,0,0.000000,0
kawasaki,60,3,0.000651,0.000000,0,0.000000,0
kawasaki,60,4,0.000651,0.000000,0,0.000000,0
kawasaki,60,5,0.000651,0.000000,0,0.000000,0
kawasaki,60,6,0.000651,0.000000,0,0.000000,0
kawasaki,60,7,0.000651,0.000000,0,0.000000,0
kawasaki,60,8,0.000651,0.000000,0,0.000000,0
kawasaki,61,1,0.000618,0.000000,0,0.000000,0
kawasaki,61,2,0.000618,0.000000,0,0.000000,0
kawasaki,61,3,0.000618,0.000000,0,0.000000,0
kawasaki,61,4,0.000618,0.000000,0,0.000000,0
kawasaki,61,5,0.000618,0.000000,0,0.000000,0
kawasaki,61,6,0.000618,0.000000,0,0.000000,0
kawasaki,61,7,0.000618,0.000000,0,0.000000,0
kawasaki,61,8,0.000618,0.000000,0,0.000000,0
kawasaki,62,1,0.000639,0.000000,0,0.000000,0
kawasaki,62,2,0.000639,0.000000,0,0.000000,0
kawasaki,62,3,0.000639,0.000000,0,0.000000,0
kawasaki,62,4,0.000639,0.000000,0,0.000000,0
kawasaki,62,5,0.000639,0.000000,0,0.000000,0
kawasaki,62,6,0.000639,0.000000,0,0.000000,0
kawasaki,62,7,0.000639,0.000000,0,0.000000,0
kawasaki,62,8,0.000639,0.000000,0,0.000000,0
kawasaki,63,1,0.000639,0.000000,0,0.000000,0
kawasaki,63,2,0.000639,0.000000,0,0.000000,0
kawasaki,63,3,0.000639,0.000000,0,0.000000,0
kawasaki,63,4,0.000639,0.000000,0,0.000000,0
kawasaki,63,5,0.000639,0.000000,0,0.000000,0
kawasaki,63,6,0.000639,0.000000,0,0.000000,0
kawasaki,63,7,0.000639,0.000000,0,0.000000,0
kawasaki,63,8,0.000639,0.000000,0,0.000000,0
kawasaki,64,1,0.000622,0.000000,0,0.000000,0
kawasaki,64,2,0.000622,0.000000,0,0.000000,0
kawasaki,64,3,0.000622,0.000000,0,0.000000,0
kawasaki,64,4,0.000622,0.000000,0,0.000000,0
kawasaki,64,5,0.000622,0.000000,0,0.000000,0
kawasaki,64,6,0.000622,0.000000,0,0.000000,0
kawasaki,64,7,0.000622,0.000000,0,0.000000,0
kawasaki,64,8,0.000622,0.000000,0,0.000000,0
kawasaki,65,1,0.000622,0.000000,0,0.000000,0
kawasaki,65,2,0.000622,0.000000,0,0.000000,0
kawasaki,65,3,0.000622,0.000000,0,0.000000,0
kawasaki,65,4,0.000622,0.000000,0,0.000000,0
kawasaki,65,5,0.000622,0.000000,0,0.000000,0
kawasaki,65,6,0.000622,0.000000,0,0.000000,0
kawasaki,65,7,0.000622,0.000000,0,0.000000,0
kawasaki,65,8,0.000622,0.000000,0,0.000000,0
kawasaki,66,1,0.000594,0.000000,0,0.000000,0
kawasaki,66,2,0.000594,0.000000,0,0.000000,0
kawasaki,66,3,0.000594,0.000000,0,0.000000,0
kawasaki,66,4,0.000594,0.000000,0,0.000000,0
kawasaki,66,5,0.000594,0.000000,0,0.000000,0
kawasaki,66,6,0.000594,0.000000,0,0.000000,0
kawasaki,66,7,0.000594,0.000000,0,0.000000,0
kawasaki,66,8,0.000594,0.000000,0,0.000000,0
kawasaki,67,1,0.000619,0.000000,0,0.000000,0
kawasaki,67,2,0.000619,0.000000,0,0.000000,0
kawasaki,67,3,0.000619,0.000000,0,0.000000,0
kawasaki,67,4,0.000619,0.000000,0,0.000000,0
kawasaki,67,5,0.000619,0.000000,0,0.000000,0
kawasaki,67,6,0.000619,0.000000,0,0.000000,0
kawasaki,67,7,0.000619,0.000000,0,0.000000,0
kawasaki,67,8,0.000619,0.000000,0,0.000000,0
kawasaki,68,1,0.000613,0.000000,0,0.000000,0
kawasaki,68,2,0.000613,0.000000,0,0.000000,0
kawasaki,68,3,0.000613,0.000000,0,0.000000,0
kawasaki,68,4,0.000613,0.000000,0,0.000000,0
kawasaki,68,5,0.000613,0.000000,0,0.000000,0
kawasaki,68,6,0.000613,0.000000,0,0.000000,0
kawasaki,68,7,0.000613,0.000000,0,0.000000,0
kawasaki,68,8,0.000613,0.000000,0,0.000000,0
kawasaki,69,1,0.000647,0.000000,0,0.000000,0
kawasaki,69,2,0.000647,0.000000,0,0.000000,0
kawasaki,69,3,0.000647,0.000000,0,0.000000,0
kawasaki,69,4,0.000647,0.000000,0,0.000000,0
kawasaki,69,5,0.000647,0.000000,0,0.000000,0
kawasaki,69,6,0.000647,0.000000,0,0.000000,0
kawasaki,69,7,0.000647,0.000000,0,0.000000,0
kawasaki,69,8,0.000647,0.000000,0,0.000000,0
kawasaki,70,1,0.000608,0.000000,0,0.000000,0
kawasaki,70,2,0.000608,0.000000,0,0.000000,0
kawasaki,70,3,0.000608,0.000000,0,0.000000,0
kawasaki,70,4,0.000608,0.000000,0,0.000000,0
kawasaki,70,5,0.000608,0.000000,0,0.000000,0
kawasaki,70,6,0.000608,0.000000,0,0.000000,0
kawasaki,70,7,0.000608,0.000000,0,0.000000,0
kawasaki,70,8,0.000608,0.000000,0,0.000000,0
kawasaki,71,1,0.000602,0.000000,0,0.000000,0
kawasaki,71,2,0.000602,0.000000,0,0.000000,0
kawasaki,71,3,0.000602,0.000000,0,0.000000,0
kawasaki,71,4,0.000602,0.000000,0,0.000000,0
kawasaki,71,5,0.000602,0.000000,0,0.000000,0
kawasaki,71,6,0.000602,0.000000,0,0.000000,0
kawasaki,71,7,0.000602,0.000000,0,0.000000,0
kawasaki,71,8,0.000602,0.000000,0,0.000000,0
kawasaki,72,1,0.000612,0.000000,0,0.000000,0
kawasaki,72,2,0.000612,0.000000,0,0.000000,0
kawasaki,72,3,0.000612,0.000000,0,0.000000,0
kawasaki,72,4,0.000612,0.000000,0,0.000000,0
kawasaki,72,5,0.000612,0.000000,0,0.000000,0
kawasaki,72,6,0.000612,0.000000,0,0.000000,0
kawasaki,72,7,0.000612,0.000000,0,0.000000,0
kawasaki,72,8,0.000612,0.000000,0,0.000000,0
kawasaki,73,1,0.000601,0.000000,0,0.000000,0
kawasaki,73,2,0.000601,0.000000,0,0.000000,0
kawasaki,73,3,0.000601,0.000000,0,0.000000,0
kawasaki,73,4,0.000601,0.000000,0,0.000000,0
kawasaki,73,5,0.000601,0.000000,0,0.000000,0
kawasaki,73,6,0.000601,0.000000,0,0.000000,0
kawasaki,73,7,0.000601,0.000000,0,0.000000,0
kawasaki,73,8,0.000601,0.000000,0,0.000000,0
kawasaki,74,1,0.000596,0.000000,0,0.000000,0
kawasaki,74,2,0.000596,0.000000,0,0.000000,0
kawasaki,74,3,0.000596,0.000000,0,0.000000,0
kawasaki,74,4,0.000596,0.000000,0,0.000000,0
kawasaki,74,5,0.000596,0.000000,0,0.000000,0
kawasaki,74,6,0.000596,0.000000,0,0.000000,0
kawasaki,74,7,0.000596,0.000000,0,0.000000,0
kawasaki,74,8,0.000596,0.000000,0,0.000000,0
kawasaki,75,1,0.000603,0.000000,0,0.000000,0
kawasaki,75,2,0.000603,0.000000,0,0.000000,0
kawasaki,75,3,0.000603,0.000000,0,0.000000,0
kawasaki,75,4,0.000603,0.000000,0,0.000000,0
kawasaki,75,5,0.000603,0.000000,0,0.000000,0
kawasaki,75,6,0.000603,0.000000,0,0.000000,0
kawasaki,75,7,0.000603,0.000000,0,0.000000,0
kawasaki,75,8,0.000603,0.000000,0,0.000000,0
kawasaki,76,1,0.000613,0.000000,0,0.000000,0
kawasaki,76,2,0.000613,0.000000,0,0.000000,0
kawasaki,76,3,0.000613,0.000000,0,0.000000,0
kawasaki,76,4,0.000613,0.000000,0,0.000000,0
kawasaki,76,5,0.000613,0.000000,0,0.000000,0
kawasaki,76,6,0.000613,0.000000,0,0.000000,0
kawasaki,76,7,0.000613,0.000000,0,0.000000,0
kawasaki,76,8,0.000613,0.000000,0,0.000000,0
kawasaki,77,1,0.000615,0.000000,0,0.000000,0
kawasaki,77,2,0.000615,0.000000,0,0.000000,0
kawasaki,77,3,0.000615,0.000000,0,0.000000,0
kawasaki,77,4,0.000615,0.000000,0,0.000000,0
kawasaki,77,5,0.000615,0.000000,0,0.000000,0
kawasaki,77,6,0.000615,0.000000,0,0.000000,0
kawasaki,77,7,0.000615,0.000000,0,0.000000,0
kawasaki,77,8,0.000615,0.000000,0,0.000000,0
kawasaki,78,1,0.000589,0.000000,0,0.000000,0
kawasaki,78,2,0.000589,0.000000,0,0.000000,0
kawasaki,78,3,0.000589,0.000000,0,0.000000,0
kawasaki,78,4,0.000589,0.000000,0,0.000000,0
kawasaki,78,5,0.000589,0.000000,0,0.000000,0
kawasaki,78,6,0.000589,0.000000,0,0.000000,0
kawasaki,78,7,0.000589,0.000000,0,0.000000,0
kawasaki,78,8,0.000589,0.000000,0,0.000000,0
kawasaki,79,1,0.000598,0.000000,0,0.000000,0
kawasaki,79,2,0.000598,0.000000,0,0.000000,0
kawasaki,79,3,0.000598,0.000000,0,0.000000,0
kawasaki,79,4,0.000598,0.000000,0,0.000000,0
kawasaki,79,5,0.000598,0.000000,0,0.000000,0
kawasaki,79,6,0.000598,0.000000,0,0.000000,0
kawasaki,79,7,0.000598,0.000000,0,0.000000,0
kawasaki,79,8,0.000598,0.000000,0,0.000000,0
kawasaki,80,1,0.000606,0.000000,0,0.000000,0
kawasaki,80,2,0.000606,0.000000,0,0.000000,0
kawasaki,80,3,0.000606,0.000000,0,0.000000,0
kawasaki,80,4,0.000606,0.000000,0,0.000000,0
kawasaki,80,5,0.000606,0.000000,0,0.000000,0
kawasaki,80,6,0.000606,0.000000,0,0.000000,0
kawasaki,80,7,0.000606,0.000000,0,0.000000,0
kawasaki,80,8,0.000606,0.000000,0,0.000000,0
kawasaki,81,1,0.000595,0.000000,0,0.000000,0
kawasaki,81,2,0.000595,0.000000,0,0.000000,0
kawasaki,81,3,0.000595,0.000000,0,0.000000,0
kawasaki,81,4,0.000595,0.000000,0,0.000000,0
kawasaki,81,5,0.000595,0.000000,0,0.000000,0
kawasaki,81,6,0.000595,0.000000,0,0.000000,0
kawasaki,81,7,0.000595,0.000000,0,0.000000,0
kawasaki,81,8,0.000595,0.000000,0,0.000000,0
kawasaki,82,1,0.000591,0.000000,0,0.000000,0
kawasaki,82,2,0.000591,0.000000,0,0.000000,0
kawasaki,82,3,0.000591,0.000000,0,0.000000,0
kawasaki,82,4,0.000591,0.000000,0,0.000000,0
kawasaki,82,5,0.000591,0.000000,0,0.000000,0
kawasaki,82,6,0.000591,0.000000,0,0.000000,0
kawasaki,82,7,0.000591,0.000000,0,0.000000,0
kawasaki,82,8,0.000591,0.000000,0,0.000000,0
kawasaki,83,1,0.000589,0.000000,0,0.000000,0
kawasaki,83,2,0.000589,0.000000,0,0.000000,0
kawasaki,83,3,0.000589,0.000000,0,0.000000,0
kawasaki,83,4,0.000589,0.000000,0,0.000000,0
kawasaki,83,5,0.000589,0.000000,0,0.000000,0
kawasaki,83,6,0.000589,0.000000,0,0.000000,0
kawasaki,83,7,0.000589,0.000000,0,0.000000,0
kawasaki,83,8,0.000589,0.000000,0,0.000000,0
kawasaki,84,1,0.000585,0.000000,0,0.000000,0
kawasaki,84,2,0.000585,0.000000,0,0.000000,0
kawasaki,84,3,0.000585,0.000000,0,0.000000,0
kawasaki,84,4,0.000585,0.000000,0,0.000000,0
kawasaki,84,5,0.000585,0.000000,0,0.000000,0
kawasaki,84,6,0.000585,0.000000,0,0.000000,0
kawasaki,84,7,0.000585,0.000000,0,0.000000,0
kawasaki,84,8,0.000585,0.000000,0,0.000000,0
kawasaki,85,1,0.000591,0.000000,0,0.000000,0
kawasaki,85,2,0.000591,0.000000,0,0.000000,0
kawasaki,85,3,0.000591,0.000000,0,0.000000,0
kawasaki,85,4,0.000591,0.000000,0,0.000000,0
kawasaki,85,5,0.000591,0.000000,0,0.000000,0
kawasaki,85,6,0.000591,0.000000,0,0.000000,0
kawasaki,85,7,0.000591,0.000000,0,0.000000,0
kawasaki,85,8,0.000591,0.000000,0,0.000000,0
kawasaki,86,1,0.000614,0.000000,0,0.000000,0
kawasaki,86,2,0.000614,0.000000,0,0.000000,0
kawasaki,86,3,0.000614,0.000000,0,0.000000,0
kawasaki,86,4,0.000614,0.000000,0,0.000000,0
kawasaki,86,5,0.000614,0.000000,0,0.000000,0
kawasaki,86,6,0.000614,0.000000,0,0.000000,0
kawasaki,86,7,0.000614,0.000000,0,0.000000,0
kawasaki,86,8,0.000614,0.000000,0,0.000000,0
kawasaki,87,1,0.000623,0.000000,0,0.000000,0
kawasaki,87,2,0.000623,0.000000,0,0.000000,0
kawasaki,87,3,0.000623,0.000000,0,0.000000,0
kawasaki,87,4,0.000623,0.000000,0,0.000000,0
kawasaki,87,5,0.000623,0.000000,0,0.000000,0
kawasaki,87,6,0.000623,0.000000,0,0.000000,0
kawasaki,87,7,0.000623,0.000000,0,0.000000,0
kawasaki,87,8,0.000623,0.000000,0,0.000000,0
kawasaki,88,1,0.000592,0.000000,0,0.000000,0
kawasaki,88,2,0.000592,0.000000,0,0.000000,0
kawasaki,88,3,0.000592,0.000000,0,0.000000,0
kawasaki,88,4,0.000592,0.000000,0,0.000000,0
kawasaki,88,5,0.000592,0.000000,0,0.000000,0
kawasaki,88,6,0.000592,0.000000,0,0.000000,0
kawasaki,88,7,0.000592,0.000000,0,0.000000,0
kawasaki,88,8,0.000592,0.000000,0,0.000000,0
kawasaki,89,1,0.000606,0.000000,0,0.000000,0
kawasaki,89,2,0.000606,0.000000,0,0.000000,0
kawasaki,89,3,0.000606,0.000000,0,0.000000,0
kawasaki,89,4,0.000606,0.000000,0,0.000000,0
kawasaki,89,5,0.000606,0.000000,0,0.000000,0
kawasaki,89,6,0.000606,0.000000,0,0.000000,0
kawasaki,89,7,0.000606,0.000000,0,0.000000,0
kawasaki,89,8,0.000606,0.000000,0,0.000000,0
kawasaki,90,1,0.000685,0.000000,0,0.000000,0
kawasaki,90,2,0.000685,0.000000,0,0.000000,0
kawasaki,90,3,0.000685,0.000000,0,0.000000,0
kawasaki,90,4,0.000685,0.000000,0,0.000000,0
kawasaki,90,5,0.000685,0.000000,0,0.000000,0
kawasaki,90,6,0.000685,0.000000,0,0.000000,0
kawasaki,90,7,0.000685,0.000000,0,0.000000,0
kawasaki,90,8,0.000685,0.000000,0,0.000000,0
kawasaki,91,1,0.000712,0.000000,0,0.000000,0
kawasaki,91,2,0.000712,0.000000,0,0.000000,0
kawasaki,91,3,0.000712,0.000000,0,0.000000,0
kawasaki,91,4,0.000712,0.000000,0,0.000000,0
kawasaki,91,5,0.000712,0.000000,0,0.000000,0
kawasaki,91,6,0.000712,0.000000,0,0.000000,0
kawasaki,91,7,0.000712,0.000000,0,0.000000,0
kawasaki,91,8,0.000712,0.000000,0,0.000000,0
kawasaki,92,1,0.000642,0.000000,0,0.000000,0
kawasaki,92,2,0.000642,0.000000,0,0.000000,0
kawasaki,92,3,0.000642,0.000000,0,0.000000,0
kawasaki,92,4,0.000642,0.000000,0,0.000000,0
kawasaki,92,5,0.000642,0.000000,0,0.000000,0
kawasaki,92,6,0.000642,0.000000,0,0.000000,0
kawasaki,92,7,0.000642,0.000000,0,0.000000,0
kawasaki,92,8,0.000642,0.000000,0,0.000000,0
kawasaki,93,1,0.000685,0.000000,0,0.000000,0
kawasaki,93,2,0.000685,0.000000,0,0.000000,0
kawasaki,93,3,0.000685,0.000000,0,0.000000,0
kawasaki,93,4,0.000685,0.000000,0,0.000000,0
kawasaki,93,5,0.000685,0.000000,0,0.000000,0
kawasaki,93,6,0.000685,0.000000,0,0.000000,0
kawasaki,93,7,0.000685,0.000000,0,0.000000,0
kawasaki,93,8,0.000685,0.000000,0,0.000000,0
kawasaki,94,1,0.000674,0.000000,0,0.000000,0
kawasaki,94,2,0.000674,0.000000,0,0.000000,0
kawasaki,94,3,0.000674,0.000000,0,0.000000,0
kawasaki,94,4,0.000674,0.000000,0,0.000000,0
kawasaki,94,5,0.000674,0.000000,0,0.000000,0
kawasaki,94,6,0.000674,0.000000,0,0.000000,0
kawasaki,94,7,0.000674,0.000000,0,0.000000,0
kawasaki,94,8,0.000674,0.000000,0,0.000000,0
kawasaki,95,1,0.000695,0.000000,0,0.000000,0
kawasaki,95,2,0.000695,0.000000,0,0.000000,0
kawasaki,95,3,0.000695,0.000000,0,0.000000,0
kawasaki,95,4,0.000695,0.000000,0,0.000000,0
kawasaki,95,5,0.000695,0.000000,0,0.000000,0
kawasaki,95,6,0.000695,0.000000,0,0.000000,0
kawasaki,95,7,0.000695,0.000000,0,0.000000,0
kawasaki,95,8,0.000695,0.000000,0,0.000000,0
kawasaki,96,1,0.000605,0.000000,0,0.000000,0
kawasaki,96,2,0.000605,0.000000,0,0.000000,0
kawasaki,96,3,0.000605,0.000000,0,0.000000,0
kawasaki,96,4,0.000605,0.000000,0,0.000000,0
kawasaki,96,5,0.000605,0.000000,0,0.000000,0
kawasaki,96,6,0.000605,0.000000,0,0.000000,0
kawasaki,96,7,0.000605,0.000000,0,0.000000,0
kawasaki,96,8,0.000605,0.000000,0,0.000000,0
kawasaki,97,1,0.000618,0.000000,0,0.000000,0
kawasaki,97,2,0.000618,0.000000,0,0.000000,0
kawasaki,97,3,0.000618,0.000000,0,0.000000,0
kawasaki,97,4,0.000618,0.000000,0,0.000000,0
kawasaki,97,5,0.000618,0.000000,0,0.000000,0
kawasaki,97,6,0.000618,0.000000,0,0.000000,0
kawasaki,97,7,0.000618,0.000000,0,0.000000,0
kawasaki,97,8,0.000618,0.000000,0,0.000000,0
kawasaki,98,1,0.000600,0.000000,0,0.000000,0
kawasaki,98,2,0.000600,0.000000,0,0.000000,0
kawasaki,98,3,0.000600,0.000000,0,0.000000,0
kawasaki,98,4,0.000600,0.000000,0,0.000000,0
kawasaki,98,5,0.000600,0.000000,0,0.000000,0
kawasaki,98,6,0.000600,0.000000,0,0.000000,0
kawasaki,98,7,0.000600,0.000000,0,0.000000,0
kawasaki,98,8,0.000600,0.000000,0,0.000000,0
kawasaki,99,1,0.000650,0.000000,0,0.000000,0
kawasaki,99,2,0.000650,0.000000,0,0.000000,0
kawasaki,99,3,0.000650,0.000000,0,0.000000,0
kawasaki,99,4,0.000650,0.000000,0,0.000000,0
kawasaki,99,5,0.000650,0.000000,0,0.000000,0
kawasaki,99,6,0.000650,0.000000,0,0.000000,0
kawasaki,99,7,0.000650,0.000000,0,0.000000,0
kawasaki,99,8,0.000650,0.000000,0,0.000000,0
kawasaki,100,1,0.000709,0.000000,0,0.000000,0
kawasaki,100,2,0.000709,0.000000,0,0.000000,0
kawasaki,100,3,0.000709,0.000000,0,0.000000,0
kawasaki,100,4,0.000709,0.000000,0,0.000000,0
kawasaki,100,5,0.000709,0.000000,0,0.000000,0
kawasaki,100,6,0.000709,0.000000,0,0.000000,0
kawasaki,100,7,0.000709,0.000000,0,0.000000,0
kawasaki,100,8,0.000709,0.000000,0,0.000000,0
kawasaki,101,1,0.000643,0.000000,0,0.000000,0
kawasaki,101,2,0.000643,0.000000,0,0.000000,0
kawasaki,101,3,0.000643,0.000000,0,0.000000,0
kawasaki,101,4,0.000643,0.000000,0,0.000000,0
kawasaki,101,5,0.000643,0.000000,0,0.000000,0
kawasaki,101,6,0.000643,0.000000,0,0.000000,0
kawasaki,101,7,0.000643,0.000000,0,0.000000,0
kawasaki,101,8,0.000643,0.000000,0,0.000000,0
kawasaki,102,1,0.000683,0.000000,0,0.000000,0
kawasaki,102,2,0.000683,0.000000,0,0.000000,0
kawasaki,102,3,0.000683,0.000000,0,0.000000,0
kawasaki,102,4,0.000683,0.000000,0,0.000000,0
kawasaki,102,5,0.000683,0.000000,0,0.000000,0
kawasaki,102,6,0.000683,0.000000,0,0.000000,0
kawasaki,102,7,0.000683,0.000000,0,0.000000,0
kawasaki,102,8,0.000683,0.000000,0,0.000000,0
kawasaki,103,1,0.000647,0.000000,0,0.000000,0
kawasaki,103,2,0.000647,0.000000,0,0.000000,0
kawasaki,103,3,0.000647,0.000000,0,0.000000,0
kawasaki,103,4,0.000647,0.000000,0,0.000000,0
kawasaki,103,5,0.000647,0.000000,0,0.000000,0
kawasaki,103,6,0.000647,0.000000,0,0.000000,0
kawasaki,103,7,0.000647,0.000000,0,0.000000,0
kawasaki,103,8,0.000647,0.000000,0,0.000000,0
kawasaki,104,1,0.000605,0.000000,0,0.000000,0
kawasaki,104,2,0.000605,0.000000,0,0.000000,0
kawasaki,104,3,0.000605,0.000000,0,0.000000,0
kawasaki,104,4,0.000605,0.000000,0,0.000000,0
kawasaki,104,5,0.000605,0.000000,0,0.000000,0
kawasaki,104,6,0.000605,0.000000,0,0.000000,0
kawasaki,104,7,0.000605,0.000000,0,0.000000,0
kawasaki,104,8,0.000605,0.000000,0,0.000000,0
kawasaki,105,1,0.000591,0.000000,0,0.000000,0
kawasaki,105,2,0.000591,0.000000,0,0.000000,0
kawasaki,105,3,0.000591,0.000000,0,0.000000,0
kawasaki,105,4,0.000591,0.000000,0,0.000000,0
kawasaki,105,5,0.000591,0.000000,0,0.000000,0
kawasaki,105,6,0.000591,0.000000,0,0.000000,0
kawasaki,105,7,0.000591,0.000000,0,0.000000,0
kawasaki,105,8,0.000591,0.000000,0,0.000000,0
kawasaki,106,1,0.000594,0.000000,0,0.000000,0
kawasaki,106,2,0.000594,0.000000,0,0.000000,0
kawasaki,106,3,0.000594,0.000000,0,0.000000,0
kawasaki,106,4,0.000594,0.000000,0,0.000000,0
kawasaki,106,5,0.000594,0.000000,0,0.000000,0
kawasaki,106,6,0.000594,0.000000,0,0.000000,0
kawasaki,106,7,0.000594,0.000000,0,0.000000,0
kawasaki,106,8,0.000594,0.000000,0,0.000000,0
kawasaki,107,1,0.000602,0.000000,0,0.000000,0
kawasaki,107,2,0.000602,0.000000,0,0.000000,0
kawasaki,107,3,0.000602,0.000000,0,0.000000,0
kawasaki,107,4,0.000602,0.000000,0,0.000000,0
kawasaki,107,5,0.000602,0.000000,0,0.000000,0
kawasaki,107,6,0.000602,0.000000,0,0.000000,0
kawasaki,107,7,0.000602,0.000000,0,0.000000,0
kawasaki,107,8,0.000602,0.000000,0,0.000000,0
kawasaki,108,1,0.000584,0.000000,0,0.000000,0
kawasaki,108,2,0.000584,0.000000,0,0.000000,0
kawasaki,108,3,0.000584,0.000000,0,0.000000,0
kawasaki,108,4,0.000584,0.000000,0,0.000000,0
kawasaki,108,5,0.000584,0.000000,0,0.000000,0
kawasaki,108,6,0.000584,0.000000,0,0.000000,0
kawasaki,108,7,0.000584,0.000000,0,0.000000,0
kawasaki,108,8,0.000584,0.000000,0,0.000000,0
kawasaki,109,1,0.000638,0.000000,0,0.000000,0
kawasaki,109,2,0.000638,0.000000,0,0.000000,0
kawasaki,109,3,0.000638,0.000000,0,0.000000,0
kawasaki,109,4,0.000638,0.000000,0,0.000000,0
kawasaki,109,5,0.000638,0.000000,0,0.000000,0
kawasaki,109,6,0.000638,0.000000,0,0.000000,0
kawasaki,109,7,0.000638,0.000000,0,0.000000,0
kawasaki,109,8,0.000638,0.000000,0,0.000000,0
kawasaki,110,1,0.000587,0.000000,0,0.000000,0
kawasaki,110,2,0.000587,0.000000,0,0.000000,0
kawasaki,110,3,0.000587,0.000000,0,0.000000,0
kawasaki,110,4,0.000587,0.000000,0,0.000000,0
kawasaki,110,5,0.000587,0.000000,0,0.000000,0
kawasaki,110,6,0.000587,0.000000,0,0.000000,0
kawasaki,110,7,0.000587,0.000000,0,0.000000,0
kawasaki,110,8,0.000587,0.000000,0,0.000000,0
kawasaki,111,1,0.000600,0.000000,0,0.000000,0
kawasaki,111,2,0.000600,0.000000,0,0.000000,0
kawasaki,111,3,0.000600,0.000000,0,0.000000,0
kawasaki,111,4,0.000600,0.000000,0,0.000000,0
kawasaki,111,5,0.000600,0.000000,0,0.000000,0
kawasaki,111,6,0.000600,0.000000,0,0.000000,0
kawasaki,111,7,0.000600,0.000000,0,0.000000,0
kawasaki,111,8,0.000600,0.000000,0,0.000000,0
kawasaki,112,1,0.000611,0.000000,0,0.000000,0
kawasaki,112,2,0.000611,0.000000,0,0.000000,0
kawasaki,112,3,0.000611,0.000000,0,0.000000,0
kawasaki,112,4,0.000611,0.000000,0,0.000000,0
kawasaki,112,5,0.000611,0.000000,0,0.000000,0
kawasaki,112,6,0.000611,0.000000,0,0.000000,0
kawasaki,112,7,0.000611,0.000000,0,0.000000,0
kawasaki,112,8,0.000611,0.000000,0,0.000000,0
kawasaki,113,1,0.000604,0.000000,0,0.000000,0
kawasaki,113,2,0.000604,0.000000,0,0.000000,0
kawasaki,113,3,0.000604,0.000000,0,0.000000,0
kawasaki,113,4,0.000604,0.000000,0,0.000000,0
kawasaki,113,5,0.000604,0.000000,0,0.000000,0
kawasaki,113,6,0.000604,0.000000,0,0.000000,0
kawasaki,113,7,0.000604,0.000000,0,0.000000,0
kawasaki,113,8,0.000604,0.000000,0,0.000000,0
kawasaki,114,1,0.000587,0.000000,0,0.000000,0
kawasaki,114,2,0.000587,0.000000,0,0.000000,0
kawasaki,114,3,0.000587,0.000000,0,0.000000,0
kawasaki,114,4,0.000587,0.000000,0,0.000000,0
kawasaki,114,5,0.000587,0.000000,0,0.000000,0
kawasaki,114,6,0.000587,0.000000,0,0.000000,0
kawasaki,114,7,0.000587,0.000000,0,0.000000,0
kawasaki,114,8,0.000587,0.000000,0,0.000000,0
kawasaki,115,1,0.000600,0.000000,0,0.000000,0
kawasaki,115,2,0.000600,0.000000,0,0.000000,0
kawasaki,115,3,0.000600,0.000000,0,0.000000,0
kawasaki,115,4,0.000600,0.000000,0,0.000000,0
kawasaki,115,5,0.000600,0.000000,0,0.000000,0
kawasaki,115,6,0.000600,0.000000,0,0.000000,0
kawasaki,115,7,0.000600,0.000000,0,0.000000,0
kawasaki,115,8,0.000600,0.000000,0,0.000000,0
kawasaki,116,1,0.000589,0.000000,0,0.000000,0
kawasaki,116,2,0.000589,0.000000,0,0.000000,0
kawasaki,116,3,0.000589,0.000000,0,0.000000,0
kawasaki,116,4,0.000589,0.000000,0,0.000000,0
kawasaki,116,5,0.000589,0.000000,0,0.000000,0
kawasaki,116,6,0.000589,0.000000,0,0.000000,0
kawasaki,116,7,0.000589,0.000000,0,0.000000,0
kawasaki,116,8,0.000589,0.000000,0,0.000000,0
kawasaki,117,1,0.000606,0.000000,0,0.000000,0
kawasaki,117,2,0.000606,0.000000,0,0.000000,0
kawasaki,117,3,0.000606,0.000000,0,0.000000,0
kawasaki,117,4,0.000606,0.000000,0,0.000000,0
kawasaki,117,5,0.000606,0.000000,0,0.000000,0
kawasaki,117,6,0.000606,0.000000,0,0.000000,0
kawasaki,117,7,0.000606,0.000000,0,0.000000,0
kawasaki,117,8,0.000606,0.000000,0,0.000000,0
kawasaki,118,1,0.000613,0.000000,0,0.000000,0
kawasaki,118,2,0.000613,0.000000,0,0.000000,0
kawasaki,118,3,0.000613,0.000000,0,0.000000,0
kawasaki,118,4,0.000613,0.000000,0,0.000000,0
kawasaki,118,5,0.000613,0.000000,0,0.000000,0
kawasaki,118,6,0.000613,0.000000,0,0.000000,0
kawasaki,118,7,0.000613,0.000000,0,0.000000,0
kawasaki,118,8,0.000613,0.000000,0,0.000000,0
kawasaki,119,1,0.000588,0.000000,0,0.000000,0
kawasaki,119,2,0.000588,0.000000,0,0.000000,0
kawasaki,119,3,0.000588,0.000000,0,0.000000,0
kawasaki,119,4,0.000588,0.000000,0,0.000000,0
kawasaki,119,5,0.000588,0.000000,0,0.000000,0
kawasaki,119,6,0.000588,0.000000,0,0.000000,0
kawasaki,119,7,0.000588,0.000000,0,0.000000,0
kawasaki,119,8,0.000588,0.000000,0,0.000000,0
kawasaki,120,1,0.000604,0.000000,0,0.000000,0
kawasaki,120,2,0.000604,0.000000,0,0.000000,0
kawasaki,120,3,0.000604,0.000000,0,0.000000,0
kawasaki,120,4,0.000604,0.000000,0,0.000000,0
kawasaki,120,5,0.000604,0.000000,0,0.000000,0
kawasaki,120,6,0.000604,0.000000,0,0.000000,0
kawasaki,120,7,0.000604,0.000000,0,0.000000,0
kawasaki,120,8,0.000604,0.000000,0,0.000000,0
kawasaki,121,1,0.000573,0.000000,0,0.000000,0
kawasaki,121,2,0.000573,0.000000,0,0.000000,0
kawasaki,121,3,0.000573,0.000000,0,0.000000,0
kawasaki,121,4,0.000573,0.000000,0,0.000000,0
kawasaki,121,5,0.000573,0.000000,0,0.000000,0
kawasaki,121,6,0.000573,0.000000,0,0.000000,0
kawasaki,121,7,0.000573,0.000000,0,0.000000,0
kawasaki,121,8,0.000573,0.000000,0,0.000000,0
kawasaki,122,1,0.000601,0.000000,0,0.000000,0
kawasaki,122,2,0.000601,0.000000,0,0.000000,0
kawasaki,122,3,0.000601,0.000000,0,0.000000,0
kawasaki,122,4,0.000601,0.000000,0,0.000000,0
kawasaki,122,5,0.000601,0.000000,0,0.000000,0
kawasaki,122,6,0.000601,0.000000,0,0.000000,0
kawasaki,122,7,0.000601,0.000000,0,0.000000,0
kawasaki,122,8,0.000601,0.000000,0,0.000000,0
kawasaki,123,1,0.000655,0.000000,0,0.000000,0
kawasaki,123,2,0.000655,0.000000,0,0.000000,0
kawasaki,123,3,0.000655,0.000000,0,0.000000,0
kawasaki,123,4,0.000655,0.000000,0,0.000000,0
kawasaki,123,5,0.000655,0.000000,0,0.000000,0
kawasaki,123,6,0.000655,0.000000,0,0.000000,0
kawasaki,123,7,0.000655,0.000000,0,0.000000,0
kawasaki,123,8,0.000655,0.000000,0,0.000000,0
kawasaki,124,1,0.000691,0.000000,0,0.000000,0
kawasaki,124,2,0.000691,0.000000,0,0.000000,0
kawasaki,124,3,0.000691,0.000000,0,0.000000,0
kawasaki,124,4,0.000691,0.000000,0,0.000000,0
kawasaki,124,5,0.000691,0.000000,0,0.000000,0
kawasaki,124,6,0.000691,0.000000,0,0.000000,0
kawasaki,124,7,0.000691,0.000000,0,0.000000,0
kawasaki,124,8,0.000691,0.000000,0,0.000000,0
kawasaki,125,1,0.000613,0.000000,0,0.000000,0
kawasaki,125,2,0.000613,0.000000,0,0.000000,0
kawasaki,125,3,0.000613,0.000000,0,0.000000,0
kawasaki,125,4,0.000613,0.000000,0,0.000000,0
kawasaki,125,5,0.000613,0.000000,0,0.000000,0
kawasaki,125,6,0.000613,0.000000,0,0.000000,0
kawasaki,125,7,0.000613,0.000000,0,0.000000,0
kawasaki,125,8,0.000613,0.000000,0,0.000000,0
kawasaki,126,1,0.000611,0.000000,0,0.000000,0
kawasaki,126,2,0.000611,0.000000,0,0.000000,0
kawasaki,126,3,0.000611,0.000000,0,0.000000,0
kawasaki,126,4,0.000611,0.000000,0,0.000000,0
kawasaki,126,5,0.000611,0.000000,0,0.000000,0
kawasaki,126,6,0.000611,0.000000,0,0.000000,0
kawasaki,126,7,0.000611,0.000000,0,0.000000,0
kawasaki,126,8,0.000611,0.000000,0,0.000000,0
kolkata,0,1,0.000568,0.000000,0,0.000000,0
kolkata,0,2,0.000568,0.000000,0,0.000000,0
kolkata,0,3,0.000568,0.000000,0,0.000000,0
kolkata,0,4,0.000568,0.000000,0,0.000000,0
kolkata,0,5,0.000568,0.000000,0,0.000000,0
kolkata,0,6,0.000568,0.000000,0,0.000000,0
kolkata,0,7,0.000568,0.000000,0,0.000000,0
kolkata,0,8,0.000568,0.000000,0,0.000000,0
kolkata,1,1,0.000550,0.000000,0,0.000000,0
kolkata,1,2,0.000550,0.000000,0,0.000000,0
kolkata,1,3,0.000550,0.000000,0,0.000000,0
kolkata,1,4,0.000550,0.000000,0,0.000000,0
kolkata,1,5,0.000550,0.000000,0,0.000000,0
kolkata,1,6,0.000550,0.000000,0,0.000000,0
kolkata,1,7,0.000550,0.000000,0,0.000000,0
kolkata,1,8,0.000550,0.000000,0,0.000000,0
kolkata,2,1,0.000531,0.000000,0,0.000000,0
kolkata,2,2,0.000531,0.000000,0,0.000000,0
kolkata,2,3,0.000531,0.000000,0,0.000000,0
kolkata,2,4,0.000531,0.000000,0,0.000000,0
kolkata,2,5,0.000531,0.000000,0,0.000000,0
kolkata,2,6,0.000531,0.000000,0,0.000000,0
kolkata,2,7,0.000531,0.000000,0,0.000000,0
kolkata,2,8,0.000531,0.000000,0,0.000000,0
kolkata,3,1,0.000563,0.000000,0,0.000000,0
kolkata,3,2,0.000563,0.000000,0,0.000000,0
kolkata,3,3,0.000563,0.000000,0,0.000000,0
kolkata,3,4,0.000563,0.000000,0,0.000000,0
kolkata,3,5,0.000563,0.000000,0,0.000000,0
kolkata,3,6,0.000563,0.000000,0,0.000000,0
kolkata,3,7,0.000563,0.000000,0,0.000000,0
kolkata,3,8,0.000563,0.000000,0,0.000000,0
kolkata,4,1,0.000547,0.000000,0,0.000000,0
kolkata,4,2,0.000547,0.000000,0,0.000000,0
kolkata,4,3,0.000547,0.000000,0,0.000000,0
kolkata,4,4,0.000547,0.000000,0,0.000000,0
kolkata,4,5,0.000547,0.000000,0,0.000000,0
kolkata,4,6,0.000547,0.000000,0,0.000000,0
kolkata,4,7,0.000547,0.000000,0,0.000000,0
kolkata,4,8,0.000547,0.000000,0,0.000000,0
kolkata,5,1,0.000563,0.000000,0,0.000000,0
kolkata,5,2,0.000563,0.000000,0,0.000000,0
kolkata,5,3,0.000563,0.000000,0,0.000000,0
kolkata,5,4,0.000563,0.000000,0,0.000000,0
kolkata,5,5,0.000563,0.000000,0,0.000000,0
kolkata,5,6,0.000563,0.000000,0,0.000000,0
kolkata,5,7,0.000563,0.000000,0,0.000000,0
kolkata,5,8,0.000563,0.000000,0,0.000000,0
kolkata,6,1,0.000550,0.000000,0,0.000000,0
kolkata,6,2,0.000550,0.000000,0,0.000000,0
kolkata,6,3,0.000550,0.000000,0,0.000000,0
kolkata,6,4,0.000550,0.000000,0,0.000000,0
kolkata,6,5,0.000550,0.000000,0,0.000000,0
kolkata,6,6,0.000550,0.000000,0,0.000000,0
kolkata,6,7,0.000550,0.000000,0,0.000000,0
kolkata,6,8,0.000550,0.000000,0,0.000000,0
kolkata,7,1,0.000529,0.000000,0,0.000000,0
kolkata,7,2,0.000529,0.000000,0,0.000000,0
kolkata,7,3,0.000529,0.000000,0,0.000000,0
kolkata,7,4,0.000529,0.000000,0,0.000000,0
kolkata,7,5,0.000529,0.000000,0,0.000000,0
kolkata,7,6,0.000529,0.000000,0,0.000000,0
kolkata,7,7,0.000529,0.000000,0,0.000000,0
kolkata,7,8,0.000529,0.000000,0,0.000000,0
kolkata,8,1,0.000539,0.000000,0,0.000000,0
kolkata,8,2,0.000539,0.000000,0,0.000000,0
kolkata,8,3,0.000539,0.000000,0,0.000000,0
kolkata,8,4,0.000539,0.000000,0,0.000000,0
kolkata,8,5,0.000539,0.000000,0,0.000000,0
kolkata,8,6,0.000539,0.000000,0,0.000000,0
kolkata,8,7,0.000539,0.000000,0,0.000000,0
kolkata,8,8,0.000539,0.000000,0,0.000000,0
kolkata,9,1,0.000526,0.000000,0,0.000000,0
kolkata,9,2,0.000526,0.000000,0,0.000000,0
kolkata,9,3,0.000526,0.000000,0,0.000000,0
kolkata,9,4,0.000526,0.000000,0,0.000000,0
kolkata,9,5,0.000526,0.000000,0,0.000000,0
kolkata,9,6,0.000526,0.000000,0,0.000000,0
kolkata,9,7,0.000526,0.000000,0,0.000000,0
kolkata,9,8,0.000526,0.000000,0,0.000000,0
kolkata,10,1,0.000645,0.000000,0,0.000000,0
kolkata,10,2,0.000645,0.000000,0,0.000000,0
kolkata,10,3,0.000645,0.000000,0,0.000000,0
kolkata,10,4,0.000645,0.000000,0,0.000000,0
kolkata,10,5,0.000645,0.000000,0,0.000000,0
kolkata,10,6,0.000645,0.000000,0,0.000000,0
kolkata,10,7,0.000645,0.000000,0,0.000000,0
kolkata,10,8,0.000645,0.000000,0,0.000000,0
kolkata,11,1,0.000589,0.000000,0,0.000000,0
kolkata,11,2,0.000589,0.000000,0,0.000000,0
kolkata,11,3,0.000589,0.000000,0,0.000000,0
kolkata,11,4,0.000589,0.000000,0,0.000000,0
kolkata,11,5,0.000589,0.000000,0,0.000000,0
kolkata,11,6,0.000589,0.000000,0,0.000000,0
kolkata,11,7,0.000589,0.000000,0,0.000000,0
kolkata,11,8,0.000589,0.000000,0,0.000000,0
kolkata,12,1,0.000577,0.000000,0,0.000000,0
kolkata,12,2,0.000577,0.000000,0,0.000000,0
kolkata,12,3,0.000577,0.000000,0,0.000000,0
kolkata,12,4,0.000577,0.000000,0,0.000000,0
kolkata,12,5,0.000577,0.000000,0,0.000000,0
kolkata,12,6,0.000577,0.000000,0,0.000000,0
kolkata,12,7,0.000577,0.000000,0,0.000000,0
kolkata,12,8,0.000577,0.000000,0,0.000000,0
kolkata,13,1,0.000541,0.000000,0,0.000000,0
kolkata,13,2,0.000541,0.000000,0,0.000000,0
kolkata,13,3,0.000541,0.000000,0,0.000000,0
kolkata,13,4,0.000541,0.000000,0,0.000000,0
kolkata,13,5,0.000541,0.000000,0,0.000000,0
kolkata,13,6,0.000541,0.000000,0,0.000000,0
kolkata,13,7,0.000541,0.000000,0,0.000000,0
kolkata,13,8,0.000541,0.000000,0,0.000000,0
kolkata,14,1,0.000542,0.000000,0,0.000000,0
kolkata,14,2,0.000542,0.000000,0,0.000000,0
kolkata,14,3,0.000542,0.000000,0,0.000000,0
kolkata,14,4,0.000542,0.000000,0,0.000000,0
kolkata,14,5,0.000542,0.000000,0,0.000000,0
kolkata,14,6,0.000542,0.000000,0,0.000000,0
kolkata,14,7,0.000542,0.000000,0,0.000000,0
kolkata,14,8,0.000542,0.000000,0,0.000000,0
kolkata,15,1,0.000544,0.000000,0,0.000000,0
kolkata,15,2,0.000544,0.000000,0,0.000000,0
kolkata,15,3,0.000544,0.000000,0,0.000000,0
kolkata,15,4,0.000544,0.000000,0,0.000000,0
kolkata,15,5,0.000544,0.000000,0,0.000000,0
kolkata,15,6,0.000544,0.000000,0,0.000000,0
kolkata,15,7,0.000544,0.000000,0,0.000000,0
kolkata,15,8,0.000544,0.000000,0,0.000000,0
kolkata,16,1,0.000575,0.000000,0,0.000000,0
kolkata,16,2,0.000575,0.000000,0,0.000000,0
kolkata,16,3,0.000575,0.000000,0,0.000000,0
kolkata,16,4,0.000575,0.000000,0,0.000000,0
kolkata,16,5,0.000575,0.000000,0,0.000000,0
kolkata,16,6,0.000575,0.000000,0,0.000000,0
kolkata,16,7,0.000575,0.000000,0,0.000000,0
kolkata,16,8,0.000575,0.000000,0,0.000000,0
kolkata,17,1,0.000530,0.000000,0,0.000000,0
kolkata,17,2,0.000530,0.000000,0,0.000000,0
kolkata,17,3,0.000530,0.000000,0,0.000000,0
kolkata,17,4,0.000530,0.000000,0,0.000000,0
kolkata,17,5,0.000530,0.000000,0,0.000000,0
kolkata,17,6,0.000530,0.000000,0,0.000000,0
kolkata,17,7,0.000530,0.000000,0,0.000000,0
kolkata,17,8,0.000530,0.000000,0,0.000000,0
kolkata,18,1,0.000535,0.000000,0,0.000000,0
kolkata,18,2,0.000535,0.000000,0,0.000000,0
kolkata,18,3,0.000535,0.000000,0,0.000000,0
kolkata,18,4,0.000535,0.000000,0,0.000000,0
kolkata,18,5,0.000535,0.000000,0,0.000000,0
kolkata,18,6,0.000535,0.000000,0,0.000000,0
kolkata,18,7,0.000535,0.000000,0,0.000000,0
kolkata,18,8,0.000535,0.000000,0,0.000000,0
kolkata,19,1,0.000662,0.000000,0,0.000000,0
kolkata,19,2,0.000662,0.000000,0,0.000000,0
kolkata,19,3,0.000662,0.000000,0,0.000000,0
kolkata,19,4,0.000662,0.000000,0,0.000000,0
kolkata,19,5,0.000662,0.000000,0,0.000000,0
kolkata,19,6,0.000662,0.000000,0,0.000000,0
kolkata,19,7,0.000662,0.000000,0,0.000000,0
kolkata,19,8,0.000662,0.000000,0,0.000000,0
kolkata,20,1,0.000608,0.000000,0,0.000000,0
kolkata,20,2,0.000608,0.000000,0,0.000000,0
kolkata,20,3,0.000608,0.000000,0,0.000000,0
kolkata,20,4,0.000608,0.000000,0,0.000000,0
kolkata,20,5,0.000608,0.000000,0,0.000000,0
kolkata,20,6,0.000608,0.000000,0,0.000000,0
kolkata,20,7,0.000608,0.000000,0,0.000000,0
kolkata,20,8,0.000608,0.000000,0,0.000000,0
kolkata,21,1,0.000564,0.000000,0,0.000000,0
kolkata,21,2,0.000564,0.000000,0,0.000000,0
kolkata,21,3,0.000564,0.000000,0,0.000000,0
kolkata,21,4,0.000564,0.000000,0,0.000000,0
kolkata,21,5,0.000564,0.000000,0,0.000000,0
kolkata,21,6,0.000564,0.000000,0,0.000000,0
kolkata,21,7,0.000564,0.000000,0,0.000000,0
kolkata,21,8,0.000564,0.000000,0,0.000000,0
kolkata,22,1,0.000545,0.000000,0,0.000000,0
kolkata,22,2,0.000545,0.000000,0,0.000000,0
kolkata,22,3,0.000545,0.000000,0,0.000000,0
kolkata,22,4,0.000545,0.000000,0,0.000000,0
kolkata,22,5,0.000545,0.000000,0,0.000000,0
kolkata,22,6,0.000545,0.000000,0,0.000000,0
kolkata,22,7,0.000545,0.000000,0,0.000000,0
kolkata,22,8,0.000545,0.000000,0,0.000000,0
kolkata,23,1,0.000549,0.000000,0,0.000000,0
kolkata,23,2,0.000549,0.000000,0,0.000000,0
kolkata,23,3,0.000549,0.000000,0,0.000000,0
kolkata,23,4,0.000549,0.000000,0,0.000000,0
kolkata,23,5,0.000549,0.000000,0,0.000000,0
kolkata,23,6,0.000549,0.000000,0,0.000000,0
kolkata,23,7,0.000549,0.000000,0,0.000000,0
kolkata,23,8,0.000549,0.000000,0,0.000000,0
kolkata,24,1,0.000536,0.000000,0,0.000000,0
kolkata,24,2,0.000536,0.000000,0,0.000000,0
kolkata,24,3,0.000536,0.000000,0,0.000000,0
kolkata,24,4,0.000536,0.000000,0,0.000000,0
kolkata,24,5,0.000536,0.000000,0,0.000000,0
kolkata,24,6,0.000536,0.000000,0,0.000000,0
kolkata,24,7,0.000536,0.000000,0,0.000000,0
kolkata,24,8,0.000536,0.000000,0,0.000000,0
kolkata,25,1,0.000563,0.000000,0,0.000000,0
kolkata,25,2,0.000563,0.000000,0,0.000000,0
kolkata,25,3,0.000563,0.000000,0,0.000000,0
kolkata,25,4,0.000563,0.000000,0,0.000000,0
kolkata,25,5,0.000563,0.000000,0,0.000000,0
kolkata,25,6,0.000563,0.000000,0,0.000000,0
kolkata,25,7,0.000563,0.000000,0,0.000000,0
kolkata,25,8,0.000563,0.000000,0,0.000000,0
kolkata,26,1,0.000545,0.000000,0,0.000000,0
kolkata,26,2,0.000545,0.000000,0,0.000000,0
kolkata,26,3,0.000545,0.000000,0,0.000000,0
kolkata,26,4,0.000545,0.000000,0,0.000000,0
kolkata,26,5,0.000545,0.000000,0,0.000000,0
kolkata,26,6,0.000545,0.000000,0,0.000000,0
kolkata,26,7,0.000545,0.000000,0,0.000000,0
kolkata,26,8,0.000545,0.000000,0,0.000000,0
kyiv,0,1,0.000610,0.000000,0,0.000000,0
kyiv,0,2,0.000610,0.000000,0,0.000000,0
kyiv,0,3,0.000610,0.000000,0,0.000000,0
kyiv,0,4,0.000610,0.000000,0,0.000000,0
kyiv,0,5,0.000610,0.000000,0,0.000000,0
kyiv,0,6,0.000610,0.000000,0,0.000000,0
kyiv,0,7,0.000610,0.000000,0,0.000000,0
kyiv,0,8,0.000610,0.000000,0,0.000000,0
kyiv,1,1,0.000637,0.000000,0,0.000000,0
kyiv,1,2,0.000637,0.000000,0,0.000000,0
kyiv,1,3,0.000637,0.000000,0,0.000000,0
kyiv,1,4,0.000637,0.000000,0,0.000000,0
kyiv,1,5,0.000637,0.000000,0,0.000000,0
kyiv,1,6,0.000637,0.000000,0,0.000000,0
kyiv,1,7,0.000637,0.000000,0,0.000000,0
kyiv,1,8,0.000637,0.000000,0,0.000000,0
kyiv,2,1,0.000620,0.000000,0,0.000000,0
kyiv,2,2,0.000620,0.000000,0,0.000000,0
kyiv,2,3,0.000620,0.000000,0,0.000000,0
kyiv,2,4,0.000620,0.000000,0,0.000000,0
kyiv,2,5,0.000620,0.000000,0,0.000000,0
kyiv,2,6,0.000620,0.000000,0,0.000000,0
kyiv,2,7,0.000620,0.000000,0,0.000000,0
kyiv,2,8,0.000620,0.000000,0,0.000000,0
kyiv,3,1,0.000600,0.000000,0,0.000000,0
kyiv,3,2,0.000600,0.000000,0,0.000000,0
kyiv,3,3,0.000600,0.000000,0,0.000000,0
kyiv,3,4,0.000600,0.000000,0,0.000000,0
kyiv,3,5,0.000600,0.000000,0,0.000000,0
kyiv,3,6,0.000600,0.000000,0,0.000000,0
kyiv,3,7,0.000600,0.000000,0,0.000000,0
kyiv,3,8,0.000600,0.000000,0,0.000000,0
kyiv,4,1,0.000657,0.000000,0,0.000000,0
kyiv,4,2,0.000657,0.000000,0,0.000000,0
kyiv,4,3,0.000657,0.000000,0,0.000000,0
kyiv,4,4,0.000657,0.000000,0,0.000000,0
kyiv,4,5,0.000657,0.000000,0,0.000000,0
kyiv,4,6,0.000657,0.000000,0,0.000000,0
kyiv,4,7,0.000657,0.000000,0,0.000000,0
kyiv,4,8,0.000657,0.000000,0,0.000000,0
kyiv,5,1,0.000640,0.000000,0,0.000000,0
kyiv,5,2,0.000640,0.000000,0,0.000000,0
kyiv,5,3,0.000640,0.000000,0,0.000000,0
kyiv,5,4,0.000640,0.000000,0,0.000000,0
kyiv,5,5,0.000640,0.000000,0,0.000000,0
kyiv,5,6,0.000640,0.000000,0,0.000000,0
kyiv,5,7,0.000640,0.000000,0,0.000000,0
kyiv,5,8,0.000640,0.000000,0,0.000000,0
kyiv,6,1,0.000620,0.000000,0,0.000000,0
kyiv,6,2,0.000620,0.000000,0,0.000000,0
kyiv,6,3,0.000620,0.000000,0,0.000000,0
kyiv,6,4,0.000620,0.000000,0,0.000000,0
kyiv,6,5,0.000620,0.000000,0,0.000000,0
kyiv,6,6,0.000620,0.000000,0,0.000000,0
kyiv,6,7,0.000620,0.000000,0,0.000000,0
kyiv,6,8,0.000620,0.000000,0,0.000000,0
kyiv,7,1,0.000644,0.000000,0,0.000000,0
kyiv,7,2,0.000644,0.000000,0,0.000000,0
kyiv,7,3,0.000644,0.000000,0,0.000000,0
kyiv,7,4,0.000644,0.000000,0,0.000000,0
kyiv,7,5,0.000644,0.000000,0,0.000000,0
kyiv,7,6,0.000644,0.000000,0,0.000000,0
kyiv,7,7,0.000644,0.000000,0,0.000000,0
kyiv,7,8,0.000644,0.000000,0,0.000000,0
kyiv,8,1,0.000631,0.000000,0,0.000000,0
kyiv,8,2,0.000631,0.000000,0,0.000000,0
kyiv,8,3,0.000631,0.000000,0,0.000000,0
kyiv,8,4,0.000631,0.000000,0,0.000000,0
kyiv,8,5,0.000631,0.000000,0,0.000000,0
kyiv,8,6,0.000631,0.000000,0,0.000000,0
kyiv,8,7,0.000631,0.000000,0,0.000000,0
kyiv,8,8,0.000631,0.000000,0,0.000000,0
kyiv,9,1,0.000620,0.000000,0,0.000000,0
kyiv,9,2,0.000620,0.000000,0,0.000000,0
kyiv,9,3,0.000620,0.000000,0,0.000000,0
kyiv,9,4,0.000620,0.000000,0,0.000000,0
kyiv,9,5,0.000620,0.000000,0,0.000000,0
kyiv,9,6,0.000620,0.000000,0,0.000000,0
kyiv,9,7,0.000620,0.000000,0,0.000000,0
kyiv,9,8,0.000620,0.000000,0,0.000000,0
kyiv,10,1,0.000623,0.000000,0,0.000000,0
kyiv,10,2,0.000623,0.000000,0,0.000000,0
kyiv,10,3,0.000623,0.000000,0,0.000000,0
kyiv,10,4,0.000623,0.000000,0,0.000000,0
kyiv,10,5,0.000623,0.000000,0,0.000000,0
kyiv,10,6,0.000623,0.000000,0,0.000000,0
kyiv,10,7,0.000623,0.000000,0,0.000000,0
kyiv,10,8,0.000623,0.000000,0,0.000000,0
kyiv,11,1,0.000622,0.000000,0,0.000000,0
kyiv,11,2,0.000622,0.000000,0,0.000000,0
kyiv,11,3,0.000622,0.000000,0,0.000000,0
kyiv,11,4,0.000622,0.000000,0,0.000000,0
kyiv,11,5,0.000622,0.000000,0,0.000000,0
kyiv,11,6,0.000622,0.000000,0,0.000000,0
kyiv,11,7,0.000622,0.000000,0,0.000000,0
kyiv,11,8,0.000622,0.000000,0,0.000000,0
kyiv,12,1,0.000601,0.000000,0,0.000000,0
kyiv,12,2,0.000601,0.000000,0,0.000000,0
kyiv,12,3,0.000601,0.000000,0,0.000000,0
kyiv,12,4,0.000601,0.000000,0,0.000000,0
kyiv,12,5,0.000601,0.000000,0,0.000000,0
kyiv,12,6,0.000601,0.000000,0,0.000000,0
kyiv,12,7,0.000601,0.000000,0,0.000000,0
kyiv,12,8,0.000601,0.000000,0,0.000000,0
kyiv,13,1,0.000617,0.000000,0,0.000000,0
kyiv,13,2,0.000617,0.000000,0,0.000000,0
kyiv,13,3,0.000617,0.000000,0,0.000000,0
kyiv,13,4,0.000617,0.000000,0,0.000000,0
kyiv,13,5,0.000617,0.000000,0,0.000000,0
kyiv,13,6,0.000617,0.000000,0,0.000000,0
kyiv,13,7,0.000617,0.000000,0,0.000000,0
kyiv,13,8,0.000617,0.000000,0,0.000000,0
kyiv,14,1,0.000636,0.000000,0,0.000000,0
kyiv,14,2,0.000636,0.000000,0,0.000000,0
kyiv,14,3,0.000636,0.000000,0,0.000000,0
kyiv,14,4,0.000636,0.000000,0,0.000000,0
kyiv,14,5,0.000636,0.000000,0,0.000000,0
kyiv,14,6,0.000636,0.000000,0,0.000000,0
kyiv,14,7,0.000636,0.000000,0,0.000000,0
kyiv,14,8,0.000636,0.000000,0,0.000000,0
kyiv,15,1,0.000589,0.000000,0,0.000000,0
kyiv,15,2,0.000589,0.000000,0,0.000000,0
kyiv,15,3,0.000589,0.000000,0,0.000000,0
kyiv,15,4,0.000589,0.000000,0,0.000000,0
kyiv,15,5,0.000589,0.000000,0,0.000000,0
kyiv,15,6,0.000589,0.000000,0,0.000000,0
kyiv,15,7,0.000589,0.000000,0,0.000000,0
kyiv,15,8,0.000589,0.000000,0,0.000000,0
kyiv,16,1,0.000635,0.000000,0,0.000000,0
kyiv,16,2,0.000635,0.000000,0,0.000000,0
kyiv,16,3,0.000635,0.000000,0,0.000000,0
kyiv,16,4,0.000635,0.000000,0,0.000000,0
kyiv,16,5,0.000635,0.000000,0,0.000000,0
kyiv,16,6,0.000635,0.000000,0,0.000000,0
kyiv,16,7,0.000635,0.000000,0,0.000000,0
kyiv,16,8,0.000635,0.000000,0,0.000000,0
kyiv,17,1,0.000655,0.000000,0,0.000000,0
kyiv,17,2,0.000655,0.000000,0,0.000000,0
kyiv,17,3,0.000655,0.000000,0,0.000000,0
kyiv,17,4,0.000655,0.000000,0,0.000000,0
kyiv,17,5,0.000655,0.000000,0,0.000000,0
kyiv,17,6,0.000655,0.000000,0,0.000000,0
kyiv,17,7,0.000655,0.000000,0,0.000000,0
kyiv,17,8,0.000655,0.000000,0,0.000000,0
kyiv,18,1,0.000653,0.000000,0,0.000000,0
kyiv,18,2,0.000653,0.000000,0,0.000000,0
kyiv,18,3,0.000653,0.000000,0,0.000000,0
kyiv,18,4,0.000653,0.000000,0,0.000000,0
kyiv,18,5,0.000653,0.000000,0,0.000000,0
kyiv,18,6,0.000653,0.000000,0,0.000000,0
kyiv,18,7,0.000653,0.000000,0,0.000000,0
kyiv,18,8,0.000653,0.000000,0,0.000000,0
kyiv,19,1,0.000598,0.000000,0,0.000000,0
kyiv,19,2,0.000598,0.000000,0,0.000000,0
kyiv,19,3,0.000598,0.000000,0,0.000000,0
kyiv,19,4,0.000598,0.000000,0,0.000000,0
kyiv,19,5,0.000598,0.000000,0,0.000000,0
kyiv,19,6,0.000598,0.000000,0,0.000000,0
kyiv,19,7,0.000598,0.000000,0,0.000000,0
kyiv,19,8,0.000598,0.000000,0,0.000000,0
kyiv,20,1,0.000623,0.000000,0,0.000000,0
kyiv,20,2,0.000623,0.000000,0,0.000000,0
kyiv,20,3,0.000623,0.000000,0,0.000000,0
kyiv,20,4,0.000623,0.000000,0,0.000000,0
kyiv,20,5,0.000623,0.000000,0,0.000000,0
kyiv,20,6,0.000623,0.000000,0,0.000000,0
kyiv,20,7,0.000623,0.000000,0,0.000000,0
kyiv,20,8,0.000623,0.000000,0,0.000000,0
kyiv,21,1,0.000608,0.000000,0,0.000000,0
kyiv,21,2,0.000608,0.000000,0,0.000000,0
kyiv,21,3,0.000608,0.000000,0,0.000000,0
kyiv,21,4,0.000608,0.000000,0,0.000000,0
kyiv,21,5,0.000608,0.000000,0,0.000000,0
kyiv,21,6,0.000608,0.000000,0,0.000000,0
kyiv,21,7,0.000608,0.000000,0,0.000000,0
kyiv,21,8,0.000608,0.000000,0,0.000000,0
kyiv,22,1,0.000599,0.000000,0,0.000000,0
kyiv,22,2,0.000599,0.000000,0,0.000000,0
kyiv,22,3,0.000599,0.000000,0,0.000000,0
kyiv,22,4,0.000599,0.000000,0,0.000000,0
kyiv,22,5,0.000599,0.000000,0,0.000000,0
kyiv,22,6,0.000599,0.000000,0,0.000000,0
kyiv,22,7,0.000599,0.000000,0,0.000000,0
kyiv,22,8,0.000599,0.000000,0,0.000000,0
kyiv,23,1,0.000612,0.000000,0,0.000000,0
kyiv,23,2,0.000612,0.000000,0,0.000000,0
kyiv,23,3,0.000612,0.000000,0,0.000000,0
kyiv,23,4,0.000612,0.000000,0,0.000000,0
kyiv,23,5,0.000612,0.000000,0,0.000000,0
kyiv,23,6,0.000612,0.000000,0,0.000000,0
kyiv,23,7,0.000612,0.000000,0,0.000000,0
kyiv,23,8,0.000612,0.000000,0,0.000000,0
kyiv,24,1,0.000601,0.000000,0,0.000000,0
kyiv,24,2,0.000601,0.000000,0,0.000000,0
kyiv,24,3,0.000601,0.000000,0,0.000000,0
kyiv,24,4,0.000601,0.000000,0,0.000000,0
kyiv,24,5,0.000601,0.000000,0,0.000000,0
kyiv,24,6,0.000601,0.000000,0,0.000000,0
kyiv,24,7,0.000601,0.000000,0,0.000000,0
kyiv,24,8,0.000601,0.000000,0,0.000000,0
kyiv,25,1,0.000604,0.000000,0,0.000000,0
kyiv,25,2,0.000604,0.000000,0,0.000000,0
kyiv,25,3,0.000604,0.000000,0,0.000000,0
kyiv,25,4,0.000604,0.000000,0,0.000000,0
kyiv,25,5,0.000604,0.000000,0,0.000000,0
kyiv,25,6,0.000604,0.000000,0,0.000000,0
kyiv,25,7,0.000604,0.000000,0,0.000000,0
kyiv,25,8,0.000604,0.000000,0,0.000000,0
kyiv,26,1,0.000598,0.000000,0,0.000000,0
kyiv,26,2,0.000598,0.000000,0,0.000000,0
kyiv,26,3,0.000598,0.000000,0,0.000000,0
kyiv,26,4,0.000598,0.000000,0,0.000000,0
kyiv,26,5,0.000598,0.000000,0,0.000000,0
kyiv,26,6,0.000598,0.000000,0,0.000000,0
kyiv,26,7,0.000598,0.000000,0,0.000000,0
kyiv,26,8,0.000598,0.000000,0,0.000000,0
kyiv,27,1,0.000617,0.000000,0,0.000000,0
kyiv,27,2,0.000617,0.000000,0,0.000000,0
kyiv,27,3,0.000617,0.000000,0,0.000000,0
kyiv,27,4,0.000617,0.000000,0,0.000000,0
kyiv,27,5,0.000617,0.000000,0,0.000000,0
kyiv,27,6,0.000617,0.000000,0,0.000000,0
kyiv,27,7,0.000617,0.000000,0,0.000000,0
kyiv,27,8,0.000617,0.000000,0,0.000000,0
kyiv,28,1,0.000610,0.000000,0,0.000000,0
kyiv,28,2,0.000610,0.000000,0,0.000000,0
kyiv,28,3,0.000610,0.000000,0,0.000000,0
kyiv,28,4,0.000610,0.000000,0,0.000000,0
kyiv,28,5,0.000610,0.000000,0,0.000000,0
kyiv,28,6,0.000610,0.000000,0,0.000000,0
kyiv,28,7,0.000610,0.000000,0,0.000000,0
kyiv,28,8,0.000610,0.000000,0,0.000000,0
kyiv,29,1,0.000605,0.000000,0,0.000000,0
kyiv,29,2,0.000605,0.000000,0,0.000000,0
kyiv,29,3,0.000605,0.000000,0,0.000000,0
kyiv,29,4,0.000605,0.000000,0,0.000000,0
kyiv,29,5,0.000605,0.000000,0,0.000000,0
kyiv,29,6,0.000605,0.000000,0,0.000000,0
kyiv,29,7,0.000605,0.000000,0,0.000000,0
kyiv,29,8,0.000605,0.000000,0,0.000000,0
kyiv,30,1,0.000588,0.000000,0,0.000000,0
kyiv,30,2,0.000588,0.000000,0,0.000000,0
kyiv,30,3,0.000588,0.000000,0,0.000000,0
kyiv,30,4,0.000588,0.000000,0,0.000000,0
kyiv,30,5,0.000588,0.000000,0,0.000000,0
kyiv,30,6,0.000588,0.000000,0,0.000000,0
kyiv,30,7,0.000588,0.000000,0,0.000000,0
kyiv,30,8,0.000588,0.000000,0,0.000000,0
kyiv,31,1,0.000593,0.000000,0,0.000000,0
kyiv,31,2,0.000593,0.000000,0,0.000000,0
kyiv,31,3,0.000593,0.000000,0,0.000000,0
kyiv,31,4,0.000593,0.000000,0,0.000000,0
kyiv,31,5,0.000593,0.000000,0,0.000000,0
kyiv,31,6,0.000593,0.000000,0,0.000000,0
kyiv,31,7,0.000593,0.000000,0,0.000000,0
kyiv,31,8,0.000593,0.000000,0,0.000000,0
kyiv,32,1,0.000581,0.000000,0,0.000000,0
kyiv,32,2,0.000581,0.000000,0,0.000000,0
kyiv,32,3,0.000581,0.000000,0,0.000000,0
kyiv,32,4,0.000581,0.000000,0,0.000000,0
kyiv,32,5,0.000581,0.000000,0,0.000000,0
kyiv,32,6,0.000581,0.000000,0,0.000000,0
kyiv,32,7,0.000581,0.000000,0,0.000000,0
kyiv,32,8,0.000581,0.000000,0,0.000000,0
kyiv,33,1,0.000612,0.000000,0,0.000000,0
kyiv,33,2,0.000612,0.000000,0,0.000000,0
kyiv,33,3,0.000612,0.000000,0,0.000000,0
kyiv,33,4,0.000612,0.000000,0,0.000000,0
kyiv,33,5,0.000612,0.000000,0,0.000000,0
kyiv,33,6,0.000612,0.000000,0,0.000000,0
kyiv,33,7,0.000612,0.000000,0,0.000000,0
kyiv,33,8,0.000612,0.000000,0,0.000000,0
kyiv,34,1,0.000582,0.000000,0,0.000000,0
kyiv,34,2,0.000582,0.000000,0,0.000000,0
kyiv,34,3,0.000582,0.000000,0,0.000000,0
kyiv,34,4,0.000582,0.000000,0,0.000000,0
kyiv,34,5,0.000582,0.000000,0,0.000000,0
kyiv,34,6,0.000582,0.000000,0,0.000000,0
kyiv,34,7,0.000582,0.000000,0,0.000000,0
kyiv,34,8,0.000582,0.000000,0,0.000000,0
kyiv,35,1,0.000592,0.000000,0,0.000000,0
kyiv,35,2,0.000592,0.000000,0,0.000000,0
kyiv,35,3,0.000592,0.000000,0,0.000000,0
kyiv,35,4,0.000592,0.000000,0,0.000000,0
kyiv,35,5,0.000592,0.000000,0,0.000000,0
kyiv,35,6,0.000592,0.000000,0,0.000000,0
kyiv,35,7,0.000592,0.000000,0,0.000000,0
kyiv,35,8,0.000592,0.000000,0,0.000000,0
kyiv,36,1,0.000625,0.000000,0,0.000000,0
kyiv,36,2,0.000625,0.000000,0,0.000000,0
kyiv,36,3,0.000625,0.000000,0,0.000000,0
kyiv,36,4,0.000625,0.000000,0,0.000000,0
kyiv,36,5,0.000625,0.000000,0,0.000000,0
kyiv,36,6,0.000625,0.000000,0,0.000000,0
kyiv,36,7,0.000625,0.000000,0,0.000000,0
kyiv,36,8,0.000625,0.000000,0,0.000000,0
kyiv,37,1,0.000602,0.000000,0,0.000000,0
kyiv,37,2,0.000602,0.000000,0,0.000000,0
kyiv,37,3,0.000602,0.000000,0,0.000000,0
kyiv,37,4,0.000602,0.000000,0,0.000000,0
kyiv,37,5,0.000602,0.000000,0,0.000000,0
kyiv,37,6,0.000602,0.000000,0,0.000000,0
kyiv,37,7,0.000602,0.000000,0,0.000000,0
kyiv,37,8,0.000602,0.000000,0,0.000000,0
kyiv,38,1,0.000604,0.000000,0,0.000000,0
kyiv,38,2,0.000604,0.000000,0,0.000000,0
kyiv,38,3,0.000604,0.000000,0,0.000000,0
kyiv,38,4,0.000604,0.000000,0,0.000000,0
kyiv,38,5,0.000604,0.000000,0,0.000000,0
kyiv,38,6,0.000604,0.000000,0,0.000000,0
kyiv,38,7,0.000604,0.000000,0,0.000000,0
kyiv,38,8,0.000604,0.000000,0,0.000000,0
kyiv,39,1,0.000641,0.000000,0,0.000000,0
kyiv,39,2,0.000641,0.000000,0,0.000000,0
kyiv,39,3,0.000641,0.000000,0,0.000000,0
kyiv,39,4,0.000641,0.000000,0,0.000000,0
kyiv,39,5,0.000641,0.000000,0,0.000000,0
kyiv,39,6,0.000641,0.000000,0,0.000000,0
kyiv,39,7,0.000641,0.000000,0,0.000000,0
kyiv,39,8,0.000641,0.000000,0,0.000000,0
kyiv,40,1,0.000699,0.000000,0,0.000000,0
kyiv,40,2,0.000699,0.000000,0,0.000000,0
kyiv,40,3,0.000699,0.000000,0,0.000000,0
kyiv,40,4,0.000699,0.000000,0,0.000000,0
kyiv,40,5,0.000699,0.000000,0,0.000000,0
kyiv,40,6,0.000699,0.000000,0,0.000000,0
kyiv,40,7,0.000699,0.000000,0,0.000000,0
kyiv,40,8,0.000699,0.000000,0,0.000000,0
kyiv,41,1,0.000633,0.000000,0,0.000000,0
kyiv,41,2,0.000633,0.000000,0,0.000000,0
kyiv,41,3,0.000633,0.000000,0,0.000000,0
kyiv,41,4,0.000633,0.000000,0,0.000000,0
kyiv,41,5,0.000633,0.000000,0,0.000000,0
kyiv,41,6,0.000633,0.000000,0,0.000000,0
kyiv,41,7,0.000633,0.000000,0,0.000000,0
kyiv,41,8,0.000633,0.000000,0,0.000000,0
kyiv,42,1,0.000598,0.000000,0,0.000000,0
kyiv,42,2,0.000598,0.000000,0,0.000000,0
kyiv,42,3,0.000598,0.000000,0,0.000000,0
kyiv,42,4,0.000598,0.000000,0,0.000000,0
kyiv,42,5,0.000598,0.000000,0,0.000000,0
kyiv,42,6,0.000598,0.000000,0,0.000000,0
kyiv,42,7,0.000598,0.000000,0,0.000000,0
kyiv,42,8,0.000598,0.000000,0,0.000000,0
kyiv,43,1,0.000648,0.000000,0,0.000000,0
kyiv,43,2,0.000648,0.000000,0,0.000000,0
kyiv,43,3,0.000648,0.000000,0,0.000000,0
kyiv,43,4,0.000648,0.000000,0,0.000000,0
kyiv,43,5,0.000648,0.000000,0,0.000000,0
kyiv,43,6,0.000648,0.000000,0,0.000000,0
kyiv,43,7,0.000648,0.000000,0,0.000000,0
kyiv,43,8,0.000648,0.000000,0,0.000000,0
kyiv,44,1,0.000658,0.000000,0,0.000000,0
kyiv,44,2,0.000658,0.000000,0,0.000000,0
kyiv,44,3,0.000658,0.000000,0,0.000000,0
kyiv,44,4,0.000658,0.000000,0,0.000000,0
kyiv,44,5,0.000658,0.000000,0,0.000000,0
kyiv,44,6,0.000658,0.000000,0,0.000000,0
kyiv,44,7,0.000658,0.000000,0,0.000000,0
kyiv,44,8,0.000658,0.000000,0,0.000000,0
kyiv,45,1,0.000659,0.000000,0,0.000000,0
kyiv,45,2,0.000659,0.000000,0,0.000000,0
kyiv,45,3,0.000659,0.000000,0,0.000000,0
kyiv,45,4,0.000659,0.000000,0,0.000000,0
kyiv,45,5,0.000659,0.000000,0,0.000000,0
kyiv,45,6,0.000659,0.000000,0,0.000000,0
kyiv,45,7,0.000659,0.000000,0,0.000000,0
kyiv,45,8,0.000659,0.000000,0,0.000000,0
kyiv,46,1,0.000608,0.000000,0,0.000000,0
kyiv,46,2,0.000608,0.000000,0,0.000000,0
kyiv,46,3,0.000608,0.000000,0,0.000000,0
kyiv,46,4,0.000608,0.000000,0,0.000000,0
kyiv,46,5,0.000608,0.000000,0,0.000000,0
kyiv,46,6,0.000608,0.000000,0,0.000000,0
kyiv,46,7,0.000608,0.000000,0,0.000000,0
kyiv,46,8,0.000608,0.000000,0,0.000000,0
kyiv,47,1,0.000613,0.000000,0,0.000000,0
kyiv,47,2,0.000613,0.000000,0,0.000000,0
kyiv,47,3,0.000613,0.000000,0,0.000000,0
kyiv,47,4,0.000613,0.000000,0,0.000000,0
kyiv,47,5,0.000613,0.000000,0,0.000000,0
kyiv,47,6,0.000613,0.000000,0,0.000000,0
kyiv,47,7,0.000613,0.000000,0,0.000000,0
kyiv,47,8,0.000613,0.000000,0,0.000000,0
kyiv,48,1,0.000625,0.000000,0,0.000000,0
kyiv,48,2,0.000625,0.000000,0,0.000000,0
kyiv,48,3,0.000625,0.000000,0,0.000000,0
kyiv,48,4,0.000625,0.000000,0,0.000000,0
kyiv,48,5,0.000625,0.000000,0,0.000000,0
kyiv,48,6,0.000625,0.000000,0,0.000000,0
kyiv,48,7,0.000625,0.000000,0,0.000000,0
kyiv,48,8,0.000625,0.000000,0,0.000000,0
kyiv,49,1,0.000587,0.000000,0,0.000000,0
kyiv,49,2,0.000587,0.000000,0,0.000000,0
kyiv,49,3,0.000587,0.000000,0,0.000000,0
kyiv,49,4,0.000587,0.000000,0,0.000000,0
kyiv,49,5,0.000587,0.000000,0,0.000000,0
kyiv,49,6,0.000587,0.000000,0,0.000000,0
kyiv,49,7,0.000587,0.000000,0,0.000000,0
kyiv,49,8,0.000587,0.000000,0,0.000000,0
kyiv,50,1,0.000616,0.000000,0,0.000000,0
kyiv,50,2,0.000616,0.000000,0,0.000000,0
kyiv,50,3,0.000616,0.000000,0,0.000000,0
kyiv,50,4,0.000616,0.000000,0,0.000000,0
kyiv,50,5,0.000616,0.000000,0,0.000000,0
kyiv,50,6,0.000616,0.000000,0,0.000000,0
kyiv,50,7,0.000616,0.000000,0,0.000000,0
kyiv,50,8,0.000616,0.000000,0,0.000000,0
kyiv,51,1,0.000600,0.000000,0,0.000000,0
kyiv,51,2,0.000600,0.000000,0,0.000000,0
kyiv,51,3,0.000600,0.000000,0,0.000000,0
kyiv,51,4,0.000600,0.000000,0,0.000000,0
kyiv,51,5,0.000600,0.000000,0,0.000000,0
kyiv,51,6,0.000600,0.000000,0,0.000000,0
kyiv,51,7,0.000600,0.000000,0,0.000000,0
kyiv,51,8,0.000600,0.000000,0,0.000000,0
kyiv,52,1,0.000620,0.000000,0,0.000000,0
kyiv,52,2,0.000620,0.000000,0,0.000000,0
kyiv,52,3,0.000620,0.000000,0,0.000000,0
kyiv,52,4,0.000620,0.000000,0,0.000000,0
kyiv,52,5,0.000620,0.000000,0,0.000000,0
kyiv,52,6,0.000620,0.000000,0,0.000000,0
kyiv,52,7,0.000620,0.000000,0,0.000000,0
kyiv,52,8,0.000620,0.000000,0,0.000000,0
kyiv,53,1,0.000596,0.000000,0,0.000000,0
kyiv,53,2,0.000596,0.000000,0,0.000000,0
kyiv,53,3,0.000596,0.000000,0,0.000000,0
kyiv,53,4,0.000596,0.000000,0,0.000000,0
kyiv,53,5,0.000596,0.000000,0,0.000000,0
kyiv,53,6,0.000596,0.000000,0,0.000000,0
kyiv,53,7,0.000596,0.000000,0,0.000000,0
kyiv,53,8,0.000596,0.000000,0,0.000000,0
kyiv,54,1,0.000590,0.000000,0,0.000000,0
kyiv,54,2,0.000590,0.000000,0,0.000000,0
kyiv,54,3,0.000590,0.000000,0,0.000000,0
kyiv,54,4,0.000590,0.000000,0,0.000000,0
kyiv,54,5,0.000590,0.000000,0,0.000000,0
kyiv,54,6,0.000590,0.000000,0,0.000000,0
kyiv,54,7,0.000590,0.000000,0,0.000000,0
kyiv,54,8,0.000590,0.000000,0,0.000000,0
kyiv,55,1,0.000613,0.000000,0,0.000000,0
kyiv,55,2,0.000613,0.000000,0,0.000000,0
kyiv,55,3,0.000613,0.000000,0,0.000000,0
kyiv,55,4,0.000613,0.000000,0,0.000000,0
kyiv,55,5,0.000613,0.000000,0,0.000000,0
kyiv,55,6,0.000613,0.000000,0,0.000000,0
kyiv,55,7,0.000613,0.000000,0,0.000000,0
kyiv,55,8,0.000613,0.000000,0,0.000000,0
kyiv,56,1,0.000595,0.000000,0,0.000000,0
kyiv,56,2,0.000595,0.000000,0,0.000000,0
kyiv,56,3,0.000595,0.000000,0,0.000000,0
kyiv,56,4,0.000595,0.000000,0,0.000000,0
kyiv,56,5,0.000595,0.000000,0,0.000000,0
kyiv,56,6,0.000595,0.000000,0,0.000000,0
kyiv,56,7,0.000595,0.000000,0,0.000000,0
kyiv,56,8,0.000595,0.000000,0,0.000000,0
kyiv,57,1,0.000611,0.000000,0,0.000000,0
kyiv,57,2,0.000611,0.000000,0,0.000000,0
kyiv,57,3,0.000611,0.000000,0,0.000000,0
kyiv,57,4,0.000611,0.000000,0,0.000000,0
kyiv,57,5,0.000611,0.000000,0,0.000000,0
kyiv,57,6,0.000611,0.000000,0,0.000000,0
kyiv,57,7,0.000611,0.000000,0,0.000000,0
kyiv,57,8,0.000611,0.000000,0,0.000000,0
kyiv,58,1,0.000608,0.000000,0,0.000000,0
kyiv,58,2,0.000608,0.000000,0,0.000000,0
kyiv,58,3,0.000608,0.000000,0,0.000000,0
kyiv,58,4,0.000608,0.000000,0,0.000000,0
kyiv,58,5,0.000608,0.000000,0,0.000000,0
kyiv,58,6,0.000608,0.000000,0,0.000000,0
kyiv,58,7,0.000608,0.000000,0,0.000000,0
kyiv,58,8,0.000608,0.000000,0,0.000000,0
kyiv,59,1,0.000603,0.000000,0,0.000000,0
kyiv,59,2,0.000603,0.000000,0,0.000000,0
kyiv,59,3,0.000603,0.000000,0,0.000000,0
kyiv,59,4,0.000603,0.000000,0,0.000000,0
kyiv,59,5,0.000603,0.000000,0,0.000000,0
kyiv,59,6,0.000603,0.000000,0,0.000000,0
kyiv,59,7,0.000603,0.000000,0,0.000000,0
kyiv,59,8,0.000603,0.000000,0,0.000000,0
kyiv,60,1,0.000630,0.000000,0,0.000000,0
kyiv,60,2,0.000630,0.000000,0,0.000000,0
kyiv,60,3,0.000630,0.000000,0,0.000000,0
kyiv,60,4,0.000630,0.000000,0,0.000000,0
kyiv,60,5,0.000630,0.000000,0,0.000000,0
kyiv,60,6,0.000630,0.000000,0,0.000000,0
kyiv,60,7,0.000630,0.000000,0,0.000000,0
kyiv,60,8,0.000630,0.000000,0,0.000000,0
kyiv,61,1,0.000656,0.000000,0,0.000000,0
kyiv,61,2,0.000656,0.000000,0,0.000000,0
kyiv,61,3,0.000656,0.000000,0,0.000000,0
kyiv,61,4,0.000656,0.000000,0,0.000000,0
kyiv,61,5,0.000656,0.000000,0,0.000000,0
kyiv,61,6,0.000656,0.000000,0,0.000000,0
kyiv,61,7,0.000656,0.000000,0,0.000000,0
kyiv,61,8,0.000656,0.000000,0,0.000000,0
kyiv,62,1,0.000610,0.000000,0,0.000000,0
kyiv,62,2,0.000610,0.000000,0,0.000000,0
kyiv,62,3,0.000610,0.000000,0,0.000000,0
kyiv,62,4,0.000610,0.000000,0,0.000000,0
kyiv,62,5,0.000610,0.000000,0,0.000000,0
kyiv,62,6,0.000610,0.000000,0,0.000000,0
kyiv,62,7,0.000610,0.000000,0,0.000000,0
kyiv,62,8,0.000610,0.000000,0,0.000000,0
kyiv,63,1,0.000712,0.000000,0,0.000000,0
kyiv,63,2,0.000712,0.000000,0,0.000000,0
kyiv,63,3,0.000712,0.000000,0,0.000000,0
kyiv,63,4,0.000712,0.000000,0,0.000000,0
kyiv,63,5,0.000712,0.000000,0,0.000000,0
kyiv,63,6,0.000712,0.000000,0,0.000000,0
kyiv,63,7,0.000712,0.000000,0,0.000000,0
kyiv,63,8,0.000712,0.000000,0,0.000000,0
kyiv,64,1,0.000598,0.000000,0,0.000000,0
kyiv,64,2,0.000598,0.000000,0,0.000000,0
kyiv,64,3,0.000598,0.000000,0,0.000000,0
kyiv,64,4,0.000598,0.000000,0,0.000000,0
kyiv,64,5,0.000598,0.000000,0,0.000000,0
kyiv,64,6,0.000598,0.000000,0,0.000000,0
kyiv,64,7,0.000598,0.000000,0,0.000000,0
kyiv,64,8,0.000598,0.000000,0,0.000000,0
kyiv,65,1,0.000632,0.000000,0,0.000000,0
kyiv,65,2,0.000632,0.000000,0,0.000000,0
kyiv,65,3,0.000632,0.000000,0,0.000000,0
kyiv,65,4,0.000632,0.000000,0,0.000000,0
kyiv,65,5,0.000632,0.000000,0,0.000000,0
kyiv,65,6,0.000632,0.000000,0,0.000000,0
kyiv,65,7,0.000632,0.000000,0,0.000000,0
kyiv,65,8,0.000632,0.000000,0,0.000000,0
kyiv,66,1,0.000644,0.000000,0,0.000000,0
kyiv,66,2,0.000644,0.000000,0,0.000000,0
kyiv,66,3,0.000644,0.000000,0,0.000000,0
kyiv,66,4,0.000644,0.000000,0,0.000000,0
kyiv,66,5,0.000644,0.000000,0,0.000000,0
kyiv,66,6,0.000644,0.000000,0,0.000000,0
kyiv,66,7,0.000644,0.000000,0,0.000000,0
kyiv,66,8,0.000644,0.000000,0,0.000000,0
kyiv,67,1,0.000604,0.000000,0,0.000000,0
kyiv,67,2,0.000604,0.000000,0,0.000000,0
kyiv,67,3,0.000604,0.000000,0,0.000000,0
kyiv,67,4,0.000604,0.000000,0,0.000000,0
kyiv,67,5,0.000604,0.000000,0,0.000000,0
kyiv,67,6,0.000604,0.000000,0,0.000000,0
kyiv,67,7,0.000604,0.000000,0,0.000000,0
kyiv,67,8,0.000604,0.000000,0,0.000000,0
kyiv,68,1,0.000596,0.000000,0,0.000000,0
kyiv,68,2,0.000596,0.000000,0,0.000000,0
kyiv,68,3,0.000596,0.000000,0,0.000000,0
kyiv,68,4,0.000596,0.000000,0,0.000000,0
kyiv,68,5,0.000596,0.000000,0,0.000000,0
kyiv,68,6,0.000596,0.000000,0,0.000000,0
kyiv,68,7,0.000596,0.000000,0,0.000000,0
kyiv,68,8,0.000596,0.000000,0,0.000000,0
kyiv,69,1,0.000622,0.000000,0,0.000000,0
kyiv,69,2,0.000622,0.000000,0,0.000000,0
kyiv,69,3,0.000622,0.000000,0,0.000000,0
kyiv,69,4,0.000622,0.000000,0,0.000000,0
kyiv,69,5,0.000622,0.000000,0,0.000000,0
kyiv,69,6,0.000622,0.000000,0,0.000000,0
kyiv,69,7,0.000622,0.000000,0,0.000000,0
kyiv,69,8,0.000622,0.000000,0,0.000000,0
kyiv,70,1,0.000623,0.000000,0,0.000000,0
kyiv,70,2,0.000623,0.000000,0,0.000000,0
kyiv,70,3,0.000623,0.000000,0,0.000000,0
kyiv,70,4,0.000623,0.000000,0,0.000000,0
kyiv,70,5,0.000623,0.000000,0,0.000000,0
kyiv,70,6,0.000623,0.000000,0,0.000000,0
kyiv,70,7,0.000623,0.000000,0,0.000000,0
kyiv,70,8,0.000623,0.000000,0,0.000000,0
kyiv,71,1,0.000615,0.000000,0,0.000000,0
kyiv,71,2,0.000615,0.000000,0,0.000000,0
kyiv,71,3,0.000615,0.000000,0,0.000000,0
kyiv,71,4,0.000615,0.000000,0,0.000000,0
kyiv,71,5,0.000615,0.000000,0,0.000000,0
kyiv,71,6,0.000615,0.000000,0,0.000000,0
kyiv,71,7,0.000615,0.000000,0,0.000000,0
kyiv,71,8,0.000615,0.000000,0,0.000000,0
kyiv,72,1,0.000587,0.000000,0,0.000000,0
kyiv,72,2,0.000587,0.000000,0,0.000000,0
kyiv,72,3,0.000587,0.000000,0,0.000000,0
kyiv,72,4,0.000587,0.000000,0,0.000000,0
kyiv,72,5,0.000587,0.000000,0,0.000000,0
kyiv,72,6,0.000587,0.000000,0,0.000000,0
kyiv,72,7,0.000587,0.000000,0,0.000000,0
kyiv,72,8,0.000587,0.000000,0,0.000000,0
kyiv,73,1,0.000631,0.000000,0,0.000000,0
kyiv,73,2,0.000631,0.000000,0,0.000000,0
kyiv,73,3,0.000631,0.000000,0,0.000000,0
kyiv,73,4,0.000631,0.000000,0,0.000000,0
kyiv,73,5,0.000631,0.000000,0,0.000000,0
kyiv,73,6,0.000631,0.000000,0,0.000000,0
kyiv,73,7,0.000631,0.000000,0,0.000000,0
kyiv,73,8,0.000631,0.000000,0,0.000000,0
kyiv,74,1,0.000697,0.000000,0,0.000000,0
kyiv,74,2,0.000697,0.000000,0,0.000000,0
kyiv,74,3,0.000697,0.000000,0,0.000000,0
kyiv,74,4,0.000697,0.000000,0,0.000000,0
kyiv,74,5,0.000697,0.000000,0,0.000000,0
kyiv,74,6,0.000697,0.000000,0,0.000000,0
kyiv,74,7,0.000697,0.000000,0,0.000000,0
kyiv,74,8,0.000697,0.000000,0,0.000000,0
kyiv,75,1,0.000627,0.000000,0,0.000000,0
kyiv,75,2,0.000627,0.000000,0,0.000000,0
kyiv,75,3,0.000627,0.000000,0,0.000000,0
kyiv,75,4,0.000627,0.000000,0,0.000000,0
kyiv,75,5,0.000627,0.000000,0,0.000000,0
kyiv,75,6,0.000627,0.000000,0,0.000000,0
kyiv,75,7,0.000627,0.000000,0,0.000000,0
kyiv,75,8,0.000627,0.000000,0,0.000000,0
kyiv,76,1,0.000650,0.000000,0,0.000000,0
kyiv,76,2,0.000650,0.000000,0,0.000000,0
kyiv,76,3,0.000650,0.000000,0,0.000000,0
kyiv,76,4,0.000650,0.000000,0,0.000000,0
kyiv,76,5,0.000650,0.000000,0,0.000000,0
kyiv,76,6,0.000650,0.000000,0,0.000000,0
kyiv,76,7,0.000650,0.000000,0,0.000000,0
kyiv,76,8,0.000650,0.000000,0,0.000000,0
kyiv,77,1,0.000597,0.000000,0,0.000000,0
kyiv,77,2,0.000597,0.000000,0,0.000000,0
kyiv,77,3,0.000597,0.000000,0,0.000000,0
kyiv,77,4,0.000597,0.000000,0,0.000000,0
kyiv,77,5,0.000597,0.000000,0,0.000000,0
kyiv,77,6,0.000597,0.000000,0,0.000000,0
kyiv,77,7,0.000597,0.000000,0,0.000000,0
kyiv,77,8,0.000597,0.000000,0,0.000000,0
kyiv,78,1,0.000664,0.000000,0,0.000000,0
kyiv,78,2,0.000664,0.000000,0,0.000000,0
kyiv,78,3,0.000664,0.000000,0,0.000000,0
kyiv,78,4,0.000664,0.000000,0,0.000000,0
kyiv,78,5,0.000664,0.000000,0,0.000000,0
kyiv,78,6,0.000664,0.000000,0,0.000000,0
kyiv,78,7,0.000664,0.000000,0,0.000000,0
kyiv,78,8,0.000664,0.000000,0,0.000000,0
kyiv,79,1,0.000599,0.000000,0,0.000000,0
kyiv,79,2,0.000599,0.000000,0,0.000000,0
kyiv,79,3,0.000599,0.000000,0,0.000000,0
kyiv,79,4,0.000599,0.000000,0,0.000000,0
kyiv,79,5,0.000599,0.000000,0,0.000000,0
kyiv,79,6,0.000599,0.000000,0,0.000000,0
kyiv,79,7,0.000599,0.000000,0,0.000000,0
kyiv,79,8,0.000599,0.000000,0,0.000000,0
kyiv,80,1,0.000625,0.000000,0,0.000000,0
kyiv,80,2,0.000625,0.000000,0,0.000000,0
kyiv,80,3,0.000625,0.000000,0,0.000000,0
kyiv,80,4,0.000625,0.000000,0,0.000000,0
kyiv,80,5,0.000625,0.000000,0,0.000000,0
kyiv,80,6,0.000625,0.000000,0,0.000000,0
kyiv,80,7,0.000625,0.000000,0,0.000000,0
kyiv,80,8,0.000625,0.000000,0,0.000000,0
kyiv,81,1,0.000635,0.000000,0,0.000000,0
kyiv,81,2,0.000635,0.000000,0,0.000000,0
kyiv,81,3,0.000635,0.000000,0,0.000000,0
kyiv,81,4,0.000635,0.000000,0,0.000000,0
kyiv,81,5,0.000635,0.000000,0,0.000000,0
kyiv,81,6,0.000635,0.000000,0,0.000000,0
kyiv,81,7,0.000635,0.000000,0,0.000000,0
kyiv,81,8,0.000635,0.000000,0,0.000000,0
kyiv,82,1,0.000599,0.000000,0,0.000000,0
kyiv,82,2,0.000599,0.000000,0,0.000000,0
kyiv,82,3,0.000599,0.000000,0,0.000000,0
kyiv,82,4,0.000599,0.000000,0,0.000000,0
kyiv,82,5,0.000599,0.000000,0,0.000000,0
kyiv,82,6,0.000599,0.000000,0,0.000000,0
kyiv,82,7,0.000599,0.000000,0,0.000000,0
kyiv,82,8,0.000599,0.000000,0,0.000000,0
kyiv,83,1,0.000603,0.000000,0,0.000000,0
kyiv,83,2,0.000603,0.000000,0,0.000000,0
kyiv,83,3,0.000603,0.000000,0,0.000000,0
kyiv,83,4,0.000603,0.000000,0,0.000000,0
kyiv,83,5,0.000603,0.000000,0,0.000000,0
kyiv,83,6,0.000603,0.000000,0,0.000000,0
kyiv,83,7,0.000603,0.000000,0,0.000000,0
kyiv,83,8,0.000603,0.000000,0,0.000000,0
kyiv,84,1,0.000607,0.000000,0,0.000000,0
kyiv,84,2,0.000607,0.000000,0,0.000000,0
kyiv,84,3,0.000607,0.000000,0,0.000000,0
kyiv,84,4,0.000607,0.000000,0,0.000000,0
kyiv,84,5,0.000607,0.000000,0,0.000000,0
kyiv,84,6,0.000607,0.000000,0,0.000000,0
kyiv,84,7,0.000607,0.000000,0,0.000000,0
kyiv,84,8,0.000607,0.000000,0,0.000000,0
kyiv,85,1,0.000587,0.000000,0,0.000000,0
kyiv,85,2,0.000587,0.000000,0,0.000000,0
kyiv,85,3,0.000587,0.000000,0,0.000000,0
kyiv,85,4,0.000587,0.000000,0,0.000000,0
kyiv,85,5,0.000587,0.000000,0,0.000000,0
kyiv,85,6,0.000587,0.000000,0,0.000000,0
kyiv,85,7,0.000587,0.000000,0,0.000000,0
kyiv,85,8,0.000587,0.000000,0,0.000000,0
kyiv,86,1,0.000586,0.000000,0,0.000000,0
kyiv,86,2,0.000586,0.000000,0,0.000000,0
kyiv,86,3,0.000586,0.000000,0,0.000000,0
kyiv,86,4,0.000586,0.000000,0,0.000000,0
kyiv,86,5,0.000586,0.000000,0,0.000000,0
kyiv,86,6,0.000586,0.000000,0,0.000000,0
kyiv,86,7,0.000586,0.000000,0,0.000000,0
kyiv,86,8,0.000586,0.000000,0,0.000000,0
kyiv,87,1,0.000619,0.000000,0,0.000000,0
kyiv,87,2,0.000619,0.000000,0,0.000000,0
kyiv,87,3,0.000619,0.000000,0,0.000000,0
kyiv,87,4,0.000619,0.000000,0,0.000000,0
kyiv,87,5,0.000619,0.000000,0,0.000000,0
kyiv,87,6,0.000619,0.000000,0,0.000000,0
kyiv,87,7,0.000619,0.000000,0,0.000000,0
kyiv,87,8,0.000619,0.000000,0,0.000000,0
kyiv,88,1,0.000627,0.000000,0,0.000000,0
kyiv,88,2,0.000627,0.000000,0,0.000000,0
kyiv,88,3,0.000627,0.000000,0,0.000000,0
kyiv,88,4,0.000627,0.000000,0,0.000000,0
kyiv,88,5,0.000627,0.000000,0,0.000000,0
kyiv,88,6,0.000627,0.000000,0,0.000000,0
kyiv,88,7,0.000627,0.000000,0,0.000000,0
kyiv,88,8,0.000627,0.000000,0,0.000000,0
kyiv,89,1,0.000593,0.000000,0,0.000000,0
kyiv,89,2,0.000593,0.000000,0,0.000000,0
kyiv,89,3,0.000593,0.000000,0,0.000000,0
kyiv,89,4,0.000593,0.000000,0,0.000000,0
kyiv,89,5,0.000593,0.000000,0,0.000000,0
kyiv,89,6,0.000593,0.000000,0,0.000000,0
kyiv,89,7,0.000593,0.000000,0,0.000000,0
kyiv,89,8,0.000593,0.000000,0,0.000000,0
kyiv,90,1,0.000598,0.000000,0,0.000000,0
kyiv,90,2,0.000598,0.000000,0,0.000000,0
kyiv,90,3,0.000598,0.000000,0,0.000000,0
kyiv,90,4,0.000598,0.000000,0,0.000000,0
kyiv,90,5,0.000598,0.000000,0,0.000000,0
kyiv,90,6,0.000598,0.000000,0,0.000000,0
kyiv,90,7,0.000598,0.000000,0,0.000000,0
kyiv,90,8,0.000598,0.000000,0,0.000000,0
kyiv,91,1,0.000638,0.000000,0,0.000000,0
kyiv,91,2,0.000638,0.000000,0,0.000000,0
kyiv,91,3,0.000638,0.000000,0,0.000000,0
kyiv,91,4,0.000638,0.000000,0,0.000000,0
kyiv,91,5,0.000638,0.000000,0,0.000000,0
kyiv,91,6,0.000638,0.000000,0,0.000000,0
kyiv,91,7,0.000638,0.000000,0,0.000000,0
kyiv,91,8,0.000638,0.000000,0,0.000000,0
kyiv,92,1,0.000639,0.000000,0,0.000000,0
kyiv,92,2,0.000639,0.000000,0,0.000000,0
kyiv,92,3,0.000639,0.000000,0,0.000000,0
kyiv,92,4,0.000639,0.000000,0,0.000000,0
kyiv,92,5,0.000639,0.000000,0,0.000000,0
kyiv,92,6,0.000639,0.000000,0,0.000000,0
kyiv,92,7,0.000639,0.000000,0,0.000000,0
kyiv,92,8,0.000639,0.000000,0,0.000000,0
kyiv,93,1,0.000673,0.000000,0,0.000000,0
kyiv,93,2,0.000673,0.000000,0,0.000000,0
kyiv,93,3,0.000673,0.000000,0,0.000000,0
kyiv,93,4,0.000673,0.000000,0,0.000000,0
kyiv,93,5,0.000673,0.000000,0,0.000000,0
kyiv,93,6,0.000673,0.000000,0,0.000000,0
kyiv,93,7,0.000673,0.000000,0,0.000000,0
kyiv,93,8,0.000673,0.000000,0,0.000000,0
kyiv,94,1,0.000732,0.000000,0,0.000000,0
kyiv,94,2,0.000732,0.000000,0,0.000000,0
kyiv,94,3,0.000732,0.000000,0,0.000000,0
kyiv,94,4,0.000732,0.000000,0,0.000000,0
kyiv,94,5,0.000732,0.000000,0,0.000000,0
kyiv,94,6,0.000732,0.000000,0,0.000000,0
kyiv,94,7,0.000732,0.000000,0,0.000000,0
kyiv,94,8,0.000732,0.000000,0,0.000000,0
kyiv,95,1,0.000681,0.000000,0,0.000000,0
kyiv,95,2,0.000681,0.000000,0,0.000000,0
kyiv,95,3,0.000681,0.000000,0,0.000000,0
kyiv,95,4,0.000681,0.000000,0,0.000000,0
kyiv,95,5,0.000681,0.000000,0,0.000000,0
kyiv,95,6,0.000681,0.000000,0,0.000000,0
kyiv,95,7,0.000681,0.000000,0,0.000000,0
kyiv,95,8,0.000681,0.000000,0,0.000000,0
kyiv,96,1,0.000652,0.000000,0,0.000000,0
kyiv,96,2,0.000652,0.000000,0,0.000000,0
kyiv,96,3,0.000652,0.000000,0,0.000000,0
kyiv,96,4,0.000652,0.000000,0,0.000000,0
kyiv,96,5,0.000652,0.000000,0,0.000000,0
kyiv,96,6,0.000652,0.000000,0,0.000000,0
kyiv,96,7,0.000652,0.000000,0,0.000000,0
kyiv,96,8,0.000652,0.000000,0,0.000000,0
kyiv,97,1,0.000629,0.000000,0,0.000000,0
kyiv,97,2,0.000629,0.000000,0,0.000000,0
kyiv,97,3,0.000629,0.000000,0,0.000000,0
kyiv,97,4,0.000629,0.000000,0,0.000000,0
kyiv,97,5,0.000629,0.000000,0,0.000000,0
kyiv,97,6,0.000629,0.000000,0,0.000000,0
kyiv,97,7,0.000629,0.000000,0,0.000000,0
kyiv,97,8,0.000629,0.000000,0,0.000000,0
kyiv,98,1,0.000603,0.000000,0,0.000000,0
kyiv,98,2,0.000603,0.000000,0,0.000000,0
kyiv,98,3,0.000603,0.000000,0,0.000000,0
kyiv,98,4,0.000603,0.000000,0,0.000000,0
kyiv,98,5,0.000603,0.000000,0,0.000000,0
kyiv,98,6,0.000603,0.000000,0,0.000000,0
kyiv,98,7,0.000603,0.000000,0,0.000000,0
kyiv,98,8,0.000603,0.000000,0,0.000000,0
kyiv,99,1,0.000618,0.000000,0,0.000000,0
kyiv,99,2,0.000618,0.000000,0,0.000000,0
kyiv,99,3,0.000618,0.000000,0,0.000000,0
kyiv,99,4,0.000618,0.000000,0,0.000000,0
kyiv,99,5,0.000618,0.000000,0,0.000000,0
kyiv,99,6,0.000618,0.000000,0,0.000000,0
kyiv,99,7,0.000618,0.000000,0,0.000000,0
kyiv,99,8,0.000618,0.000000,0,0.000000,0
kyiv,100,1,0.000597,0.000000,0,0.000000,0
kyiv,100,2,0.000597,0.000000,0,0.000000,0
kyiv,100,3,0.000597,0.000000,0,0.000000,0
kyiv,100,4,0.000597,0.000000,0,0.000000,0
kyiv,100,5,0.000597,0.000000,0,0.000000,0
kyiv,100,6,0.000597,0.000000,0,0.000000,0
kyiv,100,7,0.000597,0.000000,0,0.000000,0
kyiv,100,8,0.000597,0.000000,0,0.000000,0
kyiv,101,1,0.000587,0.000000,0,0.000000,0
kyiv,101,2,0.000587,0.000000,0,0.000000,0
kyiv,101,3,0.000587,0.000000,0,0.000000,0
kyiv,101,4,0.000587,0.000000,0,0.000000,0
kyiv,101,5,0.000587,0.000000,0,0.000000,0
kyiv,101,6,0.000587,0.000000,0,0.000000,0
kyiv,101,7,0.000587,0.000000,0,0.000000,0
kyiv,101,8,0.000587,0.000000,0,0.000000,0
kyiv,102,1,0.000603,0.000000,0,0.000000,0
kyiv,102,2,0.000603,0.000000,0,0.000000,0
kyiv,102,3,0.000603,0.000000,0,0.000000,0
kyiv,102,4,0.000603,0.000000,0,0.000000,0
kyiv,102,5,0.000603,0.000000,0,0.000000,0
kyiv,102,6,0.000603,0.000000,0,0.000000,0
kyiv,102,7,0.000603,0.000000,0,0.000000,0
kyiv,102,8,0.000603,0.000000,0,0.000000,0
kyiv,103,1,0.000600,0.000000,0,0.000000,0
kyiv,103,2,0.000600,0.000000,0,0.000000,0
kyiv,103,3,0.000600,0.000000,0,0.000000,0
kyiv,103,4,0.000600,0.000000,0,0.000000,0
kyiv,103,5,0.000600,0.000000,0,0.000000,0
kyiv,103,6,0.000600,0.000000,0,0.000000,0
kyiv,103,7,0.000600,0.000000,0,0.000000,0
kyiv,103,8,0.000600,0.000000,0,0.000000,0
kyiv,104,1,0.000616,0.000000,0,0.000000,0
kyiv,104,2,0.000616,0.000000,0,0.000000,0
kyiv,104,3,0.000616,0.000000,0,0.000000,0
kyiv,104,4,0.000616,0.000000,0,0.000000,0
kyiv,104,5,0.000616,0.000000,0,0.000000,0
kyiv,104,6,0.000616,0.000000,0,0.000000,0
kyiv,104,7,0.000616,0.000000,0,0.000000,0
kyiv,104,8,0.000616,0.000000,0,0.000000,0
kyiv,105,1,0.000580,0.000000,0,0.000000,0
kyiv,105,2,0.000580,0.000000,0,0.000000,0
kyiv,105,3,0.000580,0.000000,0,0.000000,0
kyiv,105,4,0.000580,0.000000,0,0.000000,0
kyiv,105,5,0.000580,0.000000,0,0.000000,0
kyiv,105,6,0.000580,0.000000,0,0.000000,0
kyiv,105,7,0.000580,0.000000,0,0.000000,0
kyiv,105,8,0.000580,0.000000,0,0.000000,0
kyiv,106,1,0.000608,0.000000,0,0.000000,0
kyiv,106,2,0.000608,0.000000,0,0.000000,0
kyiv,106,3,0.000608,0.000000,0,0.000000,0
kyiv,106,4,0.000608,0.000000,0,0.000000,0
kyiv,106,5,0.000608,0.000000,0,0.000000,0
kyiv,106,6,0.000608,0.000000,0,0.000000,0
kyiv,106,7,0.000608,0.000000,0,0.000000,0
kyiv,106,8,0.000608,0.000000,0,0.000000,0
kyiv,107,1,0.000591,0.000000,0,0.000000,0
kyiv,107,2,0.000591,0.000000,0,0.000000,0
kyiv,107,3,0.000591,0.000000,0,0.000000,0
kyiv,107,4,0.000591,0.000000,0,0.000000,0
kyiv,107,5,0.000591,0.000000,0,0.000000,0
kyiv,107,6,0.000591,0.000000,0,0.000000,0
kyiv,107,7,0.000591,0.000000,0,0.000000,0
kyiv,107,8,0.000591,0.000000,0,0.000000,0
kyiv,108,1,0.000600,0.000000,0,0.000000,0
kyiv,108,2,0.000600,0.000000,0,0.000000,0
kyiv,108,3,0.000600,0.000000,0,0.000000,0
kyiv,108,4,0.000600,0.000000,0,0.000000,0
kyiv,108,5,0.000600,0.000000,0,0.000000,0
kyiv,108,6,0.000600,0.000000,0,0.000000,0
kyiv,108,7,0.000600,0.000000,0,0.000000,0
kyiv,108,8,0.000600,0.000000,0,0.000000,0
kyiv,109,1,0.000651,0.000000,0,0.000000,0
kyiv,109,2,0.000651,0.000000,0,0.000000,0
kyiv,109,3,0.000651,0.000000,0,0.000000,0
kyiv,109,4,0.000651,0.000000,0,0.000000,0
kyiv,109,5,0.000651,0.000000,0,0.000000,0
kyiv,109,6,0.000651,0.000000,0,0.000000,0
kyiv,109,7,0.000651,0.000000,0,0.000000,0
kyiv,109,8,0.000651,0.000000,0,0.000000,0
kyiv,110,1,0.000721,0.000000,0,0.000000,0
kyiv,110,2,0.000721,0.000000,0,0.000000,0
kyiv,110,3,0.000721,0.000000,0,0.000000,0
kyiv,110,4,0.000721,0.000000,0,0.000000,0
kyiv,110,5,0.000721,0.000000,0,0.000000,0
kyiv,110,6,0.000721,0.000000,0,0.000000,0
kyiv,110,7,0.000721,0.000000,0,0.000000,0
kyiv,110,8,0.000721,0.000000,0,0.000000,0
kyiv,111,1,0.000653,0.000000,0,0.000000,0
kyiv,111,2,0.000653,0.000000,0,0.000000,0
kyiv,111,3,0.000653,0.000000,0,0.000000,0
kyiv,111,4,0.000653,0.000000,0,0.000000,0
kyiv,111,5,0.000653,0.000000,0,0.000000,0
kyiv,111,6,0.000653,0.000000,0,0.000000,0
kyiv,111,7,0.000653,0.000000,0,0.000000,0
kyiv,111,8,0.000653,0.000000,0,0.000000,0
kyiv,112,1,0.000614,0.000000,0,0.000000,0
kyiv,112,2,0.000614,0.000000,0,0.000000,0
kyiv,112,3,0.000614,0.000000,0,0.000000,0
kyiv,112,4,0.000614,0.000000,0,0.000000,0
kyiv,112,5,0.000614,0.000000,0,0.000000,0
kyiv,112,6,0.000614,0.000000,0,0.000000,0
kyiv,112,7,0.000614,0.000000,0,0.000000,0
kyiv,112,8,0.000614,0.000000,0,0.000000,0
kyiv,113,1,0.000629,0.000000,0,0.000000,0
kyiv,113,2,0.000629,0.000000,0,0.000000,0
kyiv,113,3,0.000629,0.000000,0,0.000000,0
kyiv,113,4,0.000629,0.000000,0,0.000000,0
kyiv,113,5,0.000629,0.000000,0,0.000000,0
kyiv,113,6,0.000629,0.000000,0,0.000000,0
kyiv,113,7,0.000629,0.000000,0,0.000000,0
kyiv,113,8,0.000629,0.000000,0,0.000000,0
kyiv,114,1,0.000604,0.000000,0,0.000000,0
kyiv,114,2,0.000604,0.000000,0,0.000000,0
kyiv,114,3,0.000604,0.000000,0,0.000000,0
kyiv,114,4,0.000604,0.000000,0,0.000000,0
kyiv,114,5,0.000604,0.000000,0,0.000000,0
kyiv,114,6,0.000604,0.000000,0,0.000000,0
kyiv,114,7,0.000604,0.000000,0,0.000000,0
kyiv,114,8,0.000604,0.000000,0,0.000000,0
kyiv,115,1,0.000645,0.000000,0,0.000000,0
kyiv,115,2,0.000645,0.000000,0,0.000000,0
kyiv,115,3,0.000645,0.000000,0,0.000000,0
kyiv,115,4,0.000645,0.000000,0,0.000000,0
kyiv,115,5,0.000645,0.000000,0,0.000000,0
kyiv,115,6,0.000645,0.000000,0,0.000000,0
kyiv,115,7,0.000645,0.000000,0,0.000000,0
kyiv,115,8,0.000645,0.000000,0,0.000000,0
kyiv,116,1,0.000610,0.000000,0,0.000000,0
kyiv,116,2,0.000610,0.000000,0,0.000000,0
kyiv,116,3,0.000610,0.000000,0,0.000000,0
kyiv,116,4,0.000610,0.000000,0,0.000000,0
kyiv,116,5,0.000610,0.000000,0,0.000000,0
kyiv,116,6,0.000610,0.000000,0,0.000000,0
kyiv,116,7,0.000610,0.000000,0,0.000000,0
kyiv,116,8,0.000610,0.000000,0,0.000000,0
kyiv,117,1,0.000592,0.000000,0,0.000000,0
kyiv,117,2,0.000592,0.000000,0,0.000000,0
kyiv,117,3,0.000592,0.000000,0,0.000000,0
kyiv,117,4,0.000592,0.000000,0,0.000000,0
kyiv,117,5,0.000592,0.000000,0,0.000000,0
kyiv,117,6,0.000592,0.000000,0,0.000000,0
kyiv,117,7,0.000592,0.000000,0,0.000000,0
kyiv,117,8,0.000592,0.000000,0,0.000000,0
kyiv,118,1,0.000617,0.000000,0,0.000000,0
kyiv,118,2,0.000617,0.000000,0,0.000000,0
kyiv,118,3,0.000617,0.000000,0,0.000000,0
kyiv,118,4,0.000617,0.000000,0,0.000000,0
kyiv,118,5,0.000617,0.000000,0,0.000000,0
kyiv,118,6,0.000617,0.000000,0,0.000000,0
kyiv,118,7,0.000617,0.000000,0,0.000000,0
kyiv,118,8,0.000617,0.000000,0,0.000000,0
kyiv,119,1,0.000594,0.000000,0,0.000000,0
kyiv,119,2,0.000594,0.000000,0,0.000000,0
kyiv,119,3,0.000594,0.000000,0,0.000000,0
kyiv,119,4,0.000594,0.000000,0,0.000000,0
kyiv,119,5,0.000594,0.000000,0,0.000000,0
kyiv,119,6,0.000594,0.000000,0,0.000000,0
kyiv,119,7,0.000594,0.000000,0,0.000000,0
kyiv,119,8,0.000594,0.000000,0,0.000000,0
kyiv,120,1,0.000594,0.000000,0,0.000000,0
kyiv,120,2,0.000594,0.000000,0,0.000000,0
kyiv,120,3,0.000594,0.000000,0,0.000000,0
kyiv,120,4,0.000594,0.000000,0,0.000000,0
kyiv,120,5,0.000594,0.000000,0,0.000000,0
kyiv,120,6,0.000594,0.000000,0,0.000000,0
kyiv,120,7,0.000594,0.000000,0,0.000000,0
kyiv,120,8,0.000594,0.000000,0,0.000000,0
kyiv,121,1,0.000606,0.000000,0,0.000000,0
kyiv,121,2,0.000606,0.000000,0,0.000000,0
kyiv,121,3,0.000606,0.000000,0,0.000000,0
kyiv,121,4,0.000606,0.000000,0,0.000000,0
kyiv,121,5,0.000606,0.000000,0,0.000000,0
kyiv,121,6,0.000606,0.000000,0,0.000000,0
kyiv,121,7,0.000606,0.000000,0,0.000000,0
kyiv,121,8,0.000606,0.000000,0,0.000000,0
kyiv,122,1,0.000615,0.000000,0,0.000000,0
kyiv,122,2,0.000615,0.000000,0,0.000000,0
kyiv,122,3,0.000615,0.000000,0,0.000000,0
kyiv,122,4,0.000615,0.000000,0,0.000000,0
kyiv,122,5,0.000615,0.000000,0,0.000000,0
kyiv,122,6,0.000615,0.000000,0,0.000000,0
kyiv,122,7,0.000615,0.000000,0,0.000000,0
kyiv,122,8,0.000615,0.000000,0,0.000000,0
kyiv,123,1,0.000626,0.000000,0,0.000000,0
kyiv,123,2,0.000626,0.000000,0,0.000000,0
kyiv,123,3,0.000626,0.000000,0,0.000000,0
kyiv,123,4,0.000626,0.000000,0,0.000000,0
kyiv,123,5,0.000626,0.000000,0,0.000000,0
kyiv,123,6,0.000626,0.000000,0,0.000000,0
kyiv,123,7,0.000626,0.000000,0,0.000000,0
kyiv,123,8,0.000626,0.000000,0,0.000000,0
kyiv,124,1,0.000643,0.000000,0,0.000000,0
kyiv,124,2,0.000643,0.000000,0,0.000000,0
kyiv,124,3,0.000643,0.000000,0,0.000000,0
kyiv,124,4,0.000643,0.000000,0,0.000000,0
kyiv,124,5,0.000643,0.000000,0,0.000000,0
kyiv,124,6,0.000643,0.000000,0,0.000000,0
kyiv,124,7,0.000643,0.000000,0,0.000000,0
kyiv,124,8,0.000643,0.000000,0,0.000000,0
kyiv,125,1,0.000643,0.000000,0,0.000000,0
kyiv,125,2,0.000643,0.000000,0,0.000000,0
kyiv,125,3,0.000643,0.000000,0,0.000000,0
kyiv,125,4,0.000643,0.000000,0,0.000000,0
kyiv,125,5,0.000643,0.000000,0,0.000000,0
kyiv,125,6,0.000643,0.000000,0,0.000000,0
kyiv,125,7,0.000643,0.000000,0,0.000000,0
kyiv,125,8,0.000643,0.000000,0,0.000000,0
kyiv,126,1,0.000619,0.000000,0,0.000000,0
kyiv,126,2,0.000619,0.000000,0,0.000000,0
kyiv,126,3,0.000619,0.000000,0,0.000000,0
kyiv,126,4,0.000619,0.000000,0,0.000000,0
kyiv,126,5,0.000619,0.000000,0,0.000000,0
kyiv,126,6,0.000619,0.000000,0,0.000000,0
kyiv,126,7,0.000619,0.000000,0,0.000000,0
kyiv,126,8,0.000619,0.000000,0,0.000000,0
kyoto,0,1,0.000629,0.000000,0,0.000000,0
kyoto,0,2,0.000629,0.000000,0,0.000000,0
kyoto,0,3,0.000629,0.000000,0,0.000000,0
kyoto,0,4,0.000629,0.000000,0,0.000000,0
kyoto,0,5,0.000629,0.000000,0,0.000000,0
kyoto,0,6,0.000629,0.000000,0,0.000000,0
kyoto,0,7,0.000629,0.000000,0,0.000000,0
kyoto,0,8,0.000629,0.000000,0,0.000000,0
kyoto,1,1,0.000652,0.000000,0,0.000000,0
kyoto,1,2,0.000652,0.000000,0,0.000000,0
kyoto,1,3,0.000652,0.000000,0,0.000000,0
kyoto,1,4,0.000652,0.000000,0,0.000000,0
kyoto,1,5,0.000652,0.000000,0,0.000000,0
kyoto,1,6,0.000652,0.000000,0,0.000000,0
kyoto,1,7,0.000652,0.000000,0,0.000000,0
kyoto,1,8,0.000652,0.000000,0,0.000000,0
kyoto,2,1,0.000605,0.000000,0,0.000000,0
kyoto,2,2,0.000605,0.000000,0,0.000000,0
kyoto,2,3,0.000605,0.000000,0,0.000000,0
kyoto,2,4,0.000605,0.000000,0,0.000000,0
kyoto,2,5,0.000605,0.000000,0,0.000000,0
kyoto,2,6,0.000605,0.000000,0,0.000000,0
kyoto,2,7,0.000605,0.000000,0,0.000000,0
kyoto,2,8,0.000605,0.000000,0,0.000000,0
kyoto,3,1,0.000634,0.000000,0,0.000000,0
kyoto,3,2,0.000634,0.000000,0,0.000000,0
kyoto,3,3,0.000634,0.000000,0,0.000000,0
kyoto,3,4,0.000634,0.000000,0,0.000000,0
kyoto,3,5,0.000634,0.000000,0,0.000000,0
kyoto,3,6,0.000634,0.000000,0,0.000000,0
kyoto,3,7,0.000634,0.000000,0,0.000000,0
kyoto,3,8,0.000634,0.000000,0,0.000000,0
kyoto,4,1,0.000640,0.000000,0,0.000000,0
kyoto,4,2,0.000640,0.000000,0,0.000000,0
kyoto,4,3,0.000640,0.000000,0,0.000000,0
kyoto,4,4,0.000640,0.000000,0,0.000000,0
kyoto,4,5,0.000640,0.000000,0,0.000000,0
kyoto,4,6,0.000640,0.000000,0,0.000000,0
kyoto,4,7,0.000640,0.000000,0,0.000000,0
kyoto,4,8,0.000640,0.000000,0,0.000000,0
kyoto,5,1,0.000628,0.000000,0,0.000000,0
kyoto,5,2,0.000628,0.000000,0,0.000000,0
kyoto,5,3,0.000628,0.000000,0,0.000000,0
kyoto,5,4,0.000628,0.000000,0,0.000000,0
kyoto,5,5,0.000628,0.000000,0,0.000000,0
kyoto,5,6,0.000628,0.000000,0,0.000000,0
kyoto,5,7,0.000628,0.000000,0,0.000000,0
kyoto,5,8,0.000628,0.000000,0,0.000000,0
kyoto,6,1,0.000627,0.000000,0,0.000000,0
kyoto,6,2,0.000627,0.000000,0,0.000000,0
kyoto,6,3,0.000627,0.000000,0,0.000000,0
kyoto,6,4,0.000627,0.000000,0,0.000000,0
kyoto,6,5,0.000627,0.000000,0,0.000000,0
kyoto,6,6,0.000627,0.000000,0,0.000000,0
kyoto,6,7,0.000627,0.000000,0,0.000000,0
kyoto,6,8,0.000627,0.000000,0,0.000000,0
kyoto,7,1,0.000668,0.000000,0,0.000000,0
kyoto,7,2,0.000668,0.000000,0,0.000000,0
kyoto,7,3,0.000668,0.000000,0,0.000000,0
kyoto,7,4,0.000668,0.000000,0,0.000000,0
kyoto,7,5,0.000668,0.000000,0,0.000000,0
kyoto,7,6,0.000668,0.000000,0,0.000000,0
kyoto,7,7,0.000668,0.000000,0,0.000000,0
kyoto,7,8,0.000668,0.000000,0,0.000000,0
kyoto,8,1,0.000748,0.000000,0,0.000000,0
kyoto,8,2,0.000748,0.000000,0,0.000000,0
kyoto,8,3,0.000748,0.000000,0,0.000000,0
kyoto,8,4,0.000748,0.000000,0,0.000000,0
kyoto,8,5,0.000748,0.000000,0,0.000000,0
kyoto,8,6,0.000748,0.000000,0,0.000000,0
kyoto,8,7,0.000748,0.000000,0,0.000000,0
kyoto,8,8,0.000748,0.000000,0,0.000000,0
kyoto,9,1,0.000627,0.000000,0,0.000000,0
kyoto,9,2,0.000627,0.000000,0,0.000000,0
kyoto,9,3,0.000627,0.000000,0,0.000000,0
kyoto,9,4,0.000627,0.000000,0,0.000000,0
kyoto,9,5,0.000627,0.000000,0,0.000000,0
kyoto,9,6,0.000627,0.000000,0,0.000000,0
kyoto,9,7,0.000627,0.000000,0,0.000000,0
kyoto,9,8,0.000627,0.000000,0,0.000000,0
kyoto,10,1,0.000778,0.000000,0,0.000000,0
kyoto,10,2,0.000778,0.000000,0,0.000000,0
kyoto,10,3,0.000778,0.000000,0,0.000000,0
kyoto,10,4,0.000778,0.000000,0,0.000000,0
kyoto,10,5,0.000778,0.000000,0,0.000000,0
kyoto,10,6,0.000778,0.000000,0,0.000000,0
kyoto,10,7,0.000778,0.000000,0,0.000000,0
kyoto,10,8,0.000778,0.000000,0,0.000000,0
kyoto,11,1,0.000662,0.000000,0,0.000000,0
kyoto,11,2,0.000662,0.000000,0,0.000000,0
kyoto,11,3,0.000662,0.000000,0,0.000000,0
kyoto,11,4,0.000662,0.000000,0,0.000000,0
kyoto,11,5,0.000662,0.000000,0,0.000000,0
kyoto,11,6,0.000662,0.000000,0,0.000000,0
kyoto,11,7,0.000662,0.000000,0,0.000000,0
kyoto,11,8,0.000662,0.000000,0,0.000000,0
kyoto,12,1,0.000639,0.000000,0,0.000000,0
kyoto,12,2,0.000639,0.000000,0,0.000000,0
kyoto,12,3,0.000639,0.000000,0,0.000000,0
kyoto,12,4,0.000639,0.000000,0,0.000000,0
kyoto,12,5,0.000639,0.000000,0,0.000000,0
kyoto,12,6,0.000639,0.000000,0,0.000000,0
kyoto,12,7,0.000639,0.000000,0,0.000000,0
kyoto,12,8,0.000639,0.000000,0,0.000000,0
kyoto,13,1,0.000674,0.000000,0,0.000000,0
kyoto,13,2,0.000674,0.000000,0,0.000000,0
kyoto,13,3,0.000674,0.000000,0,0.000000,0
kyoto,13,4,0.000674,0.000000,0,0.000000,0
kyoto,13,5,0.000674,0.000000,0,0.000000,0
kyoto,13,6,0.000674,0.000000,0,0.000000,0
kyoto,13,7,0.000674,0.000000,0,0.000000,0
kyoto,13,8,0.000674,0.000000,0,0.000000,0
kyoto,14,1,0.000709,0.000000,0,0.000000,0
kyoto,14,2,0.000709,0.000000,0,0.000000,0
kyoto,14,3,0.000709,0.000000,0,0.000000,0
kyoto,14,4,0.000709,0.000000,0,0.000000,0
kyoto,14,5,0.000709,0.000000,0,0.000000,0
kyoto,14,6,0.000709,0.000000,0,0.000000,0
kyoto,14,7,0.000709,0.000000,0,0.000000,0
kyoto,14,8,0.000709,0.000000,0,0.000000,0
kyoto,15,1,0.000721,0.000000,0,0.000000,0
kyoto,15,2,0.000721,0.000000,0,0.000000,0
kyoto,15,3,0.000721,0.000000,0,0.000000,0
kyoto,15,4,0.000721,0.000000,0,0.000000,0
kyoto,15,5,0.000721,0.000000,0,0.000000,0
kyoto,15,6,0.000721,0.000000,0,0.000000,0
kyoto,15,7,0.000721,0.000000,0,0.000000,0
kyoto,15,8,0.000721,0.000000,0,0.000000,0
kyoto,16,1,0.000697,0.000000,0,0.000000,0
kyoto,16,2,0.000697,0.000000,0,0.000000,0
kyoto,16,3,0.000697,0.000000,0,0.000000,0
kyoto,16,4,0.000697,0.000000,0,0.000000,0
kyoto,16,5,0.000697,0.000000,0,0.000000,0
kyoto,16,6,0.000697,0.000000,0,0.000000,0
kyoto,16,7,0.000697,0.000000,0,0.000000,0
kyoto,16,8,0.000697,0.000000,0,0.000000,0
kyoto,17,1,0.000705,0.000000,0,0.000000,0
kyoto,17,2,0.000705,0.000000,0,0.000000,0
kyoto,17,3,0.000705,0.000000,0,0.000000,0
kyoto,17,4,0.000705,0.000000,0,0.000000,0
kyoto,17,5,0.000705,0.000000,0,0.000000,0
kyoto,17,6,0.000705,0.000000,0,0.000000,0
kyoto,17,7,0.000705,0.000000,0,0.000000,0
kyoto,17,8,0.000705,0.000000,0,0.000000,0
kyoto,18,1,0.000645,0.000000,0,0.000000,0
kyoto,18,2,0.000645,0.000000,0,0.000000,0
kyoto,18,3,0.000645,0.000000,0,0.000000,0
kyoto,18,4,0.000645,0.000000,0,0.000000,0
kyoto,18,5,0.000645,0.000000,0,0.000000,0
kyoto,18,6,0.000645,0.000000,0,0.000000,0
kyoto,18,7,0.000645,0.000000,0,0.000000,0
kyoto,18,8,0.000645,0.000000,0,0.000000,0
kyoto,19,1,0.000618,0.000000,0,0.000000,0
kyoto,19,2,0.000618,0.000000,0,0.000000,0
kyoto,19,3,0.000618,0.000000,0,0.000000,0
kyoto,19,4,0.000618,0.000000,0,0.000000,0
kyoto,19,5,0.000618,0.000000,0,0.000000,0
kyoto,19,6,0.000618,0.000000,0,0.000000,0
kyoto,19,7,0.000618,0.000000,0,0.000000,0
kyoto,19,8,0.000618,0.000000,0,0.000000,0
kyoto,20,1,0.000659,0.000000,0,0.000000,0
kyoto,20,2,0.000659,0.000000,0,0.000000,0
kyoto,20,3,0.000659,0.000000,0,0.000000,0
kyoto,20,4,0.000659,0.000000,0,0.000000,0
kyoto,20,5,0.000659,0.000000,0,0.000000,0
kyoto,20,6,0.000659,0.000000,0,0.000000,0
kyoto,20,7,0.000659,0.000000,0,0.000000,0
kyoto,20,8,0.000659,0.000000,0,0.000000,0
kyoto,21,1,0.000618,0.000000,0,0.000000,0
kyoto,21,2,0.000618,0.000000,0,0.000000,0
kyoto,21,3,0.000618,0.000000,0,0.000000,0
kyoto,21,4,0.000618,0.000000,0,0.000000,0
kyoto,21,5,0.000618,0.000000,0,0.000000,0
kyoto,21,6,0.000618,0.000000,0,0.000000,0
kyoto,21,7,0.000618,0.000000,0,0.000000,0
kyoto,21,8,0.000618,0.000000,0,0.000000,0
kyoto,22,1,0.000600,0.000000,0,0.000000,0
kyoto,22,2,0.000600,0.000000,0,0.000000,0
kyoto,22,3,0.000600,0.000000,0,0.000000,0
kyoto,22,4,0.000600,0.000000,0,0.000000,0
kyoto,22,5,0.000600,0.000000,0,0.000000,0
kyoto,22,6,0.000600,0.000000,0,0.000000,0
kyoto,22,7,0.000600,0.000000,0,0.000000,0
kyoto,22,8,0.000600,0.000000,0,0.000000,0
kyoto,23,1,0.000627,0.000000,0,0.000000,0
kyoto,23,2,0.000627,0.000000,0,0.000000,0
kyoto,23,3,0.000627,0.000000,0,0.000000,0
kyoto,23,4,0.000627,0.000000,0,0.000000,0
kyoto,23,5,0.000627,0.000000,0,0.000000,0
kyoto,23,6,0.000627,0.000000,0,0.000000,0
kyoto,23,7,0.000627,0.000000,0,0.000000,0
kyoto,23,8,0.000627,0.000000,0,0.000000,0
kyoto,24,1,0.000652,0.000000,0,0.000000,0
kyoto,24,2,0.000652,0.000000,0,0.000000,0
kyoto,24,3,0.000652,0.000000,0,0.000000,0
kyoto,24,4,0.000652,0.000000,0,0.000000,0
kyoto,24,5,0.000652,0.000000,0,0.000000,0
kyoto,24,6,0.000652,0.000000,0,0.000000,0
kyoto,24,7,0.000652,0.000000,0,0.000000,0
kyoto,24,8,0.000652,0.000000,0,0.000000,0
kyoto,25,1,0.000628,0.000000,0,0.000000,0
kyoto,25,2,0.000628,0.000000,0,0.000000,0
kyoto,25,3,0.000628,0.000000,0,0.000000,0
kyoto,25,4,0.000628,0.000000,0,0.000000,0
kyoto,25,5,0.000628,0.000000,0,0.000000,0
kyoto,25,6,0.000628,0.000000,0,0.000000,0
kyoto,25,7,0.000628,0.000000,0,0.000000,0
kyoto,25,8,0.000628,0.000000,0,0.000000,0
kyoto,26,1,0.000605,0.000000,0,0.000000,0
kyoto,26,2,0.000605,0.000000,0,0.000000,0
kyoto,26,3,0.000605,0.000000,0,0.000000,0
kyoto,26,4,0.000605,0.000000,0,0.000000,0
kyoto,26,5,0.000605,0.000000,0,0.000000,0
kyoto,26,6,0.000605,0.000000,0,0.000000,0
kyoto,26,7,0.000605,0.000000,0,0.000000,0
kyoto,26,8,0.000605,0.000000,0,0.000000,0
kyoto,27,1,0.000663,0.000000,0,0.000000,0
kyoto,27,2,0.000663,0.000000,0,0.000000,0
kyoto,27,3,0.000663,0.000000,0,0.000000,0
kyoto,27,4,0.000663,0.000000,0,0.000000,0
kyoto,27,5,0.000663,0.000000,0,0.000000,0
kyoto,27,6,0.000663,0.000000,0,0.000000,0
kyoto,27,7,0.000663,0.000000,0,0.000000,0
kyoto,27,8,0.000663,0.000000,0,0.000000,0
kyoto,28,1,0.000680,0.000000,0,0.000000,0
kyoto,28,2,0.000680,0.000000,0,0.000000,0
kyoto,28,3,0.000680,0.000000,0,0.000000,0
kyoto,28,4,0.000680,0.000000,0,0.000000,0
kyoto,28,5,0.000680,0.000000,0,0.000000,0
kyoto,28,6,0.000680,0.000000,0,0.000000,0
kyoto,28,7,0.000680,0.000000,0,0.000000,0
kyoto,28,8,0.000680,0.000000,0,0.000000,0
kyoto,29,1,0.000715,0.000000,0,0.000000,0
kyoto,29,2,0.000715,0.000000,0,0.000000,0
kyoto,29,3,0.000715,0.000000,0,0.000000,0
kyoto,29,4,0.000715,0.000000,0,0.000000,0
kyoto,29,5,0.000715,0.000000,0,0.000000,0
kyoto,29,6,0.000715,0.000000,0,0.000000,0
kyoto,29,7,0.000715,0.000000,0,0.000000,0
kyoto,29,8,0.000715,0.000000,0,0.000000,0
kyoto,30,1,0.000593,0.000000,0,0.000000,0
kyoto,30,2,0.000593,0.000000,0,0.000000,0
kyoto,30,3,0.000593,0.000000,0,0.000000,0
kyoto,30,4,0.000593,0.000000,0,0.000000,0
kyoto,30,5,0.000593,0.000000,0,0.000000,0
kyoto,30,6,0.000593,0.000000,0,0.000000,0
kyoto,30,7,0.000593,0.000000,0,0.000000,0
kyoto,30,8,0.000593,0.000000,0,0.000000,0
kyoto,31,1,0.000607,0.000000,0,0.000000,0
kyoto,31,2,0.000607,0.000000,0,0.000000,0
kyoto,31,3,0.000607,0.000000,0,0.000000,0
kyoto,31,4,0.000607,0.000000,0,0.000000,0
kyoto,31,5,0.000607,0.000000,0,0.000000,0
kyoto,31,6,0.000607,0.000000,0,0.000000,0
kyoto,31,7,0.000607,0.000000,0,0.000000,0
kyoto,31,8,0.000607,0.000000,0,0.000000,0
kyoto,32,1,0.000605,0.000000,0,0.000000,0
kyoto,32,2,0.000605,0.000000,0,0.000000,0
kyoto,32,3,0.000605,0.000000,0,0.000000,0
kyoto,32,4,0.000605,0.000000,0,0.000000,0
kyoto,32,5,0.000605,0.000000,0,0.000000,0
kyoto,32,6,0.000605,0.000000,0,0.000000,0
kyoto,32,7,0.000605,0.000000,0,0.000000,0
kyoto,32,8,0.000605,0.000000,0,0.000000,0
kyoto,33,1,0.000589,0.000000,0,0.000000,0
kyoto,33,2,0.000589,0.000000,0,0.000000,0
kyoto,33,3,0.000589,0.000000,0,0.000000,0
kyoto,33,4,0.000589,0.000000,0,0.000000,0
kyoto,33,5,0.000589,0.000000,0,0.000000,0
kyoto,33,6,0.000589,0.000000,0,0.000000,0
kyoto,33,7,0.000589,0.000000,0,0.000000,0
kyoto,33,8,0.000589,0.000000,0,0.000000,0
kyoto,34,1,0.000599,0.000000,0,0.000000,0
kyoto,34,2,0.000599,0.000000,0,0.000000,0
kyoto,34,3,0.000599,0.000000,0,0.000000,0
kyoto,34,4,0.000599,0.000000,0,0.000000,0
kyoto,34,5,0.000599,0.000000,0,0.000000,0
kyoto,34,6,0.000599,0.000000,0,0.000000,0
kyoto,34,7,0.000599,0.000000,0,0.000000,0
kyoto,34,8,0.000599,0.000000,0,0.000000,0
kyoto,35,1,0.000625,0.000000,0,0.000000,0
kyoto,35,2,0.000625,0.000000,0,0.000000,0
kyoto,35,3,0.000625,0.000000,0,0.000000,0
kyoto,35,4,0.000625,0.000000,0,0.000000,0
kyoto,35,5,0.000625,0.000000,0,0.000000,0
kyoto,35,6,0.000625,0.000000,0,0.000000,0
kyoto,35,7,0.000625,0.000000,0,0.000000,0
kyoto,35,8,0.000625,0.000000,0,0.000000,0
kyoto,36,1,0.000585,0.000000,0,0.000000,0
kyoto,36,2,0.000585,0.000000,0,0.000000,0
kyoto,36,3,0.000585,0.000000,0,0.000000,0
kyoto,36,4,0.000585,0.000000,0,0.000000,0
kyoto,36,5,0.000585,0.000000,0,0.000000,0
kyoto,36,6,0.000585,0.000000,0,0.000000,0
kyoto,36,7,0.000585,0.000000,0,0.000000,0
kyoto,36,8,0.000585,0.000000,0,0.000000,0
kyoto,37,1,0.000588,0.000000,0,0.000000,0
kyoto,37,2,0.000588,0.000000,0,0.000000,0
kyoto,37,3,0.000588,0.000000,0,0.000000,0
kyoto,37,4,0.000588,0.000000,0,0.000000,0
kyoto,37,5,0.000588,0.000000,0,0.000000,0
kyoto,37,6,0.000588,0.000000,0,0.000000,0
kyoto,37,7,0.000588,0.000000,0,0.000000,0
kyoto,37,8,0.000588,0.000000,0,0.000000,0
kyoto,38,1,0.000581,0.000000,0,0.000000,0
kyoto,38,2,0.000581,0.000000,0,0.000000,0
kyoto,38,3,0.000581,0.000000,0,0.000000,0
kyoto,38,4,0.000581,0.000000,0,0.000000,0
kyoto,38,5,0.000581,0.000000,0,0.000000,0
kyoto,38,6,0.000581,0.000000,0,0.000000,0
kyoto,38,7,0.000581,0.000000,0,0.000000,0
kyoto,38,8,0.000581,0.000000,0,0.000000,0
kyoto,39,1,0.000588,0.000000,0,0.000000,0
kyoto,39,2,0.000588,0.000000,0,0.000000,0
kyoto,39,3,0.000588,0.000000,0,0.000000,0
kyoto,39,4,0.000588,0.000000,0,0.000000,0
kyoto,39,5,0.000588,0.000000,0,0.000000,0
kyoto,39,6,0.000588,0.000000,0,0.000000,0
kyoto,39,7,0.000588,0.000000,0,0.000000,0
kyoto,39,8,0.000588,0.000000,0,0.000000,0
kyoto,40,1,0.000592,0.000000,0,0.000000,0
kyoto,40,2,0.000592,0.000000,0,0.000000,0
kyoto,40,3,0.000592,0.000000,0,0.000000,0
kyoto,40,4,0.000592,0.000000,0,0.000000,0
kyoto,40,5,0.000592,0.000000,0,0.000000,0
kyoto,40,6,0.000592,0.000000,0,0.000000,0
kyoto,40,7,0.000592,0.000000,0,0.000000,0
kyoto,40,8,0.000592,0.000000,0,0.000000,0
kyoto,41,1,0.000602,0.000000,0,0.000000,0
kyoto,41,2,0.000602,0.000000,0,0.000000,0
kyoto,41,3,0.000602,0.000000,0,0.000000,0
kyoto,41,4,0.000602,0.000000,0,0.000000,0
kyoto,41,5,0.000602,0.000000,0,0.000000,0
kyoto,41,6,0.000602,0.000000,0,0.000000,0
kyoto,41,7,0.000602,0.000000,0,0.000000,0
kyoto,41,8,0.000602,0.000000,0,0.000000,0
kyoto,42,1,0.000608,0.000000,0,0.000000,0
kyoto,42,2,0.000608,0.000000,0,0.000000,0
kyoto,42,3,0.000608,0.000000,0,0.000000,0
kyoto,42,4,0.000608,0.000000,0,0.000000,0
kyoto,42,5,0.000608,0.000000,0,0.000000,0
kyoto,42,6,0.000608,0.000000,0,0.000000,0
kyoto,42,7,0.000608,0.000000,0,0.000000,0
kyoto,42,8,0.000608,0.000000,0,0.000000,0
kyoto,43,1,0.000587,0.000000,0,0.000000,0
kyoto,43,2,0.000587,0.000000,0,0.000000,0
kyoto,43,3,0.000587,0.000000,0,0.000000,0
kyoto,43,4,0.000587,0.000000,0,0.000000,0
kyoto,43,5,0.000587,0.000000,0,0.000000,0
kyoto,43,6,0.000587,0.000000,0,0.000000,0
kyoto,43,7,0.000587,0.000000,0,0.000000,0
kyoto,43,8,0.000587,0.000000,0,0.000000,0
kyoto,44,1,0.000668,0.000000,0,0.000000,0
kyoto,44,2,0.000668,0.000000,0,0.000000,0
kyoto,44,3,0.000668,0.000000,0,0.000000,0
kyoto,44,4,0.000668,0.000000,0,0.000000,0
kyoto,44,5,0.000668,0.000000,0,0.000000,0
kyoto,44,6,0.000668,0.000000,0,0.000000,0
kyoto,44,7,0.000668,0.000000,0,0.000000,0
kyoto,44,8,0.000668,0.000000,0,0.000000,0
kyoto,45,1,0.000668,0.000000,0,0.000000,0
kyoto,45,2,0.000668,0.000000,0,0.000000,0
kyoto,45,3,0.000668,0.000000,0,0.000000,0
kyoto,45,4,0.000668,0.000000,0,0.000000,0
kyoto,45,5,0.000668,0.000000,0,0.000000,0
kyoto,45,6,0.000668,0.000000,0,0.000000,0
kyoto,45,7,0.000668,0.000000,0,0.000000,0
kyoto,45,8,0.000668,0.000000,0,0.000000,0
kyoto,46,1,0.000599,0.000000,0,0.000000,0
kyoto,46,2,0.000599,0.000000,0,0.000000,0
kyoto,46,3,0.000599,0.000000,0,0.000000,0
kyoto,46,4,0.000599,0.000000,0,0.000000,0
kyoto,46,5,0.000599,0.000000,0,0.000000,0
kyoto,46,6,0.000599,0.000000,0,0.000000,0
kyoto,46,7,0.000599,0.000000,0,0.000000,0
kyoto,46,8,0.000599,0.000000,0,0.000000,0
kyoto,47,1,0.000604,0.000000,0,0.000000,0
kyoto,47,2,0.000604,0.000000,0,0.000000,0
kyoto,47,3,0.000604,0.000000,0,0.000000,0
kyoto,47,4,0.000604,0.000000,0,0.000000,0
kyoto,47,5,0.000604,0.000000,0,0.000000,0
kyoto,47,6,0.000604,0.000000,0,0.000000,0
kyoto,47,7,0.000604,0.000000,0,0.000000,0
kyoto,47,8,0.000604,0.000000,0,0.000000,0
kyoto,48,1,0.000697,0.000000,0,0.000000,0
kyoto,48,2,0.000697,0.000000,0,0.000000,0
kyoto,48,3,0.000697,0.000000,0,0.000000,0
kyoto,48,4,0.000697,0.000000,0,0.000000,0
kyoto,48,5,0.000697,0.000000,0,0.000000,0
kyoto,48,6,0.000697,0.000000,0,0.000000,0
kyoto,48,7,0.000697,0.000000,0,0.000000,0
kyoto,48,8,0.000697,0.000000,0,0.000000,0
kyoto,49,1,0.000633,0.000000,0,0.000000,0
kyoto,49,2,0.000633,0.000000,0,0.000000,0
kyoto,49,3,0.000633,0.000000,0,0.000000,0
kyoto,49,4,0.000633,0.000000,0,0.000000,0
kyoto,49,5,0.000633,0.000000,0,0.000000,0
kyoto,49,6,0.000633,0.000000,0,0.000000,0
kyoto,49,7,0.000633,0.000000,0,0.000000,0
kyoto,49,8,0.000633,0.000000,0,0.000000,0
kyoto,50,1,0.000667,0.000000,0,0.000000,0
kyoto,50,2,0.000667,0.000000,0,0.000000,0
kyoto,50,3,0.000667,0.000000,0,0.000000,0
kyoto,50,4,0.000667,0.000000,0,0.000000,0
kyoto,50,5,0.000667,0.000000,0,0.000000,0
kyoto,50,6,0.000667,0.000000,0,0.000000,0
kyoto,50,7,0.000667,0.000000,0,0.000000,0
kyoto,50,8,0.000667,0.000000,0,0.000000,0
kyoto,51,1,0.000718,0.000000,0,0.000000,0
kyoto,51,2,0.000718,0.000000,0,0.000000,0
kyoto,51,3,0.000718,0.000000,0,0.000000,0
kyoto,51,4,0.000718,0.000000,0,0.000000,0
kyoto,51,5,0.000718,0.000000,0,0.000000,0
kyoto,51,6,0.000718,0.000000,0,0.000000,0
kyoto,51,7,0.000718,0.000000,0,0.000000,0
kyoto,51,8,0.000718,0.000000,0,0.000000,0
kyoto,52,1,0.000665,0.000000,0,0.000000,0
kyoto,52,2,0.000665,0.000000,0,0.000000,0
kyoto,52,3,0.000665,0.000000,0,0.000000,0
kyoto,52,4,0.000665,0.000000,0,0.000000,0
kyoto,52,5,0.000665,0.000000,0,0.000000,0
kyoto,52,6,0.000665,0.000000,0,0.000000,0
kyoto,52,7,0.000665,0.000000,0,0.000000,0
kyoto,52,8,0.000665,0.000000,0,0.000000,0
kyoto,53,1,0.000614,0.000000,0,0.000000,0
kyoto,53,2,0.000614,0.000000,0,0.000000,0
kyoto,53,3,0.000614,0.000000,0,0.000000,0
kyoto,53,4,0.000614,0.000000,0,0.000000,0
kyoto,53,5,0.000614,0.000000,0,0.000000,0
kyoto,53,6,0.000614,0.000000,0,0.000000,0
kyoto,53,7,0.000614,0.000000,0,0.000000,0
kyoto,53,8,0.000614,0.000000,0,0.000000,0
kyoto,54,1,0.000623,0.000000,0,0.000000,0
kyoto,54,2,0.000623,0.000000,0,0.000000,0
kyoto,54,3,0.000623,0.000000,0,0.000000,0
kyoto,54,4,0.000623,0.000000,0,0.000000,0
kyoto,54,5,0.000623,0.000000,0,0.000000,0
kyoto,54,6,0.000623,0.000000,0,0.000000,0
kyoto,54,7,0.000623,0.000000,0,0.000000,0
kyoto,54,8,0.000623,0.000000,0,0.000000,0
kyoto,55,1,0.000604,0.000000,0,0.000000,0
kyoto,55,2,0.000604,0.000000,0,0.000000,0
kyoto,55,3,0.000604,0.000000,0,0.000000,0
kyoto,55,4,0.000604,0.000000,0,0.000000,0
kyoto,55,5,0.000604,0.000000,0,0.000000,0
kyoto,55,6,0.000604,0.000000,0,0.000000,0
kyoto,55,7,0.000604,0.000000,0,0.000000,0
kyoto,55,8,0.000604,0.000000,0,0.000000,0
kyoto,56,1,0.000622,0.000000,0,0.000000,0
kyoto,56,2,0.000622,0.000000,0,0.000000,0
kyoto,56,3,0.000622,0.000000,0,0.000000,0
kyoto,56,4,0.000622,0.000000,0,0.000000,0
kyoto,56,5,0.000622,0.000000,0,0.000000,0
kyoto,56,6,0.000622,0.000000,0,0.000000,0
kyoto,56,7,0.000622,0.000000,0,0.000000,0
kyoto,56,8,0.000622,0.000000,0,0.000000,0
kyoto,57,1,0.000645,0.000000,0,0.000000,0
kyoto,57,2,0.000645,0.000000,0,0.000000,0
kyoto,57,3,0.000645,0.000000,0,0.000000,0
kyoto,57,4,0.000645,0.000000,0,0.000000,0
kyoto,57,5,0.000645,0.000000,0,0.000000,0
kyoto,57,6,0.000645,0.000000,0,0.000000,0
kyoto,57,7,0.000645,0.000000,0,0.000000,0
kyoto,57,8,0.000645,0.000000,0,0.000000,0
kyoto,58,1,0.000615,0.000000,0,0.000000,0
kyoto,58,2,0.000615,0.000000,0,0.000000,0
kyoto,58,3,0.000615,0.000000,0,0.000000,0
kyoto,58,4,0.000615,0.000000,0,0.000000,0
kyoto,58,5,0.000615,0.000000,0,0.000000,0
kyoto,58,6,0.000615,0.000000,0,0.000000,0
kyoto,58,7,0.000615,0.000000,0,0.000000,0
kyoto,58,8,0.000615,0.000000,0,0.000000,0
kyoto,59,1,0.000622,0.000000,0,0.000000,0
kyoto,59,2,0.000622,0.000000,0,0.000000,0
kyoto,59,3,0.000622,0.000000,0,0.000000,0
kyoto,59,4,0.000622,0.000000,0,0.000000,0
kyoto,59,5,0.000622,0.000000,0,0.000000,0
kyoto,59,6,0.000622,0.000000,0,0.000000,0
kyoto,59,7,0.000622,0.000000,0,0.000000,0
kyoto,59,8,0.000622,0.000000,0,0.000000,0
kyoto,60,1,0.000601,0.000000,0,0.000000,0
kyoto,60,2,0.000601,0.000000,0,0.000000,0
kyoto,60,3,0.000601,0.000000,0,0.000000,0
kyoto,60,4,0.000601,0.000000,0,0.000000,0
kyoto,60,5,0.000601,0.000000,0,0.000000,0
kyoto,60,6,0.000601,0.000000,0,0.000000,0
kyoto,60,7,0.000601,0.000000,0,0.000000,0
kyoto,60,8,0.000601,0.000000,0,0.000000,0
kyoto,61,1,0.000617,0.000000,0,0.000000,0
kyoto,61,2,0.000617,0.000000,0,0.000000,0
kyoto,61,3,0.000617,0.000000,0,0.000000,0
kyoto,61,4,0.000617,0.000000,0,0.000000,0
kyoto,61,5,0.000617,0.000000,0,0.000000,0
kyoto,61,6,0.000617,0.000000,0,0.000000,0
kyoto,61,7,0.000617,0.000000,0,0.000000,0
kyoto,61,8,0.000617,0.000000,0,0.000000,0
kyoto,62,1,0.000642,0.000000,0,0.000000,0
kyoto,62,2,0.000642,0.000000,0,0.000000,0
kyoto,62,3,0.000642,0.000000,0,0.000000,0
kyoto,62,4,0.000642,0.000000,0,0.000000,0
kyoto,62,5,0.000642,0.000000,0,0.000000,0
kyoto,62,6,0.000642,0.000000,0,0.000000,0
kyoto,62,7,0.000642,0.000000,0,0.000000,0
kyoto,62,8,0.000642,0.000000,0,0.000000,0
kyoto,63,1,0.000638,0.000000,0,0.000000,0
kyoto,63,2,0.000638,0.000000,0,0.000000,0
kyoto,63,3,0.000638,0.000000,0,0.000000,0
kyoto,63,4,0.000638,0.000000,0,0.000000,0
kyoto,63,5,0.000638,0.000000,0,0.000000,0
kyoto,63,6,0.000638,0.000000,0,0.000000,0
kyoto,63,7,0.000638,0.000000,0,0.000000,0
kyoto,63,8,0.000638,0.000000,0,0.000000,0
kyoto,64,1,0.000637,0.000000,0,0.000000,0
kyoto,64,2,0.000637,0.000000,0,0.000000,0
kyoto,64,3,0.000637,0.000000,0,0.000000,0
kyoto,64,4,0.000637,0.000000,0,0.000000,0
kyoto,64,5,0.000637,0.000000,0,0.000000,0
kyoto,64,6,0.000637,0.000000,0,0.000000,0
kyoto,64,7,0.000637,0.000000,0,0.000000,0
kyoto,64,8,0.000637,0.000000,0,0.000000,0
kyoto,65,1,0.000651,0.000000,0,0.000000,0
kyoto,65,2,0.000651,0.000000,0,0.000000,0
kyoto,65,3,0.000651,0.000000,0,0.000000,0
kyoto,65,4,0.000651,0.000000,0,0.000000,0
kyoto,65,5,0.000651,0.000000,0,0.000000,0
kyoto,65,6,0.000651,0.000000,0,0.000000,0
kyoto,65,7,0.000651,0.000000,0,0.000000,0
kyoto,65,8,0.000651,0.000000,0,0.000000,0
kyoto,66,1,0.000600,0.000000,0,0.000000,0
kyoto,66,2,0.000600,0.000000,0,0.000000,0
kyoto,66,3,0.000600,0.000000,0,0.000000,0
kyoto,66,4,0.000600,0.000000,0,0.000000,0
kyoto,66,5,0.000600,0.000000,0,0.000000,0
kyoto,66,6,0.000600,0.000000,0,0.000000,0
kyoto,66,7,0.000600,0.000000,0,0.000000,0
kyoto,66,8,0.000600,0.000000,0,0.000000,0
kyoto,67,1,0.000623,0.000000,0,0.000000,0
kyoto,67,2,0.000623,0.000000,0,0.000000,0
kyoto,67,3,0.000623,0.000000,0,0.000000,0
kyoto,67,4,0.000623,0.000000,0,0.000000,0
kyoto,67,5,0.000623,0.000000,0,0.000000,0
kyoto,67,6,0.000623,0.000000,0,0.000000,0
kyoto,67,7,0.000623,0.000000,0,0.000000,0
kyoto,67,8,0.000623,0.000000,0,0.000000,0
kyoto,68,1,0.000599,0.000000,0,0.000000,0
kyoto,68,2,0.000599,0.000000,0,0.000000,0
kyoto,68,3,0.000599,0.000000,0,0.000000,0
kyoto,68,4,0.000599,0.000000,0,0.000000,0
kyoto,68,5,0.000599,0.000000,0,0.000000,0
kyoto,68,6,0.000599,0.000000,0,0.000000,0
kyoto,68,7,0.000599,0.000000,0,0.000000,0
kyoto,68,8,0.000599,0.000000,0,0.000000,0
kyoto,69,1,0.000590,0.000000,0,0.000000,0
kyoto,69,2,0.000590,0.000000,0,0.000000,0
kyoto,69,3,0.000590,0.000000,0,0.000000,0
kyoto,69,4,0.000590,0.000000,0,0.000000,0
kyoto,69,5,0.000590,0.000000,0,0.000000,0
kyoto,69,6,0.000590,0.000000,0,0.000000,0
kyoto,69,7,0.000590,0.000000,0,0.000000,0
kyoto,69,8,0.000590,0.000000,0,0.000000,0
kyoto,70,1,0.000604,0.000000,0,0.000000,0
kyoto,70,2,0.000604,0.000000,0,0.000000,0
kyoto,70,3,0.000604,0.000000,0,0.000000,0
kyoto,70,4,0.000604,0.000000,0,0.000000,0
kyoto,70,5,0.000604,0.000000,0,0.000000,0
kyoto,70,6,0.000604,0.000000,0,0.000000,0
kyoto,70,7,0.000604,0.000000,0,0.000000,0
kyoto,70,8,0.000604,0.000000,0,0.000000,0
kyoto,71,1,0.000601,0.000000,0,0.000000,0
kyoto,71,2,0.000601,0.000000,0,0.000000,0
kyoto,71,3,0.000601,0.000000,0,0.000000,0
kyoto,71,4,0.000601,0.000000,0,0.000000,0
kyoto,71,5,0.000601,0.000000,0,0.000000,0
kyoto,71,6,0.000601,0.000000,0,0.000000,0
kyoto,71,7,0.000601,0.000000,0,0.000000,0
kyoto,71,8,0.000601,0.000000,0,0.000000,0
kyoto,72,1,0.000597,0.000000,0,0.000000,0
kyoto,72,2,0.000597,0.000000,0,0.000000,0
kyoto,72,3,0.000597,0.000000,0,0.000000,0
kyoto,72,4,0.000597,0.000000,0,0.000000,0
kyoto,72,5,0.000597,0.000000,0,0.000000,0
kyoto,72,6,0.000597,0.000000,0,0.000000,0
kyoto,72,7,0.000597,0.000000,0,0.000000,0
kyoto,72,8,0.000597,0.000000,0,0.000000,0
kyoto,73,1,0.000586,0.000000,0,0.000000,0
kyoto,73,2,0.000586,0.000000,0,0.000000,0
kyoto,73,3,0.000586,0.000000,0,0.000000,0
kyoto,73,4,0.000586,0.000000,0,0.000000,0
kyoto,73,5,0.000586,0.000000,0,0.000000,0
kyoto,73,6,0.000586,0.000000,0,0.000000,0
kyoto,73,7,0.000586,0.000000,0,0.000000,0
kyoto,73,8,0.000586,0.000000,0,0.000000,0
kyoto,74,1,0.000594,0.000000,0,0.000000,0
kyoto,74,2,0.000594,0.000000,0,0.000000,0
kyoto,74,3,0.000594,0.000000,0,0.000000,0
kyoto,74,4,0.000594,0.000000,0,0.000000,0
kyoto,74,5,0.000594,0.000000,0,0.000000,0
kyoto,74,6,0.000594,0.000000,0,0.000000,0
kyoto,74,7,0.000594,0.000000,0,0.000000,0
kyoto,74,8,0.000594,0.000000,0,0.000000,0
kyoto,75,1,0.000588,0.000000,0,0.000000,0
kyoto,75,2,0.000588,0.000000,0,0.000000,0
kyoto,75,3,0.000588,0.000000,0,0.000000,0
kyoto,75,4,0.000588,0.000000,0,0.000000,0
kyoto,75,5,0.000588,0.000000,0,0.000000,0
kyoto,75,6,0.000588,0.000000,0,0.000000,0
kyoto,75,7,0.000588,0.000000,0,0.000000,0
kyoto,75,8,0.000588,0.000000,0,0.000000,0
kyoto,76,1,0.000586,0.000000,0,0.000000,0
kyoto,76,2,0.000586,0.000000,0,0.000000,0
kyoto,76,3,0.000586,0.000000,0,0.000000,0
kyoto,76,4,0.000586,0.000000,0,0.000000,0
kyoto,76,5,0.000586,0.000000,0,0.000000,0
kyoto,76,6,0.000586,0.000000,0,0.000000,0
kyoto,76,7,0.000586,0.000000,0,0.000000,0
kyoto,76,8,0.000586,0.000000,0,0.000000,0
kyoto,77,1,0.000580,0.000000,0,0.000000,0
kyoto,77,2,0.000580,0.000000,0,0.000000,0
kyoto,77,3,0.000580,0.000000,0,0.000000,0
kyoto,77,4,0.000580,0.000000,0,0.000000,0
kyoto,77,5,0.000580,0.000000,0,0.000000,0
kyoto,77,6,0.000580,0.000000,0,0.000000,0
kyoto,77,7,0.000580,0.000000,0,0.000000,0
kyoto,77,8,0.000580,0.000000,0,0.000000,0
kyoto,78,1,0.000684,0.000000,0,0.000000,0
kyoto,78,2,0.000684,0.000000,0,0.000000,0
kyoto,78,3,0.000684,0.000000,0,0.000000,0
kyoto,78,4,0.000684,0.000000,0,0.000000,0
kyoto,78,5,0.000684,0.000000,0,0.000000,0
kyoto,78,6,0.000684,0.000000,0,0.000000,0
kyoto,78,7,0.000684,0.000000,0,0.000000,0
kyoto,78,8,0.000684,0.000000,0,0.000000,0
kyoto,79,1,0.000608,0.000000,0,0.000000,0
kyoto,79,2,0.000608,0.000000,0,0.000000,0
kyoto,79,3,0.000608,0.000000,0,0.000000,0
kyoto,79,4,0.000608,0.000000,0,0.000000,0
kyoto,79,5,0.000608,0.000000,0,0.000000,0
kyoto,79,6,0.000608,0.000000,0,0.000000,0
kyoto,79,7,0.000608,0.000000,0,0.000000,0
kyoto,79,8,0.000608,0.000000,0,0.000000,0
kyoto,80,1,0.000605,0.000000,0,0.000000,0
kyoto,80,2,0.000605,0.000000,0,0.000000,0
kyoto,80,3,0.000605,0.000000,0,0.000000,0
kyoto,80,4,0.000605,0.000000,0,0.000000,0
kyoto,80,5,0.000605,0.000000,0,0.000000,0
kyoto,80,6,0.000605,0.000000,0,0.000000,0
kyoto,80,7,0.000605,0.000000,0,0.000000,0
kyoto,80,8,0.000605,0.000000,0,0.000000,0
kyoto,81,1,0.000587,0.000000,0,0.000000,0
kyoto,81,2,0.000587,0.000000,0,0.000000,0
kyoto,81,3,0.000587,0.000000,0,0.000000,0
kyoto,81,4,0.000587,0.000000,0,0.000000,0
kyoto,81,5,0.000587,0.000000,0,0.000000,0
kyoto,81,6,0.000587,0.000000,0,0.000000,0
kyoto,81,7,0.000587,0.000000,0,0.000000,0
kyoto,81,8,0.000587,0.000000,0,0.000000,0
kyoto,82,1,0.000707,0.000000,0,0.000000,0
kyoto,82,2,0.000707,0.000000,0,0.000000,0
kyoto,82,3,0.000707,0.000000,0,0.000000,0
kyoto,82,4,0.000707,0.000000,0,0.000000,0
kyoto,82,5,0.000707,0.000000,0,0.000000,0
kyoto,82,6,0.000707,0.000000,0,0.000000,0
kyoto,82,7,0.000707,0.000000,0,0.000000,0
kyoto,82,8,0.000707,0.000000,0,0.000000,0
kyoto,83,1,0.000646,0.000000,0,0.000000,0
kyoto,83,2,0.000646,0.000000,0,0.000000,0
kyoto,83,3,0.000646,0.000000,0,0.000000,0
kyoto,83,4,0.000646,0.000000,0,0.000000,0
kyoto,83,5,0.000646,0.000000,0,0.000000,0
kyoto,83,6,0.000646,0.000000,0,0.000000,0
kyoto,83,7,0.000646,0.000000,0,0.000000,0
kyoto,83,8,0.000646,0.000000,0,0.000000,0
kyoto,84,1,0.000708,0.000000,0,0.000000,0
kyoto,84,2,0.000708,0.000000,0,0.000000,0
kyoto,84,3,0.000708,0.000000,0,0.000000,0
kyoto,84,4,0.000708,0.000000,0,0.000000,0
kyoto,84,5,0.000708,0.000000,0,0.000000,0
kyoto,84,6,0.000708,0.000000,0,0.000000,0
kyoto,84,7,0.000708,0.000000,0,0.000000,0
kyoto,84,8,0.000708,0.000000,0,0.000000,0
kyoto,85,1,0.000678,0.000000,0,0.000000,0
kyoto,85,2,0.000678,0.000000,0,0.000000,0
kyoto,85,3,0.000678,0.000000,0,0.000000,0
kyoto,85,4,0.000678,0.000000,0,0.000000,0
kyoto,85,5,0.000678,0.000000,0,0.000000,0
kyoto,85,6,0.000678,0.000000,0,0.000000,0
kyoto,85,7,0.000678,0.000000,0,0.000000,0
kyoto,85,8,0.000678,0.000000,0,0.000000,0
kyoto,86,1,0.000690,0.000000,0,0.000000,0
kyoto,86,2,0.000690,0.000000,0,0.000000,0
kyoto,86,3,0.000690,0.000000,0,0.000000,0
kyoto,86,4,0.000690,0.000000,0,0.000000,0
kyoto,86,5,0.000690,0.000000,0,0.000000,0
kyoto,86,6,0.000690,0.000000,0,0.000000,0
kyoto,86,7,0.000690,0.000000,0,0.000000,0
kyoto,86,8,0.000690,0.000000,0,0.000000,0
kyoto,87,1,0.000655,0.000000,0,0.000000,0
kyoto,87,2,0.000655,0.000000,0,0.000000,0
kyoto,87,3,0.000655,0.000000,0,0.000000,0
kyoto,87,4,0.000655,0.000000,0,0.000000,0
kyoto,87,5,0.000655,0.000000,0,0.000000,0
kyoto,87,6,0.000655,0.000000,0,0.000000,0
kyoto,87,7,0.000655,0.000000,0,0.000000,0
kyoto,87,8,0.000655,0.000000,0,0.000000,0
kyoto,88,1,0.000586,0.000000,0,0.000000,0
kyoto,88,2,0.000586,0.000000,0,0.000000,0
kyoto,88,3,0.000586,0.000000,0,0.000000,0
kyoto,88,4,0.000586,0.000000,0,0.000000,0
kyoto,88,5,0.000586,0.000000,0,0.000000,0
kyoto,88,6,0.000586,0.000000,0,0.000000,0
kyoto,88,7,0.000586,0.000000,0,0.000000,0
kyoto,88,8,0.000586,0.000000,0,0.000000,0
kyoto,89,1,0.000678,0.000000,0,0.000000,0
kyoto,89,2,0.000678,0.000000,0,0.000000,0
kyoto,89,3,0.000678,0.000000,0,0.000000,0
kyoto,89,4,0.000678,0.000000,0,0.000000,0
kyoto,89,5,0.000678,0.000000,0,0.000000,0
kyoto,89,6,0.000678,0.000000,0,0.000000,0
kyoto,89,7,0.000678,0.000000,0,0.000000,0
kyoto,89,8,0.000678,0.000000,0,0.000000,0
kyoto,90,1,0.000677,0.000000,0,0.000000,0
kyoto,90,2,0.000677,0.000000,0,0.000000,0
kyoto,90,3,0.000677,0.000000,0,0.000000,0
kyoto,90,4,0.000677,0.000000,0,0.000000,0
kyoto,90,5,0.000677,0.000000,0,0.000000,0
kyoto,90,6,0.000677,0.000000,0,0.000000,0
kyoto,90,7,0.000677,0.000000,0,0.000000,0
kyoto,90,8,0.000677,0.000000,0,0.000000,0
kyoto,91,1,0.000661,0.000000,0,0.000000,0
kyoto,91,2,0.000661,0.000000,0,0.000000,0
kyoto,91,3,0.000661,0.000000,0,0.000000,0
kyoto,91,4,0.000661,0.000000,0,0.000000,0
kyoto,91,5,0.000661,0.000000,0,0.000000,0
kyoto,91,6,0.000661,0.000000,0,0.000000,0
kyoto,91,7,0.000661,0.000000,0,0.000000,0
kyoto,91,8,0.000661,0.000000,0,0.000000,0
kyoto,92,1,0.000601,0.000000,0,0.000000,0
kyoto,92,2,0.000601,0.000000,0,0.000000,0
kyoto,92,3,0.000601,0.000000,0,0.000000,0
kyoto,92,4,0.000601,0.000000,0,0.000000,0
kyoto,92,5,0.000601,0.000000,0,0.000000,0
kyoto,92,6,0.000601,0.000000,0,0.000000,0
kyoto,92,7,0.000601,0.000000,0,0.000000,0
kyoto,92,8,0.000601,0.000000,0,0.000000,0
kyoto,93,1,0.000606,0.000000,0,0.000000,0
kyoto,93,2,0.000606,0.000000,0,0.000000,0
kyoto,93,3,0.000606,0.000000,0,0.000000,0
kyoto,93,4,0.000606,0.000000,0,0.000000,0
kyoto,93,5,0.000606,0.000000,0,0.000000,0
kyoto,93,6,0.000606,0.000000,0,0.000000,0
kyoto,93,7,0.000606,0.000000,0,0.000000,0
kyoto,93,8,0.000606,0.000000,0,0.000000,0
kyoto,94,1,0.000606,0.000000,0,0.000000,0
kyoto,94,2,0.000606,0.000000,0,0.000000,0
kyoto,94,3,0.000606,0.000000,0,0.000000,0
kyoto,94,4,0.000606,0.000000,0,0.000000,0
kyoto,94,5,0.000606,0.000000,0,0.000000,0
kyoto,94,6,0.000606,0.000000,0,0.000000,0
kyoto,94,7,0.000606,0.000000,0,0.000000,0
kyoto,94,8,0.000606,0.000000,0,0.000000,0
kyoto,95,1,0.000621,0.000000,0,0.000000,0
kyoto,95,2,0.000621,0.000000,0,0.000000,0
kyoto,95,3,0.000621,0.000000,0,0.000000,0
kyoto,95,4,0.000621,0.000000,0,0.000000,0
kyoto,95,5,0.000621,0.000000,0,0.000000,0
kyoto,95,6,0.000621,0.000000,0,0.000000,0
kyoto,95,7,0.000621,0.000000,0,0.000000,0
kyoto,95,8,0.000621,0.000000,0,0.000000,0
kyoto,96,1,0.000627,0.000000,0,0.000000,0
kyoto,96,2,0.000627,0.000000,0,0.000000,0
kyoto,96,3,0.000627,0.000000,0,0.000000,0
kyoto,96,4,0.000627,0.000000,0,0.000000,0
kyoto,96,5,0.000627,0.000000,0,0.000000,0
kyoto,96,6,0.000627,0.000000,0,0.000000,0
kyoto,96,7,0.000627,0.000000,0,0.000000,0
kyoto,96,8,0.000627,0.000000,0,0.000000,0
kyoto,97,1,0.000626,0.000000,0,0.000000,0
kyoto,97,2,0.000626,0.000000,0,0.000000,0
kyoto,97,3,0.000626,0.000000,0,0.000000,0
kyoto,97,4,0.000626,0.000000,0,0.000000,0
kyoto,97,5,0.000626,0.000000,0,0.000000,0
kyoto,97,6,0.000626,0.000000,0,0.000000,0
kyoto,97,7,0.000626,0.000000,0,0.000000,0
kyoto,97,8,0.000626,0.000000,0,0.000000,0
kyoto,98,1,0.000613,0.000000,0,0.000000,0
kyoto,98,2,0.000613,0.000000,0,0.000000,0
kyoto,98,3,0.000613,0.000000,0,0.000000,0
kyoto,98,4,0.000613,0.000000,0,0.000000,0
kyoto,98,5,0.000613,0.000000,0,0.000000,0
kyoto,98,6,0.000613,0.000000,0,0.000000,0
kyoto,98,7,0.000613,0.000000,0,0.000000,0
kyoto,98,8,0.000613,0.000000,0,0.000000,0
kyoto,99,1,0.000591,0.000000,0,0.000000,0
kyoto,99,2,0.000591,0.000000,0,0.000000,0
kyoto,99,3,0.000591,0.000000,0,0.000000,0
kyoto,99,4,0.000591,0.000000,0,0.000000,0
kyoto,99,5,0.000591,0.000000,0,0.000000,0
kyoto,99,6,0.000591,0.000000,0,0.000000,0
kyoto,99,7,0.000591,0.000000,0,0.000000,0
kyoto,99,8,0.000591,0.000000,0,0.000000,0
kyoto,100,1,0.000603,0.000000,0,0.000000,0
kyoto,100,2,0.000603,0.000000,0,0.000000,0
kyoto,100,3,0.000603,0.000000,0,0.000000,0
kyoto,100,4,0.000603,0.000000,0,0.000000,0
kyoto,100,5,0.000603,0.000000,0,0.000000,0
kyoto,100,6,0.000603,0.000000,0,0.000000,0
kyoto,100,7,0.000603,0.000000,0,0.000000,0
kyoto,100,8,0.000603,0.000000,0,0.000000,0
kyoto,101,1,0.000582,0.000000,0,0.000000,0
kyoto,101,2,0.000582,0.000000,0,0.000000,0
kyoto,101,3,0.000582,0.000000,0,0.000000,0
kyoto,101,4,0.000582,0.000000,0,0.000000,0
kyoto,101,5,0.000582,0.000000,0,0.000000,0
kyoto,101,6,0.000582,0.000000,0,0.000000,0
kyoto,101,7,0.000582,0.000000,0,0.000000,0
kyoto,101,8,0.000582,0.000000,0,0.000000,0
kyoto,102,1,0.000589,0.000000,0,0.000000,0
kyoto,102,2,0.000589,0.000000,0,0.000000,0
kyoto,102,3,0.000589,0.000000,0,0.000000,0
kyoto,102,4,0.000589,0.000000,0,0.000000,0
kyoto,102,5,0.000589,0.000000,0,0.000000,0
kyoto,102,6,0.000589,0.000000,0,0.000000,0
kyoto,102,7,0.000589,0.000000,0,0.000000,0
kyoto,102,8,0.000589,0.000000,0,0.000000,0
kyoto,103,1,0.000584,0.000000,0,0.000000,0
kyoto,103,2,0.000584,0.000000,0,0.000000,0
kyoto,103,3,0.000584,0.000000,0,0.000000,0
kyoto,103,4,0.000584,0.000000,0,0.000000,0
kyoto,103,5,0.000584,0.000000,0,0.000000,0
kyoto,103,6,0.000584,0.000000,0,0.000000,0
kyoto,103,7,0.000584,0.000000,0,0.000000,0
kyoto,103,8,0.000584,0.000000,0,0.000000,0
kyoto,104,1,0.000583,0.000000,0,0.000000,0
kyoto,104,2,0.000583,0.000000,0,0.000000,0
kyoto,104,3,0.000583,0.000000,0,0.000000,0
kyoto,104,4,0.000583,0.000000,0,0.000000,0
kyoto,104,5,0.000583,0.000000,0,0.000000,0
kyoto,104,6,0.000583,0.000000,0,0.000000,0
kyoto,104,7,0.000583,0.000000,0,0.000000,0
kyoto,104,8,0.000583,0.000000,0,0.000000,0
kyoto,105,1,0.000598,0.000000,0,0.000000,0
kyoto,105,2,0.000598,0.000000,0,0.000000,0
kyoto,105,3,0.000598,0.000000,0,0.000000,0
kyoto,105,4,0.000598,0.000000,0,0.000000,0
kyoto,105,5,0.000598,0.000000,0,0.000000,0
kyoto,105,6,0.000598,0.000000,0,0.000000,0
kyoto,105,7,0.000598,0.000000,0,0.000000,0
kyoto,105,8,0.000598,0.000000,0,0.000000,0
kyoto,106,1,0.000603,0.000000,0,0.000000,0
kyoto,106,2,0.000603,0.000000,0,0.000000,0
kyoto,106,3,0.000603,0.000000,0,0.000000,0
kyoto,106,4,0.000603,0.000000,0,0.000000,0
kyoto,106,5,0.000603,0.000000,0,0.000000,0
kyoto,106,6,0.000603,0.000000,0,0.000000,0
kyoto,106,7,0.000603,0.000000,0,0.000000,0
kyoto,106,8,0.000603,0.000000,0,0.000000,0
kyoto,107,1,0.000604,0.000000,0,0.000000,0
kyoto,107,2,0.000604,0.000000,0,0.000000,0
kyoto,107,3,0.000604,0.000000,0,0.000000,0
kyoto,107,4,0.000604,0.000000,0,0.000000,0
kyoto,107,5,0.000604,0.000000,0,0.000000,0
kyoto,107,6,0.000604,0.000000,0,0.000000,0
kyoto,107,7,0.000604,0.000000,0,0.000000,0
kyoto,107,8,0.000604,0.000000,0,0.000000,0
kyoto,108,1,0.000594,0.000000,0,0.000000,0
kyoto,108,2,0.000594,0.000000,0,0.000000,0
kyoto,108,3,0.000594,0.000000,0,0.000000,0
kyoto,108,4,0.000594,0.000000,0,0.000000,0
kyoto,108,5,0.000594,0.000000,0,0.000000,0
kyoto,108,6,0.000594,0.000000,0,0.000000,0
kyoto,108,7,0.000594,0.000000,0,0.000000,0
kyoto,108,8,0.000594,0.000000,0,0.000000,0
kyoto,109,1,0.000588,0.000000,0,0.000000,0
kyoto,109,2,0.000588,0.000000,0,0.000000,0
kyoto,109,3,0.000588,0.000000,0,0.000000,0
kyoto,109,4,0.000588,0.000000,0,0.000000,0
kyoto,109,5,0.000588,0.000000,0,0.000000,0
kyoto,109,6,0.000588,0.000000,0,0.000000,0
kyoto,109,7,0.000588,0.000000,0,0.000000,0
kyoto,109,8,0.000588,0.000000,0,0.000000,0
kyoto,110,1,0.000593,0.000000,0,0.000000,0
kyoto,110,2,0.000593,0.000000,0,0.000000,0
kyoto,110,3,0.000593,0.000000,0,0.000000,0
kyoto,110,4,0.000593,0.000000,0,0.000000,0
kyoto,110,5,0.000593,0.000000,0,0.000000,0
kyoto,110,6,0.000593,0.000000,0,0.000000,0
kyoto,110,7,0.000593,0.000000,0,0.000000,0
kyoto,110,8,0.000593,0.000000,0,0.000000,0
kyoto,111,1,0.000613,0.000000,0,0.000000,0
kyoto,111,2,0.000613,0.000000,0,0.000000,0
kyoto,111,3,0.000613,0.000000,0,0.000000,0
kyoto,111,4,0.000613,0.000000,0,0.000000,0
kyoto,111,5,0.000613,0.000000,0,0.000000,0
kyoto,111,6,0.000613,0.000000,0,0.000000,0
kyoto,111,7,0.000613,0.000000,0,0.000000,0
kyoto,111,8,0.000613,0.000000,0,0.000000,0
kyoto,112,1,0.000757,0.000000,0,0.000000,0
kyoto,112,2,0.000757,0.000000,0,0.000000,0
kyoto,112,3,0.000757,0.000000,0,0.000000,0
kyoto,112,4,0.000757,0.000000,0,0.000000,0
kyoto,112,5,0.000757,0.000000,0,0.000000,0
kyoto,112,6,0.000757,0.000000,0,0.000000,0
kyoto,112,7,0.000757,0.000000,0,0.000000,0
kyoto,112,8,0.000757,0.000000,0,0.000000,0
kyoto,113,1,0.000728,0.000000,0,0.000000,0
kyoto,113,2,0.000728,0.000000,0,0.000000,0
kyoto,113,3,0.000728,0.000000,0,0.000000,0
kyoto,113,4,0.000728,0.000000,0,0.000000,0
kyoto,113,5,0.000728,0.000000,0,0.000000,0
kyoto,113,6,0.000728,0.000000,0,0.000000,0
kyoto,113,7,0.000728,0.000000,0,0.000000,0
kyoto,113,8,0.000728,0.000000,0,0.000000,0
kyoto,114,1,0.000657,0.000000,0,0.000000,0
kyoto,114,2,0.000657,0.000000,0,0.000000,0
kyoto,114,3,0.000657,0.000000,0,0.000000,0
kyoto,114,4,0.000657,0.000000,0,0.000000,0
kyoto,114,5,0.000657,0.000000,0,0.000000,0
kyoto,114,6,0.000657,0.000000,0,0.000000,0
kyoto,114,7,0.000657,0.000000,0,0.000000,0
kyoto,114,8,0.000657,0.000000,0,0.000000,0
kyoto,115,1,0.000648,0.000000,0,0.000000,0
kyoto,115,2,0.000648,0.000000,0,0.000000,0
kyoto,115,3,0.000648,0.000000,0,0.000000,0
kyoto,115,4,0.000648,0.000000,0,0.000000,0
kyoto,115,5,0.000648,0.000000,0,0.000000,0
kyoto,115,6,0.000648,0.000000,0,0.000000,0
kyoto,115,7,0.000648,0.000000,0,0.000000,0
kyoto,115,8,0.000648,0.000000,0,0.000000,0
kyoto,116,1,0.000599,0.000000,0,0.000000,0
kyoto,116,2,0.000599,0.000000,0,0.000000,0
kyoto,116,3,0.000599,0.000000,0,0.000000,0
kyoto,116,4,0.000599,0.000000,0,0.000000,0
kyoto,116,5,0.000599,0.000000,0,0.000000,0
kyoto,116,6,0.000599,0.000000,0,0.000000,0
kyoto,116,7,0.000599,0.000000,0,0.000000,0
kyoto,116,8,0.000599,0.000000,0,0.000000,0
kyoto,117,1,0.000600,0.000000,0,0.000000,0
kyoto,117,2,0.000600,0.000000,0,0.000000,0
kyoto,117,3,0.000600,0.000000,0,0.000000,0
kyoto,117,4,0.000600,0.000000,0,0.000000,0
kyoto,117,5,0.000600,0.000000,0,0.000000,0
kyoto,117,6,0.000600,0.000000,0,0.000000,0
kyoto,117,7,0.000600,0.000000,0,0.000000,0
kyoto,117,8,0.000600,0.000000,0,0.000000,0
kyoto,118,1,0.000643,0.000000,0,0.000000,0
kyoto,118,2,0.000643,0.000000,0,0.000000,0
kyoto,118,3,0.000643,0.000000,0,0.000000,0
kyoto,118,4,0.000643,0.000000,0,0.000000,0
kyoto,118,5,0.000643,0.000000,0,0.000000,0
kyoto,118,6,0.000643,0.000000,0,0.000000,0
kyoto,118,7,0.000643,0.000000,0,0.000000,0
kyoto,118,8,0.000643,0.000000,0,0.000000,0
kyoto,119,1,0.000729,0.000000,0,0.000000,0
kyoto,119,2,0.000729,0.000000,0,0.000000,0
kyoto,119,3,0.000729,0.000000,0,0.000000,0
kyoto,119,4,0.000729,0.000000,0,0.000000,0
kyoto,119,5,0.000729,0.000000,0,0.000000,0
kyoto,119,6,0.000729,0.000000,0,0.000000,0
kyoto,119,7,0.000729,0.000000,0,0.000000,0
kyoto,119,8,0.000729,0.000000,0,0.000000,0
kyoto,120,1,0.000676,0.000000,0,0.000000,0
kyoto,120,2,0.000676,0.000000,0,0.000000,0
kyoto,120,3,0.000676,0.000000,0,0.000000,0
kyoto,120,4,0.000676,0.000000,0,0.000000,0
kyoto,120,5,0.000676,0.000000,0,0.000000,0
kyoto,120,6,0.000676,0.000000,0,0.000000,0
kyoto,120,7,0.000676,0.000000,0,0.000000,0
kyoto,120,8,0.000676,0.000000,0,0.000000,0
kyoto,121,1,0.000653,0.000000,0,0.000000,0
kyoto,121,2,0.000653,0.000000,0,0.000000,0
kyoto,121,3,0.000653,0.000000,0,0.000000,0
kyoto,121,4,0.000653,0.000000,0,0.000000,0
kyoto,121,5,0.000653,0.000000,0,0.000000,0
kyoto,121,6,0.000653,0.000000,0,0.000000,0
kyoto,121,7,0.000653,0.000000,0,0.000000,0
kyoto,121,8,0.000653,0.000000,0,0.000000,0
kyoto,122,1,0.000635,0.000000,0,0.000000,0
kyoto,122,2,0.000635,0.000000,0,0.000000,0
kyoto,122,3,0.000635,0.000000,0,0.000000,0
kyoto,122,4,0.000635,0.000000,0,0.000000,0
kyoto,122,5,0.000635,0.000000,0,0.000000,0
kyoto,122,6,0.000635,0.000000,0,0.000000,0
kyoto,122,7,0.000635,0.000000,0,0.000000,0
kyoto,122,8,0.000635,0.000000,0,0.000000,0
kyoto,123,1,0.000634,0.000000,0,0.000000,0
kyoto,123,2,0.000634,0.000000,0,0.000000,0
kyoto,123,3,0.000634,0.000000,0,0.000000,0
kyoto,123,4,0.000634,0.000000,0,0.000000,0
kyoto,123,5,0.000634,0.000000,0,0.000000,0
kyoto,123,6,0.000634,0.000000,0,0.000000,0
kyoto,123,7,0.000634,0.000000,0,0.000000,0
kyoto,123,8,0.000634,0.000000,0,0.000000,0
kyoto,124,1,0.000628,0.000000,0,0.000000,0
kyoto,124,2,0.000628,0.000000,0,0.000000,0
kyoto,124,3,0.000628,0.000000,0,0.000000,0
kyoto,124,4,0.000628,0.000000,0,0.000000,0
kyoto,124,5,0.000628,0.000000,0,0.000000,0
kyoto,124,6,0.000628,0.000000,0,0.000000,0
kyoto,124,7,0.000628,0.000000,0,0.000000,0
kyoto,124,8,0.000628,0.000000,0,0.000000,0
kyoto,125,1,0.000598,0.000000,0,0.000000,0
kyoto,125,2,0.000598,0.000000,0,0.000000,0
kyoto,125,3,0.000598,0.000000,0,0.000000,0
kyoto,125,4,0.000598,0.000000,0,0.000000,0
kyoto,125,5,0.000598,0.000000,0,0.000000,0
kyoto,125,6,0.000598,0.000000,0,0.000000,0
kyoto,125,7,0.000598,0.000000,0,0.000000,0
kyoto,125,8,0.000598,0.000000,0,0.000000,0
kyoto,126,1,0.000613,0.000000,0,0.000000,0
kyoto,126,2,0.000613,0.000000,0,0.000000,0
kyoto,126,3,0.000613,0.000000,0,0.000000,0
kyoto,126,4,0.000613,0.000000,0,0.000000,0
kyoto,126,5,0.000613,0.000000,0,0.000000,0
kyoto,126,6,0.000613,0.000000,0,0.000000,0
kyoto,126,7,0.000613,0.000000,0,0.000000,0
kyoto,126,8,0.000613,0.000000,0,0.000000,0
lagos,0,1,0.000528,0.000000,0,0.000000,0
lagos,0,2,0.000528,0.000000,0,0.000000,0
lagos,0,3,0.000528,0.000000,0,0.000000,0
lagos,0,4,0.000528,0.000000,0,0.000000,0
lagos,0,5,0.000528,0.000000,0,0.000000,0
lagos,0,6,0.000528,0.000000,0,0.000000,0
lagos,0,7,0.000528,0.000000,0,0.000000,0
lagos,0,8,0.000528,0.000000,0,0.000000,0
lagos,1,1,0.000573,0.000000,0,0.000000,0
lagos,1,2,0.000573,0.000000,0,0.000000,0
lagos,1,3,0.000573,0.000000,0,0.000000,0
lagos,1,4,0.000573,0.000000,0,0.000000,0
lagos,1,5,0.000573,0.000000,0,0.000000,0
lagos,1,6,0.000573,0.000000,0,0.000000,0
lagos,1,7,0.000573,0.000000,0,0.000000,0
lagos,1,8,0.000573,0.000000,0,0.000000,0
lagos,2,1,0.000572,0.000000,0,0.000000,0
lagos,2,2,0.000572,0.000000,0,0.000000,0
lagos,2,3,0.000572,0.000000,0,0.000000,0
lagos,2,4,0.000572,0.000000,0,0.000000,0
lagos,2,5,0.000572,0.000000,0,0.000000,0
lagos,2,6,0.000572,0.000000,0,0.000000,0
lagos,2,7,0.000572,0.000000,0,0.000000,0
lagos,2,8,0.000572,0.000000,0,0.000000,0
lagos,3,1,0.000526,0.000000,0,0.000000,0
lagos,3,2,0.000526,0.000000,0,0.000000,0
lagos,3,3,0.000526,0.000000,0,0.000000,0
lagos,3,4,0.000526,0.000000,0,0.000000,0
lagos,3,5,0.000526,0.000000,0,0.000000,0
lagos,3,6,0.000526,0.000000,0,0.000000,0
lagos,3,7,0.000526,0.000000,0,0.000000,0
lagos,3,8,0.000526,0.000000,0,0.000000,0
lagos,4,1,0.000526,0.000000,0,0.000000,0
lagos,4,2,0.000526,0.000000,0,0.000000,0
lagos,4,3,0.000526,0.000000,0,0.000000,0
lagos,4,4,0.000526,0.000000,0,0.000000,0
lagos,4,5,0.000526,0.000000,0,0.000000,0
lagos,4,6,0.000526,0.000000,0,0.000000,0
lagos,4,7,0.000526,0.000000,0,0.000000,0
lagos,4,8,0.000526,0.000000,0,0.000000,0
lagos,5,1,0.000540,0.000000,0,0.000000,0
lagos,5,2,0.000540,0.000000,0,0.000000,0
lagos,5,3,0.000540,0.000000,0,0.000000,0
lagos,5,4,0.000540,0.000000,0,0.000000,0
lagos,5,5,0.000540,0.000000,0,0.000000,0
lagos,5,6,0.000540,0.000000,0,0.000000,0
lagos,5,7,0.000540,0.000000,0,0.000000,0
lagos,5,8,0.000540,0.000000,0,0.000000,0
lagos,6,1,0.000530,0.000000,0,0.000000,0
lagos,6,2,0.000530,0.000000,0,0.000000,0
lagos,6,3,0.000530,0.000000,0,0.000000,0
lagos,6,4,0.000530,0.000000,0,0.000000,0
lagos,6,5,0.000530,0.000000,0,0.000000,0
lagos,6,6,0.000530,0.000000,0,0.000000,0
lagos,6,7,0.000530,0.000000,0,0.000000,0
lagos,6,8,0.000530,0.000000,0,0.000000,0
lima,0,1,0.000545,0.000000,0,0.000000,0
lima,0,2,0.000545,0.000000,0,0.000000,0
lima,0,3,0.000545,0.000000,0,0.000000,0
lima,0,4,0.000545,0.000000,0,0.000000,0
lima,0,5,0.000545,0.000000,0,0.000000,0
lima,0,6,0.000545,0.000000,0,0.000000,0
lima,0,7,0.000545,0.000000,0,0.000000,0
lima,0,8,0.000545,0.000000,0,0.000000,0
lima,1,1,0.000548,0.000000,0,0.000000,0
lima,1,2,0.000548,0.000000,0,0.000000,0
lima,1,3,0.000548,0.000000,0,0.000000,0
lima,1,4,0.000548,0.000000,0,0.000000,0
lima,1,5,0.000548,0.000000,0,0.000000,0
lima,1,6,0.000548,0.000000,0,0.000000,0
lima,1,7,0.000548,0.000000,0,0.000000,0
lima,1,8,0.000548,0.000000,0,0.000000,0
lima,2,1,0.000529,0.000000,0,0.000000,0
lima,2,2,0.000529,0.000000,0,0.000000,0
lima,2,3,0.000529,0.000000,0,0.000000,0
lima,2,4,0.000529,0.000000,0,0.000000,0
lima,2,5,0.000529,0.000000,0,0.000000,0
lima,2,6,0.000529,0.000000,0,0.000000,0
lima,2,7,0.000529,0.000000,0,0.000000,0
lima,2,8,0.000529,0.000000,0,0.000000,0
lima,3,1,0.000545,0.000000,0,0.000000,0
lima,3,2,0.000545,0.000000,0,0.000000,0
lima,3,3,0.000545,0.000000,0,0.000000,0
lima,3,4,0.000545,0.000000,0,0.000000,0
lima,3,5,0.000545,0.000000,0,0.000000,0
lima,3,6,0.000545,0.000000,0,0.000000,0
lima,3,7,0.000545,0.000000,0,0.000000,0
lima,3,8,0.000545,0.000000,0,0.000000,0
lima,4,1,0.000509,0.000000,0,0.000000,0
lima,4,2,0.000509,0.000000,0,0.000000,0
lima,4,3,0.000509,0.000000,0,0.000000,0
lima,4,4,0.000509,0.000000,0,0.000000,0
lima,4,5,0.000509,0.000000,0,0.000000,0
lima,4,6,0.000509,0.000000,0,0.000000,0
lima,4,7,0.000509,0.000000,0,0.000000,0
lima,4,8,0.000509,0.000000,0,0.000000,0
london,0,1,0.000575,0.000000,0,0.000000,0
london,0,2,0.000575,0.000000,0,0.000000,0
london,0,3,0.000575,0.000000,0,0.000000,0
london,0,4,0.000575,0.000000,0,0.000000,0
london,0,5,0.000575,0.000000,0,0.000000,0
london,0,6,0.000575,0.000000,0,0.000000,0
london,0,7,0.000575,0.000000,0,0.000000,0
london,0,8,0.000575,0.000000,0,0.000000,0
london,1,1,0.000554,0.000000,0,0.000000,0
london,1,2,0.000554,0.000000,0,0.000000,0
london,1,3,0.000554,0.000000,0,0.000000,0
london,1,4,0.000554,0.000000,0,0.000000,0
london,1,5,0.000554,0.000000,0,0.000000,0
london,1,6,0.000554,0.000000,0,0.000000,0
london,1,7,0.000554,0.000000,0,0.000000,0
london,1,8,0.000554,0.000000,0,0.000000,0
london,2,1,0.000545,0.000000,0,0.000000,0
london,2,2,0.000545,0.000000,0,0.000000,0
london,2,3,0.000545,0.000000,0,0.000000,0
london,2,4,0.000545,0.000000,0,0.000000,0
london,2,5,0.000545,0.000000,0,0.000000,0
london,2,6,0.000545,0.000000,0,0.000000,0
london,2,7,0.000545,0.000000,0,0.000000,0
london,2,8,0.000545,0.000000,0,0.000000,0
london,3,1,0.000547,0.000000,0,0.000000,0
london,3,2,0.000547,0.000000,0,0.000000,0
london,3,3,0.000547,0.000000,0,0.000000,0
london,3,4,0.000547,0.000000,0,0.000000,0
london,3,5,0.000547,0.000000,0,0.000000,0
london,3,6,0.000547,0.000000,0,0.000000,0
london,3,7,0.000547,0.000000,0,0.000000,0
london,3,8,0.000547,0.000000,0,0.000000,0
london,4,1,0.000570,0.000000,0,0.000000,0
london,4,2,0.000570,0.000000,0,0.000000,0
london,4,3,0.000570,0.000000,0,0.000000,0
london,4,4,0.000570,0.000000,0,0.000000,0
london,4,5,0.000570,0.000000,0,0.000000,0
london,4,6,0.000570,0.000000,0,0.000000,0
london,4,7,0.000570,0.000000,0,0.000000,0
london,4,8,0.000570,0.000000,0,0.000000,0
makarresh,0,1,0.000674,0.000000,0,0.000000,0
makarresh,0,2,0.000674,0.000000,0,0.000000,0
makarresh,0,3,0.000674,0.000000,0,0.000000,0
makarresh,0,4,0.000674,0.000000,0,0.000000,0
makarresh,0,5,0.000674,0.000000,0,0.000000,0
makarresh,0,6,0.000674,0.000000,0,0.000000,0
makarresh,0,7,0.000674,0.000000,0,0.000000,0
makarresh,0,8,0.000674,0.000000,0,0.000000,0
makarresh,1,1,0.000773,0.000000,0,0.000000,0
makarresh,1,2,0.000773,0.000000,0,0.000000,0
makarresh,1,3,0.000773,0.000000,0,0.000000,0
makarresh,1,4,0.000773,0.000000,0,0.000000,0
makarresh,1,5,0.000773,0.000000,0,0.000000,0
makarresh,1,6,0.000773,0.000000,0,0.000000,0
makarresh,1,7,0.000773,0.000000,0,0.000000,0
makarresh,1,8,0.000773,0.000000,0,0.000000,0
makarresh,2,1,0.000696,0.000000,0,0.000000,0
makarresh,2,2,0.000696,0.000000,0,0.000000,0
makarresh,2,3,0.000696,0.000000,0,0.000000,0
makarresh,2,4,0.000696,0.000000,0,0.000000,0
makarresh,2,5,0.000696,0.000000,0,0.000000,0
makarresh,2,6,0.000696,0.000000,0,0.000000,0
makarresh,2,7,0.000696,0.000000,0,0.000000,0
makarresh,2,8,0.000696,0.000000,0,0.000000,0
makarresh,3,1,0.000778,0.000000,0,0.000000,0
makarresh,3,2,0.000778,0.000000,0,0.000000,0
makarresh,3,3,0.000778,0.000000,0,0.000000,0
makarresh,3,4,0.000778,0.000000,0,0.000000,0
makarresh,3,5,0.000778,0.000000,0,0.000000,0
makarresh,3,6,0.000778,0.000000,0,0.000000,0
makarresh,3,7,0.000778,0.000000,0,0.000000,0
makarresh,3,8,0.000778,0.000000,0,0.000000,0
makarresh,4,1,0.000692,0.000000,0,0.000000,0
makarresh,4,2,0.000692,0.000000,0,0.000000,0
makarresh,4,3,0.000692,0.000000,0,0.000000,0
makarresh,4,4,0.000692,0.000000,0,0.000000,0
makarresh,4,5,0.000692,0.000000,0,0.000000,0
makarresh,4,6,0.000692,0.000000,0,0.000000,0
makarresh,4,7,0.000692,0.000000,0,0.000000,0
makarresh,4,8,0.000692,0.000000,0,0.000000,0
makarresh,5,1,0.000660,0.000000,0,0.000000,0
makarresh,5,2,0.000660,0.000000,0,0.000000,0
makarresh,5,3,0.000660,0.000000,0,0.000000,0
makarresh,5,4,0.000660,0.000000,0,0.000000,0
makarresh,5,5,0.000660,0.000000,0,0.000000,0
makarresh,5,6,0.000660,0.000000,0,0.000000,0
makarresh,5,7,0.000660,0.000000,0,0.000000,0
makarresh,5,8,0.000660,0.000000,0,0.000000,0
makarresh,6,1,0.000655,0.000000,0,0.000000,0
makarresh,6,2,0.000655,0.000000,0,0.000000,0
makarresh,6,3,0.000655,0.000000,0,0.000000,0
makarresh,6,4,0.000655,0.000000,0,0.000000,0
makarresh,6,5,0.000655,0.000000,0,0.000000,0
makarresh,6,6,0.000655,0.000000,0,0.000000,0
makarresh,6,7,0.000655,0.000000,0,0.000000,0
makarresh,6,8,0.000655,0.000000,0,0.000000,0
makarresh,7,1,0.000697,0.000000,0,0.000000,0
makarresh,7,2,0.000697,0.000000,0,0.000000,0
makarresh,7,3,0.000697,0.000000,0,0.000000,0
makarresh,7,4,0.000697,0.000000,0,0.000000,0
makarresh,7,5,0.000697,0.000000,0,0.000000,0
makarresh,7,6,0.000697,0.000000,0,0.000000,0
makarresh,7,7,0.000697,0.000000,0,0.000000,0
makarresh,7,8,0.000697,0.000000,0,0.000000,0
makarresh,8,1,0.000690,0.000000,0,0.000000,0
makarresh,8,2,0.000690,0.000000,0,0.000000,0
makarresh,8,3,0.000690,0.000000,0,0.000000,0
makarresh,8,4,0.000690,0.000000,0,0.000000,0
makarresh,8,5,0.000690,0.000000,0,0.000000,0
makarresh,8,6,0.000690,0.000000,0,0.000000,0
makarresh,8,7,0.000690,0.000000,0,0.000000,0
makarresh,8,8,0.000690,0.000000,0,0.000000,0
makarresh,9,1,0.000713,0.000000,0,0.000000,0
makarresh,9,2,0.000713,0.000000,0,0.000000,0
makarresh,9,3,0.000713,0.000000,0,0.000000,0
makarresh,9,4,0.000713,0.000000,0,0.000000,0
makarresh,9,5,0.000713,0.000000,0,0.000000,0
makarresh,9,6,0.000713,0.000000,0,0.000000,0
makarresh,9,7,0.000713,0.000000,0,0.000000,0
makarresh,9,8,0.000713,0.000000,0,0.000000,0
makarresh,10,1,0.000693,0.000000,0,0.000000,0
makarresh,10,2,0.000693,0.000000,0,0.000000,0
makarresh,10,3,0.000693,0.000000,0,0.000000,0
makarresh,10,4,0.000693,0.000000,0,0.000000,0
makarresh,10,5,0.000693,0.000000,0,0.000000,0
makarresh,10,6,0.000693,0.000000,0,0.000000,0
makarresh,10,7,0.000693,0.000000,0,0.000000,0
makarresh,10,8,0.000693,0.000000,0,0.000000,0
makarresh,11,1,0.000732,0.000000,0,0.000000,0
makarresh,11,2,0.000732,0.000000,0,0.000000,0
makarresh,11,3,0.000732,0.000000,0,0.000000,0
makarresh,11,4,0.000732,0.000000,0,0.000000,0
makarresh,11,5,0.000732,0.000000,0,0.000000,0
makarresh,11,6,0.000732,0.000000,0,0.000000,0
makarresh,11,7,0.000732,0.000000,0,0.000000,0
makarresh,11,8,0.000732,0.000000,0,0.000000,0
makarresh,12,1,0.000729,0.000000,0,0.000000,0
makarresh,12,2,0.000729,0.000000,0,0.000000,0
makarresh,12,3,0.000729,0.000000,0,0.000000,0
makarresh,12,4,0.000729,0.000000,0,0.000000,0
makarresh,12,5,0.000729,0.000000,0,0.000000,0
makarresh,12,6,0.000729,0.000000,0,0.000000,0
makarresh,12,7,0.000729,0.000000,0,0.000000,0
makarresh,12,8,0.000729,0.000000,0,0.000000,0
makarresh,13,1,0.000688,0.000000,0,0.000000,0
makarresh,13,2,0.000688,0.000000,0,0.000000,0
makarresh,13,3,0.000688,0.000000,0,0.000000,0
makarresh,13,4,0.000688,0.000000,0,0.000000,0
makarresh,13,5,0.000688,0.000000,0,0.000000,0
makarresh,13,6,0.000688,0.000000,0,0.000000,0
makarresh,13,7,0.000688,0.000000,0,0.000000,0
makarresh,13,8,0.000688,0.000000,0,0.000000,0
makarresh,14,1,0.000807,0.000000,0,0.000000,0
makarresh,14,2,0.000807,0.000000,0,0.000000,0
makarresh,14,3,0.000807,0.000000,0,0.000000,0
makarresh,14,4,0.000807,0.000000,0,0.000000,0
makarresh,14,5,0.000807,0.000000,0,0.000000,0
makarresh,14,6,0.000807,0.000000,0,0.000000,0
makarresh,14,7,0.000807,0.000000,0,0.000000,0
makarresh,14,8,0.000807,0.000000,0,0.000000,0
makarresh,15,1,0.000676,0.000000,0,0.000000,0
makarresh,15,2,0.000676,0.000000,0,0.000000,0
makarresh,15,3,0.000676,0.000000,0,0.000000,0
makarresh,15,4,0.000676,0.000000,0,0.000000,0
makarresh,15,5,0.000676,0.000000,0,0.000000,0
makarresh,15,6,0.000676,0.000000,0,0.000000,0
makarresh,15,7,0.000676,0.000000,0,0.000000,0
makarresh,15,8,0.000676,0.000000,0,0.000000,0
makarresh,16,1,0.000638,0.000000,0,0.000000,0
makarresh,16,2,0.000638,0.000000,0,0.000000,0
makarresh,16,3,0.000638,0.000000,0,0.000000,0
makarresh,16,4,0.000638,0.000000,0,0.000000,0
makarresh,16,5,0.000638,0.000000,0,0.000000,0
makarresh,16,6,0.000638,0.000000,0,0.000000,0
makarresh,16,7,0.000638,0.000000,0,0.000000,0
makarresh,16,8,0.000638,0.000000,0,0.000000,0
makarresh,17,1,0.000634,0.000000,0,0.000000,0
makarresh,17,2,0.000634,0.000000,0,0.000000,0
makarresh,17,3,0.000634,0.000000,0,0.000000,0
makarresh,17,4,0.000634,0.000000,0,0.000000,0
makarresh,17,5,0.000634,0.000000,0,0.000000,0
makarresh,17,6,0.000634,0.000000,0,0.000000,0
makarresh,17,7,0.000634,0.000000,0,0.000000,0
makarresh,17,8,0.000634,0.000000,0,0.000000,0
makarresh,18,1,0.000622,0.000000,0,0.000000,0
makarresh,18,2,0.000622,0.000000,0,0.000000,0
makarresh,18,3,0.000622,0.000000,0,0.000000,0
makarresh,18,4,0.000622,0.000000,0,0.000000,0
makarresh,18,5,0.000622,0.000000,0,0.000000,0
makarresh,18,6,0.000622,0.000000,0,0.000000,0
makarresh,18,7,0.000622,0.000000,0,0.000000,0
makarresh,18,8,0.000622,0.000000,0,0.000000,0
makarresh,19,1,0.000614,0.000000,0,0.000000,0
makarresh,19,2,0.000614,0.000000,0,0.000000,0
makarresh,19,3,0.000614,0.000000,0,0.000000,0
makarresh,19,4,0.000614,0.000000,0,0.000000,0
makarresh,19,5,0.000614,0.000000,0,0.000000,0
makarresh,19,6,0.000614,0.000000,0,0.000000,0
makarresh,19,7,0.000614,0.000000,0,0.000000,0
makarresh,19,8,0.000614,0.000000,0,0.000000,0
makarresh,20,1,0.000629,0.000000,0,0.000000,0
makarresh,20,2,0.000629,0.000000,0,0.000000,0
makarresh,20,3,0.000629,0.000000,0,0.000000,0
makarresh,20,4,0.000629,0.000000,0,0.000000,0
makarresh,20,5,0.000629,0.000000,0,0.000000,0
makarresh,20,6,0.000629,0.000000,0,0.000000,0
makarresh,20,7,0.000629,0.000000,0,0.000000,0
makarresh,20,8,0.000629,0.000000,0,0.000000,0
makarresh,21,1,0.000685,0.000000,0,0.000000,0
makarresh,21,2,0.000685,0.000000,0,0.000000,0
makarresh,21,3,0.000685,0.000000,0,0.000000,0
makarresh,21,4,0.000685,0.000000,0,0.000000,0
makarresh,21,5,0.000685,0.000000,0,0.000000,0
makarresh,21,6,0.000685,0.000000,0,0.000000,0
makarresh,21,7,0.000685,0.000000,0,0.000000,0
makarresh,21,8,0.000685,0.000000,0,0.000000,0
makarresh,22,1,0.000616,0.000000,0,0.000000,0
makarresh,22,2,0.000616,0.000000,0,0.000000,0
makarresh,22,3,0.000616,0.000000,0,0.000000,0
makarresh,22,4,0.000616,0.000000,0,0.000000,0
makarresh,22,5,0.000616,0.000000,0,0.000000,0
makarresh,22,6,0.000616,0.000000,0,0.000000,0
makarresh,22,7,0.000616,0.000000,0,0.000000,0
makarresh,22,8,0.000616,0.000000,0,0.000000,0
makarresh,23,1,0.000612,0.000000,0,0.000000,0
makarresh,23,2,0.000612,0.000000,0,0.000000,0
makarresh,23,3,0.000612,0.000000,0,0.000000,0
makarresh,23,4,0.000612,0.000000,0,0.000000,0
makarresh,23,5,0.000612,0.000000,0,0.000000,0
makarresh,23,6,0.000612,0.000000,0,0.000000,0
makarresh,23,7,0.000612,0.000000,0,0.000000,0
makarresh,23,8,0.000612,0.000000,0,0.000000,0
makarresh,24,1,0.000612,0.000000,0,0.000000,0
makarresh,24,2,0.000612,0.000000,0,0.000000,0
makarresh,24,3,0.000612,0.000000,0,0.000000,0
makarresh,24,4,0.000612,0.000000,0,0.000000,0
makarresh,24,5,0.000612,0.000000,0,0.000000,0
makarresh,24,6,0.000612,0.000000,0,0.000000,0
makarresh,24,7,0.000612,0.000000,0,0.000000,0
makarresh,24,8,0.000612,0.000000,0,0.000000,0
makarresh,25,1,0.000635,0.000000,0,0.000000,0
makarresh,25,2,0.000635,0.000000,0,0.000000,0
makarresh,25,3,0.000635,0.000000,0,0.000000,0
makarresh,25,4,0.000635,0.000000,0,0.000000,0
makarresh,25,5,0.000635,0.000000,0,0.000000,0
makarresh,25,6,0.000635,0.000000,0,0.000000,0
makarresh,25,7,0.000635,0.000000,0,0.000000,0
makarresh,25,8,0.000635,0.000000,0,0.000000,0
makarresh,26,1,0.000643,0.000000,0,0.000000,0
makarresh,26,2,0.000643,0.000000,0,0.000000,0
makarresh,26,3,0.000643,0.000000,0,0.000000,0
makarresh,26,4,0.000643,0.000000,0,0.000000,0
makarresh,26,5,0.000643,0.000000,0,0.000000,0
makarresh,26,6,0.000643,0.000000,0,0.000000,0
makarresh,26,7,0.000643,0.000000,0,0.000000,0
makarresh,26,8,0.000643,0.000000,0,0.000000,0
makarresh,27,1,0.000686,0.000000,0,0.000000,0
makarresh,27,2,0.000686,0.000000,0,0.000000,0
makarresh,27,3,0.000686,0.000000,0,0.000000,0
makarresh,27,4,0.000686,0.000000,0,0.000000,0
makarresh,27,5,0.000686,0.000000,0,0.000000,0
makarresh,27,6,0.000686,0.000000,0,0.000000,0
makarresh,27,7,0.000686,0.000000,0,0.000000,0
makarresh,27,8,0.000686,0.000000,0,0.000000,0
makarresh,28,1,0.000635,0.000000,0,0.000000,0
makarresh,28,2,0.000635,0.000000,0,0.000000,0
makarresh,28,3,0.000635,0.000000,0,0.000000,0
makarresh,28,4,0.000635,0.000000,0,0.000000,0
makarresh,28,5,0.000635,0.000000,0,0.000000,0
makarresh,28,6,0.000635,0.000000,0,0.000000,0
makarresh,28,7,0.000635,0.000000,0,0.000000,0
makarresh,28,8,0.000635,0.000000,0,0.000000,0
makarresh,29,1,0.000619,0.000000,0,0.000000,0
makarresh,29,2,0.000619,0.000000,0,0.000000,0
makarresh,29,3,0.000619,0.000000,0,0.000000,0
makarresh,29,4,0.000619,0.000000,0,0.000000,0
makarresh,29,5,0.000619,0.000000,0,0.000000,0
makarresh,29,6,0.000619,0.000000,0,0.000000,0
makarresh,29,7,0.000619,0.000000,0,0.000000,0
makarresh,29,8,0.000619,0.000000,0,0.000000,0
makarresh,30,1,0.000632,0.000000,0,0.000000,0
makarresh,30,2,0.000632,0.000000,0,0.000000,0
makarresh,30,3,0.000632,0.000000,0,0.000000,0
makarresh,30,4,0.000632,0.000000,0,0.000000,0
makarresh,30,5,0.000632,0.000000,0,0.000000,0
makarresh,30,6,0.000632,0.000000,0,0.000000,0
makarresh,30,7,0.000632,0.000000,0,0.000000,0
makarresh,30,8,0.000632,0.000000,0,0.000000,0
makarresh,31,1,0.001414,0.000000,0,0.000000,0
makarresh,31,2,0.001414,0.000000,0,0.000000,0
makarresh,31,3,0.001414,0.000000,0,0.000000,0
makarresh,31,4,0.001414,0.000000,0,0.000000,0
makarresh,31,5,0.001414,0.000000,0,0.000000,0
makarresh,31,6,0.001414,0.000000,0,0.000000,0
makarresh,31,7,0.001414,0.000000,0,0.000000,0
makarresh,31,8,0.001414,0.000000,0,0.000000,0
makarresh,32,1,0.000729,0.000000,0,0.000000,0
makarresh,32,2,0.000729,0.000000,0,0.000000,0
makarresh,32,3,0.000729,0.000000,0,0.000000,0
makarresh,32,4,0.000729,0.000000,0,0.000000,0
makarresh,32,5,0.000729,0.000000,0,0.000000,0
makarresh,32,6,0.000729,0.000000,0,0.000000,0
makarresh,32,7,0.000729,0.000000,0,0.000000,0
makarresh,32,8,0.000729,0.000000,0,0.000000,0
makarresh,33,1,0.000668,0.000000,0,0.000000,0
makarresh,33,2,0.000668,0.000000,0,0.000000,0
makarresh,33,3,0.000668,0.000000,0,0.000000,0
makarresh,33,4,0.000668,0.000000,0,0.000000,0
makarresh,33,5,0.000668,0.000000,0,0.000000,0
makarresh,33,6,0.000668,0.000000,0,0.000000,0
makarresh,33,7,0.000668,0.000000,0,0.000000,0
makarresh,33,8,0.000668,0.000000,0,0.000000,0
makarresh,34,1,0.000725,0.000000,0,0.000000,0
makarresh,34,2,0.000725,0.000000,0,0.000000,0
makarresh,34,3,0.000725,0.000000,0,0.000000,0
makarresh,34,4,0.000725,0.000000,0,0.000000,0
makarresh,34,5,0.000725,0.000000,0,0.000000,0
makarresh,34,6,0.000725,0.000000,0,0.000000,0
makarresh,34,7,0.000725,0.000000,0,0.000000,0
makarresh,34,8,0.000725,0.000000,0,0.000000,0
makarresh,35,1,0.000731,0.000000,0,0.000000,0
makarresh,35,2,0.000731,0.000000,0,0.000000,0
makarresh,35,3,0.000731,0.000000,0,0.000000,0
makarresh,35,4,0.000731,0.000000,0,0.000000,0
makarresh,35,5,0.000731,0.000000,0,0.000000,0
makarresh,35,6,0.000731,0.000000,0,0.000000,0
makarresh,35,7,0.000731,0.000000,0,0.000000,0
makarresh,35,8,0.000731,0.000000,0,0.000000,0
makarresh,36,1,0.000666,0.000000,0,0.000000,0
makarresh,36,2,0.000666,0.000000,0,0.000000,0
makarresh,36,3,0.000666,0.000000,0,0.000000,0
makarresh,36,4,0.000666,0.000000,0,0.000000,0
makarresh,36,5,0.000666,0.000000,0,0.000000,0
makarresh,36,6,0.000666,0.000000,0,0.000000,0
makarresh,36,7,0.000666,0.000000,0,0.000000,0
makarresh,36,8,0.000666,0.000000,0,0.000000,0
makarresh,37,1,0.000747,0.000000,0,0.000000,0
makarresh,37,2,0.000747,0.000000,0,0.000000,0
makarresh,37,3,0.000747,0.000000,0,0.000000,0
makarresh,37,4,0.000747,0.000000,0,0.000000,0
makarresh,37,5,0.000747,0.000000,0,0.000000,0
makarresh,37,6,0.000747,0.000000,0,0.000000,0
makarresh,37,7,0.000747,0.000000,0,0.000000,0
makarresh,37,8,0.000747,0.000000,0,0.000000,0
makarresh,38,1,0.000733,0.000000,0,0.000000,0
makarresh,38,2,0.000733,0.000000,0,0.000000,0
makarresh,38,3,0.000733,0.000000,0,0.000000,0
makarresh,38,4,0.000733,0.000000,0,0.000000,0
makarresh,38,5,0.000733,0.000000,0,0.000000,0
makarresh,38,6,0.000733,0.000000,0,0.000000,0
makarresh,38,7,0.000733,0.000000,0,0.000000,0
makarresh,38,8,0.000733,0.000000,0,0.000000,0
makarresh,39,1,0.000743,0.000000,0,0.000000,0
makarresh,39,2,0.000743,0.000000,0,0.000000,0
makarresh,39,3,0.000743,0.000000,0,0.000000,0
makarresh,39,4,0.000743,0.000000,0,0.000000,0
makarresh,39,5,0.000743,0.000000,0,0.000000,0
makarresh,39,6,0.000743,0.000000,0,0.000000,0
makarresh,39,7,0.000743,0.000000,0,0.000000,0
makarresh,39,8,0.000743,0.000000,0,0.000000,0
makarresh,40,1,0.000726,0.000000,0,0.000000,0
makarresh,40,2,0.000726,0.000000,0,0.000000,0
makarresh,40,3,0.000726,0.000000,0,0.000000,0
makarresh,40,4,0.000726,0.000000,0,0.000000,0
makarresh,40,5,0.000726,0.000000,0,0.000000,0
makarresh,40,6,0.000726,0.000000,0,0.000000,0
makarresh,40,7,0.000726,0.000000,0,0.000000,0
makarresh,40,8,0.000726,0.000000,0,0.000000,0
makarresh,41,1,0.000709,0.000000,0,0.000000,0
makarresh,41,2,0.000709,0.000000,0,0.000000,0
makarresh,41,3,0.000709,0.000000,0,0.000000,0
makarresh,41,4,0.000709,0.000000,0,0.000000,0
makarresh,41,5,0.000709,0.000000,0,0.000000,0
makarresh,41,6,0.000709,0.000000,0,0.000000,0
makarresh,41,7,0.000709,0.000000,0,0.000000,0
makarresh,41,8,0.000709,0.000000,0,0.000000,0
makarresh,42,1,0.001083,0.000000,0,0.000000,0
makarresh,42,2,0.001083,0.000000,0,0.000000,0
makarresh,42,3,0.001083,0.000000,0,0.000000,0
makarresh,42,4,0.001083,0.000000,0,0.000000,0
makarresh,42,5,0.001083,0.000000,0,0.000000,0
makarresh,42,6,0.001083,0.000000,0,0.000000,0
makarresh,42,7,0.001083,0.000000,0,0.000000,0
makarresh,42,8,0.001083,0.000000,0,0.000000,0
makarresh,43,1,0.000720,0.000000,0,0.000000,0
makarresh,43,2,0.000720,0.000000,0,0.000000,0
makarresh,43,3,0.000720,0.000000,0,0.000000,0
makarresh,43,4,0.000720,0.000000,0,0.000000,0
makarresh,43,5,0.000720,0.000000,0,0.000000,0
makarresh,43,6,0.000720,0.000000,0,0.000000,0
makarresh,43,7,0.000720,0.000000,0,0.000000,0
makarresh,43,8,0.000720,0.000000,0,0.000000,0
makarresh,44,1,0.000705,0.000000,0,0.000000,0
makarresh,44,2,0.000705,0.000000,0,0.000000,0
makarresh,44,3,0.000705,0.000000,0,0.000000,0
makarresh,44,4,0.000705,0.000000,0,0.000000,0
makarresh,44,5,0.000705,0.000000,0,0.000000,0
makarresh,44,6,0.000705,0.000000,0,0.000000,0
makarresh,44,7,0.000705,0.000000,0,0.000000,0
makarresh,44,8,0.000705,0.000000,0,0.000000,0
makarresh,45,1,0.000701,0.000000,0,0.000000,0
makarresh,45,2,0.000701,0.000000,0,0.000000,0
makarresh,45,3,0.000701,0.000000,0,0.000000,0
makarresh,45,4,0.000701,0.000000,0,0.000000,0
makarresh,45,5,0.000701,0.000000,0,0.000000,0
makarresh,45,6,0.000701,0.000000,0,0.000000,0
makarresh,45,7,0.000701,0.000000,0,0.000000,0
makarresh,45,8,0.000701,0.000000,0,0.000000,0
makarresh,46,1,0.000703,0.000000,0,0.000000,0
makarresh,46,2,0.000703,0.000000,0,0.000000,0
makarresh,46,3,0.000703,0.000000,0,0.000000,0
makarresh,46,4,0.000703,0.000000,0,0.000000,0
makarresh,46,5,0.000703,0.000000,0,0.000000,0
makarresh,46,6,0.000703,0.000000,0,0.000000,0
makarresh,46,7,0.000703,0.000000,0,0.000000,0
makarresh,46,8,0.000703,0.000000,0,0.000000,0
makarresh,47,1,0.000723,0.000000,0,0.000000,0
makarresh,47,2,0.000723,0.000000,0,0.000000,0
makarresh,47,3,0.000723,0.000000,0,0.000000,0
makarresh,47,4,0.000723,0.000000,0,0.000000,0
makarresh,47,5,0.000723,0.000000,0,0.000000,0
makarresh,47,6,0.000723,0.000000,0,0.000000,0
makarresh,47,7,0.000723,0.000000,0,0.000000,0
makarresh,47,8,0.000723,0.000000,0,0.000000,0
makarresh,48,1,0.000668,0.000000,0,0.000000,0
makarresh,48,2,0.000668,0.000000,0,0.000000,0
makarresh,48,3,0.000668,0.000000,0,0.000000,0
makarresh,48,4,0.000668,0.000000,0,0.000000,0
makarresh,48,5,0.000668,0.000000,0,0.000000,0
makarresh,48,6,0.000668,0.000000,0,0.000000,0
makarresh,48,7,0.000668,0.000000,0,0.000000,0
makarresh,48,8,0.000668,0.000000,0,0.000000,0
makarresh,49,1,0.000706,0.000000,0,0.000000,0
makarresh,49,2,0.000706,0.000000,0,0.000000,0
makarresh,49,3,0.000706,0.000000,0,0.000000,0
makarresh,49,4,0.000706,0.000000,0,0.000000,0
makarresh,49,5,0.000706,0.000000,0,0.000000,0
makarresh,49,6,0.000706,0.000000,0,0.000000,0
makarresh,49,7,0.000706,0.000000,0,0.000000,0
makarresh,49,8,0.000706,0.000000,0,0.000000,0
makarresh,50,1,0.000707,0.000000,0,0.000000,0
makarresh,50,2,0.000707,0.000000,0,0.000000,0
makarresh,50,3,0.000707,0.000000,0,0.000000,0
makarresh,50,4,0.000707,0.000000,0,0.000000,0
makarresh,50,5,0.000707,0.000000,0,0.000000,0
makarresh,50,6,0.000707,0.000000,0,0.000000,0
makarresh,50,7,0.000707,0.000000,0,0.000000,0
makarresh,50,8,0.000707,0.000000,0,0.000000,0
makarresh,51,1,0.000775,0.000000,0,0.000000,0
makarresh,51,2,0.000775,0.000000,0,0.000000,0
makarresh,51,3,0.000775,0.000000,0,0.000000,0
makarresh,51,4,0.000775,0.000000,0,0.000000,0
makarresh,51,5,0.000775,0.000000,0,0.000000,0
makarresh,51,6,0.000775,0.000000,0,0.000000,0
makarresh,51,7,0.000775,0.000000,0,0.000000,0
makarresh,51,8,0.000775,0.000000,0,0.000000,0
makarresh,52,1,0.000699,0.000000,0,0.000000,0
makarresh,52,2,0.000699,0.000000,0,0.000000,0
makarresh,52,3,0.000699,0.000000,0,0.000000,0
makarresh,52,4,0.000699,0.000000,0,0.000000,0
makarresh,52,5,0.000699,0.000000,0,0.000000,0
makarresh,52,6,0.000699,0.000000,0,0.000000,0
makarresh,52,7,0.000699,0.000000,0,0.000000,0
makarresh,52,8,0.000699,0.000000,0,0.000000,0
makarresh,53,1,0.000674,0.000000,0,0.000000,0
makarresh,53,2,0.000674,0.000000,0,0.000000,0
makarresh,53,3,0.000674,0.000000,0,0.000000,0
makarresh,53,4,0.000674,0.000000,0,0.000000,0
makarresh,53,5,0.000674,0.000000,0,0.000000,0
makarresh,53,6,0.000674,0.000000,0,0.000000,0
makarresh,53,7,0.000674,0.000000,0,0.000000,0
makarresh,53,8,0.000674,0.000000,0,0.000000,0
makarresh,54,1,0.000702,0.000000,0,0.000000,0
makarresh,54,2,0.000702,0.000000,0,0.000000,0
makarresh,54,3,0.000702,0.000000,0,0.000000,0
makarresh,54,4,0.000702,0.000000,0,0.000000,0
makarresh,54,5,0.000702,0.000000,0,0.000000,0
makarresh,54,6,0.000702,0.000000,0,0.000000,0
makarresh,54,7,0.000702,0.000000,0,0.000000,0
makarresh,54,8,0.000702,0.000000,0,0.000000,0
makarresh,55,1,0.000784,0.000000,0,0.000000,0
makarresh,55,2,0.000784,0.000000,0,0.000000,0
makarresh,55,3,0.000784,0.000000,0,0.000000,0
makarresh,55,4,0.000784,0.000000,0,0.000000,0
makarresh,55,5,0.000784,0.000000,0,0.000000,0
makarresh,55,6,0.000784,0.000000,0,0.000000,0
makarresh,55,7,0.000784,0.000000,0,0.000000,0
makarresh,55,8,0.000784,0.000000,0,0.000000,0
makarresh,56,1,0.000668,0.000000,0,0.000000,0
makarresh,56,2,0.000668,0.000000,0,0.000000,0
makarresh,56,3,0.000668,0.000000,0,0.000000,0
makarresh,56,4,0.000668,0.000000,0,0.000000,0
makarresh,56,5,0.000668,0.000000,0,0.000000,0
makarresh,56,6,0.000668,0.000000,0,0.000000,0
makarresh,56,7,0.000668,0.000000,0,0.000000,0
makarresh,56,8,0.000668,0.000000,0,0.000000,0
makarresh,57,1,0.000746,0.000000,0,0.000000,0
makarresh,57,2,0.000746,0.000000,0,0.000000,0
makarresh,57,3,0.000746,0.000000,0,0.000000,0
makarresh,57,4,0.000746,0.000000,0,0.000000,0
makarresh,57,5,0.000746,0.000000,0,0.000000,0
makarresh,57,6,0.000746,0.000000,0,0.000000,0
makarresh,57,7,0.000746,0.000000,0,0.000000,0
makarresh,57,8,0.000746,0.000000,0,0.000000,0
makarresh,58,1,0.000742,0.000000,0,0.000000,0
makarresh,58,2,0.000742,0.000000,0,0.000000,0
makarresh,58,3,0.000742,0.000000,0,0.000000,0
makarresh,58,4,0.000742,0.000000,0,0.000000,0
makarresh,58,5,0.000742,0.000000,0,0.000000,0
makarresh,58,6,0.000742,0.000000,0,0.000000,0
makarresh,58,7,0.000742,0.000000,0,0.000000,0
makarresh,58,8,0.000742,0.000000,0,0.000000,0
makarresh,59,1,0.000690,0.000000,0,0.000000,0
makarresh,59,2,0.000690,0.000000,0,0.000000,0
makarresh,59,3,0.000690,0.000000,0,0.000000,0
makarresh,59,4,0.000690,0.000000,0,0.000000,0
makarresh,59,5,0.000690,0.000000,0,0.000000,0
makarresh,59,6,0.000690,0.000000,0,0.000000,0
makarresh,59,7,0.000690,0.000000,0,0.000000,0
makarresh,59,8,0.000690,0.000000,0,0.000000,0
makarresh,60,1,0.000762,0.000000,0,0.000000,0
makarresh,60,2,0.000762,0.000000,0,0.000000,0
makarresh,60,3,0.000762,0.000000,0,0.000000,0
makarresh,60,4,0.000762,0.000000,0,0.000000,0
makarresh,60,5,0.000762,0.000000,0,0.000000,0
makarresh,60,6,0.000762,0.000000,0,0.000000,0
makarresh,60,7,0.000762,0.000000,0,0.000000,0
makarresh,60,8,0.000762,0.000000,0,0.000000,0
makarresh,61,1,0.000705,0.000000,0,0.000000,0
makarresh,61,2,0.000705,0.000000,0,0.000000,0
makarresh,61,3,0.000705,0.000000,0,0.000000,0
makarresh,61,4,0.000705,0.000000,0,0.000000,0
makarresh,61,5,0.000705,0.000000,0,0.000000,0
makarresh,61,6,0.000705,0.000000,0,0.000000,0
makarresh,61,7,0.000705,0.000000,0,0.000000,0
makarresh,61,8,0.000705,0.000000,0,0.000000,0
makarresh,62,1,0.000711,0.000000,0,0.000000,0
makarresh,62,2,0.000711,0.000000,0,0.000000,0
makarresh,62,3,0.000711,0.000000,0,0.000000,0
makarresh,62,4,0.000711,0.000000,0,0.000000,0
makarresh,62,5,0.000711,0.000000,0,0.000000,0
makarresh,62,6,0.000711,0.000000,0,0.000000,0
makarresh,62,7,0.000711,0.000000,0,0.000000,0
makarresh,62,8,0.000711,0.000000,0,0.000000,0
makarresh,63,1,0.000670,0.000000,0,0.000000,0
makarresh,63,2,0.000670,0.000000,0,0.000000,0
makarresh,63,3,0.000670,0.000000,0,0.000000,0
makarresh,63,4,0.000670,0.000000,0,0.000000,0
makarresh,63,5,0.000670,0.000000,0,0.000000,0
makarresh,63,6,0.000670,0.000000,0,0.000000,0
makarresh,63,7,0.000670,0.000000,0,0.000000,0
makarresh,63,8,0.000670,0.000000,0,0.000000,0
makarresh,64,1,0.000704,0.000000,0,0.000000,0
makarresh,64,2,0.000704,0.000000,0,0.000000,0
makarresh,64,3,0.000704,0.000000,0,0.000000,0
makarresh,64,4,0.000704,0.000000,0,0.000000,0
makarresh,64,5,0.000704,0.000000,0,0.000000,0
makarresh,64,6,0.000704,0.000000,0,0.000000,0
makarresh,64,7,0.000704,0.000000,0,0.000000,0
makarresh,64,8,0.000704,0.000000,0,0.000000,0
makarresh,65,1,0.000872,0.000000,0,0.000000,0
makarresh,65,2,0.000872,0.000000,0,0.000000,0
makarresh,65,3,0.000872,0.000000,0,0.000000,0
makarresh,65,4,0.000872,0.000000,0,0.000000,0
makarresh,65,5,0.000872,0.000000,0,0.000000,0
makarresh,65,6,0.000872,0.000000,0,0.000000,0
makarresh,65,7,0.000872,0.000000,0,0.000000,0
makarresh,65,8,0.000872,0.000000,0,0.000000,0
makarresh,66,1,0.000770,0.000000,0,0.000000,0
makarresh,66,2,0.000770,0.000000,0,0.000000,0
makarresh,66,3,0.000770,0.000000,0,0.000000,0
makarresh,66,4,0.000770,0.000000,0,0.000000,0
makarresh,66,5,0.000770,0.000000,0,0.000000,0
makarresh,66,6,0.000770,0.000000,0,0.000000,0
makarresh,66,7,0.000770,0.000000,0,0.000000,0
makarresh,66,8,0.000770,0.000000,0,0.000000,0
makarresh,67,1,0.000689,0.000000,0,0.000000,0
makarresh,67,2,0.000689,0.000000,0,0.000000,0
makarresh,67,3,0.000689,0.000000,0,0.000000,0
makarresh,67,4,0.000689,0.000000,0,0.000000,0
makarresh,67,5,0.000689,0.000000,0,0.000000,0
makarresh,67,6,0.000689,0.000000,0,0.000000,0
makarresh,67,7,0.000689,0.000000,0,0.000000,0
makarresh,67,8,0.000689,0.000000,0,0.000000,0
makarresh,68,1,0.000749,0.000000,0,0.000000,0
makarresh,68,2,0.000749,0.000000,0,0.000000,0
makarresh,68,3,0.000749,0.000000,0,0.000000,0
makarresh,68,4,0.000749,0.000000,0,0.000000,0
makarresh,68,5,0.000749,0.000000,0,0.000000,0
makarresh,68,6,0.000749,0.000000,0,0.000000,0
makarresh,68,7,0.000749,0.000000,0,0.000000,0
makarresh,68,8,0.000749,0.000000,0,0.000000,0
makarresh,69,1,0.000739,0.000000,0,0.000000,0
makarresh,69,2,0.000739,0.000000,0,0.000000,0
makarresh,69,3,0.000739,0.000000,0,0.000000,0
makarresh,69,4,0.000739,0.000000,0,0.000000,0
makarresh,69,5,0.000739,0.000000,0,0.000000,0
makarresh,69,6,0.000739,0.000000,0,0.000000,0
makarresh,69,7,0.000739,0.000000,0,0.000000,0
makarresh,69,8,0.000739,0.000000,0,0.000000,0
makarresh,70,1,0.000743,0.000000,0,0.000000,0
makarresh,70,2,0.000743,0.000000,0,0.000000,0
makarresh,70,3,0.000743,0.000000,0,0.000000,0
makarresh,70,4,0.000743,0.000000,0,0.000000,0
makarresh,70,5,0.000743,0.000000,0,0.000000,0
makarresh,70,6,0.000743,0.000000,0,0.000000,0
makarresh,70,7,0.000743,0.000000,0,0.000000,0
makarresh,70,8,0.000743,0.000000,0,0.000000,0
makarresh,71,1,0.000741,0.000000,0,0.000000,0
makarresh,71,2,0.000741,0.000000,0,0.000000,0
makarresh,71,3,0.000741,0.000000,0,0.000000,0
makarresh,71,4,0.000741,0.000000,0,0.000000,0
makarresh,71,5,0.000741,0.000000,0,0.000000,0
makarresh,71,6,0.000741,0.000000,0,0.000000,0
makarresh,71,7,0.000741,0.000000,0,0.000000,0
makarresh,71,8,0.000741,0.000000,0,0.000000,0
makarresh,72,1,0.000766,0.000000,0,0.000000,0
makarresh,72,2,0.000766,0.000000,0,0.000000,0
makarresh,72,3,0.000766,0.000000,0,0.000000,0
makarresh,72,4,0.000766,0.000000,0,0.000000,0
makarresh,72,5,0.000766,0.000000,0,0.000000,0
makarresh,72,6,0.000766,0.000000,0,0.000000,0
makarresh,72,7,0.000766,0.000000,0,0.000000,0
makarresh,72,8,0.000766,0.000000,0,0.000000,0
makarresh,73,1,0.000728,0.000000,0,0.000000,0
makarresh,73,2,0.000728,0.000000,0,0.000000,0
makarresh,73,3,0.000728,0.000000,0,0.000000,0
makarresh,73,4,0.000728,0.000000,0,0.000000,0
makarresh,73,5,0.000728,0.000000,0,0.000000,0
makarresh,73,6,0.000728,0.000000,0,0.000000,0
makarresh,73,7,0.000728,0.000000,0,0.000000,0
makarresh,73,8,0.000728,0.000000,0,0.000000,0
makarresh,74,1,0.000700,0.000000,0,0.000000,0
makarresh,74,2,0.000700,0.000000,0,0.000000,0
makarresh,74,3,0.000700,0.000000,0,0.000000,0
makarresh,74,4,0.000700,0.000000,0,0.000000,0
makarresh,74,5,0.000700,0.000000,0,0.000000,0
makarresh,74,6,0.000700,0.000000,0,0.000000,0
makarresh,74,7,0.000700,0.000000,0,0.000000,0
makarresh,74,8,0.000700,0.000000,0,0.000000,0
makarresh,75,1,0.000757,0.000000,0,0.000000,0
makarresh,75,2,0.000757,0.000000,0,0.000000,0
makarresh,75,3,0.000757,0.000000,0,0.000000,0
makarresh,75,4,0.000757,0.000000,0,0.000000,0
makarresh,75,5,0.000757,0.000000,0,0.000000,0
makarresh,75,6,0.000757,0.000000,0,0.000000,0
makarresh,75,7,0.000757,0.000000,0,0.000000,0
makarresh,75,8,0.000757,0.000000,0,0.000000,0
makarresh,76,1,0.000690,0.000000,0,0.000000,0
makarresh,76,2,0.000690,0.000000,0,0.000000,0
makarresh,76,3,0.000690,0.000000,0,0.000000,0
makarresh,76,4,0.000690,0.000000,0,0.000000,0
makarresh,76,5,0.000690,0.000000,0,0.000000,0
makarresh,76,6,0.000690,0.000000,0,0.000000,0
makarresh,76,7,0.000690,0.000000,0,0.000000,0
makarresh,76,8,0.000690,0.000000,0,0.000000,0
makarresh,77,1,0.000723,0.000000,0,0.000000,0
makarresh,77,2,0.000723,0.000000,0,0.000000,0
makarresh,77,3,0.000723,0.000000,0,0.000000,0
makarresh,77,4,0.000723,0.000000,0,0.000000,0
makarresh,77,5,0.000723,0.000000,0,0.000000,0
makarresh,77,6,0.000723,0.000000,0,0.000000,0
makarresh,77,7,0.000723,0.000000,0,0.000000,0
makarresh,77,8,0.000723,0.000000,0,0.000000,0
makarresh,78,1,0.000715,0.000000,0,0.000000,0
makarresh,78,2,0.000715,0.000000,0,0.000000,0
makarresh,78,3,0.000715,0.000000,0,0.000000,0
makarresh,78,4,0.000715,0.000000,0,0.000000,0
makarresh,78,5,0.000715,0.000000,0,0.000000,0
makarresh,78,6,0.000715,0.000000,0,0.000000,0
makarresh,78,7,0.000715,0.000000,0,0.000000,0
makarresh,78,8,0.000715,0.000000,0,0.000000,0
makarresh,79,1,0.000720,0.000000,0,0.000000,0
makarresh,79,2,0.000720,0.000000,0,0.000000,0
makarresh,79,3,0.000720,0.000000,0,0.000000,0
makarresh,79,4,0.000720,0.000000,0,0.000000,0
makarresh,79,5,0.000720,0.000000,0,0.000000,0
makarresh,79,6,0.000720,0.000000,0,0.000000,0
makarresh,79,7,0.000720,0.000000,0,0.000000,0
makarresh,79,8,0.000720,0.000000,0,0.000000,0
makarresh,80,1,0.000848,0.000000,0,0.000000,0
makarresh,80,2,0.000848,0.000000,0,0.000000,0
makarresh,80,3,0.000848,0.000000,0,0.000000,0
makarresh,80,4,0.000848,0.000000,0,0.000000,0
makarresh,80,5,0.000848,0.000000,0,0.000000,0
makarresh,80,6,0.000848,0.000000,0,0.000000,0
makarresh,80,7,0.000848,0.000000,0,0.000000,0
makarresh,80,8,0.000848,0.000000,0,0.000000,0
makarresh,81,1,0.000717,0.000000,0,0.000000,0
makarresh,81,2,0.000717,0.000000,0,0.000000,0
makarresh,81,3,0.000717,0.000000,0,0.000000,0
makarresh,81,4,0.000717,0.000000,0,0.000000,0
makarresh,81,5,0.000717,0.000000,0,0.000000,0
makarresh,81,6,0.000717,0.000000,0,0.000000,0
makarresh,81,7,0.000717,0.000000,0,0.000000,0
makarresh,81,8,0.000717,0.000000,0,0.000000,0
makarresh,82,1,0.000704,0.000000,0,0.000000,0
makarresh,82,2,0.000704,0.000000,0,0.000000,0
makarresh,82,3,0.000704,0.000000,0,0.000000,0
makarresh,82,4,0.000704,0.000000,0,0.000000,0
makarresh,82,5,0.000704,0.000000,0,0.000000,0
makarresh,82,6,0.000704,0.000000,0,0.000000,0
makarresh,82,7,0.000704,0.000000,0,0.000000,0
makarresh,82,8,0.000704,0.000000,0,0.000000,0
makarresh,83,1,0.000727,0.000000,0,0.000000,0
makarresh,83,2,0.000727,0.000000,0,0.000000,0
makarresh,83,3,0.000727,0.000000,0,0.000000,0
makarresh,83,4,0.000727,0.000000,0,0.000000,0
makarresh,83,5,0.000727,0.000000,0,0.000000,0
makarresh,83,6,0.000727,0.000000,0,0.000000,0
makarresh,83,7,0.000727,0.000000,0,0.000000,0
makarresh,83,8,0.000727,0.000000,0,0.000000,0
makarresh,84,1,0.000698,0.000000,0,0.000000,0
makarresh,84,2,0.000698,0.000000,0,0.000000,0
makarresh,84,3,0.000698,0.000000,0,0.000000,0
makarresh,84,4,0.000698,0.000000,0,0.000000,0
makarresh,84,5,0.000698,0.000000,0,0.000000,0
makarresh,84,6,0.000698,0.000000,0,0.000000,0
makarresh,84,7,0.000698,0.000000,0,0.000000,0
makarresh,84,8,0.000698,0.000000,0,0.000000,0
makarresh,85,1,0.000705,0.000000,0,0.000000,0
makarresh,85,2,0.000705,0.000000,0,0.000000,0
makarresh,85,3,0.000705,0.000000,0,0.000000,0
makarresh,85,4,0.000705,0.000000,0,0.000000,0
makarresh,85,5,0.000705,0.000000,0,0.000000,0
makarresh,85,6,0.000705,0.000000,0,0.000000,0
makarresh,85,7,0.000705,0.000000,0,0.000000,0
makarresh,85,8,0.000705,0.000000,0,0.000000,0
makarresh,86,1,0.000705,0.000000,0,0.000000,0
makarresh,86,2,0.000705,0.000000,0,0.000000,0
makarresh,86,3,0.000705,0.000000,0,0.000000,0
makarresh,86,4,0.000705,0.000000,0,0.000000,0
makarresh,86,5,0.000705,0.000000,0,0.000000,0
makarresh,86,6,0.000705,0.000000,0,0.000000,0
makarresh,86,7,0.000705,0.000000,0,0.000000,0
makarresh,86,8,0.000705,0.000000,0,0.000000,0
makarresh,87,1,0.000719,0.000000,0,0.000000,0
makarresh,87,2,0.000719,0.000000,0,0.000000,0
makarresh,87,3,0.000719,0.000000,0,0.000000,0
makarresh,87,4,0.000719,0.000000,0,0.000000,0
makarresh,87,5,0.000719,0.000000,0,0.000000,0
makarresh,87,6,0.000719,0.000000,0,0.000000,0
makarresh,87,7,0.000719,0.000000,0,0.000000,0
makarresh,87,8,0.000719,0.000000,0,0.000000,0
makarresh,88,1,0.000819,0.000000,0,0.000000,0
makarresh,88,2,0.000819,0.000000,0,0.000000,0
makarresh,88,3,0.000819,0.000000,0,0.000000,0
makarresh,88,4,0.000819,0.000000,0,0.000000,0
makarresh,88,5,0.000819,0.000000,0,0.000000,0
makarresh,88,6,0.000819,0.000000,0,0.000000,0
makarresh,88,7,0.000819,0.000000,0,0.000000,0
makarresh,88,8,0.000819,0.000000,0,0.000000,0
makarresh,89,1,0.000760,0.000000,0,0.000000,0
makarresh,89,2,0.000760,0.000000,0,0.000000,0
makarresh,89,3,0.000760,0.000000,0,0.000000,0
makarresh,89,4,0.000760,0.000000,0,0.000000,0
makarresh,89,5,0.000760,0.000000,0,0.000000,0
makarresh,89,6,0.000760,0.000000,0,0.000000,0
makarresh,89,7,0.000760,0.000000,0,0.000000,0
makarresh,89,8,0.000760,0.000000,0,0.000000,0
makarresh,90,1,0.000719,0.000000,0,0.000000,0
makarresh,90,2,0.000719,0.000000,0,0.000000,0
makarresh,90,3,0.000719,0.000000,0,0.000000,0
makarresh,90,4,0.000719,0.000000,0,0.000000,0
makarresh,90,5,0.000719,0.000000,0,0.000000,0
makarresh,90,6,0.000719,0.000000,0,0.000000,0
makarresh,90,7,0.000719,0.000000,0,0.000000,0
makarresh,90,8,0.000719,0.000000,0,0.000000,0
makarresh,91,1,0.000818,0.000000,0,0.000000,0
makarresh,91,2,0.000818,0.000000,0,0.000000,0
makarresh,91,3,0.000818,0.000000,0,0.000000,0
makarresh,91,4,0.000818,0.000000,0,0.000000,0
makarresh,91,5,0.000818,0.000000,0,0.000000,0
makarresh,91,6,0.000818,0.000000,0,0.000000,0
makarresh,91,7,0.000818,0.000000,0,0.000000,0
makarresh,91,8,0.000818,0.000000,0,0.000000,0
makarresh,92,1,0.000703,0.000000,0,0.000000,0
makarresh,92,2,0.000703,0.000000,0,0.000000,0
makarresh,92,3,0.000703,0.000000,0,0.000000,0
makarresh,92,4,0.000703,0.000000,0,0.000000,0
makarresh,92,5,0.000703,0.000000,0,0.000000,0
makarresh,92,6,0.000703,0.000000,0,0.000000,0
makarresh,92,7,0.000703,0.000000,0,0.000000,0
makarresh,92,8,0.000703,0.000000,0,0.000000,0
makarresh,93,1,0.000737,0.000000,0,0.000000,0
makarresh,93,2,0.000737,0.000000,0,0.000000,0
makarresh,93,3,0.000737,0.000000,0,0.000000,0
makarresh,93,4,0.000737,0.000000,0,0.000000,0
makarresh,93,5,0.000737,0.000000,0,0.000000,0
makarresh,93,6,0.000737,0.000000,0,0.000000,0
makarresh,93,7,0.000737,0.000000,0,0.000000,0
makarresh,93,8,0.000737,0.000000,0,0.000000,0
makarresh,94,1,0.000716,0.000000,0,0.000000,0
makarresh,94,2,0.000716,0.000000,0,0.000000,0
makarresh,94,3,0.000716,0.000000,0,0.000000,0
makarresh,94,4,0.000716,0.000000,0,0.000000,0
makarresh,94,5,0.000716,0.000000,0,0.000000,0
makarresh,94,6,0.000716,0.000000,0,0.000000,0
makarresh,94,7,0.000716,0.000000,0,0.000000,0
makarresh,94,8,0.000716,0.000000,0,0.000000,0
makarresh,95,1,0.000701,0.000000,0,0.000000,0
makarresh,95,2,0.000701,0.000000,0,0.000000,0
makarresh,95,3,0.000701,0.000000,0,0.000000,0
makarresh,95,4,0.000701,0.000000,0,0.000000,0
makarresh,95,5,0.000701,0.000000,0,0.000000,0
makarresh,95,6,0.000701,0.000000,0,0.000000,0
makarresh,95,7,0.000701,0.000000,0,0.000000,0
makarresh,95,8,0.000701,0.000000,0,0.000000,0
makarresh,96,1,0.000701,0.000000,0,0.000000,0
makarresh,96,2,0.000701,0.000000,0,0.000000,0
makarresh,96,3,0.000701,0.000000,0,0.000000,0
makarresh,96,4,0.000701,0.000000,0,0.000000,0
makarresh,96,5,0.000701,0.000000,0,0.000000,0
makarresh,96,6,0.000701,0.000000,0,0.000000,0
makarresh,96,7,0.000701,0.000000,0,0.000000,0
makarresh,96,8,0.000701,0.000000,0,0.000000,0
makarresh,97,1,0.000900,0.000000,0,0.000000,0
makarresh,97,2,0.000900,0.000000,0,0.000000,0
makarresh,97,3,0.000900,0.000000,0,0.000000,0
makarresh,97,4,0.000900,0.000000,0,0.000000,0
makarresh,97,5,0.000900,0.000000,0,0.000000,0
makarresh,97,6,0.000900,0.000000,0,0.000000,0
makarresh,97,7,0.000900,0.000000,0,0.000000,0
makarresh,97,8,0.000900,0.000000,0,0.000000,0
makarresh,98,1,0.000672,0.000000,0,0.000000,0
makarresh,98,2,0.000672,0.000000,0,0.000000,0
makarresh,98,3,0.000672,0.000000,0,0.000000,0
makarresh,98,4,0.000672,0.000000,0,0.000000,0
makarresh,98,5,0.000672,0.000000,0,0.000000,0
makarresh,98,6,0.000672,0.000000,0,0.000000,0
makarresh,98,7,0.000672,0.000000,0,0.000000,0
makarresh,98,8,0.000672,0.000000,0,0.000000,0
makarresh,99,1,0.000714,0.000000,0,0.000000,0
makarresh,99,2,0.000714,0.000000,0,0.000000,0
makarresh,99,3,0.000714,0.000000,0,0.000000,0
makarresh,99,4,0.000714,0.000000,0,0.000000,0
makarresh,99,5,0.000714,0.000000,0,0.000000,0
makarresh,99,6,0.000714,0.000000,0,0.000000,0
makarresh,99,7,0.000714,0.000000,0,0.000000,0
