hardware,embedding_index,horizon,probability,baseline_prob,diff_probs,method,time,algorithm_index,baseline_index,tot_strats,tot_ins,cstate_size,verify_time
algiers,0,2,0.500000,0.500000,0.000000,bellman,0.068840,0,1,1,3,4,0.000780
algiers,0,3,0.995040,0.995036,0.000000,bellman,0.287800,2,3,1,3,4,0.002400
algiers,0,4,0.995040,0.995037,0.000000,bellman,1.040170,4,5,1,3,4,0.004320
algiers,0,5,0.999770,0.997403,0.002360,bellman,3.280750,6,7,1,3,4,0.007860
algiers,0,6,0.999770,0.997402,0.002370,bellman,9.424300,8,9,1,3,4,0.011230
algiers,0,7,0.999830,0.997437,0.002400,bellman,25.338740,10,11,1,3,4,0.019470
algiers,0,2,0.000110,0.000000,0.000110,convex,0.067680,12,1,2,3,4,0.001820
algiers,0,3,0.994870,0.994872,0.000000,convex,0.292400,2,3,5,3,4,0.002930
algiers,0,4,0.994870,0.990097,0.004770,convex,1.054620,2,5,11,3,4,0.002750
algiers,0,5,0.999600,0.994848,0.004750,convex,3.330230,13,7,27,3,4,0.008800
algiers,0,6,0.999670,0.994802,0.004870,convex,9.701280,14,9,75,3,4,0.013960
algiers,0,7,0.999670,0.994869,0.004800,convex,27.983050,15,11,231,3,4,0.018870
algiers,1,2,0.500000,0.500000,0.000000,bellman,0.069910,0,1,1,3,4,0.000950
algiers,1,3,0.944450,0.944447,0.000000,bellman,0.285820,2,3,1,3,4,0.004550
algiers,1,4,0.944450,0.944453,0.000000,bellman,1.023940,4,5,1,3,4,0.007100
algiers,1,5,0.990970,0.967709,0.023260,bellman,3.250690,6,7,1,3,4,0.015080
algiers,1,6,0.990970,0.967711,0.023260,bellman,9.305980,8,9,1,3,4,0.025030
algiers,1,7,0.998270,0.971370,0.026910,bellman,24.765520,10,11,1,3,4,0.050670
algiers,1,2,0.000110,0.000000,0.000110,convex,0.070860,12,1,2,3,4,0.003110
algiers,1,3,0.944290,0.944289,0.000000,convex,0.287860,2,3,5,3,4,0.004600
algiers,1,4,0.944290,0.891975,0.052310,convex,1.033450,2,5,14,3,4,0.004890
algiers,1,5,0.990810,0.941391,0.049420,convex,3.295970,13,7,41,3,4,0.014560
algiers,1,6,0.990810,0.935916,0.054890,convex,9.835720,16,9,131,3,4,0.030770
algiers,1,7,0.998110,0.943667,0.054440,convex,37.288170,17,11,434,3,4,0.064110
almaden,0,2,0.500000,0.500000,0.000000,bellman,0.066350,0,1,1,3,4,0.000550
almaden,0,3,0.983260,0.983260,0.000000,bellman,0.283450,2,3,1,3,4,0.002780
almaden,0,4,0.983280,0.983278,0.000000,bellman,1.028810,4,5,1,3,4,0.004250
almaden,0,5,0.997560,0.990417,0.007140,bellman,3.259000,6,7,1,3,4,0.008900
almaden,0,6,0.997560,0.990419,0.007140,bellman,9.370660,8,9,1,3,4,0.015400
almaden,0,7,0.998190,0.990731,0.007460,bellman,25.031360,10,11,1,3,4,0.029600
almaden,0,2,0.001180,0.000000,0.001180,convex,0.067180,12,1,2,3,4,0.001820
almaden,0,3,0.981500,0.981501,0.000000,convex,0.288190,2,3,5,3,4,0.002680
almaden,0,4,0.981500,0.966779,0.014720,convex,1.050800,2,5,11,3,4,0.002980
almaden,0,5,0.995780,0.981279,0.014500,convex,3.292750,13,7,27,3,4,0.008280
almaden,0,6,0.996430,0.980845,0.015590,convex,9.455080,14,9,63,3,4,0.015520
almaden,0,7,0.996450,0.981491,0.014960,convex,26.802140,15,11,139,3,4,0.023210
almaden,1,2,0.500000,0.500000,0.000000,bellman,0.066530,0,1,1,3,4,0.000590
almaden,1,3,0.772090,0.772095,0.000000,bellman,0.279800,2,3,1,3,4,0.002830
almaden,1,4,0.772300,0.772301,0.000000,bellman,1.019670,4,5,1,3,4,0.004860
almaden,1,5,0.867690,0.819998,0.047690,bellman,3.223260,6,7,1,3,4,0.010610
almaden,1,6,0.867800,0.820070,0.047730,bellman,9.312600,8,9,1,3,4,0.017010
almaden,1,7,0.917960,0.845151,0.072820,bellman,24.985080,10,11,1,3,4,0.038120
almaden,1,2,0.001180,0.000000,0.001180,convex,0.066680,12,1,2,3,4,0.002050
almaden,1,3,0.770590,0.770586,0.000000,convex,0.285070,2,3,5,3,4,0.002970
almaden,1,4,0.770590,0.595920,0.174670,convex,1.023550,2,5,14,3,4,0.003220
almaden,1,5,0.866070,0.730996,0.135080,convex,3.260470,18,7,44,3,4,0.019400
almaden,1,6,0.866350,0.669764,0.196590,convex,9.838530,16,9,147,3,4,0.027310
almaden,1,7,0.916370,0.740792,0.175580,convex,40.140630,17,11,490,3,4,0.055750
athens,0,2,0.500000,0.500000,0.000000,bellman,0.064160,0,1,1,3,4,0.000510
athens,0,3,0.989670,0.989673,0.000000,bellman,0.280560,2,3,1,3,4,0.002550
athens,0,4,0.989670,0.989674,0.000000,bellman,1.009090,4,5,1,3,4,0.004270
athens,0,5,0.999470,0.994571,0.004900,bellman,3.188020,6,7,1,3,4,0.008100
athens,0,6,0.999470,0.994570,0.004900,bellman,9.175540,8,9,1,3,4,0.013440
athens,0,7,0.999760,0.994718,0.005040,bellman,24.539320,10,11,1,3,4,0.024260
athens,0,2,0.000150,0.000000,0.000150,convex,0.065380,12,1,2,3,4,0.001950
athens,0,3,0.989440,0.989444,0.000000,convex,0.282730,2,3,5,3,4,0.002670
athens,0,4,0.989440,0.979450,0.009990,convex,1.023730,2,5,11,3,4,0.002410
athens,0,5,0.999240,0.989342,0.009890,convex,3.258440,13,7,27,3,4,0.007800
athens,0,6,0.999440,0.989141,0.010290,convex,9.589480,19,9,75,3,4,0.015120
athens,0,7,0.999530,0.989442,0.010090,convex,27.745090,20,11,231,3,4,0.037080
athens,1,2,0.500000,0.500000,0.000000,bellman,0.065900,0,1,1,3,4,0.000500
athens,1,3,0.988020,0.988021,0.000000,bellman,0.284960,2,3,1,3,4,0.002530
athens,1,4,0.988020,0.988023,0.000000,bellman,1.034770,4,5,1,3,4,0.003970
athens,1,5,0.999310,0.993666,0.005640,bellman,3.280400,6,7,1,3,4,0.007970
athens,1,6,0.999310,0.993666,0.005640,bellman,9.304570,8,9,1,3,4,0.013560
athens,1,7,0.999700,0.993860,0.005840,bellman,24.941970,10,11,1,3,4,0.027000
athens,1,2,0.000190,0.000000,0.000190,convex,0.065190,12,1,2,3,4,0.001980
athens,1,3,0.987740,0.987740,0.000000,convex,0.285100,2,3,5,3,4,0.002700
athens,1,4,0.987740,0.976184,0.011560,convex,1.033480,2,5,11,3,4,0.002720
athens,1,5,0.999030,0.987606,0.011420,convex,3.276950,13,7,27,3,4,0.008090
athens,1,6,0.999290,0.987339,0.011960,convex,9.591690,19,9,75,3,4,0.017810
athens,1,7,0.999420,0.987732,0.011690,convex,27.895060,21,11,231,3,4,0.031510
athens,2,2,0.500000,0.500000,0.000000,bellman,0.066550,0,1,1,3,4,0.000530
athens,2,3,0.975430,0.975426,0.000000,bellman,0.285280,2,3,1,3,4,0.002620
athens,2,4,0.975430,0.975430,0.000000,bellman,1.033080,4,5,1,3,4,0.003860
athens,2,5,0.997970,0.986702,0.011270,bellman,3.318780,6,7,1,3,4,0.009200
athens,2,6,0.997980,0.986704,0.011270,bellman,9.387220,8,9,1,3,4,0.014440
athens,2,7,0.999580,0.987507,0.012070,bellman,25.076760,10,11,1,3,4,0.028200
athens,2,2,0.000190,0.000000,0.000190,convex,0.066100,12,1,2,3,4,0.001700
athens,2,3,0.975150,0.975147,0.000000,convex,0.286520,2,3,5,3,4,0.002550
athens,2,4,0.975150,0.951451,0.023700,convex,1.045790,2,5,11,3,4,0.002660
athens,2,5,0.997690,0.974573,0.023120,convex,3.335260,13,7,27,3,4,0.008130
athens,2,6,0.997700,0.973449,0.024250,convex,9.623080,22,9,75,3,4,0.010850
athens,2,7,0.999310,0.975096,0.024210,convex,27.689650,23,11,231,3,4,0.022290
athens,3,2,0.500000,0.500000,0.000000,bellman,0.066100,0,1,1,3,4,0.000540
athens,3,3,0.984420,0.984422,0.000000,bellman,0.284470,2,3,1,3,4,0.002490
athens,3,4,0.984430,0.984425,0.000000,bellman,1.029430,4,5,1,3,4,0.004330
athens,3,5,0.999020,0.991725,0.007300,bellman,3.264480,6,7,1,3,4,0.009400
athens,3,6,0.999020,0.991726,0.007300,bellman,9.349620,8,9,1,3,4,0.014240
athens,3,7,0.999680,0.992050,0.007630,bellman,24.938820,10,11,1,3,4,0.028030
athens,3,2,0.000190,0.000000,0.000190,convex,0.066870,12,1,2,3,4,0.001760
athens,3,3,0.984140,0.984142,0.000000,convex,0.287930,2,3,5,3,4,0.002680
athens,3,4,0.984140,0.969085,0.015060,convex,1.043680,2,5,11,3,4,0.002880
athens,3,5,0.998740,0.983912,0.014830,convex,3.316780,13,7,27,3,4,0.007940
athens,3,6,0.998970,0.983459,0.015510,convex,9.550590,24,9,75,3,4,0.017040
athens,3,7,0.999410,0.984129,0.015280,convex,27.655260,25,11,231,3,4,0.032590
athens,4,2,0.500000,0.500000,0.000000,bellman,0.066370,0,1,1,3,4,0.000590
athens,4,3,0.977830,0.977825,0.000000,bellman,0.285120,2,3,1,3,4,0.002720
athens,4,4,0.977830,0.977829,0.000000,bellman,1.024130,4,5,1,3,4,0.004280
athens,4,5,0.998300,0.988062,0.010230,bellman,3.245130,6,7,1,3,4,0.009100
athens,4,6,0.998300,0.988065,0.010230,bellman,9.266140,8,9,1,3,4,0.015020
athens,4,7,0.999620,0.988725,0.010890,bellman,24.846930,10,11,1,3,4,0.029520
athens,4,2,0.000190,0.000000,0.000190,convex,0.066660,12,1,2,3,4,0.001850
athens,4,3,0.977550,0.977546,0.000000,convex,0.286370,2,3,5,3,4,0.002710
athens,4,4,0.977550,0.956138,0.021410,convex,1.039280,2,5,11,3,4,0.002800
athens,4,5,0.998020,0.977077,0.020940,convex,3.292170,13,7,27,3,4,0.008130
athens,4,6,0.998120,0.976159,0.021960,convex,9.577210,22,9,75,3,4,0.010740
athens,4,7,0.999340,0.977508,0.021830,convex,27.936910,26,11,231,3,4,0.037070
auckland,0,2,0.500000,0.500000,0.000000,bellman,0.067570,0,1,1,3,4,0.000660
auckland,0,3,0.994310,0.994311,0.000000,bellman,0.286350,2,3,1,3,4,0.002960
auckland,0,4,0.994310,0.994312,0.000000,bellman,1.031790,4,5,1,3,4,0.004940
auckland,0,5,0.999720,0.997016,0.002700,bellman,3.273480,6,7,1,3,4,0.009520
auckland,0,6,0.999720,0.997016,0.002700,bellman,9.366170,8,9,1,3,4,0.013970
auckland,0,7,0.999810,0.997061,0.002750,bellman,25.058940,10,11,1,3,4,0.023850
auckland,0,2,0.000130,0.000000,0.000130,convex,0.068450,12,1,2,3,4,0.002330
auckland,0,3,0.994120,0.994121,0.000000,convex,0.288780,2,3,5,3,4,0.003300
auckland,0,4,0.994120,0.988654,0.005470,convex,1.045310,2,5,11,3,4,0.003550
auckland,0,5,0.999530,0.994092,0.005440,convex,3.341530,13,7,27,3,4,0.010560
auckland,0,6,0.999620,0.994032,0.005590,convex,9.639940,14,9,75,3,4,0.016650
auckland,0,7,0.999620,0.994122,0.005500,convex,27.945240,15,11,231,3,4,0.022300
auckland,1,2,0.500000,0.500000,0.000000,bellman,0.070240,0,1,1,3,4,0.000880
auckland,1,3,0.980610,0.980614,0.000000,bellman,0.286110,2,3,1,3,4,0.004170
auckland,1,4,0.980620,0.980617,0.000000,bellman,1.032300,4,5,1,3,4,0.006620
auckland,1,5,0.998720,0.989665,0.009050,bellman,3.270410,6,7,1,3,4,0.014090
auckland,1,6,0.998720,0.989671,0.009050,bellman,9.445150,8,9,1,3,4,0.023820
auckland,1,7,0.999740,0.990186,0.009560,bellman,25.084790,10,11,1,3,4,0.046300
auckland,1,2,0.000130,0.000000,0.000130,convex,0.069540,12,1,2,3,4,0.002830
auckland,1,3,0.980430,0.980427,0.000000,convex,0.284690,2,3,5,3,4,0.004330
auckland,1,4,0.980430,0.961603,0.018820,convex,1.021210,2,5,11,3,4,0.004520
auckland,1,5,0.998530,0.980064,0.018460,convex,3.264530,13,7,27,3,4,0.013310
auckland,1,6,0.998550,0.979354,0.019200,convex,9.395140,22,9,75,3,4,0.017000
auckland,1,7,0.999560,0.980398,0.019160,convex,27.578920,27,11,231,3,4,0.045650
belem,0,2,0.500000,0.500000,0.000000,bellman,0.064990,0,1,1,3,4,0.000510
belem,0,3,0.958310,0.958308,0.000000,bellman,0.280100,2,3,1,3,4,0.002470
belem,0,4,0.958320,0.958317,0.000000,bellman,1.018520,4,5,1,3,4,0.004070
belem,0,5,0.994690,0.976502,0.018190,bellman,3.250860,6,7,1,3,4,0.008210
belem,0,6,0.994690,0.976507,0.018190,bellman,9.471690,8,9,1,3,4,0.013630
belem,0,7,0.999030,0.978670,0.020360,bellman,24.997390,10,11,1,3,4,0.028130
belem,0,2,0.000210,0.000000,0.000210,convex,0.066440,12,1,2,3,4,0.001590
belem,0,3,0.958010,0.958009,0.000000,convex,0.288030,2,3,5,3,4,0.002460
belem,0,4,0.958010,0.918347,0.039660,convex,1.043570,2,5,15,3,4,0.002460
belem,0,5,0.994390,0.956368,0.038020,convex,3.334300,13,7,43,3,4,0.007420
belem,0,6,0.994390,0.953220,0.041170,convex,9.844780,16,9,119,3,4,0.017410
belem,0,7,0.998720,0.957744,0.040980,convex,33.914190,17,11,335,3,4,0.037420
belem,1,2,0.500000,0.500000,0.000000,bellman,0.066610,0,1,1,3,4,0.000500
belem,1,3,0.967830,0.967834,0.000000,bellman,0.285660,2,3,1,3,4,0.002320
belem,1,4,0.967840,0.967838,0.000000,bellman,1.036540,4,5,1,3,4,0.003590
belem,1,5,0.996820,0.982329,0.014490,bellman,3.285900,6,7,1,3,4,0.007800
belem,1,6,0.996820,0.982327,0.014490,bellman,9.442140,8,9,1,3,4,0.013630
belem,1,7,0.999510,0.983682,0.015840,bellman,25.128580,10,11,1,3,4,0.027800
belem,1,2,0.000120,0.000000,0.000120,convex,0.067290,12,1,2,3,4,0.001570
belem,1,3,0.967670,0.967665,0.000000,convex,0.286390,2,3,5,3,4,0.002470
belem,1,4,0.967670,0.936700,0.030970,convex,1.045000,2,5,14,3,4,0.002620
belem,1,5,0.996650,0.966675,0.029980,convex,3.341490,13,7,39,3,4,0.007510
belem,1,6,0.996650,0.964755,0.031900,convex,9.949720,16,9,108,3,4,0.017370
belem,1,7,0.999340,0.967539,0.031800,convex,32.410670,17,11,309,3,4,0.036750
belem,2,2,0.500000,0.500000,0.000000,bellman,0.066000,0,1,1,3,4,0.000590
belem,2,3,0.975830,0.975832,0.000000,bellman,0.286870,2,3,1,3,4,0.002620
belem,2,4,0.975840,0.975835,0.000000,bellman,1.037040,4,5,1,3,4,0.003840
belem,2,5,0.998130,0.986981,0.011150,bellman,3.298210,6,7,1,3,4,0.008460
belem,2,6,0.998130,0.986981,0.011150,bellman,9.423060,8,9,1,3,4,0.013530
belem,2,7,0.999690,0.987758,0.011930,bellman,25.249340,10,11,1,3,4,0.027600
belem,2,2,0.000120,0.000000,0.000120,convex,0.067330,12,1,2,3,4,0.001750
belem,2,3,0.975660,0.975662,0.000000,convex,0.292180,2,3,5,3,4,0.002520
belem,2,4,0.975660,0.952246,0.023420,convex,1.056840,2,5,12,3,4,0.002590
belem,2,5,0.997950,0.975100,0.022850,convex,3.359380,13,7,31,3,4,0.007640
belem,2,6,0.997950,0.974002,0.023950,convex,9.782250,16,9,86,3,4,0.018160
belem,2,7,0.999520,0.975608,0.023920,convex,29.366280,17,11,257,3,4,0.040460
belem,3,2,0.500000,0.500000,0.000000,bellman,0.066360,0,1,1,3,4,0.000530
belem,3,3,0.965830,0.965835,0.000000,bellman,0.286920,2,3,1,3,4,0.002710
belem,3,4,0.965840,0.965838,0.000000,bellman,1.035030,4,5,1,3,4,0.003960
belem,3,5,0.996440,0.981140,0.015300,bellman,3.287490,6,7,1,3,4,0.008810
belem,3,6,0.996440,0.981141,0.015300,bellman,9.433740,8,9,1,3,4,0.014620
belem,3,7,0.999450,0.982650,0.016810,bellman,25.370290,10,11,1,3,4,0.030600
belem,3,2,0.000120,0.000000,0.000120,convex,0.069080,12,1,2,3,4,0.001700
belem,3,3,0.965670,0.965666,0.000000,convex,0.297300,2,3,5,3,4,0.002650
belem,3,4,0.965670,0.932833,0.032830,convex,1.075160,2,5,14,3,4,0.002700
belem,3,5,0.996270,0.964549,0.031720,convex,3.415750,13,7,40,3,4,0.008430
belem,3,6,0.996270,0.962390,0.033870,convex,10.156600,16,9,110,3,4,0.018410
belem,3,7,0.999280,0.965519,0.033760,convex,33.389550,17,11,312,3,4,0.039140
belem,4,2,0.500000,0.500000,0.000000,bellman,0.067960,0,1,1,3,4,0.000540
belem,4,3,0.979230,0.979231,0.000000,bellman,0.293710,2,3,1,3,4,0.002600
belem,4,4,0.979230,0.979234,0.000000,bellman,1.058680,4,5,1,3,4,0.004300
belem,4,5,0.998570,0.988903,0.009670,bellman,3.347470,6,7,1,3,4,0.008940
belem,4,6,0.998570,0.988904,0.009670,bellman,9.538600,8,9,1,3,4,0.014960
belem,4,7,0.999740,0.989495,0.010250,bellman,25.473450,10,11,1,3,4,0.049640
belem,4,2,0.000120,0.000000,0.000120,convex,0.068960,12,1,2,3,4,0.001980
belem,4,3,0.979060,0.979061,0.000000,convex,0.295510,2,3,5,3,4,0.002860
belem,4,4,0.979060,0.958892,0.020170,convex,1.064550,2,5,11,3,4,0.003730
belem,4,5,0.998400,0.978645,0.019750,convex,3.401490,13,7,27,3,4,0.009640
belem,4,6,0.998400,0.977830,0.020570,convex,9.845700,16,9,75,3,4,0.020720
belem,4,7,0.999570,0.979026,0.020540,convex,28.459000,17,11,231,3,4,0.039990
boeblingen,0,2,0.500000,0.500000,0.000000,bellman,0.069120,0,1,1,3,4,0.000730
boeblingen,0,3,0.986450,0.986449,0.000000,bellman,0.289490,2,3,1,3,4,0.003500
boeblingen,0,4,0.986450,0.986452,0.000000,bellman,1.046560,4,5,1,3,4,0.005780
boeblingen,0,5,0.999120,0.992787,0.006340,bellman,3.333590,6,7,1,3,4,0.012450
boeblingen,0,6,0.999120,0.992787,0.006340,bellman,9.518580,8,9,1,3,4,0.020420
boeblingen,0,7,0.999620,0.993039,0.006580,bellman,25.472000,10,11,1,3,4,0.039150
boeblingen,0,2,0.000240,0.000000,0.000240,convex,0.070740,12,1,2,3,4,0.002410
boeblingen,0,3,0.986090,0.986094,0.000000,convex,0.292400,2,3,5,3,4,0.003720
boeblingen,0,4,0.986090,0.973077,0.013020,convex,1.059240,2,5,11,3,4,0.003670
boeblingen,0,5,0.998770,0.985922,0.012840,convex,3.365410,13,7,27,3,4,0.011370
boeblingen,0,6,0.999110,0.985582,0.013530,convex,9.729090,19,9,75,3,4,0.022170
boeblingen,0,7,0.999270,0.986089,0.013180,convex,27.977220,21,11,231,3,4,0.038670
boeblingen,1,2,0.500000,0.500000,0.000000,bellman,0.068910,0,1,1,3,4,0.000780
boeblingen,1,3,0.807030,0.807034,0.000000,bellman,0.285460,2,3,1,3,4,0.004060
boeblingen,1,4,0.807070,0.807071,0.000000,bellman,1.036890,4,5,1,3,4,0.006430
boeblingen,1,5,0.902600,0.854835,0.047760,bellman,3.265160,6,7,1,3,4,0.014260
boeblingen,1,6,0.902620,0.854850,0.047770,bellman,9.316750,8,9,1,3,4,0.023540
boeblingen,1,7,0.947200,0.877137,0.070070,bellman,24.899690,10,11,1,3,4,0.050300
boeblingen,1,2,0.000240,0.000000,0.000240,convex,0.070170,12,1,2,3,4,0.002740
boeblingen,1,3,0.806720,0.806722,0.000000,convex,0.287800,2,3,5,3,4,0.004100
boeblingen,1,4,0.806720,0.651267,0.155460,convex,1.040570,2,5,15,3,4,0.003940
boeblingen,1,5,0.902260,0.776765,0.125500,convex,3.317050,18,7,50,3,4,0.022860
boeblingen,1,6,0.902310,0.728397,0.173910,convex,10.336830,16,9,195,3,4,0.035940
boeblingen,1,7,0.946870,0.786967,0.159890,convex,69.920900,17,11,768,3,4,0.074350
bogota,0,2,0.500000,0.500000,0.000000,bellman,0.064860,0,1,1,3,4,0.000550
bogota,0,3,0.967660,0.967656,0.000000,bellman,0.283870,2,3,1,3,4,0.002670
bogota,0,4,0.967660,0.967659,0.000000,bellman,1.017370,4,5,1,3,4,0.003710
bogota,0,5,0.996810,0.982231,0.014570,bellman,3.227630,6,7,1,3,4,0.008200
bogota,0,6,0.996810,0.982233,0.014570,bellman,9.367640,8,9,1,3,4,0.013560
bogota,0,7,0.999530,0.983591,0.015940,bellman,25.190690,10,11,1,3,4,0.028540
bogota,0,2,0.000100,0.000000,0.000100,convex,0.066990,12,1,2,3,4,0.001670
bogota,0,3,0.967510,0.967509,0.000000,convex,0.287960,2,3,5,3,4,0.002790
bogota,0,4,0.967510,0.936355,0.031150,convex,1.033860,2,5,14,3,4,0.002490
bogota,0,5,0.996660,0.966506,0.030150,convex,3.324510,13,7,40,3,4,0.007550
bogota,0,6,0.996660,0.964564,0.032090,convex,9.921380,16,9,113,3,4,0.017810
bogota,0,7,0.999380,0.967384,0.032000,convex,32.797690,17,11,316,3,4,0.038260
bogota,1,2,0.500000,0.500000,0.000000,bellman,0.064650,0,1,1,3,4,0.000510
bogota,1,3,0.972680,0.972676,0.000000,bellman,0.280070,2,3,1,3,4,0.002470
bogota,1,4,0.972680,0.972680,0.000000,bellman,1.020210,4,5,1,3,4,0.004150
bogota,1,5,0.997600,0.985143,0.012460,bellman,3.225790,6,7,1,3,4,0.008160
bogota,1,6,0.997610,0.985141,0.012460,bellman,9.223840,8,9,1,3,4,0.013570
bogota,1,7,0.999580,0.986133,0.013450,bellman,24.739990,10,11,1,3,4,0.027330
bogota,1,2,0.000160,0.000000,0.000160,convex,0.065770,12,1,2,3,4,0.001600
bogota,1,3,0.972450,0.972448,0.000000,convex,0.284580,2,3,5,3,4,0.002700
bogota,1,4,0.972450,0.946094,0.026350,convex,1.029090,2,5,12,3,4,0.002630
bogota,1,5,0.997370,0.971733,0.025640,convex,3.280330,13,7,31,3,4,0.007460
bogota,1,6,0.997370,0.970342,0.027030,convex,9.555360,16,9,86,3,4,0.017700
bogota,1,7,0.999340,0.972376,0.026970,convex,28.571550,17,11,252,3,4,0.037260
bogota,2,2,0.500000,0.500000,0.000000,bellman,0.064730,0,1,1,3,4,0.000540
bogota,2,3,0.965880,0.965878,0.000000,bellman,0.280730,2,3,1,3,4,0.002410
bogota,2,4,0.965880,0.965883,0.000000,bellman,1.017560,4,5,1,3,4,0.004300
bogota,2,5,0.996400,0.981142,0.015260,bellman,3.231230,6,7,1,3,4,0.008360
bogota,2,6,0.996400,0.981141,0.015260,bellman,9.359480,8,9,1,3,4,0.014410
bogota,2,7,0.999400,0.982642,0.016760,bellman,25.061090,10,11,1,3,4,0.029510
bogota,2,2,0.000160,0.000000,0.000160,convex,0.068410,12,1,2,3,4,0.001700
bogota,2,3,0.965650,0.965651,0.000000,convex,0.290850,2,3,5,3,4,0.002540
bogota,2,4,0.965650,0.932915,0.032740,convex,1.054430,2,5,14,3,4,0.002530
bogota,2,5,0.996170,0.964541,0.031630,convex,3.363180,13,7,39,3,4,0.008080
bogota,2,6,0.996170,0.962397,0.033770,convex,9.861990,16,9,108,3,4,0.018970
bogota,2,7,0.999170,0.965508,0.033660,convex,31.986960,17,11,309,3,4,0.038340
bogota,3,2,0.500000,0.500000,0.000000,bellman,0.066600,0,1,1,3,4,0.000530
bogota,3,3,0.943190,0.943185,0.000000,bellman,0.284760,2,3,1,3,4,0.002540
bogota,3,4,0.943190,0.943193,0.000000,bellman,1.026830,4,5,1,3,4,0.004390
bogota,3,5,0.990520,0.966857,0.023660,bellman,3.270140,6,7,1,3,4,0.008750
bogota,3,6,0.990520,0.966856,0.023660,bellman,9.423610,8,9,1,3,4,0.014940
bogota,3,7,0.998110,0.970642,0.027450,bellman,25.149640,10,11,1,3,4,0.029490
bogota,3,2,0.000160,0.000000,0.000160,convex,0.067610,12,1,2,3,4,0.001810
bogota,3,3,0.942960,0.942961,0.000000,convex,0.289730,2,3,5,3,4,0.002640
bogota,3,4,0.942960,0.889590,0.053370,convex,1.051660,2,5,14,3,4,0.002780
bogota,3,5,0.990290,0.939942,0.050350,convex,3.357180,13,7,41,3,4,0.007870
bogota,3,6,0.990290,0.934242,0.056050,convex,10.013290,16,9,131,3,4,0.018290
bogota,3,7,0.997870,0.942310,0.055570,convex,37.031170,17,11,397,3,4,0.039640
bogota,4,2,0.500000,0.500000,0.000000,bellman,0.067490,0,1,1,3,4,0.000580
bogota,4,3,0.962080,0.962079,0.000000,bellman,0.285710,2,3,1,3,4,0.002580
bogota,4,4,0.962080,0.962085,0.000000,bellman,1.035270,4,5,1,3,4,0.004050
bogota,4,5,0.995610,0.978847,0.016760,bellman,3.274930,6,7,1,3,4,0.008800
bogota,4,6,0.995610,0.978848,0.016760,bellman,9.429110,8,9,1,3,4,0.015050
bogota,4,7,0.999260,0.980671,0.018590,bellman,25.165790,10,11,1,3,4,0.030510
bogota,4,2,0.000160,0.000000,0.000160,convex,0.067760,12,1,2,3,4,0.001950
bogota,4,3,0.961850,0.961853,0.000000,convex,0.288970,2,3,5,3,4,0.002970
bogota,4,4,0.961850,0.925590,0.036260,convex,1.051020,2,5,14,3,4,0.002690
bogota,4,5,0.995380,0.960486,0.034890,convex,3.337260,13,7,39,3,4,0.008250
bogota,4,6,0.995380,0.957853,0.037530,convex,9.930870,16,9,108,3,4,0.019790
bogota,4,7,0.999030,0.961644,0.037380,convex,32.322440,17,11,309,3,4,0.041090
brooklyn,0,2,0.500000,0.500000,0.000000,bellman,0.069350,0,1,1,3,4,0.000850
brooklyn,0,3,0.987330,0.987327,0.000000,bellman,0.287070,2,3,1,3,4,0.004560
brooklyn,0,4,0.987330,0.987328,0.000000,bellman,1.029200,4,5,1,3,4,0.006540
brooklyn,0,5,0.999360,0.993344,0.006020,bellman,3.260870,6,7,1,3,4,0.013230
brooklyn,0,6,0.999360,0.993344,0.006020,bellman,9.340250,8,9,1,3,4,0.022470
brooklyn,0,7,0.999800,0.993567,0.006240,bellman,25.031170,10,11,1,3,4,0.043830
brooklyn,0,2,0.000120,0.000000,0.000120,convex,0.070520,12,1,2,3,4,0.002750
brooklyn,0,3,0.987150,0.987152,0.000000,convex,0.288720,2,3,5,3,4,0.004110
brooklyn,0,4,0.987150,0.974812,0.012340,convex,1.048870,2,5,11,3,4,0.004090
brooklyn,0,5,0.999180,0.986999,0.012190,convex,3.330430,13,7,27,3,4,0.012120
brooklyn,0,6,0.999330,0.986696,0.012640,convex,9.621560,24,9,75,3,4,0.025630
brooklyn,0,7,0.999630,0.987146,0.012490,convex,28.040710,25,11,231,3,4,0.047730
brooklyn,1,2,0.500000,0.500000,0.000000,bellman,0.071770,0,1,1,3,4,0.000980
brooklyn,1,3,0.913040,0.913044,0.000000,bellman,0.289280,2,3,1,3,4,0.004920
brooklyn,1,4,0.913050,0.913053,0.000000,bellman,1.037380,4,5,1,3,4,0.007660
brooklyn,1,5,0.978530,0.945793,0.032740,bellman,3.301160,6,7,1,3,4,0.016540
brooklyn,1,6,0.978540,0.945792,0.032740,bellman,9.453600,8,9,1,3,4,0.027670
brooklyn,1,7,0.994110,0.953574,0.040520,bellman,25.284650,10,11,1,3,4,0.056330
brooklyn,1,2,0.000120,0.000000,0.000120,convex,0.074060,12,1,2,3,4,0.003400
brooklyn,1,3,0.912880,0.912878,0.000000,convex,0.291680,2,3,5,3,4,0.004980
brooklyn,1,4,0.912880,0.833640,0.079240,convex,1.055510,2,5,15,3,4,0.004980
brooklyn,1,5,0.978360,0.906000,0.072360,convex,3.373980,13,7,47,3,4,0.016570
brooklyn,1,6,0.978360,0.893441,0.084920,convex,10.268660,16,9,155,3,4,0.046880
brooklyn,1,7,0.993930,0.910648,0.083290,convex,46.189610,17,11,526,3,4,0.075820
burlington,0,2,0.500000,0.500000,0.000000,bellman,0.066940,0,1,1,3,4,0.000540
burlington,0,3,0.974640,0.974641,0.000000,bellman,0.287230,2,3,1,3,4,0.002360
burlington,0,4,0.974650,0.974655,0.000000,bellman,1.041700,4,5,1,3,4,0.003660
burlington,0,5,0.997340,0.985997,0.011340,bellman,3.285650,6,7,1,3,4,0.008490
burlington,0,6,0.997340,0.985999,0.011340,bellman,9.456360,8,9,1,3,4,0.014190
burlington,0,7,0.998970,0.986814,0.012160,bellman,25.246130,10,11,1,3,4,0.027540
burlington,0,2,0.000590,0.000000,0.000590,convex,0.066390,12,1,2,3,4,0.001940
burlington,0,3,0.973770,0.973767,0.000000,convex,0.284600,2,3,5,3,4,0.002590
burlington,0,4,0.973770,0.949909,0.023860,convex,1.028600,2,5,11,3,4,0.002680
burlington,0,5,0.996450,0.973183,0.023270,convex,3.268610,13,7,27,3,4,0.007820
burlington,0,6,0.997090,0.972043,0.025040,convex,9.476760,28,9,75,3,4,0.011860
burlington,0,7,0.998120,0.973714,0.024410,convex,27.793480,29,11,231,3,4,0.022580
burlington,1,2,0.500000,0.500000,0.000000,bellman,0.065800,0,1,1,3,4,0.000490
burlington,1,3,0.951060,0.951062,0.000000,bellman,0.284800,2,3,1,3,4,0.002340
burlington,1,4,0.951080,0.951075,0.000000,bellman,1.023600,4,5,1,3,4,0.004280
burlington,1,5,0.992710,0.971890,0.020810,bellman,3.256960,6,7,1,3,4,0.008610
burlington,1,6,0.992710,0.971891,0.020820,bellman,9.488190,8,9,1,3,4,0.013650
burlington,1,7,0.998470,0.974768,0.023700,bellman,25.164010,10,11,1,3,4,0.028640
burlington,1,2,0.000310,0.000000,0.000310,convex,0.068020,12,1,2,3,4,0.001630
burlington,1,3,0.950610,0.950607,0.000000,convex,0.289630,2,3,5,3,4,0.002490
burlington,1,4,0.950610,0.904502,0.046100,convex,1.048820,2,5,14,3,4,0.002800
burlington,1,5,0.992240,0.948372,0.043870,convex,3.340740,13,7,39,3,4,0.008210
burlington,1,6,0.992240,0.944116,0.048130,convex,9.836480,16,9,108,3,4,0.022850
burlington,1,7,0.998000,0.950191,0.047810,convex,32.167520,17,11,309,3,4,0.039360
burlington,2,2,0.500000,0.500000,0.000000,bellman,0.066680,0,1,1,3,4,0.000510
burlington,2,3,0.972550,0.972547,0.000000,bellman,0.285280,2,3,1,3,4,0.002440
burlington,2,4,0.972560,0.972555,0.000000,bellman,1.034910,4,5,1,3,4,0.003800
burlington,2,5,0.997380,0.984968,0.012410,bellman,3.303220,6,7,1,3,4,0.008070
burlington,2,6,0.997390,0.984967,0.012410,bellman,9.514910,8,9,1,3,4,0.014210
burlington,2,7,0.999340,0.985955,0.013390,bellman,25.273170,10,11,1,3,4,0.027890
burlington,2,2,0.000310,0.000000,0.000310,convex,0.067030,12,1,2,3,4,0.001730
burlington,2,3,0.972090,0.972087,0.000000,convex,0.288810,2,3,5,3,4,0.002630
burlington,2,4,0.972090,0.945841,0.026250,convex,1.049010,2,5,11,3,4,0.002560
burlington,2,5,0.996920,0.971378,0.025540,convex,3.331540,13,7,27,3,4,0.008190
burlington,2,6,0.997160,0.970001,0.027160,convex,9.745270,22,9,75,3,4,0.009980
burlington,2,7,0.998890,0.972005,0.026880,convex,28.182170,26,11,231,3,4,0.034080
burlington,3,2,0.500000,0.500000,0.000000,bellman,0.066650,0,1,1,3,4,0.000520
burlington,3,3,0.967550,0.967551,0.000000,bellman,0.286780,2,3,1,3,4,0.002500
burlington,3,4,0.967560,0.967560,0.000000,bellman,1.032970,4,5,1,3,4,0.003910
burlington,3,5,0.996530,0.982042,0.014480,bellman,3.291020,6,7,1,3,4,0.008710
burlington,3,6,0.996530,0.982040,0.014480,bellman,9.478640,8,9,1,3,4,0.014270
burlington,3,7,0.999220,0.983398,0.015830,bellman,25.314410,10,11,1,3,4,0.029570
burlington,3,2,0.000310,0.000000,0.000310,convex,0.067880,12,1,2,3,4,0.001730
burlington,3,3,0.967090,0.967092,0.000000,convex,0.292200,2,3,5,3,4,0.002870
burlington,3,4,0.967090,0.936145,0.030950,convex,1.055190,2,5,11,3,4,0.002630
burlington,3,5,0.996060,0.966102,0.029960,convex,3.378370,13,7,27,3,4,0.008280
burlington,3,6,0.996060,0.964184,0.031870,convex,9.785440,16,9,75,3,4,0.018250
burlington,3,7,0.998760,0.966965,0.031790,convex,28.370490,23,11,231,3,4,0.022590
burlington,4,2,0.500000,0.500000,0.000000,bellman,0.066980,0,1,1,3,4,0.000550
burlington,4,3,0.956560,0.956558,0.000000,bellman,0.288810,2,3,1,3,4,0.002690
burlington,4,4,0.956570,0.956569,0.000000,bellman,1.043490,4,5,1,3,4,0.004080
burlington,4,5,0.994150,0.975357,0.018790,bellman,3.316350,6,7,1,3,4,0.009010
burlington,4,6,0.994150,0.975356,0.018790,bellman,9.478890,8,9,1,3,4,0.014940
burlington,4,7,0.998790,0.977681,0.021110,bellman,25.347030,10,11,1,3,4,0.032380
burlington,4,2,0.000310,0.000000,0.000310,convex,0.070440,12,1,2,3,4,0.001810
burlington,4,3,0.956100,0.956102,0.000000,convex,0.299530,2,3,5,3,4,0.002880
burlington,4,4,0.956100,0.914989,0.041110,convex,1.086100,2,5,12,3,4,0.002940
burlington,4,5,0.993680,0.954334,0.039340,convex,3.444380,13,7,31,3,4,0.008940
burlington,4,6,0.993680,0.950954,0.042730,convex,10.016180,16,9,86,3,4,0.024860
burlington,4,7,0.998320,0.955802,0.042510,convex,30.028240,17,11,257,3,4,0.042040
cairo,0,2,0.500000,0.500000,0.000000,bellman,0.067700,0,1,1,3,4,0.000510
cairo,0,3,0.994750,0.994747,0.000000,bellman,0.292160,2,3,1,3,4,0.002200
cairo,0,4,0.994750,0.994748,0.000000,bellman,1.063920,4,5,1,3,4,0.003730
cairo,0,5,0.999770,0.997258,0.002510,bellman,3.357600,6,7,1,3,4,0.007510
cairo,0,6,0.999770,0.997257,0.002510,bellman,9.666470,8,9,1,3,4,0.010410
cairo,0,7,0.999850,0.997296,0.002550,bellman,25.694990,10,11,1,3,4,0.017550
cairo,0,2,0.000100,0.000000,0.000100,convex,0.068710,12,1,2,3,4,0.001630
cairo,0,3,0.994590,0.994594,0.000000,convex,0.296170,2,3,5,3,4,0.002490
cairo,0,4,0.994590,0.989522,0.005070,convex,1.069990,2,5,11,3,4,0.002640
cairo,0,5,0.999620,0.994567,0.005050,convex,3.406490,13,7,27,3,4,0.007550
cairo,0,6,0.999690,0.994515,0.005180,convex,9.876030,14,9,75,3,4,0.012960
cairo,0,7,0.999690,0.994591,0.005100,convex,28.630100,15,11,231,3,4,0.018240
cairo,1,2,0.500000,0.500000,0.000000,bellman,0.071290,0,1,1,3,4,0.000790
cairo,1,3,0.850640,0.850639,0.000000,bellman,0.294060,2,3,1,3,4,0.004160
cairo,1,4,0.850660,0.850656,0.000000,bellman,1.060380,4,5,1,3,4,0.006760
cairo,1,5,0.939680,0.895164,0.044510,bellman,3.350640,6,7,1,3,4,0.014130
cairo,1,6,0.939680,0.895170,0.044510,bellman,9.591110,8,9,1,3,4,0.022740
cairo,1,7,0.973580,0.912116,0.061460,bellman,25.510400,10,11,1,3,4,0.065380
cairo,1,2,0.000130,0.000000,0.000130,convex,0.071390,12,1,2,3,4,0.003270
cairo,1,3,0.850460,0.850459,0.000000,convex,0.294430,2,3,5,3,4,0.004320
cairo,1,4,0.850460,0.723571,0.126890,convex,1.059220,2,5,15,3,4,0.004190
cairo,1,5,0.939480,0.831528,0.107960,convex,3.381440,13,7,50,3,4,0.014260
cairo,1,6,0.939500,0.799312,0.140190,convex,10.627190,16,9,194,3,4,0.064660
cairo,1,7,0.973390,0.840431,0.132960,convex,68.600080,17,11,748,3,4,0.066250
cambridge,0,2,0.500000,0.500000,0.000000,bellman,0.063920,0,1,1,3,4,0.000920
cambridge,0,3,0.982110,0.982107,0.000000,bellman,0.258030,2,3,1,3,4,0.004370
cambridge,0,4,0.982120,0.982118,0.000000,bellman,0.952990,4,5,1,3,4,0.006760
cambridge,0,5,0.998230,0.990177,0.008060,bellman,3.097860,6,7,1,3,4,0.013770
cambridge,0,6,0.998230,0.990175,0.008060,bellman,8.938170,8,9,1,3,4,0.023540
cambridge,0,7,0.999040,0.990591,0.008460,bellman,23.918420,10,11,1,3,4,0.045890
cambridge,0,2,0.000610,0.000000,0.000610,convex,0.068170,12,1,2,3,4,0.002860
cambridge,0,3,0.981210,0.981205,0.000000,convex,0.275380,2,3,5,3,4,0.004540
cambridge,0,4,0.981210,0.964524,0.016680,convex,0.992720,2,5,11,3,4,0.004350
cambridge,0,5,0.997320,0.980921,0.016400,convex,3.161710,13,7,27,3,4,0.012950
cambridge,0,6,0.998150,0.980366,0.017790,convex,9.173020,14,9,75,3,4,0.023550
cambridge,0,7,0.998150,0.981179,0.016970,convex,26.369790,30,11,209,3,4,0.037520
cambridge,1,2,0.500000,0.500000,0.000000,bellman,0.066440,0,1,1,3,4,0.000880
cambridge,1,3,0.609560,0.609562,0.000000,bellman,0.272230,2,3,1,3,4,0.004720
cambridge,1,4,0.609710,0.609706,0.000000,bellman,0.982270,4,5,1,3,4,0.007220
cambridge,1,5,0.661840,0.635767,0.026060,bellman,3.107230,6,7,1,3,4,0.016200
cambridge,1,6,0.661940,0.635840,0.026100,bellman,8.947580,8,9,1,3,4,0.027020
cambridge,1,7,0.699140,0.654440,0.044700,bellman,23.914480,10,11,1,3,4,0.058520
cambridge,1,2,0.000610,0.000000,0.000610,convex,0.068130,12,1,2,3,4,0.003020
cambridge,1,3,0.608890,0.608886,0.000000,convex,0.276770,2,3,5,3,4,0.004550
cambridge,1,4,0.608890,0.371420,0.237470,convex,0.996200,2,5,14,3,4,0.004770
cambridge,1,5,0.661190,0.516274,0.144910,convex,3.184550,31,7,45,3,4,0.023470
cambridge,1,6,0.661350,0.403288,0.258060,convex,9.848790,32,9,185,3,4,0.038910
cambridge,1,7,0.698580,0.506671,0.191910,convex,66.750610,17,11,793,3,4,0.085220
casablanca,0,2,0.500000,0.500000,0.000000,bellman,0.062660,0,1,1,3,4,0.000510
casablanca,0,3,0.979640,0.979644,0.000000,bellman,0.270620,2,3,1,3,4,0.002460
casablanca,0,4,0.979650,0.979653,0.000000,bellman,0.983450,4,5,1,3,4,0.003750
casablanca,0,5,0.998180,0.988916,0.009260,bellman,3.115250,6,7,1,3,4,0.008030
casablanca,0,6,0.998180,0.988919,0.009260,bellman,8.942910,8,9,1,3,4,0.013550
casablanca,0,7,0.999250,0.989450,0.009800,bellman,23.940010,10,11,1,3,4,0.026570
casablanca,0,2,0.000450,0.000000,0.000450,convex,0.063940,12,1,2,3,4,0.001690
casablanca,0,3,0.978980,0.978980,0.000000,convex,0.275950,2,3,5,3,4,0.002510
casablanca,0,4,0.978980,0.959694,0.019290,convex,0.994590,2,5,11,3,4,0.002480
casablanca,0,5,0.997510,0.978602,0.018910,convex,3.165280,13,7,27,3,4,0.007730
casablanca,0,6,0.998110,0.977855,0.020250,convex,9.176060,28,9,75,3,4,0.011300
casablanca,0,7,0.998600,0.978954,0.019650,convex,26.692500,33,11,231,3,4,0.030210
casablanca,1,2,0.500000,0.500000,0.000000,bellman,0.062130,0,1,1,3,4,0.000490
casablanca,1,3,0.985340,0.985341,0.000000,bellman,0.273760,2,3,1,3,4,0.002390
casablanca,1,4,0.985340,0.985344,0.000000,bellman,0.988810,4,5,1,3,4,0.003720
casablanca,1,5,0.999120,0.992233,0.006890,bellman,3.130350,6,7,1,3,4,0.007950
casablanca,1,6,0.999120,0.992232,0.006890,bellman,9.069760,8,9,1,3,4,0.013520
casablanca,1,7,0.999710,0.992533,0.007180,bellman,24.187260,10,11,1,3,4,0.026480
casablanca,1,2,0.000180,0.000000,0.000180,convex,0.064550,12,1,2,3,4,0.001610
casablanca,1,3,0.985080,0.985081,0.000000,convex,0.277220,2,3,5,3,4,0.002550
casablanca,1,4,0.985080,0.970895,0.014190,convex,1.004860,2,5,11,3,4,0.002480
casablanca,1,5,0.998860,0.984879,0.013980,convex,3.193960,13,7,27,3,4,0.007870
casablanca,1,6,0.999060,0.984477,0.014580,convex,9.247880,24,9,75,3,4,0.015940
casablanca,1,7,0.999450,0.985068,0.014380,convex,26.697060,25,11,231,3,4,0.030490
casablanca,2,2,0.500000,0.500000,0.000000,bellman,0.063200,0,1,1,3,4,0.000510
casablanca,2,3,0.981940,0.981943,0.000000,bellman,0.273580,2,3,1,3,4,0.002400
casablanca,2,4,0.981950,0.981946,0.000000,bellman,0.996020,4,5,1,3,4,0.004200
casablanca,2,5,0.998800,0.990369,0.008430,bellman,3.179340,6,7,1,3,4,0.008490
casablanca,2,6,0.998800,0.990372,0.008430,bellman,9.032730,8,9,1,3,4,0.013850
casablanca,2,7,0.999680,0.990812,0.008870,bellman,24.202360,10,11,1,3,4,0.027270
casablanca,2,2,0.000180,0.000000,0.000180,convex,0.064040,12,1,2,3,4,0.001660
casablanca,2,3,0.981680,0.981683,0.000000,convex,0.276520,2,3,5,3,4,0.002700
casablanca,2,4,0.981680,0.964209,0.017470,convex,1.001640,2,5,11,3,4,0.002690
casablanca,2,5,0.998530,0.981372,0.017160,convex,3.181990,13,7,27,3,4,0.007640
casablanca,2,6,0.998760,0.980760,0.017990,convex,9.260590,22,9,75,3,4,0.010160
casablanca,2,7,0.999420,0.981662,0.017760,convex,24.601420,26,11,231,3,4,0.033120
casablanca,3,2,0.500000,0.500000,0.000000,bellman,0.056600,0,1,1,3,4,0.000530
casablanca,3,3,0.984140,0.984142,0.000000,bellman,0.245240,2,3,1,3,4,0.002710
casablanca,3,4,0.984140,0.984145,0.000000,bellman,0.892900,4,5,1,3,4,0.003920
casablanca,3,5,0.999010,0.991578,0.007440,bellman,2.827330,6,7,1,3,4,0.008710
casablanca,3,6,0.999010,0.991578,0.007440,bellman,8.106740,8,9,1,3,4,0.014200
casablanca,3,7,0.999700,0.991920,0.007780,bellman,21.689390,10,11,1,3,4,0.028370
casablanca,3,2,0.000180,0.000000,0.000180,convex,0.058130,12,1,2,3,4,0.001730
casablanca,3,3,0.983880,0.983881,0.000000,convex,0.250510,2,3,5,3,4,0.002620
casablanca,3,4,0.983880,0.968533,0.015350,convex,0.903760,2,5,11,3,4,0.002610
casablanca,3,5,0.998750,0.983642,0.015110,convex,2.872210,13,7,27,3,4,0.008010
casablanca,3,6,0.998990,0.983169,0.015820,convex,8.331270,24,9,75,3,4,0.017080
casablanca,3,7,0.999440,0.983864,0.015580,convex,24.050110,34,11,231,3,4,0.029040
casablanca,4,2,0.500000,0.500000,0.000000,bellman,0.057220,0,1,1,3,4,0.000540
casablanca,4,3,0.984340,0.984342,0.000000,bellman,0.246340,2,3,1,3,4,0.002690
casablanca,4,4,0.984340,0.984345,0.000000,bellman,0.893770,4,5,1,3,4,0.004400
casablanca,4,5,0.999030,0.991687,0.007340,bellman,2.833440,6,7,1,3,4,0.008950
casablanca,4,6,0.999030,0.991686,0.007350,bellman,8.131350,8,9,1,3,4,0.014690
casablanca,4,7,0.999700,0.992019,0.007680,bellman,21.706830,10,11,1,3,4,0.029410
casablanca,4,2,0.000180,0.000000,0.000180,convex,0.058210,12,1,2,3,4,0.001790
casablanca,4,3,0.984080,0.984081,0.000000,convex,0.248630,2,3,5,3,4,0.002750
casablanca,4,4,0.984080,0.968926,0.015160,convex,0.904230,2,5,11,3,4,0.002730
casablanca,4,5,0.998770,0.983847,0.014920,convex,2.867380,13,7,27,3,4,0.008530
casablanca,4,6,0.999000,0.983387,0.015610,convex,8.324810,24,9,75,3,4,0.017420
casablanca,4,7,0.999440,0.984064,0.015380,convex,24.026210,25,11,231,3,4,0.033620
casablanca,5,2,0.500000,0.500000,0.000000,bellman,0.057510,0,1,1,3,4,0.000590
casablanca,5,3,0.982340,0.982343,0.000000,bellman,0.247870,2,3,1,3,4,0.002680
casablanca,5,4,0.982350,0.982346,0.000000,bellman,0.894970,4,5,1,3,4,0.004250
casablanca,5,5,0.998840,0.990592,0.008250,bellman,2.838700,6,7,1,3,4,0.009000
casablanca,5,6,0.998840,0.990592,0.008250,bellman,8.124730,8,9,1,3,4,0.015450
casablanca,5,7,0.999690,0.991009,0.008670,bellman,21.707500,10,11,1,3,4,0.031500
casablanca,5,2,0.000180,0.000000,0.000180,convex,0.058070,12,1,2,3,4,0.002690
casablanca,5,3,0.982080,0.982082,0.000000,convex,0.249920,2,3,5,3,4,0.002800
casablanca,5,4,0.982080,0.964994,0.017090,convex,0.904190,2,5,11,3,4,0.003400
casablanca,5,5,0.998580,0.981785,0.016790,convex,2.883570,13,7,27,3,4,0.009540
casablanca,5,6,0.998810,0.981202,0.017610,convex,8.364390,22,9,75,3,4,0.011740
casablanca,5,7,0.999430,0.982063,0.017360,convex,24.103780,26,11,231,3,4,0.036230
casablanca,6,2,0.500000,0.500000,0.000000,bellman,0.057110,0,1,1,3,4,0.000640
casablanca,6,3,0.967150,0.967148,0.000000,bellman,0.245230,2,3,1,3,4,0.003030
casablanca,6,4,0.967150,0.967154,0.000000,bellman,0.893970,4,5,1,3,4,0.005160
casablanca,6,5,0.996620,0.981887,0.014730,bellman,2.835320,6,7,1,3,4,0.009550
casablanca,6,6,0.996620,0.981886,0.014730,bellman,8.118530,8,9,1,3,4,0.016750
casablanca,6,7,0.999410,0.983281,0.016130,bellman,22.004680,10,11,1,3,4,0.034500
casablanca,6,2,0.000180,0.000000,0.000180,convex,0.059840,12,1,2,3,4,0.002050
casablanca,6,3,0.966890,0.966890,0.000000,convex,0.257390,2,3,5,3,4,0.002910
casablanca,6,4,0.966890,0.935370,0.031520,convex,0.932060,2,5,15,3,4,0.003300
casablanca,6,5,0.996360,0.965863,0.030490,convex,2.976970,13,7,41,3,4,0.009470
casablanca,6,6,0.996360,0.963872,0.032480,convex,8.796500,16,9,111,3,4,0.021050
casablanca,6,7,0.999140,0.966759,0.032380,convex,28.664260,17,11,313,3,4,0.043410
essex,0,2,0.500000,0.500000,0.000000,bellman,0.057800,0,1,1,3,4,0.000520
essex,0,3,0.964670,0.964670,0.000000,bellman,0.253020,2,3,1,3,4,0.002390
essex,0,4,0.964700,0.964696,0.000000,bellman,0.914560,4,5,1,3,4,0.003780
essex,0,5,0.995390,0.980043,0.015350,bellman,2.886390,6,7,1,3,4,0.008220
essex,0,6,0.995400,0.980049,0.015350,bellman,8.317880,8,9,1,3,4,0.013850
essex,0,7,0.998440,0.981565,0.016870,bellman,22.248000,10,11,1,3,4,0.029310
essex,0,2,0.000790,0.000000,0.000790,convex,0.058440,12,1,2,3,4,0.002250
essex,0,3,0.963510,0.963514,0.000000,convex,0.253070,2,3,5,3,4,0.002500
essex,0,4,0.963510,0.930562,0.032950,convex,0.929080,2,5,11,3,4,0.003160
essex,0,5,0.994210,0.962385,0.031820,convex,2.934720,13,7,27,3,4,0.009370
essex,0,6,0.995300,0.960209,0.035090,convex,8.529200,35,9,75,3,4,0.016330
essex,0,7,0.997330,0.963368,0.033960,convex,24.568870,36,11,231,3,4,0.023890
essex,1,2,0.500000,0.500000,0.000000,bellman,0.058750,0,1,1,3,4,0.000490
essex,1,3,0.968850,0.968855,0.000000,bellman,0.252300,2,3,1,3,4,0.002610
essex,1,4,0.968860,0.968864,0.000000,bellman,0.915270,4,5,1,3,4,0.003670
essex,1,5,0.996770,0.982816,0.013950,bellman,2.905750,6,7,1,3,4,0.007770
essex,1,6,0.996770,0.982816,0.013950,bellman,8.316000,8,9,1,3,4,0.013510
essex,1,7,0.999260,0.984061,0.015200,bellman,22.295810,10,11,1,3,4,0.026840
essex,1,2,0.000310,0.000000,0.000310,convex,0.059420,12,1,2,3,4,0.001690
essex,1,3,0.968400,0.968400,0.000000,convex,0.255440,2,3,5,3,4,0.002460
essex,1,4,0.968400,0.938670,0.029730,convex,0.925980,2,5,11,3,4,0.002890
essex,1,5,0.996300,0.967486,0.028820,convex,2.938890,13,7,27,3,4,0.007550
essex,1,6,0.996350,0.965716,0.030630,convex,8.557270,22,9,75,3,4,0.009950
essex,1,7,0.998820,0.968292,0.030530,convex,24.661640,37,11,231,3,4,0.024490
essex,2,2,0.500000,0.500000,0.000000,bellman,0.059480,0,1,1,3,4,0.000500
essex,2,3,0.943770,0.943771,0.000000,bellman,0.252590,2,3,1,3,4,0.002410
essex,2,4,0.943790,0.943786,0.000000,bellman,0.914080,4,5,1,3,4,0.003950
essex,2,5,0.990550,0.967166,0.023380,bellman,2.905980,6,7,1,3,4,0.008150
essex,2,6,0.990550,0.967168,0.023380,bellman,8.316490,8,9,1,3,4,0.014040
essex,2,7,0.997940,0.970870,0.027080,bellman,22.611510,10,11,1,3,4,0.028820
essex,2,2,0.000310,0.000000,0.000310,convex,0.059820,12,1,2,3,4,0.001690
essex,2,3,0.943320,0.943323,0.000000,convex,0.256540,2,3,5,3,4,0.002630
essex,2,4,0.943320,0.890686,0.052640,convex,0.927770,2,5,15,3,4,0.002750
essex,2,5,0.990090,0.940386,0.049700,convex,2.991500,13,7,44,3,4,0.008270
essex,2,6,0.990090,0.934837,0.055250,convex,9.009920,16,9,124,3,4,0.023270
essex,2,7,0.997480,0.942697,0.054780,convex,31.241190,17,11,351,3,4,0.040680
essex,3,2,0.500000,0.500000,0.000000,bellman,0.060170,0,1,1,3,4,0.000530
essex,3,3,0.962860,0.962859,0.000000,bellman,0.256250,2,3,1,3,4,0.002590
essex,3,4,0.962870,0.962869,0.000000,bellman,0.926260,4,5,1,3,4,0.004080
essex,3,5,0.995600,0.979231,0.016360,bellman,2.935040,6,7,1,3,4,0.008880
essex,3,6,0.995600,0.979233,0.016360,bellman,8.429910,8,9,1,3,4,0.014860
essex,3,7,0.999070,0.980963,0.018100,bellman,22.325100,10,11,1,3,4,0.030340
essex,3,2,0.000310,0.000000,0.000310,convex,0.059730,12,1,2,3,4,0.001740
essex,3,3,0.962410,0.962405,0.000000,convex,0.257490,2,3,5,3,4,0.002680
essex,3,4,0.962410,0.927085,0.035320,convex,0.929930,2,5,13,3,4,0.003050
essex,3,5,0.995130,0.961109,0.034020,convex,2.965510,13,7,35,3,4,0.008360
essex,3,6,0.995140,0.958613,0.036520,convex,8.681150,16,9,91,3,4,0.018350
essex,3,7,0.998600,0.962221,0.036380,convex,26.243040,17,11,264,3,4,0.039520
essex,4,2,0.500000,0.500000,0.000000,bellman,0.058760,0,1,1,3,4,0.000570
essex,4,3,0.963260,0.963259,0.000000,bellman,0.253380,2,3,1,3,4,0.002620
essex,4,4,0.963270,0.963269,0.000000,bellman,0.921770,4,5,1,3,4,0.004120
essex,4,5,0.995680,0.979473,0.016210,bellman,2.904610,6,7,1,3,4,0.008690
essex,4,6,0.995680,0.979476,0.016210,bellman,8.354890,8,9,1,3,4,0.014980
essex,4,7,0.999080,0.981172,0.017910,bellman,22.303180,10,11,1,3,4,0.030570
essex,4,2,0.000310,0.000000,0.000310,convex,0.059500,12,1,2,3,4,0.001810
essex,4,3,0.962800,0.962805,0.000000,convex,0.255240,2,3,5,3,4,0.002780
essex,4,4,0.962800,0.927856,0.034950,convex,0.930320,2,5,13,3,4,0.002840
essex,4,5,0.995220,0.961537,0.033680,convex,2.961570,13,7,33,3,4,0.008750
essex,4,6,0.995220,0.959090,0.036130,convex,8.488780,16,9,89,3,4,0.019590
essex,4,7,0.998620,0.962631,0.035990,convex,25.195790,17,11,261,3,4,0.041450
geneva,0,2,0.500000,0.500000,0.000000,bellman,0.058960,0,1,1,3,4,0.001620
geneva,0,3,0.858520,0.858521,0.000000,bellman,0.246520,2,3,1,3,4,0.006100
geneva,0,4,0.858530,0.858529,0.000000,bellman,0.890110,4,5,1,3,4,0.006840
geneva,0,5,0.945580,0.902057,0.043530,bellman,2.819710,6,7,1,3,4,0.014210
geneva,0,6,0.945580,0.902055,0.043530,bellman,8.103340,8,9,1,3,4,0.021430
geneva,0,7,0.977290,0.917906,0.059380,bellman,21.603420,10,11,1,3,4,0.042760
geneva,0,2,0.000060,0.000000,0.000060,convex,0.059780,12,1,2,3,4,0.002600
geneva,0,3,0.858430,0.858432,0.000000,convex,0.249240,2,3,5,3,4,0.004010
geneva,0,4,0.858430,0.737050,0.121380,convex,0.907230,2,5,14,3,4,0.003830
geneva,0,5,0.945490,0.841269,0.104220,convex,2.872030,13,7,45,3,4,0.012890
geneva,0,6,0.945490,0.811795,0.133700,convex,8.754530,16,9,176,3,4,0.034540
geneva,0,7,0.977200,0.849760,0.127440,convex,48.952640,17,11,705,3,4,0.058970
geneva,1,2,0.500000,0.500000,0.000000,bellman,0.059250,0,1,1,3,4,0.000820
geneva,1,3,0.986100,0.986104,0.000000,bellman,0.245460,2,3,1,3,4,0.003750
geneva,1,4,0.986100,0.986105,0.000000,bellman,0.887220,4,5,1,3,4,0.006320
geneva,1,5,0.999340,0.992721,0.006620,bellman,2.810960,6,7,1,3,4,0.012060
geneva,1,6,0.999340,0.992722,0.006620,bellman,8.063820,8,9,1,3,4,0.020150
geneva,1,7,0.999880,0.992998,0.006890,bellman,21.740930,10,11,1,3,4,0.041160
geneva,1,2,0.000060,0.000000,0.000060,convex,0.060670,12,1,2,3,4,0.002610
geneva,1,3,0.986010,0.986007,0.000000,convex,0.251630,2,3,5,3,4,0.004300
geneva,1,4,0.986010,0.972400,0.013610,convex,0.909640,2,5,11,3,4,0.004180
geneva,1,5,0.999240,0.985818,0.013420,convex,2.887450,13,7,27,3,4,0.013250
geneva,1,6,0.999250,0.985448,0.013800,convex,8.381690,22,9,75,3,4,0.016890
geneva,1,7,0.999780,0.985990,0.013790,convex,24.173980,38,11,231,3,4,0.040910
guadalupe,0,2,0.500000,0.500000,0.000000,bellman,0.057830,0,1,1,3,4,0.000670
guadalupe,0,3,0.939250,0.939251,0.000000,bellman,0.246620,2,3,1,3,4,0.003090
guadalupe,0,4,0.939260,0.939262,0.000000,bellman,0.889930,4,5,1,3,4,0.004610
guadalupe,0,5,0.989200,0.964231,0.024970,bellman,2.820320,6,7,1,3,4,0.010150
guadalupe,0,6,0.989200,0.964231,0.024970,bellman,8.099040,8,9,1,3,4,0.017100
guadalupe,0,7,0.997710,0.968482,0.029220,bellman,22.908770,10,11,1,3,4,0.036370
guadalupe,0,2,0.000180,0.000000,0.000180,convex,0.063540,12,1,2,3,4,0.002190
guadalupe,0,3,0.938990,0.938993,0.000000,convex,0.267180,2,3,5,3,4,0.003110
guadalupe,0,4,0.938990,0.882183,0.056810,convex,0.969620,2,5,14,3,4,0.003450
guadalupe,0,5,0.988930,0.935555,0.053370,convex,3.093040,13,7,41,3,4,0.010540
guadalupe,0,6,0.988930,0.929097,0.059840,convex,9.250130,16,9,131,3,4,0.029040
guadalupe,0,7,0.997440,0.938203,0.059240,convex,34.107670,17,11,397,3,4,0.047880
guadalupe,1,2,0.500000,0.500000,0.000000,bellman,0.063690,0,1,1,3,4,0.000720
guadalupe,1,3,0.989130,0.989134,0.000000,bellman,0.265520,2,3,1,3,4,0.003770
guadalupe,1,4,0.989140,0.989136,0.000000,bellman,0.960180,4,5,1,3,4,0.006000
guadalupe,1,5,0.999400,0.994263,0.005130,bellman,3.045280,6,7,1,3,4,0.012360
guadalupe,1,6,0.999400,0.994263,0.005130,bellman,8.723420,8,9,1,3,4,0.020520
guadalupe,1,7,0.999720,0.994421,0.005290,bellman,23.300910,10,11,1,3,4,0.040030
guadalupe,1,2,0.000180,0.000000,0.000180,convex,0.063950,12,1,2,3,4,0.002410
guadalupe,1,3,0.988870,0.988866,0.000000,convex,0.267500,2,3,5,3,4,0.003900
guadalupe,1,4,0.988870,0.978383,0.010480,convex,0.962900,2,5,11,3,4,0.003660
guadalupe,1,5,0.999130,0.988755,0.010370,convex,3.066010,13,7,27,3,4,0.011010
guadalupe,1,6,0.999350,0.988535,0.010810,convex,8.942680,19,9,75,3,4,0.021840
guadalupe,1,7,0.999450,0.988864,0.010590,convex,25.820600,20,11,231,3,4,0.039720
hanoi,0,2,0.500000,0.500000,0.000000,bellman,0.064330,0,1,1,3,4,0.000900
hanoi,0,3,0.994410,0.994407,0.000000,bellman,0.266860,2,3,1,3,4,0.003700
hanoi,0,4,0.994410,0.994407,0.000000,bellman,0.970510,4,5,1,3,4,0.006760
hanoi,0,5,0.999820,0.997111,0.002700,bellman,3.104240,6,7,1,3,4,0.012280
hanoi,0,6,0.999820,0.997110,0.002700,bellman,8.922370,8,9,1,3,4,0.017530
hanoi,0,7,0.999900,0.997155,0.002750,bellman,23.860870,10,11,1,3,4,0.029120
hanoi,0,2,0.000060,0.000000,0.000060,convex,0.067330,12,1,2,3,4,0.002810
hanoi,0,3,0.994310,0.994313,0.000000,convex,0.274030,2,3,5,3,4,0.003770
hanoi,0,4,0.994310,0.988844,0.005470,convex,0.996590,2,5,11,3,4,0.003690
hanoi,0,5,0.999720,0.994283,0.005440,convex,3.157550,13,7,27,3,4,0.011220
hanoi,0,6,0.999810,0.994223,0.005590,convex,9.146940,14,9,75,3,4,0.018940
hanoi,0,7,0.999810,0.994313,0.005500,convex,26.474300,39,11,231,3,4,0.024690
hanoi,1,2,0.500000,0.500000,0.000000,bellman,0.066330,0,1,1,3,4,0.000810
hanoi,1,3,0.915620,0.915617,0.000000,bellman,0.271980,2,3,1,3,4,0.004040
hanoi,1,4,0.915620,0.915621,0.000000,bellman,0.978530,4,5,1,3,4,0.006400
hanoi,1,5,0.979790,0.947702,0.032080,bellman,3.109350,6,7,1,3,4,0.013580
hanoi,1,6,0.979790,0.947707,0.032080,bellman,8.936620,8,9,1,3,4,0.022700
hanoi,1,7,0.994650,0.955135,0.039510,bellman,23.866800,10,11,1,3,4,0.046640
hanoi,1,2,0.000060,0.000000,0.000060,convex,0.067320,12,1,2,3,4,0.002770
hanoi,1,3,0.915530,0.915528,0.000000,convex,0.275610,2,3,5,3,4,0.004140
hanoi,1,4,0.915530,0.838348,0.077180,convex,0.994050,2,5,15,3,4,0.004130
hanoi,1,5,0.979690,0.909024,0.070670,convex,3.183800,13,7,49,3,4,0.012750
hanoi,1,6,0.979700,0.897108,0.082590,convex,9.784460,16,9,165,3,4,0.028020
hanoi,1,7,0.994550,0.913474,0.081080,convex,46.814120,17,11,563,3,4,0.060130
jakarta,0,2,0.500000,0.500000,0.000000,bellman,0.062160,0,1,1,3,4,0.000510
jakarta,0,3,0.978860,0.978862,0.000000,bellman,0.271120,2,3,1,3,4,0.002410
jakarta,0,4,0.978860,0.978864,0.000000,bellman,0.982720,4,5,1,3,4,0.004090
jakarta,0,5,0.998550,0.988709,0.009850,bellman,3.113580,6,7,1,3,4,0.008000
jakarta,0,6,0.998550,0.988710,0.009840,bellman,8.909390,8,9,1,3,4,0.013750
jakarta,0,7,0.999770,0.989322,0.010450,bellman,23.856910,10,11,1,3,4,0.026980
jakarta,0,2,0.000090,0.000000,0.000090,convex,0.063910,12,1,2,3,4,0.001620
jakarta,0,3,0.978720,0.978723,0.000000,convex,0.275290,2,3,5,3,4,0.002740
jakarta,0,4,0.978720,0.958170,0.020550,convex,0.996100,2,5,12,3,4,0.002530
jakarta,0,5,0.998410,0.978290,0.020120,convex,3.166660,13,7,31,3,4,0.007700
jakarta,0,6,0.998410,0.977443,0.020970,convex,9.216700,16,9,86,3,4,0.017560
jakarta,0,7,0.999630,0.978688,0.020940,convex,27.593590,17,11,252,3,4,0.036950
jakarta,1,2,0.500000,0.500000,0.000000,bellman,0.062550,0,1,1,3,4,0.000500
jakarta,1,3,0.979140,0.979142,0.000000,bellman,0.271640,2,3,1,3,4,0.002390
jakarta,1,4,0.979150,0.979146,0.000000,bellman,0.984000,4,5,1,3,4,0.003870
jakarta,1,5,0.998390,0.988768,0.009620,bellman,3.122250,6,7,1,3,4,0.007810
jakarta,1,6,0.998390,0.988768,0.009620,bellman,9.082780,8,9,1,3,4,0.013670
jakarta,1,7,0.999550,0.989353,0.010200,bellman,24.124260,10,11,1,3,4,0.026720
jakarta,1,2,0.000250,0.000000,0.000250,convex,0.064650,12,1,2,3,4,0.001850
jakarta,1,3,0.978780,0.978778,0.000000,convex,0.276370,2,3,5,3,4,0.002440
jakarta,1,4,0.978780,0.958713,0.020070,convex,1.006530,2,5,11,3,4,0.002790
jakarta,1,5,0.998020,0.978367,0.019650,convex,3.190420,13,7,27,3,4,0.007760
jakarta,1,6,0.998350,0.977562,0.020790,convex,9.222260,22,9,75,3,4,0.010070
jakarta,1,7,0.999190,0.978748,0.020440,convex,26.721530,26,11,231,3,4,0.032530
jakarta,2,2,0.500000,0.500000,0.000000,bellman,0.063440,0,1,1,3,4,0.000510
jakarta,2,3,0.983640,0.983639,0.000000,bellman,0.273590,2,3,1,3,4,0.002490
jakarta,2,4,0.983640,0.983643,0.000000,bellman,0.996820,4,5,1,3,4,0.003880
jakarta,2,5,0.998870,0.991257,0.007610,bellman,3.143320,6,7,1,3,4,0.008080
jakarta,2,6,0.998870,0.991256,0.007610,bellman,9.004970,8,9,1,3,4,0.014010
jakarta,2,7,0.999590,0.991616,0.007970,bellman,24.227590,10,11,1,3,4,0.027510
jakarta,2,2,0.000250,0.000000,0.000250,convex,0.064010,12,1,2,3,4,0.001740
jakarta,2,3,0.983270,0.983275,0.000000,convex,0.276900,2,3,5,3,4,0.002650
jakarta,2,4,0.983270,0.967542,0.015730,convex,1.004440,2,5,11,3,4,0.002530
jakarta,2,5,0.998500,0.983024,0.015480,convex,3.184140,13,7,27,3,4,0.007970
jakarta,2,6,0.998750,0.982528,0.016220,convex,9.277540,24,9,75,3,4,0.016530
jakarta,2,7,0.999230,0.983260,0.015970,convex,26.348070,25,11,231,3,4,0.031800
jakarta,3,2,0.500000,0.500000,0.000000,bellman,0.058490,0,1,1,3,4,0.000530
jakarta,3,3,0.974340,0.974344,0.000000,bellman,0.249390,2,3,1,3,4,0.002570
jakarta,3,4,0.974350,0.974350,0.000000,bellman,0.901710,4,5,1,3,4,0.003960
jakarta,3,5,0.997740,0.986047,0.011700,bellman,2.860350,6,7,1,3,4,0.008400
jakarta,3,6,0.997740,0.986046,0.011700,bellman,8.183780,8,9,1,3,4,0.014320
jakarta,3,7,0.999480,0.986914,0.012560,bellman,21.676220,10,11,1,3,4,0.028440
jakarta,3,2,0.000250,0.000000,0.000250,convex,0.057780,12,1,2,3,4,0.001770
jakarta,3,3,0.973980,0.973982,0.000000,convex,0.248390,2,3,5,3,4,0.002660
jakarta,3,4,0.973980,0.949340,0.024640,convex,0.902420,2,5,11,3,4,0.002610
jakarta,3,5,0.997380,0.973357,0.024020,convex,2.861870,13,7,27,3,4,0.008290
jakarta,3,6,0.997500,0.972144,0.025360,convex,8.306060,22,9,75,3,4,0.010360
jakarta,3,7,0.999120,0.973923,0.025200,convex,23.998630,40,11,231,3,4,0.034930
jakarta,4,2,0.500000,0.500000,0.000000,bellman,0.057720,0,1,1,3,4,0.000540
jakarta,4,3,0.950660,0.950656,0.000000,bellman,0.245720,2,3,1,3,4,0.002630
jakarta,4,4,0.950670,0.950667,0.000000,bellman,0.890280,4,5,1,3,4,0.004080
jakarta,4,5,0.992670,0.971667,0.021000,bellman,2.823380,6,7,1,3,4,0.008930
jakarta,4,6,0.992670,0.971667,0.021000,bellman,8.112890,8,9,1,3,4,0.014870
jakarta,4,7,0.998540,0.974602,0.023940,bellman,21.679150,10,11,1,3,4,0.030570
jakarta,4,2,0.000250,0.000000,0.000250,convex,0.058370,12,1,2,3,4,0.001900
jakarta,4,3,0.950300,0.950299,0.000000,convex,0.249250,2,3,5,3,4,0.002760
jakarta,4,4,0.950300,0.903734,0.046560,convex,0.900660,2,5,15,3,4,0.002730
jakarta,4,5,0.992300,0.948017,0.044280,convex,2.883770,13,7,43,3,4,0.008780
jakarta,4,6,0.992300,0.943680,0.048630,convex,8.624060,16,9,119,3,4,0.024670
jakarta,4,7,0.998170,0.949866,0.048310,convex,29.553380,17,11,335,3,4,0.041610
jakarta,5,2,0.500000,0.500000,0.000000,bellman,0.057150,0,1,1,3,4,0.000560
jakarta,5,3,0.944160,0.944159,0.000000,bellman,0.246180,2,3,1,3,4,0.002670
jakarta,5,4,0.944170,0.944171,0.000000,bellman,0.893110,4,5,1,3,4,0.004180
jakarta,5,5,0.990740,0.967453,0.023280,bellman,2.828430,6,7,1,3,4,0.008950
jakarta,5,6,0.990740,0.967455,0.023280,bellman,8.097780,8,9,1,3,4,0.015410
jakarta,5,7,0.998060,0.971121,0.026940,bellman,21.662940,10,11,1,3,4,0.031400
jakarta,5,2,0.000250,0.000000,0.000250,convex,0.058310,12,1,2,3,4,0.001990
jakarta,5,3,0.943800,0.943804,0.000000,convex,0.249730,2,3,5,3,4,0.002780
jakarta,5,4,0.943800,0.891422,0.052380,convex,0.900920,2,5,15,3,4,0.002780
jakarta,5,5,0.990370,0.940899,0.049470,convex,2.878490,13,7,45,3,4,0.009410
jakarta,5,6,0.990380,0.935406,0.054970,convex,8.670070,16,9,135,3,4,0.025280
jakarta,5,7,0.997690,0.943183,0.054510,convex,32.227500,17,11,384,3,4,0.042750
jakarta,6,2,0.500000,0.500000,0.000000,bellman,0.057890,0,1,1,3,4,0.000590
jakarta,6,3,0.972050,0.972045,0.000000,bellman,0.247330,2,3,1,3,4,0.002770
jakarta,6,4,0.972050,0.972052,0.000000,bellman,0.893410,4,5,1,3,4,0.004330
jakarta,6,5,0.997390,0.984720,0.012670,bellman,2.826660,6,7,1,3,4,0.009690
jakarta,6,6,0.997390,0.984723,0.012670,bellman,8.103110,8,9,1,3,4,0.015610
jakarta,6,7,0.999430,0.985745,0.013690,bellman,21.911120,10,11,1,3,4,0.031170
jakarta,6,2,0.000250,0.000000,0.000250,convex,0.059720,12,1,2,3,4,0.001930
jakarta,6,3,0.971680,0.971683,0.000000,convex,0.255350,2,3,5,3,4,0.003000
jakarta,6,4,0.971680,0.944865,0.026820,convex,0.925620,2,5,11,3,4,0.002990
jakarta,6,5,0.997020,0.970942,0.026080,convex,2.947630,13,7,27,3,4,0.008720
jakarta,6,6,0.997040,0.969503,0.027530,convex,8.540650,22,9,75,3,4,0.011850
jakarta,6,7,0.999080,0.971603,0.027480,convex,24.567270,23,11,231,3,4,0.025180
johannesburg,0,2,0.500000,0.500000,0.000000,bellman,0.059250,0,1,1,3,4,0.000600
johannesburg,0,3,0.981400,0.981396,0.000000,bellman,0.251380,2,3,1,3,4,0.002890
johannesburg,0,4,0.981410,0.981409,0.000000,bellman,0.918900,4,5,1,3,4,0.004490
johannesburg,0,5,0.997960,0.989688,0.008280,bellman,2.913320,6,7,1,3,4,0.009870
johannesburg,0,6,0.997960,0.989684,0.008280,bellman,8.274600,8,9,1,3,4,0.016390
johannesburg,0,7,0.998820,0.990112,0.008700,bellman,22.217060,10,11,1,3,4,0.032050
johannesburg,0,2,0.000750,0.000000,0.000750,convex,0.059720,12,1,2,3,4,0.001970
johannesburg,0,3,0.980280,0.980278,0.000000,convex,0.254110,2,3,5,3,4,0.003050
johannesburg,0,4,0.980280,0.963123,0.017160,convex,0.928110,2,5,11,3,4,0.003000
johannesburg,0,5,0.996830,0.979978,0.016850,convex,2.940350,13,7,27,3,4,0.009460
johannesburg,0,6,0.997720,0.979386,0.018330,convex,8.514120,14,9,75,3,4,0.016600
johannesburg,0,7,0.997720,0.980259,0.017460,convex,24.370650,41,11,193,3,4,0.029170
johannesburg,1,2,0.500000,0.500000,0.000000,bellman,0.060400,0,1,1,3,4,0.000790
johannesburg,1,3,0.826430,0.826430,0.000000,bellman,0.249830,2,3,1,3,4,0.003610
johannesburg,1,4,0.826540,0.826537,0.000000,bellman,0.918440,4,5,1,3,4,0.005880
johannesburg,1,5,0.919810,0.873176,0.046640,bellman,2.896270,6,7,1,3,4,0.012960
johannesburg,1,6,0.919860,0.873203,0.046660,bellman,8.297610,8,9,1,3,4,0.021850
johannesburg,1,7,0.959840,0.893191,0.066640,bellman,22.242170,10,11,1,3,4,0.047260
johannesburg,1,2,0.000750,0.000000,0.000750,convex,0.062250,12,1,2,3,4,0.002600
johannesburg,1,3,0.825430,0.825429,0.000000,convex,0.256990,2,3,5,3,4,0.003850
johannesburg,1,4,0.825430,0.682877,0.142550,convex,0.921980,2,5,14,3,4,0.003950
johannesburg,1,5,0.918740,0.800811,0.117930,convex,2.949550,18,7,44,3,4,0.021600
johannesburg,1,6,0.918860,0.760077,0.158780,convex,8.893980,16,9,138,3,4,0.034510
johannesburg,1,7,0.958770,0.810629,0.148140,convex,34.850330,17,11,456,3,4,0.071170
kolkata,0,2,0.500000,0.500000,0.000000,bellman,0.059910,0,1,1,3,4,0.000700
kolkata,0,3,0.953570,0.953570,0.000000,bellman,0.252310,2,3,1,3,4,0.003940
kolkata,0,4,0.953570,0.953574,0.000000,bellman,0.917690,4,5,1,3,4,0.004960
kolkata,0,5,0.993630,0.973602,0.020030,bellman,2.894400,6,7,1,3,4,0.010940
kolkata,0,6,0.993630,0.973602,0.020030,bellman,8.294290,8,9,1,3,4,0.018220
kolkata,0,7,0.998940,0.976261,0.022680,bellman,22.592450,10,11,1,3,4,0.038480
kolkata,0,2,0.000090,0.000000,0.000090,convex,0.062630,12,1,2,3,4,0.002410
kolkata,0,3,0.953440,0.953436,0.000000,convex,0.258560,2,3,5,3,4,0.003390
kolkata,0,4,0.953440,0.909292,0.044140,convex,0.936160,2,5,14,3,4,0.003370
kolkata,0,5,0.993490,0.951391,0.042100,convex,2.980090,13,7,41,3,4,0.010240
kolkata,0,6,0.993490,0.947494,0.046000,convex,8.983580,16,9,131,3,4,0.022360
kolkata,0,7,0.998800,0.953064,0.045730,convex,32.884510,17,11,416,3,4,0.047970
kolkata,1,2,0.500000,0.500000,0.000000,bellman,0.063050,0,1,1,3,4,0.000870
kolkata,1,3,0.994960,0.994962,0.000000,bellman,0.258300,2,3,1,3,4,0.003970
kolkata,1,4,0.994960,0.994963,0.000000,bellman,0.925550,4,5,1,3,4,0.006940
kolkata,1,5,0.999790,0.997375,0.002410,bellman,2.940080,6,7,1,3,4,0.013100
kolkata,1,6,0.999790,0.997375,0.002410,bellman,8.418670,8,9,1,3,4,0.019320
kolkata,1,7,0.999860,0.997411,0.002450,bellman,22.273070,10,11,1,3,4,0.032080
kolkata,1,2,0.000090,0.000000,0.000090,convex,0.063030,12,1,2,3,4,0.003120
kolkata,1,3,0.994820,0.994824,0.000000,convex,0.258690,2,3,5,3,4,0.004260
kolkata,1,4,0.994820,0.989949,0.004880,convex,0.932180,2,5,11,3,4,0.004030
kolkata,1,5,0.999650,0.994801,0.004850,convex,2.949400,13,7,27,3,4,0.012300
kolkata,1,6,0.999720,0.994753,0.004970,convex,8.555350,14,9,75,3,4,0.020540
kolkata,1,7,0.999720,0.994824,0.004900,convex,24.758960,15,11,231,3,4,0.028990
lagos,0,2,0.500000,0.500000,0.000000,bellman,0.058440,0,1,1,3,4,0.000510
lagos,0,3,0.830850,0.830854,0.000000,bellman,0.251800,2,3,1,3,4,0.002430
lagos,0,4,0.830870,0.830871,0.000000,bellman,0.911580,4,5,1,3,4,0.003950
lagos,0,5,0.923800,0.877337,0.046460,bellman,2.917350,6,7,1,3,4,0.008860
lagos,0,6,0.923810,0.877341,0.046470,bellman,8.338850,8,9,1,3,4,0.013580
lagos,0,7,0.962960,0.896913,0.066040,bellman,22.271170,10,11,1,3,4,0.029650
lagos,0,2,0.000130,0.000000,0.000130,convex,0.058880,12,1,2,3,4,0.001840
lagos,0,3,0.830690,0.830686,0.000000,convex,0.255480,2,3,5,3,4,0.002580
lagos,0,4,0.830690,0.690300,0.140390,convex,0.933710,2,5,14,3,4,0.002500
lagos,0,5,0.923620,0.806961,0.116660,convex,2.922480,18,7,45,3,4,0.014570
lagos,0,6,0.923640,0.767529,0.156110,convex,8.815470,16,9,176,3,4,0.022640
lagos,0,7,0.962780,0.816680,0.146110,convex,49.807250,17,11,700,3,4,0.045110
lagos,1,2,0.500000,0.500000,0.000000,bellman,0.056840,0,1,1,3,4,0.000500
lagos,1,3,0.863700,0.863699,0.000000,bellman,0.245110,2,3,1,3,4,0.002370
lagos,1,4,0.863710,0.863709,0.000000,bellman,0.888600,4,5,1,3,4,0.004180
lagos,1,5,0.949290,0.906497,0.042790,bellman,2.814060,6,7,1,3,4,0.008310
lagos,1,6,0.949290,0.906499,0.042790,bellman,8.070550,8,9,1,3,4,0.013540
lagos,1,7,0.979490,0.921602,0.057890,bellman,21.583440,10,11,1,3,4,0.027790
lagos,1,2,0.000080,0.000000,0.000080,convex,0.057380,12,1,2,3,4,0.001720
lagos,1,3,0.863590,0.863587,0.000000,convex,0.247340,2,3,5,3,4,0.002430
lagos,1,4,0.863590,0.745966,0.117620,convex,0.897570,2,5,14,3,4,0.002440
lagos,1,5,0.949170,0.847567,0.101600,convex,2.867040,13,7,45,3,4,0.008350
lagos,1,6,0.949180,0.819891,0.129280,convex,8.725410,16,9,174,3,4,0.022520
lagos,1,7,0.979370,0.855752,0.123620,convex,47.976670,17,11,694,3,4,0.037750
lagos,2,2,0.500000,0.500000,0.000000,bellman,0.057130,0,1,1,3,4,0.000510
lagos,2,3,0.536150,0.536153,0.000000,bellman,0.247490,2,3,1,3,4,0.002430
lagos,2,4,0.536170,0.536173,0.000000,bellman,0.898350,4,5,1,3,4,0.004000
lagos,2,5,0.554150,0.545166,0.008990,bellman,2.855040,6,7,1,3,4,0.009350
lagos,2,6,0.554170,0.545175,0.009000,bellman,8.188560,8,9,1,3,4,0.014920
lagos,2,7,0.567590,0.551883,0.015700,bellman,21.844840,10,11,1,3,4,0.036240
lagos,2,2,0.000080,0.000000,0.000080,convex,0.058580,12,1,2,3,4,0.001790
lagos,2,3,0.536070,0.536068,0.000000,convex,0.250170,2,3,5,3,4,0.002730
lagos,2,4,0.536070,0.287439,0.248630,convex,0.909190,2,5,14,3,4,0.002700
lagos,2,5,0.554100,0.420755,0.133350,convex,2.896380,31,7,45,3,4,0.013770
lagos,2,6,0.554110,0.297091,0.257010,convex,8.874590,32,9,185,3,4,0.023180
lagos,2,7,0.567530,0.396556,0.170970,convex,64.446620,17,11,805,3,4,0.050160
lagos,3,2,0.500000,0.500000,0.000000,bellman,0.061770,0,1,1,3,4,0.000560
lagos,3,3,0.983180,0.983180,0.000000,bellman,0.265300,2,3,1,3,4,0.002670
lagos,3,4,0.983180,0.983181,0.000000,bellman,0.958580,4,5,1,3,4,0.004470
lagos,3,5,0.999050,0.991117,0.007930,bellman,3.041960,6,7,1,3,4,0.008610
lagos,3,6,0.999050,0.991116,0.007940,bellman,8.709420,8,9,1,3,4,0.015190
lagos,3,7,0.999830,0.991508,0.008330,bellman,23.309270,10,11,1,3,4,0.029480
lagos,3,2,0.000080,0.000000,0.000080,convex,0.062430,12,1,2,3,4,0.001720
lagos,3,3,0.983060,0.983057,0.000000,convex,0.268070,2,3,5,3,4,0.002900
lagos,3,4,0.983060,0.966640,0.016420,convex,0.970630,2,5,11,3,4,0.002630
lagos,3,5,0.998930,0.982783,0.016140,convex,3.075840,13,7,27,3,4,0.008120
lagos,3,6,0.998930,0.982243,0.016680,convex,8.921610,16,9,75,3,4,0.018090
lagos,3,7,0.999710,0.983038,0.016670,convex,25.692400,17,11,231,3,4,0.041260
lagos,4,2,0.500000,0.500000,0.000000,bellman,0.061350,0,1,1,3,4,0.000540
lagos,4,3,0.970680,0.970681,0.000000,bellman,0.261570,2,3,1,3,4,0.002820
lagos,4,4,0.970680,0.970684,0.000000,bellman,0.947520,4,5,1,3,4,0.004090
lagos,4,5,0.997370,0.984027,0.013340,bellman,3.028090,6,7,1,3,4,0.008970
lagos,4,6,0.997370,0.984027,0.013340,bellman,8.703360,8,9,1,3,4,0.014740
lagos,4,7,0.999640,0.985162,0.014480,bellman,23.137950,10,11,1,3,4,0.029390
lagos,4,2,0.000080,0.000000,0.000080,convex,0.062430,12,1,2,3,4,0.001790
lagos,4,3,0.970560,0.970560,0.000000,convex,0.265480,2,3,5,3,4,0.002950
lagos,4,4,0.970560,0.942220,0.028340,convex,0.962520,2,5,14,3,4,0.002690
lagos,4,5,0.997250,0.969731,0.027510,convex,3.062470,13,7,40,3,4,0.008610
lagos,4,6,0.997250,0.968123,0.029120,convex,9.110700,16,9,113,3,4,0.018850
lagos,4,7,0.999510,0.970472,0.029050,convex,29.913460,17,11,316,3,4,0.040210
lagos,5,2,0.500000,0.500000,0.000000,bellman,0.059890,0,1,1,3,4,0.000590
lagos,5,3,0.738020,0.738020,0.000000,bellman,0.259340,2,3,1,3,4,0.002730
lagos,5,4,0.738040,0.738036,0.000000,bellman,0.944960,4,5,1,3,4,0.004470
lagos,5,5,0.830060,0.784044,0.046010,bellman,2.988930,6,7,1,3,4,0.009770
lagos,5,6,0.830070,0.784053,0.046010,bellman,8.611280,8,9,1,3,4,0.016220
lagos,5,7,0.883430,0.810737,0.072700,bellman,22.890960,10,11,1,3,4,0.033870
lagos,5,2,0.000080,0.000000,0.000080,convex,0.060660,12,1,2,3,4,0.001860
lagos,5,3,0.737920,0.737918,0.000000,convex,0.260480,2,3,5,3,4,0.002810
lagos,5,4,0.737920,0.544657,0.193260,convex,0.944130,2,5,14,3,4,0.003050
lagos,5,5,0.829950,0.687304,0.142650,convex,3.010360,18,7,45,3,4,0.016040
lagos,5,6,0.829970,0.612586,0.217380,convex,9.184210,42,9,179,3,4,0.027690
lagos,5,7,0.883330,0.695310,0.188020,convex,55.519050,17,11,778,3,4,0.052530
lagos,6,2,0.500000,0.500000,0.000000,bellman,0.059040,0,1,1,3,4,0.000590
lagos,6,3,0.651930,0.651933,0.000000,bellman,0.252240,2,3,1,3,4,0.002900
lagos,6,4,0.651950,0.651953,0.000000,bellman,0.913520,4,5,1,3,4,0.004770
lagos,6,5,0.720900,0.686426,0.034470,bellman,2.900060,6,7,1,3,4,0.010520
lagos,6,6,0.720910,0.686434,0.034480,bellman,8.376790,8,9,1,3,4,0.019010
lagos,6,7,0.767840,0.709898,0.057950,bellman,22.214680,10,11,1,3,4,0.141530
lagos,6,2,0.000080,0.000000,0.000080,convex,0.059890,12,1,2,3,4,0.002020
lagos,6,3,0.651840,0.651839,0.000000,convex,0.254660,2,3,5,3,4,0.003080
lagos,6,4,0.651840,0.424999,0.226840,convex,0.924010,2,5,14,3,4,0.003060
lagos,6,5,0.720800,0.572898,0.147900,convex,2.948510,18,7,45,3,4,0.017330
lagos,6,6,0.720820,0.469959,0.250860,convex,9.060330,32,9,180,3,4,0.026130
lagos,6,7,0.767760,0.570633,0.197120,convex,58.130070,17,11,780,3,4,0.063620
lima,0,2,0.500000,0.500000,0.000000,bellman,0.061160,0,1,1,3,4,0.000550
lima,0,3,0.973660,0.973660,0.000000,bellman,0.257320,2,3,1,3,4,0.002530
lima,0,4,0.973660,0.973665,0.000000,bellman,0.947120,4,5,1,3,4,0.004320
lima,0,5,0.997740,0.985703,0.012040,bellman,3.090260,6,7,1,3,4,0.008490
lima,0,6,0.997740,0.985703,0.012040,bellman,8.917300,8,9,1,3,4,0.014560
lima,0,7,0.999580,0.986627,0.012960,bellman,23.873970,10,11,1,3,4,0.030150
lima,0,2,0.000170,0.000000,0.000170,convex,0.064150,12,1,2,3,4,0.001760
lima,0,3,0.973420,0.973417,0.000000,convex,0.274100,2,3,5,3,4,0.003810
lima,0,4,0.973420,0.948011,0.025410,convex,0.993070,2,5,12,3,4,0.003780
lima,0,5,0.997500,0.972756,0.024740,convex,3.173040,13,7,29,3,4,0.008740
lima,0,6,0.997500,0.971464,0.026040,convex,9.195860,16,9,78,3,4,0.019290
lima,0,7,0.999330,0.973350,0.025980,convex,26.719430,17,11,235,3,4,0.045970
lima,1,2,0.500000,0.500000,0.000000,bellman,0.062930,0,1,1,3,4,0.000550
lima,1,3,0.979860,0.979860,0.000000,bellman,0.270730,2,3,1,3,4,0.002540
lima,1,4,0.979860,0.979862,0.000000,bellman,0.981390,4,5,1,3,4,0.003920
lima,1,5,0.998670,0.989266,0.009410,bellman,3.109190,6,7,1,3,4,0.008330
lima,1,6,0.998670,0.989266,0.009400,bellman,8.919170,8,9,1,3,4,0.014980
lima,1,7,0.999780,0.989818,0.009960,bellman,23.889350,10,11,1,3,4,0.028780
lima,1,2,0.000100,0.000000,0.000100,convex,0.064260,12,1,2,3,4,0.001810
lima,1,3,0.979720,0.979718,0.000000,convex,0.274440,2,3,5,3,4,0.002590
lima,1,4,0.979720,0.960123,0.019600,convex,0.995440,2,5,12,3,4,0.002660
lima,1,5,0.998530,0.979325,0.019200,convex,3.174900,13,7,31,3,4,0.009030
lima,1,6,0.998530,0.978559,0.019970,convex,9.268850,16,9,80,3,4,0.020830
lima,1,7,0.999630,0.979689,0.019940,convex,27.358810,17,11,238,3,4,0.041970
lima,2,2,0.500000,0.500000,0.000000,bellman,0.063260,0,1,1,3,4,0.000550
lima,2,3,0.983260,0.983259,0.000000,bellman,0.270300,2,3,1,3,4,0.002720
lima,2,4,0.983260,0.983261,0.000000,bellman,0.979630,4,5,1,3,4,0.004350
lima,2,5,0.999040,0.991152,0.007890,bellman,3.121060,6,7,1,3,4,0.008570
lima,2,6,0.999040,0.991153,0.007890,bellman,8.933660,8,9,1,3,4,0.014580
lima,2,7,0.999810,0.991542,0.008270,bellman,23.868020,10,11,1,3,4,0.028850
lima,2,2,0.000100,0.000000,0.000100,convex,0.063040,12,1,2,3,4,0.001810
lima,2,3,0.983120,0.983117,0.000000,convex,0.273370,2,3,5,3,4,0.002690
lima,2,4,0.983120,0.966798,0.016320,convex,0.990950,2,5,11,3,4,0.002750
lima,2,5,0.998890,0.982845,0.016050,convex,3.168510,13,7,27,3,4,0.008120
lima,2,6,0.998920,0.982313,0.016600,convex,9.178060,22,9,75,3,4,0.011760
lima,2,7,0.999670,0.983105,0.016570,convex,26.495520,38,11,231,3,4,0.028150
lima,3,2,0.500000,0.500000,0.000000,bellman,0.063040,0,1,1,3,4,0.000590
lima,3,3,0.948370,0.948365,0.000000,bellman,0.270620,2,3,1,3,4,0.003190
lima,3,4,0.948370,0.948370,0.000000,bellman,0.981520,4,5,1,3,4,0.004220
lima,3,5,0.992170,0.970271,0.021900,bellman,3.112270,6,7,1,3,4,0.010260
lima,3,6,0.992170,0.970272,0.021900,bellman,8.928900,8,9,1,3,4,0.021680
lima,3,7,0.998590,0.973489,0.025110,bellman,24.130700,10,11,1,3,4,0.032300
lima,3,2,0.000100,0.000000,0.000100,convex,0.063540,12,1,2,3,4,0.001900
lima,3,3,0.948230,0.948227,0.000000,convex,0.275950,2,3,5,3,4,0.003430
lima,3,4,0.948230,0.899393,0.048830,convex,0.999730,2,5,14,3,4,0.002810
lima,3,5,0.992030,0.945712,0.046320,convex,3.200490,13,7,41,3,4,0.008540
lima,3,6,0.992030,0.940940,0.051090,convex,9.595990,16,9,131,3,4,0.021800
lima,3,7,0.998450,0.947725,0.050720,convex,36.177410,17,11,432,3,4,0.042280
lima,4,2,0.500000,0.500000,0.000000,bellman,0.063470,0,1,1,3,4,0.000570
lima,4,3,0.942370,0.942367,0.000000,bellman,0.270370,2,3,1,3,4,0.002740
lima,4,4,0.942370,0.942372,0.000000,bellman,0.985220,4,5,1,3,4,0.004380
lima,4,5,0.990320,0.966346,0.023970,bellman,3.143990,6,7,1,3,4,0.009190
lima,4,6,0.990320,0.966347,0.023970,bellman,9.029810,8,9,1,3,4,0.015630
lima,4,7,0.998120,0.970250,0.027870,bellman,24.131080,10,11,1,3,4,0.034710
lima,4,2,0.000100,0.000000,0.000100,convex,0.063890,12,1,2,3,4,0.002280
lima,4,3,0.942230,0.942229,0.000000,convex,0.273710,2,3,5,3,4,0.003010
lima,4,4,0.942230,0.888050,0.054180,convex,1.009600,2,5,14,3,4,0.003020
lima,4,5,0.990180,0.939113,0.051060,convex,3.213600,13,7,41,3,4,0.009590
lima,4,6,0.990180,0.933241,0.056930,convex,9.617360,16,9,131,3,4,0.022030
lima,4,7,0.997970,0.941542,0.056430,convex,36.765180,17,11,445,3,4,0.063620
london,0,2,0.500000,0.500000,0.000000,bellman,0.057580,0,1,1,3,4,0.000550
london,0,3,0.969170,0.969168,0.000000,bellman,0.249360,2,3,1,3,4,0.002790
london,0,4,0.969180,0.969184,0.000000,bellman,0.899990,4,5,1,3,4,0.008440
london,0,5,0.996490,0.982835,0.013650,bellman,2.866530,6,7,1,3,4,0.011010
london,0,6,0.996490,0.982838,0.013650,bellman,8.208200,8,9,1,3,4,0.023290
london,0,7,0.998880,0.984025,0.014840,bellman,21.747750,10,11,1,3,4,0.029650
london,0,2,0.000580,0.000000,0.000580,convex,0.057500,12,1,2,3,4,0.001790
london,0,3,0.968320,0.968318,0.000000,convex,0.248570,2,3,5,3,4,0.002840
london,0,4,0.968320,0.939268,0.029050,convex,0.902460,2,5,11,3,4,0.002750
london,0,5,0.995620,0.967446,0.028180,convex,2.863790,13,7,27,3,4,0.008770
london,0,6,0.996470,0.965757,0.030710,convex,8.326240,22,9,75,3,4,0.011600
london,0,7,0.998060,0.968223,0.029840,convex,24.228240,43,11,231,3,4,0.021780
london,1,2,0.500000,0.500000,0.000000,bellman,0.056510,0,1,1,3,4,0.000540
london,1,3,0.951200,0.951201,0.000000,bellman,0.245520,2,3,1,3,4,0.002380
london,1,4,0.951220,0.951216,0.000000,bellman,0.887680,4,5,1,3,4,0.003930
london,1,5,0.992730,0.971969,0.020750,bellman,2.827640,6,7,1,3,4,0.008060
london,1,6,0.992730,0.971969,0.020760,bellman,8.128580,8,9,1,3,4,0.014000
london,1,7,0.998450,0.974834,0.023620,bellman,21.696010,10,11,1,3,4,0.029990
london,1,2,0.000330,0.000000,0.000330,convex,0.057100,12,1,2,3,4,0.001750
london,1,3,0.950720,0.950721,0.000000,convex,0.248770,2,3,5,3,4,0.002680
london,1,4,0.950720,0.904770,0.045950,convex,0.903230,2,5,14,3,4,0.003150
london,1,5,0.992230,0.948499,0.043730,convex,2.876120,13,7,39,3,4,0.009740
london,1,6,0.992230,0.944274,0.047960,convex,8.514270,16,9,108,3,4,0.025680
london,1,7,0.997960,0.950313,0.047650,convex,27.036610,17,11,303,3,4,0.042960
london,2,2,0.500000,0.500000,0.000000,bellman,0.057170,0,1,1,3,4,0.000550
london,2,3,0.834610,0.834612,0.000000,bellman,0.246550,2,3,1,3,4,0.002880
london,2,4,0.834660,0.834658,0.000000,bellman,0.891900,4,5,1,3,4,0.004760
london,2,5,0.926860,0.880760,0.046100,bellman,2.824050,6,7,1,3,4,0.009730
london,2,6,0.926880,0.880770,0.046110,bellman,8.105540,8,9,1,3,4,0.016350
london,2,7,0.964990,0.899827,0.065160,bellman,21.670110,10,11,1,3,4,0.035240
london,2,2,0.000330,0.000000,0.000330,convex,0.057850,12,1,2,3,4,0.001820
london,2,3,0.834170,0.834170,0.000000,convex,0.248140,2,3,5,3,4,0.002770
london,2,4,0.834170,0.696532,0.137640,convex,0.902820,2,5,14,3,4,0.002860
london,2,5,0.926390,0.811460,0.114930,convex,2.880040,18,7,45,3,4,0.015770
london,2,6,0.926430,0.773535,0.152900,convex,8.787040,16,9,170,3,4,0.027920
london,2,7,0.964510,0.821034,0.143480,convex,43.725640,17,11,571,3,4,0.052560
london,3,2,0.500000,0.500000,0.000000,bellman,0.057090,0,1,1,3,4,0.000530
london,3,3,0.982850,0.982848,0.000000,bellman,0.245670,2,3,1,3,4,0.002570
london,3,4,0.982850,0.982853,0.000000,bellman,0.889430,4,5,1,3,4,0.004520
london,3,5,0.998680,0.990764,0.007910,bellman,2.823120,6,7,1,3,4,0.008770
london,3,6,0.998680,0.990766,0.007910,bellman,8.123220,8,9,1,3,4,0.014430
london,3,7,0.999460,0.991159,0.008300,bellman,22.076130,10,11,1,3,4,0.028790
london,3,2,0.000330,0.000000,0.000330,convex,0.060320,12,1,2,3,4,0.001740
london,3,3,0.982360,0.982356,0.000000,convex,0.255530,2,3,5,3,4,0.002650
london,3,4,0.982360,0.965983,0.016370,convex,0.922790,2,5,11,3,4,0.002690
london,3,5,0.998180,0.982083,0.016100,convex,2.939900,13,7,27,3,4,0.008170
london,3,6,0.998640,0.981545,0.017090,convex,8.502000,28,9,75,3,4,0.012820
london,3,7,0.998970,0.982343,0.016630,convex,24.402460,33,11,231,3,4,0.033390
london,4,2,0.500000,0.500000,0.000000,bellman,0.058220,0,1,1,3,4,0.000550
london,4,3,0.974520,0.974519,0.000000,bellman,0.251170,2,3,1,3,4,0.002650
london,4,4,0.974530,0.974528,0.000000,bellman,0.908430,4,5,1,3,4,0.004050
london,4,5,0.997660,0.986093,0.011570,bellman,2.883780,6,7,1,3,4,0.008800
london,4,6,0.997660,0.986093,0.011570,bellman,8.321080,8,9,1,3,4,0.015010
london,4,7,0.999350,0.986948,0.012410,bellman,22.231360,10,11,1,3,4,0.029240
london,4,2,0.000330,0.000000,0.000330,convex,0.060050,12,1,2,3,4,0.001850
london,4,3,0.974030,0.974031,0.000000,convex,0.255590,2,3,5,3,4,0.002940
london,4,4,0.974030,0.949680,0.024350,convex,0.923560,2,5,11,3,4,0.002930
london,4,5,0.997160,0.973422,0.023740,convex,2.935970,13,7,27,3,4,0.009380
london,4,6,0.997560,0.972237,0.025330,convex,8.529150,22,9,75,3,4,0.020450
london,4,7,0.998870,0.973971,0.024900,convex,24.731290,26,11,231,3,4,0.059380
melbourne,0,2,0.500000,0.500000,0.000000,bellman,0.057690,0,1,1,3,4,0.000880
melbourne,0,3,0.972770,0.972774,0.000000,bellman,0.250400,2,3,1,3,4,0.004810
melbourne,0,4,0.972790,0.972786,0.000000,bellman,0.910430,4,5,1,3,4,0.017700
melbourne,0,5,0.997180,0.984982,0.012200,bellman,2.898470,6,7,1,3,4,0.070650
melbourne,0,6,0.997180,0.984985,0.012200,bellman,8.299950,8,9,1,3,4,0.014020
melbourne,0,7,0.999070,0.985929,0.013140,bellman,22.215060,10,11,1,3,4,0.038330
melbourne,0,2,0.000500,0.000000,0.000500,convex,0.059020,12,1,2,3,4,0.003310
melbourne,0,3,0.972030,0.972034,0.000000,convex,0.255160,2,3,5,3,4,0.002720
melbourne,0,4,0.972030,0.946274,0.025760,convex,0.926940,2,5,11,3,4,0.003430
melbourne,0,5,0.996430,0.971350,0.025080,convex,2.940710,13,7,27,3,4,0.010430
melbourne,0,6,0.997090,0.970019,0.027070,convex,8.542060,24,9,75,3,4,0.016740
melbourne,0,7,0.998350,0.971959,0.026390,convex,24.721550,44,11,231,3,4,0.027000
melbourne,1,2,0.500000,0.500000,0.000000,bellman,0.058400,0,1,1,3,4,0.000630
melbourne,1,3,0.813160,0.813165,0.000000,bellman,0.251040,2,3,1,3,4,0.003550
melbourne,1,4,0.813200,0.813196,0.000000,bellman,0.918830,4,5,1,3,4,0.005230
melbourne,1,5,0.908260,0.860728,0.047530,bellman,2.896180,6,7,1,3,4,0.010630
melbourne,1,6,0.908270,0.860738,0.047540,bellman,8.287270,8,9,1,3,4,0.017150
melbourne,1,7,0.951560,0.882383,0.069180,bellman,22.553340,10,11,1,3,4,0.039340
melbourne,1,2,0.000210,0.000000,0.000210,convex,0.060070,12,1,2,3,4,0.001950
melbourne,1,3,0.812890,0.812890,0.000000,convex,0.255850,2,3,5,3,4,0.003160
melbourne,1,4,0.812890,0.661205,0.151680,convex,0.932590,2,5,14,3,4,0.003390
melbourne,1,5,0.907970,0.784586,0.123380,convex,2.984740,18,7,45,3,4,0.017550
melbourne,1,6,0.908000,0.738540,0.169460,convex,9.184660,16,9,174,3,4,0.028890
melbourne,1,7,0.951270,0.794717,0.156550,convex,50.306980,17,11,690,3,4,0.056980
manhattan,0,2,0.500000,0.500000,0.000000,bellman,0.067820,0,1,1,3,4,0.002370
manhattan,0,3,0.596150,0.596146,0.000000,bellman,0.256390,2,3,1,3,4,0.012760
manhattan,0,4,0.596200,0.596199,0.000000,bellman,0.915350,4,5,1,3,4,0.017540
manhattan,0,5,0.642490,0.619342,0.023150,bellman,2.893280,6,7,1,3,4,0.031750
manhattan,0,6,0.642530,0.619368,0.023160,bellman,8.303040,8,9,1,3,4,0.050000
manhattan,0,7,0.675960,0.636085,0.039870,bellman,22.330320,10,11,1,3,4,0.117590
manhattan,0,2,0.000220,0.000000,0.000220,convex,0.069170,12,1,2,3,4,0.005170
manhattan,0,3,0.595900,0.595901,0.000000,convex,0.260900,2,3,5,3,4,0.007650
manhattan,0,4,0.595900,0.355336,0.240570,convex,0.932920,2,5,14,3,4,0.007870
manhattan,0,5,0.642270,0.498785,0.143480,convex,2.966600,31,7,45,3,4,0.038040
manhattan,0,6,0.642320,0.382965,0.259360,convex,9.162580,32,9,185,3,4,0.060950
manhattan,0,7,0.675760,0.486562,0.189200,convex,60.531160,17,11,794,3,4,0.138720
manhattan,1,2,0.500000,0.500000,0.000000,bellman,0.065940,0,1,1,3,4,0.001390
manhattan,1,3,0.993370,0.993369,0.000000,bellman,0.247630,2,3,1,3,4,0.006960
manhattan,1,4,0.993370,0.993370,0.000000,bellman,0.886180,4,5,1,3,4,0.010850
manhattan,1,5,0.999550,0.996458,0.003090,bellman,2.816420,6,7,1,3,4,0.022920
manhattan,1,6,0.999550,0.996457,0.003090,bellman,8.077370,8,9,1,3,4,0.034670
manhattan,1,7,0.999660,0.996521,0.003150,bellman,21.627490,10,11,1,3,4,0.054710
manhattan,1,2,0.000220,0.000000,0.000220,convex,0.066770,12,1,2,3,4,0.004840
manhattan,1,3,0.993040,0.993036,0.000000,convex,0.251190,2,3,5,3,4,0.007500
manhattan,1,4,0.993040,0.986780,0.006260,convex,0.899060,2,5,11,3,4,0.007900
manhattan,1,5,0.999210,0.992997,0.006220,convex,2.854560,13,7,27,3,4,0.022080
manhattan,1,6,0.999330,0.992919,0.006410,convex,8.254570,14,9,75,3,4,0.034640
manhattan,1,7,0.999330,0.993037,0.006300,convex,23.805210,15,11,215,3,4,0.044270
manila,0,2,0.500000,0.500000,0.000000,bellman,0.056430,0,1,1,3,4,0.000510
manila,0,3,0.964420,0.964419,0.000000,bellman,0.243720,2,3,1,3,4,0.002590
manila,0,4,0.964430,0.964426,0.000000,bellman,0.887200,4,5,1,3,4,0.003720
manila,0,5,0.996060,0.980241,0.015820,bellman,2.813130,6,7,1,3,4,0.008150
manila,0,6,0.996060,0.980243,0.015820,bellman,8.094480,8,9,1,3,4,0.013240
manila,0,7,0.999290,0.981866,0.017430,bellman,21.613400,10,11,1,3,4,0.027670
manila,0,2,0.000200,0.000000,0.000200,convex,0.057860,12,1,2,3,4,0.001630
manila,0,3,0.964130,0.964132,0.000000,convex,0.247240,2,3,5,3,4,0.002470
manila,0,4,0.964130,0.930099,0.034030,convex,0.899630,2,5,14,3,4,0.002540
manila,0,5,0.995760,0.962932,0.032830,convex,2.856900,13,7,39,3,4,0.007500
manila,0,6,0.995770,0.960611,0.035150,convex,8.457750,16,9,102,3,4,0.017540
manila,0,7,0.999000,0.963965,0.035030,convex,26.734570,17,11,290,3,4,0.036860
manila,1,2,0.500000,0.500000,0.000000,bellman,0.057610,0,1,1,3,4,0.000500
manila,1,3,0.977990,0.977987,0.000000,bellman,0.247560,2,3,1,3,4,0.002330
manila,1,4,0.977990,0.977989,0.000000,bellman,0.898060,4,5,1,3,4,0.003650
manila,1,5,0.998470,0.988226,0.010240,bellman,2.856500,6,7,1,3,4,0.012840
manila,1,6,0.998470,0.988230,0.010240,bellman,8.193480,8,9,1,3,4,0.013540
manila,1,7,0.999780,0.988890,0.010900,bellman,21.874810,10,11,1,3,4,0.026340
manila,1,2,0.000080,0.000000,0.000080,convex,0.058330,12,1,2,3,4,0.001620
manila,1,3,0.977870,0.977873,0.000000,convex,0.250070,2,3,5,3,4,0.002560
manila,1,4,0.977870,0.956457,0.021420,convex,0.908040,2,5,15,3,4,0.002420
manila,1,5,0.998350,0.977403,0.020950,convex,2.884690,13,7,43,3,4,0.007410
manila,1,6,0.998350,0.976485,0.021860,convex,8.568660,16,9,113,3,4,0.017450
manila,1,7,0.999670,0.977831,0.021840,convex,29.794800,17,11,316,3,4,0.036070
manila,2,2,0.500000,0.500000,0.000000,bellman,0.061030,0,1,1,3,4,0.000510
manila,2,3,0.903500,0.903499,0.000000,bellman,0.263810,2,3,1,3,4,0.002470
manila,2,4,0.903510,0.903505,0.000000,bellman,0.957870,4,5,1,3,4,0.003810
manila,2,5,0.973800,0.938651,0.035150,bellman,3.039680,6,7,1,3,4,0.008000
manila,2,6,0.973800,0.938653,0.035150,bellman,8.730000,8,9,1,3,4,0.013470
manila,2,7,0.992170,0.947836,0.044330,bellman,23.308250,10,11,1,3,4,0.028420
manila,2,2,0.000080,0.000000,0.000080,convex,0.062230,12,1,2,3,4,0.001660
manila,2,3,0.903390,0.903390,0.000000,convex,0.267240,2,3,5,3,4,0.002590
manila,2,4,0.903390,0.816303,0.087090,convex,0.969030,2,5,15,3,4,0.002760
manila,2,5,0.973690,0.894995,0.078690,convex,3.098170,13,7,49,3,4,0.008310
manila,2,6,0.973690,0.879821,0.093870,convex,9.529870,16,9,169,3,4,0.022910
manila,2,7,0.992060,0.900389,0.091670,convex,47.035520,17,11,577,3,4,0.039090
manila,3,2,0.500000,0.500000,0.000000,bellman,0.061290,0,1,1,3,4,0.000550
manila,3,3,0.985490,0.985486,0.000000,bellman,0.263920,2,3,1,3,4,0.002500
manila,3,4,0.985490,0.985487,0.000000,bellman,0.956650,4,5,1,3,4,0.003930
manila,3,5,0.999270,0.992378,0.006890,bellman,3.022530,6,7,1,3,4,0.008430
manila,3,6,0.999270,0.992377,0.006890,bellman,8.667160,8,9,1,3,4,0.014470
manila,3,7,0.999850,0.992678,0.007180,bellman,23.235360,10,11,1,3,4,0.028230
manila,3,2,0.000080,0.000000,0.000080,convex,0.061820,12,1,2,3,4,0.001750
manila,3,3,0.985370,0.985371,0.000000,convex,0.265310,2,3,5,3,4,0.002720
manila,3,4,0.985370,0.971181,0.014190,convex,0.959650,2,5,11,3,4,0.002620
manila,3,5,0.999150,0.985168,0.013980,convex,3.048580,13,7,27,3,4,0.008240
manila,3,6,0.999180,0.984767,0.014420,convex,8.866950,22,9,75,3,4,0.010260
manila,3,7,0.999740,0.985358,0.014380,convex,25.607890,26,11,231,3,4,0.034330
manila,4,2,0.500000,0.500000,0.000000,bellman,0.060240,0,1,1,3,4,0.000600
manila,4,3,0.981290,0.981287,0.000000,bellman,0.260640,2,3,1,3,4,0.002660
manila,4,4,0.981290,0.981288,0.000000,bellman,0.944500,4,5,1,3,4,0.004300
manila,4,5,0.998860,0.990073,0.008790,bellman,3.001680,6,7,1,3,4,0.008710
manila,4,6,0.998860,0.990072,0.008790,bellman,8.619290,8,9,1,3,4,0.014710
manila,4,7,0.999820,0.990558,0.009270,bellman,22.992930,10,11,1,3,4,0.029770
manila,4,2,0.000080,0.000000,0.000080,convex,0.063020,12,1,2,3,4,0.001850
manila,4,3,0.981170,0.981172,0.000000,convex,0.269530,2,3,5,3,4,0.002820
manila,4,4,0.981170,0.962922,0.018250,convex,0.959350,2,5,13,3,4,0.002790
manila,4,5,0.998740,0.980831,0.017910,convex,3.036480,13,7,35,3,4,0.008270
manila,4,6,0.998740,0.980166,0.018580,convex,8.891570,16,9,97,3,4,0.018820
manila,4,7,0.999700,0.981150,0.018560,convex,27.244870,17,11,277,3,4,0.039710
montreal,0,2,0.500000,0.500000,0.000000,bellman,0.063100,0,1,1,3,4,0.000700
montreal,0,3,0.992740,0.992743,0.000000,bellman,0.266890,2,3,1,3,4,0.003080
montreal,0,4,0.992740,0.992744,0.000000,bellman,0.967810,4,5,1,3,4,0.005480
montreal,0,5,0.999690,0.996218,0.003470,bellman,3.108740,6,7,1,3,4,0.010030
montreal,0,6,0.999690,0.996218,0.003470,bellman,8.920360,8,9,1,3,4,0.014580
montreal,0,7,0.999840,0.996293,0.003550,bellman,23.883770,10,11,1,3,4,0.029250
montreal,0,2,0.000110,0.000000,0.000110,convex,0.065980,12,1,2,3,4,0.002460
montreal,0,3,0.992590,0.992586,0.000000,convex,0.274490,2,3,5,3,4,0.003850
montreal,0,4,0.992590,0.985538,0.007050,convex,0.996600,2,5,11,3,4,0.003850
montreal,0,5,0.999530,0.992536,0.007000,convex,3.159870,13,7,27,3,4,0.011180
montreal,0,6,0.999680,0.992436,0.007250,convex,9.204110,14,9,75,3,4,0.018820
montreal,0,7,0.999680,0.992590,0.007090,convex,26.506330,39,11,231,3,4,0.033210
montreal,1,2,0.500000,0.500000,0.000000,bellman,0.065950,0,1,1,3,4,0.002650
montreal,1,3,0.903160,0.903162,0.000000,bellman,0.272650,2,3,1,3,4,0.012440
montreal,1,4,0.903170,0.903171,0.000000,bellman,0.979980,4,5,1,3,4,0.015000
montreal,1,5,0.973600,0.938389,0.035220,bellman,3.105560,6,7,1,3,4,0.037540
montreal,1,6,0.973610,0.938392,0.035220,bellman,8.926380,8,9,1,3,4,0.030620
montreal,1,7,0.992060,0.947621,0.044440,bellman,23.860840,10,11,1,3,4,0.048820
montreal,1,2,0.000110,0.000000,0.000110,convex,0.067260,12,1,2,3,4,0.002920
montreal,1,3,0.903010,0.903014,0.000000,convex,0.276980,2,3,5,3,4,0.004260
montreal,1,4,0.903010,0.815693,0.087320,convex,0.996040,2,5,15,3,4,0.004500
montreal,1,5,0.973450,0.894570,0.078880,convex,3.185770,13,7,49,3,4,0.014470
montreal,1,6,0.973450,0.879312,0.094140,convex,9.819550,16,9,165,3,4,0.038990
montreal,1,7,0.991900,0.899986,0.091920,convex,47.220610,17,11,563,3,4,0.063990
mumbai,0,2,0.500000,0.500000,0.000000,bellman,0.063630,0,1,1,3,4,0.000590
mumbai,0,3,0.986850,0.986853,0.000000,bellman,0.271170,2,3,1,3,4,0.002990
mumbai,0,4,0.986850,0.986852,0.000000,bellman,0.983200,4,5,1,3,4,0.004350
mumbai,0,5,0.999350,0.993101,0.006250,bellman,3.113610,6,7,1,3,4,0.009520
mumbai,0,6,0.999350,0.993101,0.006250,bellman,8.917120,8,9,1,3,4,0.015500
mumbai,0,7,0.999830,0.993342,0.006490,bellman,23.875520,10,11,1,3,4,0.031000
mumbai,0,2,0.000100,0.000000,0.000100,convex,0.064940,12,1,2,3,4,0.001930
mumbai,0,3,0.986700,0.986703,0.000000,convex,0.275390,2,3,5,3,4,0.003270
mumbai,0,4,0.986700,0.973876,0.012830,convex,0.997300,2,5,11,3,4,0.002880
mumbai,0,5,0.999200,0.986536,0.012660,convex,3.169850,13,7,27,3,4,0.008910
mumbai,0,6,0.999330,0.986205,0.013130,convex,9.172240,22,9,75,3,4,0.011520
mumbai,0,7,0.999680,0.986697,0.012980,convex,26.695540,26,11,231,3,4,0.037670
mumbai,1,2,0.500000,0.500000,0.000000,bellman,0.064890,0,1,1,3,4,0.000700
mumbai,1,3,0.898670,0.898670,0.000000,bellman,0.271390,2,3,1,3,4,0.003420
mumbai,1,4,0.898680,0.898679,0.000000,bellman,0.983390,4,5,1,3,4,0.005800
mumbai,1,5,0.971200,0.934943,0.036260,bellman,3.124140,6,7,1,3,4,0.011830
mumbai,1,6,0.971210,0.934943,0.036260,bellman,9.091380,8,9,1,3,4,0.019320
mumbai,1,7,0.991000,0.944835,0.046160,bellman,24.150100,10,11,1,3,4,0.039760
mumbai,1,2,0.000100,0.000000,0.000100,convex,0.067190,12,1,2,3,4,0.002370
mumbai,1,3,0.898530,0.898530,0.000000,convex,0.277600,2,3,5,3,4,0.003520
mumbai,1,4,0.898530,0.807598,0.090930,convex,1.005880,2,5,14,3,4,0.003890
mumbai,1,5,0.971060,0.889327,0.081730,convex,3.209380,13,7,44,3,4,0.012020
mumbai,1,6,0.971060,0.872785,0.098280,convex,9.663060,16,9,147,3,4,0.031930
mumbai,1,7,0.990850,0.895090,0.095760,convex,40.838830,17,11,498,3,4,0.053040
nairobi,0,2,0.500000,0.500000,0.000000,bellman,0.063930,0,1,1,3,4,0.000510
nairobi,0,3,0.941790,0.941787,0.000000,bellman,0.274640,2,3,1,3,4,0.002410
nairobi,0,4,0.941800,0.941796,0.000000,bellman,0.995180,4,5,1,3,4,0.003720
nairobi,0,5,0.990070,0.965934,0.024140,bellman,3.152780,6,7,1,3,4,0.007830
nairobi,0,6,0.990070,0.965934,0.024140,bellman,9.024510,8,9,1,3,4,0.013480
nairobi,0,7,0.997990,0.969882,0.028090,bellman,24.185100,10,11,1,3,4,0.027700
nairobi,0,2,0.000150,0.000000,0.000150,convex,0.064340,12,1,2,3,4,0.001640
nairobi,0,3,0.941570,0.941567,0.000000,convex,0.278240,2,3,5,3,4,0.002690
nairobi,0,4,0.941570,0.886956,0.054610,convex,1.009130,2,5,14,3,4,0.002470
nairobi,0,5,0.989840,0.938399,0.051440,convex,3.199150,13,7,41,3,4,0.007880
nairobi,0,6,0.989850,0.932433,0.057410,convex,9.578650,16,9,131,3,4,0.017520
nairobi,0,7,0.997760,0.940866,0.056890,convex,33.051340,17,11,404,3,4,0.036900
nairobi,1,2,0.500000,0.500000,0.000000,bellman,0.057120,0,1,1,3,4,0.000490
nairobi,1,3,0.979810,0.979811,0.000000,bellman,0.245300,2,3,1,3,4,0.002340
nairobi,1,4,0.979810,0.979814,0.000000,bellman,0.890360,4,5,1,3,4,0.003760
nairobi,1,5,0.998530,0.989172,0.009360,bellman,2.824930,6,7,1,3,4,0.007720
nairobi,1,6,0.998530,0.989172,0.009360,bellman,8.104460,8,9,1,3,4,0.017100
nairobi,1,7,0.999630,0.989722,0.009900,bellman,21.667520,10,11,1,3,4,0.026630
nairobi,1,2,0.000200,0.000000,0.000200,convex,0.057850,12,1,2,3,4,0.001600
nairobi,1,3,0.979520,0.979517,0.000000,convex,0.248340,2,3,5,3,4,0.002430
nairobi,1,4,0.979520,0.960025,0.019490,convex,0.903040,2,5,11,3,4,0.002540
nairobi,1,5,0.998230,0.979130,0.019110,convex,2.869210,13,7,27,3,4,0.007380
nairobi,1,6,0.998450,0.978371,0.020080,convex,8.327260,22,9,75,3,4,0.009470
nairobi,1,7,0.999340,0.979483,0.019850,convex,24.109890,26,11,231,3,4,0.032030
nairobi,2,2,0.500000,0.500000,0.000000,bellman,0.057220,0,1,1,3,4,0.000510
nairobi,2,3,0.980410,0.980410,0.000000,bellman,0.245910,2,3,1,3,4,0.002410
nairobi,2,4,0.980410,0.980414,0.000000,bellman,0.891220,4,5,1,3,4,0.004020
nairobi,2,5,0.998600,0.989505,0.009090,bellman,2.830240,6,7,1,3,4,0.008150
nairobi,2,6,0.998600,0.989507,0.009090,bellman,8.105780,8,9,1,3,4,0.013930
nairobi,2,7,0.999630,0.990028,0.009610,bellman,21.697420,10,11,1,3,4,0.027130
nairobi,2,2,0.000200,0.000000,0.000200,convex,0.058160,12,1,2,3,4,0.001700
nairobi,2,3,0.980120,0.980117,0.000000,convex,0.249300,2,3,5,3,4,0.002520
nairobi,2,4,0.980120,0.961200,0.018920,convex,0.902050,2,5,11,3,4,0.002710
nairobi,2,5,0.998300,0.979753,0.018550,convex,2.871470,13,7,27,3,4,0.007600
nairobi,2,6,0.998540,0.979037,0.019500,convex,8.325590,22,9,75,3,4,0.010370
nairobi,2,7,0.999340,0.980089,0.019250,convex,24.050890,26,11,231,3,4,0.034140
nairobi,3,2,0.500000,0.500000,0.000000,bellman,0.057420,0,1,1,3,4,0.000530
nairobi,3,3,0.977410,0.977411,0.000000,bellman,0.245640,2,3,1,3,4,0.002550
nairobi,3,4,0.977420,0.977416,0.000000,bellman,0.890850,4,5,1,3,4,0.003930
nairobi,3,5,0.998230,0.987825,0.010410,bellman,2.825530,6,7,1,3,4,0.008450
nairobi,3,6,0.998230,0.987825,0.010410,bellman,8.106820,8,9,1,3,4,0.014970
nairobi,3,7,0.999600,0.988513,0.011090,bellman,21.687040,10,11,1,3,4,0.028150
nairobi,3,2,0.000200,0.000000,0.000200,convex,0.057840,12,1,2,3,4,0.001780
nairobi,3,3,0.977120,0.977119,0.000000,convex,0.248930,2,3,5,3,4,0.002970
nairobi,3,4,0.977120,0.955328,0.021790,convex,0.904710,2,5,11,3,4,0.003070
nairobi,3,5,0.997940,0.976632,0.021300,convex,2.876290,13,7,27,3,4,0.009760
nairobi,3,6,0.998060,0.975686,0.022370,convex,8.319520,22,9,75,3,4,0.012680
nairobi,3,7,0.999310,0.977075,0.022230,convex,24.053670,26,11,231,3,4,0.036310
nairobi,4,2,0.500000,0.500000,0.000000,bellman,0.057420,0,1,1,3,4,0.000600
nairobi,4,3,0.981410,0.981410,0.000000,bellman,0.245940,2,3,1,3,4,0.002830
nairobi,4,4,0.981410,0.981413,0.000000,bellman,0.891070,4,5,1,3,4,0.004350
nairobi,4,5,0.998710,0.990065,0.008650,bellman,2.822710,6,7,1,3,4,0.008900
nairobi,4,6,0.998710,0.990065,0.008650,bellman,8.127080,8,9,1,3,4,0.015240
nairobi,4,7,0.999640,0.990531,0.009110,bellman,22.128560,10,11,1,3,4,0.038210
nairobi,4,2,0.000200,0.000000,0.000200,convex,0.059840,12,1,2,3,4,0.004030
nairobi,4,3,0.981120,0.981116,0.000000,convex,0.254350,2,3,5,3,4,0.003300
nairobi,4,4,0.981120,0.963162,0.017950,convex,0.925920,2,5,11,3,4,0.003950
nairobi,4,5,0.998410,0.980788,0.017630,convex,2.941600,13,7,27,3,4,0.011380
nairobi,4,6,0.998690,0.980142,0.018540,convex,8.524890,22,9,75,3,4,0.013150
nairobi,4,7,0.999350,0.981093,0.018260,convex,24.617320,26,11,231,3,4,0.046770
nairobi,5,2,0.500000,0.500000,0.000000,bellman,0.059330,0,1,1,3,4,0.000600
nairobi,5,3,0.977210,0.977211,0.000000,bellman,0.251990,2,3,1,3,4,0.002960
nairobi,5,4,0.977220,0.977216,0.000000,bellman,0.910850,4,5,1,3,4,0.004730
nairobi,5,5,0.998210,0.987714,0.010500,bellman,2.884330,6,7,1,3,4,0.010180
nairobi,5,6,0.998210,0.987711,0.010500,bellman,8.321960,8,9,1,3,4,0.017000
nairobi,5,7,0.999590,0.988412,0.011180,bellman,22.215580,10,11,1,3,4,0.041910
nairobi,5,2,0.000200,0.000000,0.000200,convex,0.060540,12,1,2,3,4,0.001850
nairobi,5,3,0.976920,0.976919,0.000000,convex,0.257770,2,3,5,3,4,0.002850
nairobi,5,4,0.976920,0.954938,0.021980,convex,0.924780,2,5,11,3,4,0.002820
nairobi,5,5,0.997910,0.976423,0.021490,convex,2.952220,13,7,27,3,4,0.008650
nairobi,5,6,0.998020,0.975458,0.022560,convex,8.538480,22,9,75,3,4,0.019340
nairobi,5,7,0.999310,0.976877,0.022430,convex,24.702830,26,11,231,3,4,0.037690
nairobi,6,2,0.500000,0.500000,0.000000,bellman,0.058750,0,1,1,3,4,0.000610
nairobi,6,3,0.973910,0.973913,0.000000,bellman,0.254800,2,3,1,3,4,0.002800
nairobi,6,4,0.973920,0.973918,0.000000,bellman,0.913180,4,5,1,3,4,0.004440
nairobi,6,5,0.997740,0.985830,0.011910,bellman,2.899400,6,7,1,3,4,0.009260
nairobi,6,6,0.997740,0.985831,0.011910,bellman,8.310860,8,9,1,3,4,0.016670
nairobi,6,7,0.999540,0.986731,0.012810,bellman,22.242690,10,11,1,3,4,0.031260
nairobi,6,2,0.000200,0.000000,0.000200,convex,0.059930,12,1,2,3,4,0.001920
nairobi,6,3,0.973620,0.973621,0.000000,convex,0.254370,2,3,5,3,4,0.003240
nairobi,6,4,0.973620,0.948502,0.025120,convex,0.929220,2,5,11,3,4,0.002980
nairobi,6,5,0.997440,0.972972,0.024470,convex,2.940740,13,7,27,3,4,0.009330
nairobi,6,6,0.997440,0.971710,0.025730,convex,8.550550,16,9,75,3,4,0.020670
nairobi,6,7,0.999240,0.973559,0.025690,convex,24.689430,17,11,231,3,4,0.042790
oslo,0,2,0.500000,0.500000,0.000000,bellman,0.059120,0,1,1,3,4,0.000510
oslo,0,3,0.989980,0.989979,0.000000,bellman,0.252490,2,3,1,3,4,0.003680
oslo,0,4,0.989980,0.989980,0.000000,bellman,0.912640,4,5,1,3,4,0.003880
oslo,0,5,0.999490,0.994734,0.004750,bellman,2.904600,6,7,1,3,4,0.008380
oslo,0,6,0.999490,0.994736,0.004760,bellman,8.289180,8,9,1,3,4,0.010830
oslo,0,7,0.999770,0.994879,0.004900,bellman,22.602830,10,11,1,3,4,0.018510
oslo,0,2,0.000150,0.000000,0.000150,convex,0.059200,12,1,2,3,4,0.001640
oslo,0,3,0.989760,0.989755,0.000000,convex,0.254700,2,3,5,3,4,0.002630
oslo,0,4,0.989760,0.980056,0.009700,convex,0.927720,2,5,11,3,4,0.002540
oslo,0,5,0.999260,0.989661,0.009600,convex,2.974340,13,7,27,3,4,0.007880
oslo,0,6,0.999450,0.989473,0.009980,convex,8.702640,19,9,75,3,4,0.015160
oslo,0,7,0.999550,0.989754,0.009790,convex,25.071900,20,11,231,3,4,0.032390
oslo,1,2,0.500000,0.500000,0.000000,bellman,0.058580,0,1,1,3,4,0.000500
oslo,1,3,0.985540,0.985542,0.000000,bellman,0.253610,2,3,1,3,4,0.002590
oslo,1,4,0.985540,0.985543,0.000000,bellman,0.929540,4,5,1,3,4,0.004030
oslo,1,5,0.999230,0.992387,0.006840,bellman,2.913370,6,7,1,3,4,0.008170
oslo,1,6,0.999230,0.992389,0.006840,bellman,8.400660,8,9,1,3,4,0.013480
oslo,1,7,0.999810,0.992684,0.007140,bellman,22.374310,10,11,1,3,4,0.028280
oslo,1,2,0.000110,0.000000,0.000110,convex,0.059250,12,1,2,3,4,0.003440
oslo,1,3,0.985380,0.985381,0.000000,convex,0.255760,2,3,5,3,4,0.003850
oslo,1,4,0.985380,0.971290,0.014090,convex,0.925590,2,5,11,3,4,0.002620
oslo,1,5,0.999070,0.985180,0.013890,convex,2.939100,13,7,27,3,4,0.008160
oslo,1,6,0.999190,0.984783,0.014410,convex,8.587460,22,9,75,3,4,0.010320
oslo,1,7,0.999650,0.985370,0.014280,convex,24.821890,26,11,231,3,4,0.036970
oslo,2,2,0.500000,0.500000,0.000000,bellman,0.058400,0,1,1,3,4,0.000520
oslo,2,3,0.992140,0.992140,0.000000,bellman,0.252710,2,3,1,3,4,0.002340
oslo,2,4,0.992140,0.992141,0.000000,bellman,0.921960,4,5,1,3,4,0.004040
oslo,2,5,0.999660,0.995903,0.003760,bellman,2.915050,6,7,1,3,4,0.007590
oslo,2,6,0.999660,0.995903,0.003760,bellman,8.309770,8,9,1,3,4,0.012030
oslo,2,7,0.999830,0.995991,0.003850,bellman,22.299630,10,11,1,3,4,0.032180
oslo,2,2,0.000110,0.000000,0.000110,convex,0.059770,12,1,2,3,4,0.001850
oslo,2,3,0.991980,0.991979,0.000000,convex,0.257690,2,3,5,3,4,0.002870
oslo,2,4,0.991980,0.984341,0.007640,convex,0.928840,2,5,11,3,4,0.002820
oslo,2,5,0.999500,0.991921,0.007580,convex,2.947120,13,7,27,3,4,0.009290
oslo,2,6,0.999650,0.991806,0.007840,convex,8.547820,14,9,75,3,4,0.014050
oslo,2,7,0.999670,0.991983,0.007700,convex,24.050300,45,11,231,3,4,0.027840
oslo,3,2,0.500000,0.500000,0.000000,bellman,0.056940,0,1,1,3,4,0.000580
oslo,3,3,0.984440,0.984442,0.000000,bellman,0.245530,2,3,1,3,4,0.002910
oslo,3,4,0.984440,0.984443,0.000000,bellman,0.887910,4,5,1,3,4,0.006590
oslo,3,5,0.999130,0.991788,0.007350,bellman,2.828400,6,7,1,3,4,0.009430
oslo,3,6,0.999130,0.991788,0.007350,bellman,8.095170,8,9,1,3,4,0.016780
oslo,3,7,0.999800,0.992121,0.007680,bellman,21.631650,10,11,1,3,4,0.032190
oslo,3,2,0.000110,0.000000,0.000110,convex,0.057860,12,1,2,3,4,0.001950
oslo,3,3,0.984280,0.984282,0.000000,convex,0.247340,2,3,5,3,4,0.002790
oslo,3,4,0.984280,0.969124,0.015160,convex,0.897150,2,5,11,3,4,0.002800
oslo,3,5,0.998970,0.984047,0.014920,convex,2.855130,13,7,27,3,4,0.008720
oslo,3,6,0.999070,0.983587,0.015480,convex,8.284020,22,9,75,3,4,0.010750
oslo,3,7,0.999640,0.984264,0.015380,convex,23.955170,26,11,231,3,4,0.036470
oslo,4,2,0.500000,0.500000,0.000000,bellman,0.056900,0,1,1,3,4,0.000590
oslo,4,3,0.976140,0.976143,0.000000,bellman,0.244330,2,3,1,3,4,0.002770
oslo,4,4,0.976150,0.976146,0.000000,bellman,0.886810,4,5,1,3,4,0.004640
oslo,4,5,0.998180,0.987163,0.011020,bellman,2.816240,6,7,1,3,4,0.009060
oslo,4,6,0.998180,0.987163,0.011020,bellman,8.052550,8,9,1,3,4,0.015510
oslo,4,7,0.999710,0.987938,0.011780,bellman,21.558440,10,11,1,3,4,0.030340
oslo,4,2,0.000110,0.000000,0.000110,convex,0.057930,12,1,2,3,4,0.001910
oslo,4,3,0.975980,0.975984,0.000000,convex,0.247620,2,3,5,3,4,0.003040
oslo,4,4,0.975980,0.952854,0.023130,convex,0.897200,2,5,12,3,4,0.003180
oslo,4,5,0.998020,0.975437,0.022580,convex,2.856150,13,7,31,3,4,0.008660
oslo,4,6,0.998020,0.974367,0.023650,convex,8.325260,16,9,86,3,4,0.019370
oslo,4,7,0.999550,0.975931,0.023620,convex,25.068460,17,11,257,3,4,0.040330
oslo,5,2,0.500000,0.500000,0.000000,bellman,0.057930,0,1,1,3,4,0.000560
oslo,5,3,0.989940,0.989941,0.000000,bellman,0.248810,2,3,1,3,4,0.002680
oslo,5,4,0.989940,0.989942,0.000000,bellman,0.899520,4,5,1,3,4,0.004220
oslo,5,5,0.999550,0.994742,0.004800,bellman,2.851820,6,7,1,3,4,0.008710
oslo,5,6,0.999550,0.994744,0.004800,bellman,8.186460,8,9,1,3,4,0.013220
oslo,5,7,0.999830,0.994889,0.004950,bellman,21.810380,10,11,1,3,4,0.022600
oslo,5,2,0.000110,0.000000,0.000110,convex,0.059240,12,1,2,3,4,0.001950
oslo,5,3,0.989780,0.989780,0.000000,convex,0.247890,2,3,5,3,4,0.003120
oslo,5,4,0.989780,0.979981,0.009800,convex,0.900760,2,5,11,3,4,0.002990
oslo,5,5,0.999390,0.989683,0.009700,convex,2.859430,13,7,27,3,4,0.008940
oslo,5,6,0.999520,0.989491,0.010020,convex,8.305560,28,9,75,3,4,0.012940
oslo,5,7,0.999670,0.989776,0.009890,convex,25.525460,33,11,231,3,4,0.035040
oslo,6,2,0.500000,0.500000,0.000000,bellman,0.062160,0,1,1,3,4,0.000620
oslo,6,3,0.970440,0.970445,0.000000,bellman,0.265340,2,3,1,3,4,0.002800
oslo,6,4,0.970450,0.970448,0.000000,bellman,0.960690,4,5,1,3,4,0.004440
oslo,6,5,0.997300,0.983875,0.013420,bellman,3.038140,6,7,1,3,4,0.009170
oslo,6,6,0.997300,0.983877,0.013420,bellman,8.715210,8,9,1,3,4,0.015930
oslo,6,7,0.999600,0.985026,0.014570,bellman,23.294530,10,11,1,3,4,0.031090
oslo,6,2,0.000110,0.000000,0.000110,convex,0.062600,12,1,2,3,4,0.001910
oslo,6,3,0.970290,0.970286,0.000000,convex,0.268170,2,3,5,3,4,0.002880
oslo,6,4,0.970290,0.941759,0.028530,convex,0.971600,2,5,14,3,4,0.002890
oslo,6,5,0.997140,0.969447,0.027690,convex,3.095870,13,7,39,3,4,0.008690
oslo,6,6,0.997140,0.967820,0.029310,convex,9.164090,16,9,108,3,4,0.019830
oslo,6,7,0.999430,0.970193,0.029240,convex,29.746290,17,11,309,3,4,0.042290
ourense,0,2,0.500000,0.500000,0.000000,bellman,0.061120,0,1,1,3,4,0.000510
ourense,0,3,0.984550,0.984552,0.000000,bellman,0.261620,2,3,1,3,4,0.002360
ourense,0,4,0.984550,0.984554,0.000000,bellman,0.951710,4,5,1,3,4,0.003700
ourense,0,5,0.999060,0.991805,0.007250,bellman,3.024610,6,7,1,3,4,0.007900
ourense,0,6,0.999060,0.991805,0.007250,bellman,8.703340,8,9,1,3,4,0.013280
ourense,0,7,0.999710,0.992129,0.007580,bellman,23.193590,10,11,1,3,4,0.026570
ourense,0,2,0.000170,0.000000,0.000170,convex,0.062190,12,1,2,3,4,0.001660
ourense,0,3,0.984300,0.984301,0.000000,convex,0.267040,2,3,5,3,4,0.002470
ourense,0,4,0.984300,0.969340,0.014960,convex,0.977290,2,5,11,3,4,0.002700
ourense,0,5,0.998810,0.984074,0.014730,convex,3.082540,13,7,27,3,4,0.007510
ourense,0,6,0.999030,0.983627,0.015410,convex,8.889550,24,9,75,3,4,0.016260
ourense,0,7,0.999470,0.984291,0.015180,convex,25.628210,46,11,231,3,4,0.031780
ourense,1,2,0.500000,0.500000,0.000000,bellman,0.061170,0,1,1,3,4,0.000530
ourense,1,3,0.970280,0.970283,0.000000,bellman,0.262460,2,3,1,3,4,0.002410
ourense,1,4,0.970290,0.970287,0.000000,bellman,0.950170,4,5,1,3,4,0.003640
ourense,1,5,0.997220,0.983752,0.013470,bellman,3.010640,6,7,1,3,4,0.008160
ourense,1,6,0.997220,0.983753,0.013460,bellman,8.615790,8,9,1,3,4,0.013560
ourense,1,7,0.999530,0.984911,0.014620,bellman,22.988070,10,11,1,3,4,0.027190
ourense,1,2,0.000150,0.000000,0.000150,convex,0.061740,12,1,2,3,4,0.001660
ourense,1,3,0.970060,0.970061,0.000000,convex,0.262650,2,3,5,3,4,0.002650
ourense,1,4,0.970060,0.941444,0.028620,convex,0.954870,2,5,12,3,4,0.002430
ourense,1,5,0.996990,0.969216,0.027770,convex,3.066670,13,7,31,3,4,0.007800
ourense,1,6,0.996990,0.967577,0.029410,convex,8.859500,16,9,86,3,4,0.017220
ourense,1,7,0.999300,0.969968,0.029340,convex,26.314280,17,11,257,3,4,0.036420
ourense,2,2,0.500000,0.500000,0.000000,bellman,0.059450,0,1,1,3,4,0.000510
ourense,2,3,0.977880,0.977881,0.000000,bellman,0.254940,2,3,1,3,4,0.002430
ourense,2,4,0.977880,0.977884,0.000000,bellman,0.937310,4,5,1,3,4,0.004070
ourense,2,5,0.998360,0.988117,0.010240,bellman,2.941890,6,7,1,3,4,0.008090
ourense,2,6,0.998360,0.988120,0.010240,bellman,8.466050,8,9,1,3,4,0.014010
ourense,2,7,0.999670,0.988780,0.010890,bellman,22.291570,10,11,1,3,4,0.027310
ourense,2,2,0.000150,0.000000,0.000150,convex,0.059750,12,1,2,3,4,0.001750
ourense,2,3,0.977660,0.977658,0.000000,convex,0.255590,2,3,5,3,4,0.002670
ourense,2,4,0.977660,0.956247,0.021410,convex,0.927300,2,5,11,3,4,0.002520
ourense,2,5,0.998130,0.977190,0.020940,convex,2.953090,13,7,27,3,4,0.008010
ourense,2,6,0.998130,0.976272,0.021860,convex,8.545510,16,9,75,3,4,0.017580
ourense,2,7,0.999450,0.977618,0.021830,convex,24.743420,23,11,231,3,4,0.021630
ourense,3,2,0.500000,0.500000,0.000000,bellman,0.058440,0,1,1,3,4,0.000530
ourense,3,3,0.967980,0.967983,0.000000,bellman,0.255110,2,3,1,3,4,0.002510
ourense,3,4,0.967990,0.967988,0.000000,bellman,0.921540,4,5,1,3,4,0.003920
ourense,3,5,0.996810,0.982394,0.014410,bellman,2.899710,6,7,1,3,4,0.008360
ourense,3,6,0.996810,0.982392,0.014410,bellman,8.300890,8,9,1,3,4,0.013990
ourense,3,7,0.999470,0.983729,0.015740,bellman,22.218000,10,11,1,3,4,0.029400
ourense,3,2,0.000150,0.000000,0.000150,convex,0.059400,12,1,2,3,4,0.001740
ourense,3,3,0.967760,0.967762,0.000000,convex,0.254930,2,3,5,3,4,0.002860
ourense,3,4,0.967760,0.936987,0.030770,convex,0.925010,2,5,14,3,4,0.002620
ourense,3,5,0.996580,0.966785,0.029800,convex,2.950200,13,7,39,3,4,0.008310
ourense,3,6,0.996580,0.964889,0.031690,convex,8.728280,16,9,108,3,4,0.017980
ourense,3,7,0.999240,0.967642,0.031600,convex,28.198400,17,11,303,3,4,0.038710
ourense,4,2,0.500000,0.500000,0.000000,bellman,0.058870,0,1,1,3,4,0.000560
ourense,4,3,0.945190,0.945190,0.000000,bellman,0.251000,2,3,1,3,4,0.002590
ourense,4,4,0.945200,0.945198,0.000000,bellman,0.914290,4,5,1,3,4,0.004450
ourense,4,5,0.991160,0.968179,0.022980,bellman,2.897410,6,7,1,3,4,0.008730
ourense,4,6,0.991160,0.968181,0.022980,bellman,8.321900,8,9,1,3,4,0.014680
ourense,4,7,0.998280,0.971731,0.026540,bellman,22.416460,10,11,1,3,4,0.030410
ourense,4,2,0.000150,0.000000,0.000150,convex,0.059350,12,1,2,3,4,0.001780
ourense,4,3,0.944970,0.944972,0.000000,convex,0.254830,2,3,5,3,4,0.002920
ourense,4,4,0.944970,0.893377,0.051600,convex,0.924850,2,5,14,3,4,0.002720
ourense,4,5,0.990930,0.942157,0.048780,convex,2.961500,13,7,41,3,4,0.008320
ourense,4,6,0.990940,0.936829,0.054110,convex,8.894840,16,9,131,3,4,0.019210
ourense,4,7,0.998050,0.944382,0.053670,convex,32.444020,17,11,397,3,4,0.040380
paris,0,2,0.500000,0.500000,0.000000,bellman,0.061320,0,1,1,3,4,0.000580
paris,0,3,0.788660,0.788661,0.000000,bellman,0.257300,2,3,1,3,4,0.002720
paris,0,4,0.788700,0.788698,0.000000,bellman,0.950640,4,5,1,3,4,0.004780
paris,0,5,0.884840,0.836769,0.048070,bellman,3.095290,6,7,1,3,4,0.009580
paris,0,6,0.884860,0.836784,0.048080,bellman,9.008900,8,9,1,3,4,0.016130
paris,0,7,0.932900,0.860808,0.072100,bellman,23.953810,10,11,1,3,4,0.035460
paris,0,2,0.000220,0.000000,0.000220,convex,0.064800,12,1,2,3,4,0.001840
paris,0,3,0.788380,0.788376,0.000000,convex,0.273500,2,3,5,3,4,0.003000
paris,0,4,0.788380,0.621949,0.166430,convex,0.993720,2,5,15,3,4,0.002850
paris,0,5,0.884540,0.753244,0.131290,convex,3.222680,18,7,50,3,4,0.015940
paris,0,6,0.884580,0.697809,0.186780,convex,10.011000,16,9,198,3,4,0.025960
paris,0,7,0.932590,0.763404,0.169190,convex,68.374370,17,11,793,3,4,0.052550
paris,1,2,0.500000,0.500000,0.000000,bellman,0.067150,0,1,1,3,4,0.000880
paris,1,3,0.992770,0.992771,0.000000,bellman,0.273570,2,3,1,3,4,0.004450
paris,1,4,0.992770,0.992772,0.000000,bellman,0.986290,4,5,1,3,4,0.006800
paris,1,5,0.999530,0.996147,0.003380,bellman,3.129990,6,7,1,3,4,0.013990
paris,1,6,0.999530,0.996151,0.003380,bellman,8.983560,8,9,1,3,4,0.021120
paris,1,7,0.999660,0.996223,0.003450,bellman,24.056640,10,11,1,3,4,0.034650
paris,1,2,0.000220,0.000000,0.000220,convex,0.068240,12,1,2,3,4,0.003030
paris,1,3,0.992440,0.992440,0.000000,convex,0.276100,2,3,5,3,4,0.004700
paris,1,4,0.992440,0.985592,0.006850,convex,1.001220,2,5,11,3,4,0.004500
paris,1,5,0.999190,0.992392,0.006800,convex,3.177370,13,7,27,3,4,0.013680
paris,1,6,0.999330,0.992300,0.007030,convex,9.233760,14,9,75,3,4,0.022380
paris,1,7,0.999330,0.992442,0.006890,convex,26.652070,15,11,221,3,4,0.029730
perth,0,2,0.500000,0.500000,0.000000,bellman,0.063490,0,1,1,3,4,0.000510
perth,0,3,0.971040,0.971036,0.000000,bellman,0.272500,2,3,1,3,4,0.002360
perth,0,4,0.971040,0.971040,0.000000,bellman,0.990190,4,5,1,3,4,0.003840
perth,0,5,0.997300,0.984172,0.013130,bellman,3.135900,6,7,1,3,4,0.007880
perth,0,6,0.997300,0.984172,0.013130,bellman,8.970510,8,9,1,3,4,0.013560
perth,0,7,0.999500,0.985277,0.014230,bellman,24.016050,10,11,1,3,4,0.026550
perth,0,2,0.000180,0.000000,0.000180,convex,0.063640,12,1,2,3,4,0.001750
perth,0,3,0.970760,0.970765,0.000000,convex,0.276460,2,3,5,3,4,0.002520
perth,0,4,0.970760,0.942905,0.027860,convex,0.999110,2,5,13,3,4,0.002450
perth,0,5,0.997030,0.969965,0.027060,convex,3.178080,13,7,35,3,4,0.007730
perth,0,6,0.997030,0.968414,0.028610,convex,9.349510,16,9,97,3,4,0.017250
perth,0,7,0.999220,0.970679,0.028550,convex,29.196790,17,11,267,3,4,0.036760
perth,1,2,0.500000,0.500000,0.000000,bellman,0.063210,0,1,1,3,4,0.000490
perth,1,3,0.974430,0.974428,0.000000,bellman,0.273460,2,3,1,3,4,0.002310
perth,1,4,0.974430,0.974430,0.000000,bellman,1.008090,4,5,1,3,4,0.003950
perth,1,5,0.997920,0.986176,0.011740,bellman,3.189960,6,7,1,3,4,0.007830
perth,1,6,0.997920,0.986177,0.011740,bellman,9.144380,8,9,1,3,4,0.013560
perth,1,7,0.999660,0.987045,0.012620,bellman,24.327920,10,11,1,3,4,0.026260
perth,1,2,0.000120,0.000000,0.000120,convex,0.064450,12,1,2,3,4,0.001660
perth,1,3,0.974250,0.974251,0.000000,convex,0.279350,2,3,5,3,4,0.002510
perth,1,4,0.974250,0.949505,0.024750,convex,1.014940,2,5,12,3,4,0.002490
perth,1,5,0.997740,0.973622,0.024120,convex,3.201670,13,7,31,3,4,0.007380
perth,1,6,0.997740,0.972398,0.025340,convex,9.398790,16,9,86,3,4,0.017150
perth,1,7,0.999480,0.974189,0.025300,convex,28.154970,17,11,257,3,4,0.036160
perth,2,2,0.500000,0.500000,0.000000,bellman,0.063840,0,1,1,3,4,0.000550
perth,2,3,0.967230,0.967229,0.000000,bellman,0.274240,2,3,1,3,4,0.002570
perth,2,4,0.967230,0.967233,0.000000,bellman,1.005100,4,5,1,3,4,0.004380
perth,2,5,0.996700,0.981969,0.014740,bellman,3.162420,6,7,1,3,4,0.009060
perth,2,6,0.996700,0.981969,0.014740,bellman,9.148220,8,9,1,3,4,0.015690
perth,2,7,0.999490,0.983364,0.016130,bellman,24.369740,10,11,1,3,4,0.030160
perth,2,2,0.000120,0.000000,0.000120,convex,0.065530,12,1,2,3,4,0.001780
perth,2,3,0.967050,0.967054,0.000000,convex,0.277470,2,3,5,3,4,0.019310
perth,2,4,0.967050,0.935528,0.031530,convex,1.016140,2,5,14,3,4,0.006420
perth,2,5,0.996520,0.966026,0.030500,convex,3.289930,13,7,39,3,4,0.016640
perth,2,6,0.996520,0.964035,0.032490,convex,9.249870,16,9,108,3,4,0.020060
perth,2,7,0.999310,0.966928,0.032390,convex,28.078350,17,11,309,3,4,0.038770
perth,3,2,0.500000,0.500000,0.000000,bellman,0.057980,0,1,1,3,4,0.000530
perth,3,3,0.970830,0.970828,0.000000,bellman,0.245990,2,3,1,3,4,0.002480
perth,3,4,0.970830,0.970831,0.000000,bellman,0.895280,4,5,1,3,4,0.004110
perth,3,5,0.997350,0.984092,0.013260,bellman,2.835080,6,7,1,3,4,0.008360
perth,3,6,0.997350,0.984092,0.013260,bellman,8.136220,8,9,1,3,4,0.014400
perth,3,7,0.999590,0.985216,0.014380,bellman,21.762210,10,11,1,3,4,0.028180
perth,3,2,0.000120,0.000000,0.000120,convex,0.058020,12,1,2,3,4,0.001740
perth,3,3,0.970650,0.970653,0.000000,convex,0.251510,2,3,5,3,4,0.002650
perth,3,4,0.970650,0.942504,0.028150,convex,0.909980,2,5,14,3,4,0.002620
perth,3,5,0.997170,0.969836,0.027330,convex,2.896890,13,7,39,3,4,0.007890
perth,3,6,0.997170,0.968252,0.028920,convex,8.559630,16,9,108,3,4,0.018170
perth,3,7,0.999410,0.970561,0.028850,convex,28.096810,17,11,309,3,4,0.038550
perth,4,2,0.500000,0.500000,0.000000,bellman,0.058430,0,1,1,3,4,0.000580
perth,4,3,0.969030,0.969029,0.000000,bellman,0.245860,2,3,1,3,4,0.002590
perth,4,4,0.969030,0.969032,0.000000,bellman,0.896770,4,5,1,3,4,0.004070
perth,4,5,0.997030,0.983032,0.014000,bellman,2.839080,6,7,1,3,4,0.008580
perth,4,6,0.997030,0.983033,0.014000,bellman,8.161850,8,9,1,3,4,0.014730
perth,4,7,0.999540,0.984285,0.015260,bellman,21.759910,10,11,1,3,4,0.028990
perth,4,2,0.000120,0.000000,0.000120,convex,0.059090,12,1,2,3,4,0.001770
perth,4,3,0.968850,0.968853,0.000000,convex,0.250550,2,3,5,3,4,0.002730
perth,4,4,0.968850,0.939013,0.029840,convex,0.908840,2,5,14,3,4,0.002730
perth,4,5,0.996860,0.967935,0.028920,convex,2.894300,13,7,39,3,4,0.008200
perth,4,6,0.996860,0.966153,0.030700,convex,8.555930,16,9,108,3,4,0.018620
perth,4,7,0.999360,0.968746,0.030620,convex,27.797570,17,11,309,3,4,0.039790
perth,5,2,0.500000,0.500000,0.000000,bellman,0.057850,0,1,1,3,4,0.000560
perth,5,3,0.956730,0.956732,0.000000,bellman,0.247370,2,3,1,3,4,0.002690
perth,5,4,0.956740,0.956736,0.000000,bellman,0.893730,4,5,1,3,4,0.004550
perth,5,5,0.994410,0.975572,0.018840,bellman,2.837650,6,7,1,3,4,0.008870
perth,5,6,0.994410,0.975574,0.018840,bellman,8.132450,8,9,1,3,4,0.015400
perth,5,7,0.999070,0.977903,0.021170,bellman,21.794280,10,11,1,3,4,0.031270
perth,5,2,0.000120,0.000000,0.000120,convex,0.058640,12,1,2,3,4,0.001870
perth,5,3,0.956560,0.956558,0.000000,convex,0.250880,2,3,5,3,4,0.002790
perth,5,4,0.956560,0.915330,0.041230,convex,0.907990,2,5,14,3,4,0.002770
perth,5,5,0.994230,0.954780,0.039450,convex,2.902490,13,7,41,3,4,0.008480
perth,5,6,0.994230,0.951377,0.042850,convex,8.623630,16,9,123,3,4,0.019570
perth,5,7,0.998890,0.956258,0.042630,convex,30.231180,17,11,357,3,4,0.041080
perth,6,2,0.500000,0.500000,0.000000,bellman,0.059810,0,1,1,3,4,0.000580
perth,6,3,0.980330,0.980326,0.000000,bellman,0.252950,2,3,1,3,4,0.002760
perth,6,4,0.980330,0.980328,0.000000,bellman,0.915040,4,5,1,3,4,0.004310
perth,6,5,0.998700,0.989514,0.009180,bellman,2.911300,6,7,1,3,4,0.009480
perth,6,6,0.998700,0.989512,0.009180,bellman,8.359270,8,9,1,3,4,0.015420
perth,6,7,0.999750,0.990035,0.009710,bellman,22.297310,10,11,1,3,4,0.031340
perth,6,2,0.000120,0.000000,0.000120,convex,0.060560,12,1,2,3,4,0.001990
perth,6,3,0.980150,0.980149,0.000000,convex,0.256390,2,3,5,3,4,0.003000
perth,6,4,0.980150,0.961036,0.019110,convex,0.929190,2,5,11,3,4,0.002910
perth,6,5,0.998520,0.979776,0.018740,convex,2.956260,13,7,27,3,4,0.009020
perth,6,6,0.998520,0.979043,0.019470,convex,8.563260,16,9,75,3,4,0.020270
perth,6,7,0.999570,0.980127,0.019450,convex,24.780170,17,11,231,3,4,0.042660
poughkeepsie,0,2,0.500000,0.500000,0.000000,bellman,0.060340,0,1,1,3,4,0.000630
poughkeepsie,0,3,0.824310,0.824305,0.000000,bellman,0.259180,2,3,1,3,4,0.003020
poughkeepsie,0,4,0.824640,0.824638,0.000000,bellman,0.918600,4,5,1,3,4,0.004910
poughkeepsie,0,5,0.917440,0.871037,0.046400,bellman,2.942470,6,7,1,3,4,0.010690
poughkeepsie,0,6,0.917580,0.871131,0.046450,bellman,8.342240,8,9,1,3,4,0.017560
poughkeepsie,0,7,0.957410,0.891048,0.066360,bellman,22.292440,10,11,1,3,4,0.037690
poughkeepsie,0,2,0.002330,0.000000,0.002330,convex,0.059900,12,1,2,3,4,0.001970
poughkeepsie,0,3,0.821210,0.821207,0.000000,convex,0.256250,2,3,5,3,4,0.002970
poughkeepsie,0,4,0.821210,0.679138,0.142070,convex,0.937640,2,5,14,3,4,0.003230
poughkeepsie,0,5,0.914120,0.796629,0.117490,convex,2.963500,18,7,41,3,4,0.019280
poughkeepsie,0,6,0.914460,0.755980,0.158480,convex,8.828560,16,9,119,3,4,0.029480
poughkeepsie,0,7,0.954080,0.806404,0.147680,convex,30.534540,17,11,337,3,4,0.058820
poughkeepsie,1,2,0.500000,0.500000,0.000000,bellman,0.060990,0,1,1,3,4,0.000730
poughkeepsie,1,3,0.975600,0.975596,0.000000,bellman,0.253740,2,3,1,3,4,0.003820
poughkeepsie,1,4,0.975640,0.975644,0.000000,bellman,0.917560,4,5,1,3,4,0.005890
poughkeepsie,1,5,0.995200,0.985421,0.009780,bellman,2.920080,6,7,1,3,4,0.012830
poughkeepsie,1,6,0.995200,0.985424,0.009780,bellman,8.346690,8,9,1,3,4,0.020210
poughkeepsie,1,7,0.996410,0.986033,0.010380,bellman,22.345620,10,11,1,3,4,0.039590
poughkeepsie,1,2,0.002330,0.000000,0.002330,convex,0.062280,12,1,2,3,4,0.002470
poughkeepsie,1,3,0.972140,0.972142,0.000000,convex,0.258790,2,3,5,3,4,0.004010
poughkeepsie,1,4,0.972140,0.951727,0.020410,convex,0.930300,2,5,11,3,4,0.003790
poughkeepsie,1,5,0.991700,0.971713,0.019990,convex,2.951670,13,7,23,3,4,0.012030
poughkeepsie,1,6,0.992960,0.970872,0.022090,convex,8.506090,14,9,47,3,4,0.023650
poughkeepsie,1,7,0.992990,0.972105,0.020890,convex,23.245280,15,11,95,3,4,0.034720
quito,0,2,0.500000,0.500000,0.000000,bellman,0.058940,0,1,1,3,4,0.000510
quito,0,3,0.954060,0.954065,0.000000,bellman,0.254000,2,3,1,3,4,0.002400
quito,0,4,0.954110,0.954114,0.000000,bellman,0.925820,4,5,1,3,4,0.004140
quito,0,5,0.992560,0.973338,0.019220,bellman,2.964090,6,7,1,3,4,0.008450
quito,0,6,0.992570,0.973341,0.019230,bellman,8.510670,8,9,1,3,4,0.013520
quito,0,7,0.997450,0.975777,0.021670,bellman,22.635020,10,11,1,3,4,0.029440
quito,0,2,0.001160,0.000000,0.001160,convex,0.060550,12,1,2,3,4,0.001630
quito,0,3,0.952380,0.952378,0.000000,convex,0.257420,2,3,5,3,4,0.002480
quito,0,4,0.952380,0.910187,0.042190,convex,0.941310,2,5,11,3,4,0.002480
quito,0,5,0.990830,0.950508,0.040320,convex,2.995150,13,7,27,3,4,0.008030
quito,0,6,0.992500,0.946939,0.045560,convex,8.713590,22,9,75,3,4,0.010600
quito,0,7,0.995790,0.952063,0.043730,convex,24.956610,26,11,231,3,4,0.034110
quito,1,2,0.500000,0.500000,0.000000,bellman,0.058240,0,1,1,3,4,0.000510
quito,1,3,0.977810,0.977811,0.000000,bellman,0.252300,2,3,1,3,4,0.002550
quito,1,4,0.977810,0.977814,0.000000,bellman,0.915060,4,5,1,3,4,0.003750
quito,1,5,0.998380,0.988095,0.010280,bellman,2.915660,6,7,1,3,4,0.007910
quito,1,6,0.998380,0.988096,0.010280,bellman,8.351990,8,9,1,3,4,0.013100
quito,1,7,0.999700,0.988763,0.010940,bellman,22.579200,10,11,1,3,4,0.026340
quito,1,2,0.000130,0.000000,0.000130,convex,0.060830,12,1,2,3,4,0.001600
quito,1,3,0.977620,0.977620,0.000000,convex,0.259570,2,3,5,3,4,0.002460
quito,1,4,0.977620,0.956113,0.021510,convex,0.937510,2,5,11,3,4,0.002440
quito,1,5,0.998180,0.977148,0.021040,convex,2.974470,13,7,27,3,4,0.007420
quito,1,6,0.998180,0.976222,0.021960,convex,8.684270,16,9,75,3,4,0.016760
quito,1,7,0.999510,0.977581,0.021930,convex,24.964630,17,11,231,3,4,0.036290
quito,2,2,0.500000,0.500000,0.000000,bellman,0.059020,0,1,1,3,4,0.000510
quito,2,3,0.888730,0.888735,0.000000,bellman,0.256410,2,3,1,3,4,0.002440
quito,2,4,0.888750,0.888748,0.000000,bellman,0.921630,4,5,1,3,4,0.004020
quito,2,5,0.965530,0.927138,0.038390,bellman,2.932480,6,7,1,3,4,0.008800
quito,2,6,0.965530,0.927143,0.038390,bellman,8.380570,8,9,1,3,4,0.014490
quito,2,7,0.988280,0.938510,0.049770,bellman,21.990720,10,11,1,3,4,0.030390
quito,2,2,0.000130,0.000000,0.000130,convex,0.058880,12,1,2,3,4,0.001670
quito,2,3,0.888560,0.888555,0.000000,convex,0.249950,2,3,5,3,4,0.002540
quito,2,4,0.888560,0.789836,0.098720,convex,0.901590,2,5,14,3,4,0.002520
quito,2,5,0.965340,0.877587,0.087750,convex,2.890050,13,7,44,3,4,0.008800
quito,2,6,0.965350,0.858090,0.107250,convex,8.715780,16,9,147,3,4,0.023110
quito,2,7,0.988090,0.884088,0.104000,convex,36.683930,17,11,498,3,4,0.039100
quito,3,2,0.500000,0.500000,0.000000,bellman,0.057240,0,1,1,3,4,0.000550
quito,3,3,0.954820,0.954818,0.000000,bellman,0.245650,2,3,1,3,4,0.002490
quito,3,4,0.954820,0.954822,0.000000,bellman,0.892350,4,5,1,3,4,0.004290
quito,3,5,0.993910,0.974367,0.019550,bellman,2.830780,6,7,1,3,4,0.008320
quito,3,6,0.993920,0.974368,0.019550,bellman,8.085860,8,9,1,3,4,0.025630
quito,3,7,0.998960,0.976885,0.022060,bellman,21.681390,10,11,1,3,4,0.029300
quito,3,2,0.000130,0.000000,0.000130,convex,0.058580,12,1,2,3,4,0.001720
quito,3,3,0.954630,0.954629,0.000000,convex,0.249410,2,3,5,3,4,0.002900
quito,3,4,0.954630,0.911671,0.042960,convex,0.903870,2,5,14,3,4,0.002680
quito,3,5,0.993720,0.952696,0.041020,convex,2.878930,13,7,41,3,4,0.008230
quito,3,6,0.993720,0.949004,0.044720,convex,8.574190,16,9,123,3,4,0.018060
quito,3,7,0.998760,0.954289,0.044470,convex,30.491560,17,11,357,3,4,0.038860
quito,4,2,0.500000,0.500000,0.000000,bellman,0.057730,0,1,1,3,4,0.000540
quito,4,3,0.968810,0.968814,0.000000,bellman,0.247350,2,3,1,3,4,0.002590
quito,4,4,0.968820,0.968817,0.000000,bellman,0.891690,4,5,1,3,4,0.004400
quito,4,5,0.996980,0.982897,0.014080,bellman,2.841000,6,7,1,3,4,0.008760
quito,4,6,0.996980,0.982903,0.014080,bellman,8.172790,8,9,1,3,4,0.014500
quito,4,7,0.999520,0.984175,0.015350,bellman,22.020880,10,11,1,3,4,0.028930
quito,4,2,0.000130,0.000000,0.000130,convex,0.059180,12,1,2,3,4,0.001800
quito,4,3,0.968620,0.968624,0.000000,convex,0.253410,2,3,5,3,4,0.002900
quito,4,4,0.968620,0.938597,0.030030,convex,0.914720,2,5,14,3,4,0.002750
quito,4,5,0.996790,0.967694,0.029100,convex,2.910750,13,7,39,3,4,0.008520
quito,4,6,0.996790,0.965891,0.030900,convex,8.629960,16,9,108,3,4,0.018550
quito,4,7,0.999330,0.968512,0.030820,convex,28.158250,17,11,309,3,4,0.039890
rochester,0,2,0.500000,0.500000,0.000000,bellman,0.063580,0,1,1,3,4,0.000800
rochester,0,3,0.988310,0.988309,0.000000,bellman,0.258910,2,3,1,3,4,0.003900
rochester,0,4,0.988320,0.988320,0.000000,bellman,0.937990,4,5,1,3,4,0.006420
rochester,0,5,0.997990,0.993155,0.004840,bellman,3.050090,6,7,1,3,4,0.013170
rochester,0,6,0.997990,0.993159,0.004830,bellman,8.755650,8,9,1,3,4,0.022030
rochester,0,7,0.998280,0.993315,0.004970,bellman,23.391970,10,11,1,3,4,0.039880
rochester,0,2,0.001140,0.000000,0.001140,convex,0.068040,12,1,2,3,4,0.002700
rochester,0,3,0.986610,0.986605,0.000000,convex,0.271040,2,3,5,3,4,0.004040
rochester,0,4,0.986610,0.976739,0.009870,convex,0.982150,2,5,11,3,4,0.004020
rochester,0,5,0.996270,0.986506,0.009770,convex,3.098100,13,7,23,3,4,0.012340
rochester,0,6,0.996570,0.986312,0.010260,convex,8.941260,14,9,47,3,4,0.022030
rochester,0,7,0.996570,0.986603,0.009970,convex,24.306750,15,11,95,3,4,0.033380
rochester,1,2,0.500000,0.500000,0.000000,bellman,0.066630,0,1,1,3,4,0.000950
rochester,1,3,0.596710,0.596706,0.000000,bellman,0.267980,2,3,1,3,4,0.005070
rochester,1,4,0.596980,0.596981,0.000000,bellman,0.963790,4,5,1,3,4,0.007830
rochester,1,5,0.643490,0.620239,0.023260,bellman,3.054860,6,7,1,3,4,0.017210
rochester,1,6,0.643690,0.620369,0.023320,bellman,8.769110,8,9,1,3,4,0.028660
rochester,1,7,0.677250,0.637152,0.040100,bellman,23.475450,10,11,1,3,4,0.063270
rochester,1,2,0.001140,0.000000,0.001140,convex,0.068010,12,1,2,3,4,0.003530
rochester,1,3,0.595450,0.595451,0.000000,convex,0.270600,2,3,5,3,4,0.004870
rochester,1,4,0.595450,0.355782,0.239670,convex,0.979750,2,5,14,3,4,0.005090
rochester,1,5,0.642360,0.498984,0.143380,convex,3.133310,31,7,45,3,4,0.024610
rochester,1,6,0.642630,0.383708,0.258920,convex,9.562440,32,9,185,3,4,0.041710
rochester,1,7,0.676250,0.487022,0.189240,convex,64.754970,17,11,789,3,4,0.092340
rome,0,2,0.500000,0.500000,0.000000,bellman,0.063130,0,1,1,3,4,0.000530
rome,0,3,0.969610,0.969611,0.000000,bellman,0.268740,2,3,1,3,4,0.002380
rome,0,4,0.969620,0.969615,0.000000,bellman,0.980690,4,5,1,3,4,0.003870
rome,0,5,0.997120,0.983369,0.013750,bellman,3.125610,6,7,1,3,4,0.008000
rome,0,6,0.997120,0.983372,0.013750,bellman,8.958020,8,9,1,3,4,0.013750
rome,0,7,0.999540,0.984581,0.014960,bellman,24.045310,10,11,1,3,4,0.027120
rome,0,2,0.000130,0.000000,0.000130,convex,0.064700,12,1,2,3,4,0.001680
rome,0,3,0.969420,0.969419,0.000000,convex,0.277180,2,3,5,3,4,0.002750
rome,0,4,0.969420,0.940142,0.029280,convex,0.999930,2,5,14,3,4,0.002470
rome,0,5,0.996930,0.968536,0.028390,convex,3.183890,13,7,39,3,4,0.007910
rome,0,6,0.996930,0.966819,0.030110,convex,9.423290,16,9,108,3,4,0.017370
rome,0,7,0.999340,0.969312,0.030030,convex,30.453420,17,11,309,3,4,0.037830
rome,1,2,0.500000,0.500000,0.000000,bellman,0.062840,0,1,1,3,4,0.000500
rome,1,3,0.969730,0.969734,0.000000,bellman,0.270050,2,3,1,3,4,0.002410
rome,1,4,0.969740,0.969738,0.000000,bellman,0.987630,4,5,1,3,4,0.003710
rome,1,5,0.997160,0.983451,0.013720,bellman,3.132150,6,7,1,3,4,0.008070
rome,1,6,0.997160,0.983453,0.013710,bellman,8.970700,8,9,1,3,4,0.013330
rome,1,7,0.999570,0.984653,0.014910,bellman,23.970990,10,11,1,3,4,0.026160
rome,1,2,0.000120,0.000000,0.000120,convex,0.064720,12,1,2,3,4,0.001620
rome,1,3,0.969570,0.969565,0.000000,convex,0.276440,2,3,5,3,4,0.002450
rome,1,4,0.969570,0.940381,0.029180,convex,1.005670,2,5,14,3,4,0.002480
rome,1,5,0.996990,0.968686,0.028300,convex,3.199810,13,7,39,3,4,0.007360
rome,1,6,0.996990,0.966984,0.030010,convex,9.460480,16,9,108,3,4,0.017080
rome,1,7,0.999390,0.969462,0.029930,convex,30.624490,17,11,309,3,4,0.036460
rome,2,2,0.500000,0.500000,0.000000,bellman,0.063440,0,1,1,3,4,0.000510
rome,2,3,0.978430,0.978432,0.000000,bellman,0.272370,2,3,1,3,4,0.002530
rome,2,4,0.978430,0.978435,0.000000,bellman,0.987340,4,5,1,3,4,0.003870
rome,2,5,0.998470,0.988453,0.010020,bellman,3.139830,6,7,1,3,4,0.008320
rome,2,6,0.998470,0.988456,0.010020,bellman,9.008310,8,9,1,3,4,0.013910
rome,2,7,0.999730,0.989080,0.010650,bellman,24.060180,10,11,1,3,4,0.028390
rome,2,2,0.000120,0.000000,0.000120,convex,0.064800,12,1,2,3,4,0.001710
rome,2,3,0.978260,0.978262,0.000000,convex,0.274160,2,3,5,3,4,0.002690
rome,2,4,0.978260,0.957327,0.020930,convex,0.999430,2,5,11,3,4,0.002590
rome,2,5,0.998300,0.977814,0.020490,convex,3.185030,13,7,27,3,4,0.007740
rome,2,6,0.998300,0.976936,0.021360,convex,9.236820,16,9,75,3,4,0.017580
rome,2,7,0.999560,0.978226,0.021330,convex,26.583380,17,11,231,3,4,0.037650
rome,3,2,0.500000,0.500000,0.000000,bellman,0.064380,0,1,1,3,4,0.000520
rome,3,3,0.976130,0.976132,0.000000,bellman,0.272120,2,3,1,3,4,0.002490
rome,3,4,0.976140,0.976135,0.000000,bellman,0.982970,4,5,1,3,4,0.003940
rome,3,5,0.998170,0.987152,0.011020,bellman,3.147060,6,7,1,3,4,0.008370
rome,3,6,0.998170,0.987153,0.011020,bellman,8.988090,8,9,1,3,4,0.014530
rome,3,7,0.999700,0.987924,0.011780,bellman,24.300130,10,11,1,3,4,0.028150
rome,3,2,0.000120,0.000000,0.000120,convex,0.065860,12,1,2,3,4,0.001740
rome,3,3,0.975960,0.975963,0.000000,convex,0.281670,2,3,5,3,4,0.002610
rome,3,4,0.975960,0.952833,0.023130,convex,1.015680,2,5,12,3,4,0.002670
rome,3,5,0.998000,0.975415,0.022580,convex,3.203490,13,7,31,3,4,0.007880
rome,3,6,0.998000,0.974344,0.023650,convex,9.473390,16,9,86,3,4,0.018090
rome,3,7,0.999530,0.975912,0.023610,convex,27.944290,17,11,257,3,4,0.043050
rome,4,2,0.500000,0.500000,0.000000,bellman,0.064090,0,1,1,3,4,0.001430
rome,4,3,0.976830,0.976832,0.000000,bellman,0.275990,2,3,1,3,4,0.003620
rome,4,4,0.976840,0.976834,0.000000,bellman,0.999100,4,5,1,3,4,0.004040
rome,4,5,0.998270,0.987551,0.010710,bellman,3.180890,6,7,1,3,4,0.008690
rome,4,6,0.998270,0.987551,0.010720,bellman,9.111120,8,9,1,3,4,0.014800
rome,4,7,0.999710,0.988268,0.011440,bellman,24.321770,10,11,1,3,4,0.029230
rome,4,2,0.000120,0.000000,0.000120,convex,0.065430,12,1,2,3,4,0.001900
rome,4,3,0.976660,0.976662,0.000000,convex,0.284110,2,3,5,3,4,0.002890
rome,4,4,0.976660,0.954199,0.022460,convex,1.015290,2,5,12,3,4,0.003010
rome,4,5,0.998090,0.976145,0.021950,convex,3.234990,13,7,31,3,4,0.008570
rome,4,6,0.998090,0.975137,0.022950,convex,9.383910,16,9,86,3,4,0.019520
rome,4,7,0.999540,0.976616,0.022920,convex,28.179580,17,11,252,3,4,0.040470
santiago,0,2,0.500000,0.500000,0.000000,bellman,0.063360,0,1,1,3,4,0.000530
santiago,0,3,0.986580,0.986578,0.000000,bellman,0.275260,2,3,1,3,4,0.002410
santiago,0,4,0.986580,0.986579,0.000000,bellman,0.999930,4,5,1,3,4,0.004010
santiago,0,5,0.999350,0.992966,0.006380,bellman,3.033270,6,7,1,3,4,0.009690
santiago,0,6,0.999350,0.992965,0.006390,bellman,8.427000,8,9,1,3,4,0.013670
santiago,0,7,0.999850,0.993217,0.006640,bellman,21.987140,10,11,1,3,4,0.026710
santiago,0,2,0.000080,0.000000,0.000080,convex,0.058200,12,1,2,3,4,0.001650
santiago,0,3,0.986450,0.986455,0.000000,convex,0.249140,2,3,5,3,4,0.002500
santiago,0,4,0.986450,0.973335,0.013120,convex,0.904840,2,5,11,3,4,0.002480
santiago,0,5,0.999230,0.986279,0.012950,convex,2.873760,13,7,27,3,4,0.007760
santiago,0,6,0.999300,0.985936,0.013360,convex,8.347140,22,9,75,3,4,0.009740
santiago,0,7,0.999730,0.986449,0.013280,convex,24.079910,26,11,231,3,4,0.032480
santiago,1,2,0.500000,0.500000,0.000000,bellman,0.057080,0,1,1,3,4,0.000500
santiago,1,3,0.985450,0.985448,0.000000,bellman,0.245920,2,3,1,3,4,0.002540
santiago,1,4,0.985450,0.985449,0.000000,bellman,0.895470,4,5,1,3,4,0.003700
santiago,1,5,0.999230,0.992341,0.006890,bellman,2.835190,6,7,1,3,4,0.007920
santiago,1,6,0.999230,0.992341,0.006890,bellman,8.109780,8,9,1,3,4,0.013290
santiago,1,7,0.999820,0.992642,0.007180,bellman,21.769970,10,11,1,3,4,0.026190
santiago,1,2,0.000100,0.000000,0.000100,convex,0.058600,12,1,2,3,4,0.001690
santiago,1,3,0.985290,0.985294,0.000000,convex,0.250630,2,3,5,3,4,0.002780
santiago,1,4,0.985290,0.971106,0.014190,convex,0.907420,2,5,11,3,4,0.002500
santiago,1,5,0.999070,0.985092,0.013980,convex,2.881580,13,7,27,3,4,0.007570
santiago,1,6,0.999180,0.984690,0.014490,convex,8.352640,22,9,75,3,4,0.010100
santiago,1,7,0.999660,0.985282,0.014380,convex,24.127430,26,11,231,3,4,0.033000
santiago,2,2,0.500000,0.500000,0.000000,bellman,0.057740,0,1,1,3,4,0.000510
santiago,2,3,0.981850,0.981849,0.000000,bellman,0.246980,2,3,1,3,4,0.002440
santiago,2,4,0.981850,0.981851,0.000000,bellman,0.893880,4,5,1,3,4,0.004030
santiago,2,5,0.998880,0.990367,0.008520,bellman,2.842340,6,7,1,3,4,0.008400
santiago,2,6,0.998880,0.990367,0.008520,bellman,8.127730,8,9,1,3,4,0.013970
santiago,2,7,0.999790,0.990817,0.008970,bellman,21.727960,10,11,1,3,4,0.027640
santiago,2,2,0.000100,0.000000,0.000100,convex,0.058440,12,1,2,3,4,0.001700
santiago,2,3,0.981700,0.981696,0.000000,convex,0.249650,2,3,5,3,4,0.002590
santiago,2,4,0.981700,0.964025,0.017670,convex,0.909900,2,5,11,3,4,0.002610
santiago,2,5,0.998730,0.981378,0.017350,convex,2.873030,13,7,27,3,4,0.007860
santiago,2,6,0.998730,0.980756,0.017980,convex,8.338080,16,9,75,3,4,0.017730
santiago,2,7,0.999640,0.981670,0.017960,convex,24.240760,23,11,231,3,4,0.021610
santiago,3,2,0.500000,0.500000,0.000000,bellman,0.057380,0,1,1,3,4,0.000520
santiago,3,3,0.984250,0.984248,0.000000,bellman,0.247330,2,3,1,3,4,0.002550
santiago,3,4,0.984250,0.984250,0.000000,bellman,0.893610,4,5,1,3,4,0.004160
santiago,3,5,0.999120,0.991685,0.007440,bellman,2.839500,6,7,1,3,4,0.008900
santiago,3,6,0.999120,0.991685,0.007440,bellman,8.137300,8,9,1,3,4,0.014980
santiago,3,7,0.999810,0.992028,0.007780,bellman,21.709140,10,11,1,3,4,0.028470
santiago,3,2,0.000100,0.000000,0.000100,convex,0.058860,12,1,2,3,4,0.001740
santiago,3,3,0.984090,0.984095,0.000000,convex,0.250630,2,3,5,3,4,0.002820
santiago,3,4,0.984090,0.968743,0.015350,convex,0.906440,2,5,11,3,4,0.002680
santiago,3,5,0.998970,0.983854,0.015110,convex,2.885460,13,7,27,3,4,0.008200
santiago,3,6,0.999040,0.983382,0.015660,convex,8.384000,22,9,75,3,4,0.010720
santiago,3,7,0.999660,0.984076,0.015580,convex,24.764010,26,11,231,3,4,0.034540
santiago,4,2,0.500000,0.500000,0.000000,bellman,0.059650,0,1,1,3,4,0.000570
santiago,4,3,0.990250,0.990246,0.000000,bellman,0.256830,2,3,1,3,4,0.002480
santiago,4,4,0.990250,0.990248,0.000000,bellman,0.922040,4,5,1,3,4,0.004180
santiago,4,5,0.999570,0.994909,0.004660,bellman,2.905530,6,7,1,3,4,0.007850
santiago,4,6,0.999570,0.994912,0.004660,bellman,8.300270,8,9,1,3,4,0.011400
santiago,4,7,0.999840,0.995050,0.004800,bellman,22.260400,10,11,1,3,4,0.019340
santiago,4,2,0.000100,0.000000,0.000100,convex,0.060430,12,1,2,3,4,0.001790
santiago,4,3,0.990090,0.990093,0.000000,convex,0.258650,2,3,5,3,4,0.002740
santiago,4,4,0.990090,0.980588,0.009500,convex,0.930700,2,5,11,3,4,0.002870
santiago,4,5,0.999420,0.990002,0.009410,convex,2.954240,13,7,27,3,4,0.008340
santiago,4,6,0.999540,0.989823,0.009720,convex,8.577060,28,9,75,3,4,0.012700
santiago,4,7,0.999680,0.990086,0.009600,convex,24.741730,33,11,231,3,4,0.032570
singapore,0,2,0.500000,0.500000,0.000000,bellman,0.059430,0,1,1,3,4,0.000660
singapore,0,3,0.911320,0.911317,0.000000,bellman,0.250350,2,3,1,3,4,0.003230
singapore,0,4,0.911360,0.911358,0.000000,bellman,0.921940,4,5,1,3,4,0.005240
singapore,0,5,0.977380,0.944369,0.033010,bellman,2.892320,6,7,1,3,4,0.011630
singapore,0,6,0.977390,0.944373,0.033010,bellman,8.331790,8,9,1,3,4,0.017970
singapore,0,7,0.993290,0.952326,0.040960,bellman,22.250500,10,11,1,3,4,0.039240
singapore,0,2,0.000520,0.000000,0.000520,convex,0.061740,12,1,2,3,4,0.002410
singapore,0,3,0.910590,0.910588,0.000000,convex,0.257880,2,3,5,3,4,0.003680
singapore,0,4,0.910590,0.830457,0.080130,convex,0.932630,2,5,14,3,4,0.003580
singapore,0,5,0.976620,0.903537,0.073080,convex,2.964280,13,7,41,3,4,0.011230
singapore,0,6,0.976640,0.890675,0.085970,convex,8.839930,16,9,121,3,4,0.029930
singapore,0,7,0.992520,0.908270,0.084240,convex,30.666670,17,11,354,3,4,0.052060
singapore,1,2,0.500000,0.500000,0.000000,bellman,0.062110,0,1,1,3,4,0.000740
singapore,1,3,0.982240,0.982243,0.000000,bellman,0.253490,2,3,1,3,4,0.003960
singapore,1,4,0.982250,0.982252,0.000000,bellman,0.919930,4,5,1,3,4,0.006070
singapore,1,5,0.998370,0.990313,0.008060,bellman,2.919380,6,7,1,3,4,0.012580
singapore,1,6,0.998370,0.990314,0.008060,bellman,8.333020,8,9,1,3,4,0.020890
singapore,1,7,0.999180,0.990727,0.008460,bellman,22.271920,10,11,1,3,4,0.040520
singapore,1,2,0.000520,0.000000,0.000520,convex,0.061480,12,1,2,3,4,0.002690
singapore,1,3,0.981480,0.981478,0.000000,convex,0.254420,2,3,5,3,4,0.003900
singapore,1,4,0.981480,0.964793,0.016680,convex,0.929040,2,5,11,3,4,0.003760
singapore,1,5,0.997600,0.981196,0.016400,convex,2.977640,13,7,27,3,4,0.011370
singapore,1,6,0.998310,0.980638,0.017670,convex,8.727600,14,9,75,3,4,0.020510
singapore,1,7,0.998430,0.981456,0.016970,convex,25.205780,47,11,221,3,4,0.040190
sydney,0,2,0.500000,0.500000,0.000000,bellman,0.060830,0,1,1,3,4,0.000700
sydney,0,3,0.990370,0.990372,0.000000,bellman,0.257040,2,3,1,3,4,0.003340
sydney,0,4,0.990370,0.990374,0.000000,bellman,0.929080,4,5,1,3,4,0.005520
sydney,0,5,0.999410,0.994892,0.004520,bellman,2.954820,6,7,1,3,4,0.010720
sydney,0,6,0.999410,0.994895,0.004520,bellman,8.442650,8,9,1,3,4,0.015610
sydney,0,7,0.999660,0.995024,0.004640,bellman,22.617380,10,11,1,3,4,0.026650
sydney,0,2,0.000220,0.000000,0.000220,convex,0.061970,12,1,2,3,4,0.002350
sydney,0,3,0.990040,0.990041,0.000000,convex,0.259920,2,3,5,3,4,0.003430
sydney,0,4,0.990040,0.980833,0.009210,convex,0.949970,2,5,11,3,4,0.003610
sydney,0,5,0.999080,0.989955,0.009120,convex,2.987730,13,7,27,3,4,0.010740
sydney,0,6,0.999330,0.989785,0.009550,convex,8.621030,14,9,75,3,4,0.019210
sydney,0,7,0.999330,0.990036,0.009300,convex,24.824960,48,11,231,3,4,0.034990
sydney,1,2,0.500000,0.500000,0.000000,bellman,0.061000,0,1,1,3,4,0.000760
sydney,1,3,0.881320,0.881320,0.000000,bellman,0.255070,2,3,1,3,4,0.004110
sydney,1,4,0.881340,0.881344,0.000000,bellman,0.917180,4,5,1,3,4,0.006520
sydney,1,5,0.960950,0.921146,0.039800,bellman,2.936920,6,7,1,3,4,0.013340
sydney,1,6,0.960960,0.921149,0.039800,bellman,8.482390,8,9,1,3,4,0.021060
sydney,1,7,0.985880,0.933610,0.052270,bellman,22.484710,10,11,1,3,4,0.046800
sydney,1,2,0.000220,0.000000,0.000220,convex,0.063210,12,1,2,3,4,0.002600
sydney,1,3,0.881010,0.881014,0.000000,convex,0.260070,2,3,5,3,4,0.003850
sydney,1,4,0.881010,0.776702,0.104310,convex,0.936570,2,5,15,3,4,0.003840
sydney,1,5,0.960620,0.868662,0.091960,convex,2.983990,13,7,49,3,4,0.012780
sydney,1,6,0.960640,0.846886,0.113760,convex,9.124980,16,9,165,3,4,0.036240
sydney,1,7,0.985560,0.875687,0.109870,convex,42.362850,17,11,551,3,4,0.074290
toronto,0,2,0.500000,0.500000,0.000000,bellman,0.059140,0,1,1,3,4,0.001180
toronto,0,3,0.725390,0.725386,0.000000,bellman,0.245920,2,3,1,3,4,0.003730
toronto,0,4,0.725410,0.725410,0.000000,bellman,0.897300,4,5,1,3,4,0.006100
toronto,0,5,0.815180,0.770295,0.044890,bellman,2.829020,6,7,1,3,4,0.014560
toronto,0,6,0.815190,0.770306,0.044890,bellman,8.120820,8,9,1,3,4,0.054510
toronto,0,7,0.868830,0.797126,0.071710,bellman,21.634350,10,11,1,3,4,0.050990
toronto,0,2,0.000120,0.000000,0.000120,convex,0.060210,12,1,2,3,4,0.002410
toronto,0,3,0.725240,0.725237,0.000000,convex,0.249050,2,3,5,3,4,0.003640
toronto,0,4,0.725240,0.526159,0.199080,convex,0.899490,2,5,14,3,4,0.003610
toronto,0,5,0.815020,0.670591,0.144430,convex,2.870270,18,7,45,3,4,0.020610
toronto,0,6,0.815050,0.591297,0.223750,convex,8.822070,42,9,179,3,4,0.035980
toronto,0,7,0.868680,0.677586,0.191090,convex,54.154650,17,11,778,3,4,0.068760
toronto,1,2,0.500000,0.500000,0.000000,bellman,0.060710,0,1,1,3,4,0.000900
toronto,1,3,0.992020,0.992020,0.000000,bellman,0.247210,2,3,1,3,4,0.004130
toronto,1,4,0.992020,0.992022,0.000000,bellman,0.890260,4,5,1,3,4,0.006760
toronto,1,5,0.999640,0.995832,0.003810,bellman,2.823610,6,7,1,3,4,0.013440
toronto,1,6,0.999640,0.995832,0.003810,bellman,8.080240,8,9,1,3,4,0.019490
toronto,1,7,0.999810,0.995922,0.003900,bellman,21.849280,10,11,1,3,4,0.034380
toronto,1,2,0.000120,0.000000,0.000120,convex,0.063080,12,1,2,3,4,0.003210
toronto,1,3,0.991840,0.991840,0.000000,convex,0.254210,2,3,5,3,4,0.005000
toronto,1,4,0.991840,0.984104,0.007740,convex,0.916250,2,5,11,3,4,0.005180
toronto,1,5,0.999460,0.991780,0.007680,convex,2.915870,13,7,27,3,4,0.013670
toronto,1,6,0.999640,0.991660,0.007980,convex,8.462790,14,9,75,3,4,0.023300
toronto,1,7,0.999640,0.991844,0.007790,convex,24.350610,49,11,231,3,4,0.026410
valencia,0,2,0.500000,0.500000,0.000000,bellman,0.063440,0,1,1,3,4,0.000570
valencia,0,3,0.964970,0.964974,0.000000,bellman,0.271140,2,3,1,3,4,0.002590
valencia,0,4,0.964980,0.964979,0.000000,bellman,0.988250,4,5,1,3,4,0.003770
valencia,0,5,0.996210,0.980597,0.015620,bellman,3.127120,6,7,1,3,4,0.008220
valencia,0,6,0.996220,0.980600,0.015620,bellman,8.970520,8,9,1,3,4,0.013470
valencia,0,7,0.999360,0.982171,0.017190,bellman,24.033820,10,11,1,3,4,0.027830
valencia,0,2,0.000160,0.000000,0.000160,convex,0.064070,12,1,2,3,4,0.001660
valencia,0,3,0.964740,0.964742,0.000000,convex,0.275700,2,3,5,3,4,0.002530
valencia,0,4,0.964740,0.931169,0.033570,convex,0.996770,2,5,14,3,4,0.002520
valencia,0,5,0.995980,0.963574,0.032400,convex,3.181310,13,7,39,3,4,0.007510
valencia,0,6,0.995980,0.961318,0.034660,convex,9.399670,16,9,108,3,4,0.017930
valencia,0,7,0.999130,0.964582,0.034540,convex,30.560340,17,11,309,3,4,0.037660
valencia,1,2,0.500000,0.500000,0.000000,bellman,0.063220,0,1,1,3,4,0.000490
valencia,1,3,0.976230,0.976232,0.000000,bellman,0.272470,2,3,1,3,4,0.002330
valencia,1,4,0.976240,0.976238,0.000000,bellman,0.984800,4,5,1,3,4,0.003740
valencia,1,5,0.998000,0.987124,0.010880,bellman,3.127510,6,7,1,3,4,0.008030
valencia,1,6,0.998000,0.987124,0.010880,bellman,8.954710,8,9,1,3,4,0.013630
valencia,1,7,0.999500,0.987872,0.011630,bellman,23.948000,10,11,1,3,4,0.026610
valencia,1,2,0.000250,0.000000,0.000250,convex,0.064380,12,1,2,3,4,0.001610
valencia,1,3,0.975860,0.975859,0.000000,convex,0.275510,2,3,5,3,4,0.002540
valencia,1,4,0.975860,0.953024,0.022840,convex,1.004980,2,5,11,3,4,0.002470
valencia,1,5,0.997630,0.975323,0.022300,convex,3.183480,13,7,27,3,4,0.007830
valencia,1,6,0.997860,0.974280,0.023580,convex,9.236950,22,9,75,3,4,0.009800
valencia,1,7,0.999130,0.975813,0.023320,convex,26.739000,26,11,231,3,4,0.033050
valencia,2,2,0.500000,0.500000,0.000000,bellman,0.062670,0,1,1,3,4,0.000550
valencia,2,3,0.951740,0.951745,0.000000,bellman,0.271690,2,3,1,3,4,0.002620
valencia,2,4,0.951760,0.951756,0.000000,bellman,0.987230,4,5,1,3,4,0.003920
valencia,2,5,0.992960,0.972360,0.020600,bellman,3.124800,6,7,1,3,4,0.008190
valencia,2,6,0.992960,0.972359,0.020600,bellman,8.964800,8,9,1,3,4,0.014270
valencia,2,7,0.998600,0.975178,0.023420,bellman,23.966960,10,11,1,3,4,0.031260
valencia,2,2,0.000250,0.000000,0.000250,convex,0.063690,12,1,2,3,4,0.001690
valencia,2,3,0.951380,0.951377,0.000000,convex,0.276250,2,3,5,3,4,0.002630
valencia,2,4,0.951380,0.905806,0.045570,convex,0.996940,2,5,14,3,4,0.002820
valencia,2,5,0.992580,0.949194,0.043390,convex,3.186790,13,7,39,3,4,0.008460
valencia,2,6,0.992590,0.945038,0.047550,convex,9.419590,16,9,108,3,4,0.024720
valencia,2,7,0.998220,0.950968,0.047250,convex,30.580190,17,11,309,3,4,0.040000
valencia,3,2,0.500000,0.500000,0.000000,bellman,0.062610,0,1,1,3,4,0.000530
valencia,3,3,0.969340,0.969336,0.000000,bellman,0.273020,2,3,1,3,4,0.002510
valencia,3,4,0.969340,0.969343,0.000000,bellman,0.989900,4,5,1,3,4,0.003950
valencia,3,5,0.996920,0.983133,0.013790,bellman,3.142090,6,7,1,3,4,0.008720
valencia,3,6,0.996920,0.983136,0.013790,bellman,9.011620,8,9,1,3,4,0.014910
valencia,3,7,0.999350,0.984354,0.015010,bellman,24.297020,10,11,1,3,4,0.029020
valencia,3,2,0.000250,0.000000,0.000250,convex,0.065250,12,1,2,3,4,0.001750
valencia,3,3,0.968960,0.968964,0.000000,convex,0.278390,2,3,5,3,4,0.002820
valencia,3,4,0.968960,0.939604,0.029360,convex,1.007140,2,5,11,3,4,0.002610
valencia,3,5,0.996540,0.968074,0.028470,convex,3.204170,13,7,27,3,4,0.008290
valencia,3,6,0.996550,0.966351,0.030190,convex,9.326040,16,9,75,3,4,0.018460
valencia,3,7,0.998980,0.968859,0.030120,convex,26.874030,17,11,231,3,4,0.041380
valencia,4,2,0.500000,0.500000,0.000000,bellman,0.064570,0,1,1,3,4,0.000550
valencia,4,3,0.945450,0.945448,0.000000,bellman,0.274370,2,3,1,3,4,0.002650
valencia,4,4,0.945460,0.945461,0.000000,bellman,0.996050,4,5,1,3,4,0.004880
valencia,4,5,0.991130,0.968296,0.022830,bellman,3.165390,6,7,1,3,4,0.010180
valencia,4,6,0.991130,0.968299,0.022830,bellman,9.069220,8,9,1,3,4,0.017290
valencia,4,7,0.998160,0.971813,0.026350,bellman,24.258680,10,11,1,3,4,0.034480
valencia,4,2,0.000250,0.000000,0.000250,convex,0.065340,12,1,2,3,4,0.001820
valencia,4,3,0.945080,0.945082,0.000000,convex,0.277200,2,3,5,3,4,0.002710
valencia,4,4,0.945080,0.893859,0.051220,convex,1.013050,2,5,14,3,4,0.002780
valencia,4,5,0.990750,0.942306,0.048450,convex,3.233350,13,7,40,3,4,0.008990
valencia,4,6,0.990760,0.937054,0.053700,convex,9.570850,16,9,113,3,4,0.024700
valencia,4,7,0.997780,0.944507,0.053270,convex,31.671830,17,11,325,3,4,0.041740
vigo,0,2,0.500000,0.500000,0.000000,bellman,0.057760,0,1,1,3,4,0.000550
vigo,0,3,0.924560,0.924561,0.000000,bellman,0.249870,2,3,1,3,4,0.002350
vigo,0,4,0.924580,0.924579,0.000000,bellman,0.934430,4,5,1,3,4,0.004100
vigo,0,5,0.983560,0.954070,0.029490,bellman,2.969060,6,7,1,3,4,0.008480
vigo,0,6,0.983560,0.954073,0.029490,bellman,8.229970,8,9,1,3,4,0.013650
vigo,0,7,0.995850,0.960214,0.035640,bellman,21.820070,10,11,1,3,4,0.030190
vigo,0,2,0.000250,0.000000,0.000250,convex,0.057950,12,1,2,3,4,0.001670
vigo,0,3,0.924200,0.924204,0.000000,convex,0.249750,2,3,5,3,4,0.002670
vigo,0,4,0.924200,0.854796,0.069410,convex,0.902920,2,5,14,3,4,0.002730
vigo,0,5,0.983190,0.918992,0.064200,convex,2.882240,13,7,41,3,4,0.008110
vigo,0,6,0.983190,0.909348,0.073850,convex,8.613440,16,9,131,3,4,0.022620
vigo,0,7,0.995480,0.922732,0.072750,convex,31.866220,17,11,407,3,4,0.039090
vigo,1,2,0.500000,0.500000,0.000000,bellman,0.057550,0,1,1,3,4,0.000490
vigo,1,3,0.977200,0.977199,0.000000,bellman,0.247380,2,3,1,3,4,0.002380
vigo,1,4,0.977200,0.977204,0.000000,bellman,0.891980,4,5,1,3,4,0.004050
vigo,1,5,0.998190,0.987700,0.010500,bellman,2.840740,6,7,1,3,4,0.008160
vigo,1,6,0.998190,0.987697,0.010490,bellman,8.153690,8,9,1,3,4,0.013920
vigo,1,7,0.999580,0.988400,0.011180,bellman,21.789520,10,11,1,3,4,0.027410
vigo,1,2,0.000210,0.000000,0.000210,convex,0.059000,12,1,2,3,4,0.001660
vigo,1,3,0.976890,0.976894,0.000000,convex,0.252230,2,3,5,3,4,0.002650
vigo,1,4,0.976890,0.954913,0.021980,convex,0.907740,2,5,11,3,4,0.002520
vigo,1,5,0.997880,0.976400,0.021480,convex,2.886560,13,7,27,3,4,0.007730
vigo,1,6,0.998020,0.975432,0.022590,convex,8.337390,22,9,75,3,4,0.010040
vigo,1,7,0.999280,0.976850,0.022430,convex,24.127830,26,11,231,3,4,0.032370
vigo,2,2,0.500000,0.500000,0.000000,bellman,0.056750,0,1,1,3,4,0.000510
vigo,2,3,0.985100,0.985096,0.000000,bellman,0.246490,2,3,1,3,4,0.002430
vigo,2,4,0.985100,0.985099,0.000000,bellman,0.892720,4,5,1,3,4,0.003860
vigo,2,5,0.999060,0.992078,0.006980,bellman,2.828740,6,7,1,3,4,0.008350
vigo,2,6,0.999060,0.992079,0.006980,bellman,8.121120,8,9,1,3,4,0.013660
vigo,2,7,0.999660,0.992373,0.007280,bellman,21.732050,10,11,1,3,4,0.027860
vigo,2,2,0.000210,0.000000,0.000210,convex,0.057820,12,1,2,3,4,0.001680
vigo,2,3,0.984790,0.984789,0.000000,convex,0.248680,2,3,5,3,4,0.002740
vigo,2,4,0.984790,0.970411,0.014380,convex,0.905470,2,5,11,3,4,0.002680
vigo,2,5,0.998750,0.984578,0.014170,convex,2.870510,13,7,27,3,4,0.007640
vigo,2,6,0.998950,0.984164,0.014790,convex,8.324610,24,9,75,3,4,0.016710
vigo,2,7,0.999360,0.984776,0.014580,convex,24.134860,50,11,231,3,4,0.019230
vigo,3,2,0.500000,0.500000,0.000000,bellman,0.056830,0,1,1,3,4,0.000620
vigo,3,3,0.978200,0.978199,0.000000,bellman,0.246590,2,3,1,3,4,0.002540
vigo,3,4,0.978200,0.978203,0.000000,bellman,0.892950,4,5,1,3,4,0.003920
vigo,3,5,0.998320,0.988264,0.010060,bellman,2.829970,6,7,1,3,4,0.009020
vigo,3,6,0.998320,0.988266,0.010060,bellman,8.131570,8,9,1,3,4,0.014430
vigo,3,7,0.999590,0.988895,0.010700,bellman,21.760540,10,11,1,3,4,0.029080
vigo,3,2,0.000210,0.000000,0.000210,convex,0.058400,12,1,2,3,4,0.001760
vigo,3,3,0.977890,0.977893,0.000000,convex,0.252760,2,3,5,3,4,0.002750
vigo,3,4,0.977890,0.956868,0.021020,convex,0.912370,2,5,11,3,4,0.003030
vigo,3,5,0.998010,0.977442,0.020570,convex,2.972520,13,7,27,3,4,0.008230
vigo,3,6,0.998190,0.976557,0.021630,convex,8.561130,22,9,75,3,4,0.010400
vigo,3,7,0.999290,0.977854,0.021440,convex,24.782060,26,11,231,3,4,0.035010
vigo,4,2,0.500000,0.500000,0.000000,bellman,0.058060,0,1,1,3,4,0.000640
vigo,4,3,0.966400,0.966403,0.000000,bellman,0.251200,2,3,1,3,4,0.002810
vigo,4,4,0.966410,0.966410,0.000000,bellman,0.922630,4,5,1,3,4,0.004120
vigo,4,5,0.996440,0.981424,0.015010,bellman,2.909490,6,7,1,3,4,0.009120
vigo,4,6,0.996440,0.981426,0.015020,bellman,8.333190,8,9,1,3,4,0.015140
vigo,4,7,0.999340,0.982877,0.016470,bellman,22.296290,10,11,1,3,4,0.031160
vigo,4,2,0.000210,0.000000,0.000210,convex,0.059640,12,1,2,3,4,0.001840
vigo,4,3,0.966100,0.966100,0.000000,convex,0.255790,2,3,5,3,4,0.002730
vigo,4,4,0.966100,0.933929,0.032170,convex,0.925890,2,5,12,3,4,0.002700
vigo,4,5,0.996130,0.965030,0.031100,convex,2.970050,13,7,31,3,4,0.008870
vigo,4,6,0.996130,0.962957,0.033170,convex,8.622410,16,9,86,3,4,0.019220
vigo,4,7,0.999030,0.965960,0.033070,convex,25.697890,17,11,257,3,4,0.041230
washington,0,2,0.500000,0.500000,0.000000,bellman,0.077430,0,1,1,3,4,0.002270
washington,0,3,0.677050,0.677055,0.000000,bellman,0.261420,2,3,1,3,4,0.012370
washington,0,4,0.677090,0.677092,0.000000,bellman,0.918800,4,5,1,3,4,0.019510
washington,0,5,0.754500,0.715796,0.038700,bellman,2.904780,6,7,1,3,4,0.042300
washington,0,6,0.754520,0.715811,0.038710,bellman,8.351210,8,9,1,3,4,0.069740
washington,0,7,0.805290,0.741196,0.064090,bellman,22.296100,10,11,1,3,4,0.155060
washington,0,2,0.000170,0.000000,0.000170,convex,0.078160,12,1,2,3,4,0.007870
washington,0,3,0.676850,0.676854,0.000000,convex,0.267620,2,3,5,3,4,0.012020
washington,0,4,0.676850,0.458365,0.218490,convex,0.936530,2,5,15,3,4,0.011940
washington,0,5,0.754290,0.606325,0.147960,convex,2.972370,18,7,50,3,4,0.067020
washington,0,6,0.754330,0.510803,0.243530,convex,9.320450,32,9,201,3,4,0.102190
washington,0,7,0.805100,0.607832,0.197270,convex,71.062960,17,11,879,3,4,0.218720
washington,1,2,0.500000,0.500000,0.000000,bellman,0.083020,0,1,1,3,4,0.002500
washington,1,3,0.996940,0.996945,0.000000,bellman,0.274560,2,3,1,3,4,0.012170
washington,1,4,0.996950,0.996946,0.000000,bellman,0.946320,4,5,1,3,4,0.020350
washington,1,5,0.999720,0.998332,0.001390,bellman,2.933020,6,7,1,3,4,0.039350
washington,1,6,0.999720,0.998332,0.001390,bellman,8.508930,8,9,1,3,4,0.062180
washington,1,7,0.999740,0.998344,0.001400,bellman,22.661420,10,11,1,3,4,0.098040
washington,1,2,0.000170,0.000000,0.000170,convex,0.081620,12,1,2,3,4,0.009930
washington,1,3,0.996690,0.996690,0.000000,convex,0.269350,2,3,5,3,4,0.013480
washington,1,4,0.996690,0.993899,0.002790,convex,0.943400,2,5,11,3,4,0.013430
washington,1,5,0.999460,0.996683,0.002780,convex,2.994340,13,7,27,3,4,0.038880
washington,1,6,0.999490,0.996666,0.002820,convex,8.618840,14,9,69,3,4,0.059400
washington,1,7,0.999490,0.996691,0.002800,convex,24.257520,15,11,158,3,4,0.076810
yorktown,0,2,0.500000,0.500000,0.000000,bellman,0.058560,0,1,1,3,4,0.000560
yorktown,0,3,0.935590,0.935586,0.000000,bellman,0.252420,2,3,1,3,4,0.002660
yorktown,0,4,0.935630,0.935634,0.000000,bellman,0.922330,4,5,1,3,4,0.003940
yorktown,0,5,0.987290,0.961460,0.025830,bellman,2.911290,6,7,1,3,4,0.008690
yorktown,0,6,0.987300,0.961466,0.025830,bellman,8.382530,8,9,1,3,4,0.013500
yorktown,0,7,0.996490,0.966060,0.030430,bellman,22.470630,10,11,1,3,4,0.029290
yorktown,0,2,0.000810,0.000000,0.000810,convex,0.059870,12,1,2,3,4,0.001690
yorktown,0,3,0.934420,0.934420,0.000000,convex,0.257630,2,3,5,3,4,0.002560
yorktown,0,4,0.934420,0.875272,0.059150,convex,0.936050,2,5,12,3,4,0.002590
yorktown,0,5,0.986080,0.930677,0.055410,convex,2.970710,13,7,31,3,4,0.008340
yorktown,0,6,0.986100,0.923660,0.062440,convex,8.677990,16,9,86,3,4,0.022720
yorktown,0,7,0.995270,0.933515,0.061750,convex,25.676440,17,11,241,3,4,0.038740
yorktown,1,2,0.500000,0.500000,0.000000,bellman,0.059110,0,1,1,3,4,0.000520
yorktown,1,3,0.967960,0.967962,0.000000,bellman,0.253610,2,3,1,3,4,0.002320
yorktown,1,4,0.967980,0.967982,0.000000,bellman,0.922840,4,5,1,3,4,0.003780
yorktown,1,5,0.996180,0.982079,0.014100,bellman,2.923660,6,7,1,3,4,0.008130
yorktown,1,6,0.996190,0.982081,0.014100,bellman,8.358110,8,9,1,3,4,0.015170
yorktown,1,7,0.998730,0.983359,0.015370,bellman,21.825710,10,11,1,3,4,0.027880
yorktown,1,2,0.000650,0.000000,0.000650,convex,0.057850,12,1,2,3,4,0.001710
yorktown,1,3,0.967000,0.967004,0.000000,convex,0.248940,2,3,5,3,4,0.002810
yorktown,1,4,0.967000,0.936930,0.030070,convex,0.900020,2,5,11,3,4,0.002840
yorktown,1,5,0.995210,0.966069,0.029140,convex,2.856460,13,7,27,3,4,0.008500
yorktown,1,6,0.996110,0.964258,0.031860,convex,8.319230,35,9,75,3,4,0.016020
yorktown,1,7,0.997810,0.966888,0.030930,convex,24.044280,36,11,231,3,4,0.024610
yorktown,2,2,0.500000,0.500000,0.000000,bellman,0.056770,0,1,1,3,4,0.000680
yorktown,2,3,0.883970,0.883972,0.000000,bellman,0.244630,2,3,1,3,4,0.003550
yorktown,2,4,0.884040,0.884038,0.000000,bellman,0.886630,4,5,1,3,4,0.006040
yorktown,2,5,0.962310,0.923177,0.039140,bellman,2.814260,6,7,1,3,4,0.012120
yorktown,2,6,0.962330,0.923188,0.039140,bellman,8.084010,8,9,1,3,4,0.025370
yorktown,2,7,0.986270,0.935162,0.051110,bellman,21.603020,10,11,1,3,4,0.035990
yorktown,2,2,0.000650,0.000000,0.000650,convex,0.057720,12,1,2,3,4,0.001700
yorktown,2,3,0.883070,0.883069,0.000000,convex,0.248740,2,3,5,3,4,0.002540
yorktown,2,4,0.883070,0.781339,0.101730,convex,0.898950,2,5,14,3,4,0.002620
yorktown,2,5,0.961360,0.871351,0.090010,convex,2.871390,13,7,41,3,4,0.008380
yorktown,2,6,0.961410,0.850611,0.110800,convex,8.580610,16,9,131,3,4,0.023120
yorktown,2,7,0.985310,0.878132,0.107180,convex,31.519250,17,11,400,3,4,0.052430
yorktown,3,2,0.500000,0.500000,0.000000,bellman,0.057040,0,1,1,3,4,0.000540
yorktown,3,3,0.971360,0.971358,0.000000,bellman,0.244440,2,3,1,3,4,0.002580
yorktown,3,4,0.971380,0.971375,0.000000,bellman,0.888930,4,5,1,3,4,0.004240
yorktown,3,5,0.996770,0.984069,0.012690,bellman,2.820400,6,7,1,3,4,0.008500
yorktown,3,6,0.996770,0.984071,0.012700,bellman,8.086270,8,9,1,3,4,0.014710
yorktown,3,7,0.998820,0.985097,0.013720,bellman,21.851280,10,11,1,3,4,0.029520
yorktown,3,2,0.000650,0.000000,0.000650,convex,0.058380,12,1,2,3,4,0.001760
yorktown,3,3,0.970400,0.970398,0.000000,convex,0.251590,2,3,5,3,4,0.002790
yorktown,3,4,0.970400,0.943517,0.026880,convex,0.911570,2,5,11,3,4,0.002610
yorktown,3,5,0.995790,0.969654,0.026140,convex,2.894930,13,7,27,3,4,0.008480
yorktown,3,6,0.996510,0.968206,0.028310,convex,8.388640,24,9,75,3,4,0.017570
yorktown,3,7,0.997880,0.970322,0.027560,convex,24.217480,25,11,231,3,4,0.033610
yorktown,4,2,0.500000,0.500000,0.000000,bellman,0.057260,0,1,1,3,4,0.000550
yorktown,4,3,0.707100,0.707103,0.000000,bellman,0.246060,2,3,1,3,4,0.002630
yorktown,4,4,0.707240,0.707238,0.000000,bellman,0.892850,4,5,1,3,4,0.004650
yorktown,4,5,0.792920,0.750078,0.042840,bellman,2.830080,6,7,1,3,4,0.009690
yorktown,4,6,0.793000,0.750137,0.042870,bellman,8.247580,8,9,1,3,4,0.015610
yorktown,4,7,0.846180,0.776718,0.069460,bellman,23.435180,10,11,1,3,4,0.034690
yorktown,4,2,0.000650,0.000000,0.000650,convex,0.062930,12,1,2,3,4,0.001800
yorktown,4,3,0.706320,0.706315,0.000000,convex,0.269750,2,3,5,3,4,0.003030
yorktown,4,4,0.706320,0.499859,0.206460,convex,0.972070,2,5,14,3,4,0.002770
yorktown,4,5,0.792080,0.645971,0.146110,convex,3.111100,18,7,45,3,4,0.015600
yorktown,4,6,0.792230,0.560552,0.231680,convex,9.524990,42,9,177,3,4,0.026550
yorktown,4,7,0.845390,0.651230,0.194170,convex,55.673990,17,11,713,3,4,0.050750
perfect_hardware,0,2,0.500000,0.500000,0.000000,bellman,0.017610,12,1,1,3,4,0.001910
perfect_hardware,0,3,1.000000,1.000000,0.000000,bellman,0.040620,2,3,1,3,4,0.001050
perfect_hardware,0,4,1.000000,1.000000,0.000000,bellman,0.090300,51,5,1,3,4,0.001200
perfect_hardware,0,5,1.000000,1.000000,0.000000,bellman,0.190970,52,7,1,3,4,0.001450
perfect_hardware,0,6,1.000000,1.000000,0.000000,bellman,0.395430,53,9,1,3,4,0.001750
perfect_hardware,0,7,1.000000,1.000000,0.000000,bellman,0.801000,54,11,1,3,4,0.002000
perfect_hardware,0,2,0.000000,0.000000,0.000000,convex,0.018320,0,1,2,3,4,0.000530
perfect_hardware,0,3,1.000000,1.000000,0.000000,convex,0.042300,2,3,1,3,4,0.000990
perfect_hardware,0,4,1.000000,1.000000,0.000000,convex,0.093160,2,5,1,3,4,0.001000
perfect_hardware,0,5,1.000000,1.000000,0.000000,convex,0.198170,55,7,1,3,4,0.001310
perfect_hardware,0,6,1.000000,1.000000,0.000000,convex,0.410980,55,9,1,3,4,0.001420
perfect_hardware,0,7,1.000000,1.000000,0.000000,convex,0.838680,56,11,1,3,4,0.001620
