hardware,embedding_index,horizon,probability,baseline_prob,diff_probs,method,time,algorithm_index,baseline_index,tot_strats,tot_ins,cstate_size,verify_time
algiers,0,2,0.995090,0.995090,0.000000,bellman,0.042840,0,1,1,2,2,0.017740
algiers,0,3,0.995090,0.995090,0.000001,bellman,0.139470,2,3,1,2,2,0.026080
algiers,0,4,0.999820,0.999820,0.000000,bellman,0.430420,4,5,1,2,2,0.073310
algiers,0,5,0.999930,0.999820,0.000110,bellman,1.300460,6,7,1,2,2,0.113390
algiers,0,6,0.999990,0.999887,0.000099,bellman,3.915380,8,9,1,2,2,0.271000
algiers,0,7,1.000000,0.999887,0.000111,bellman,11.775380,10,11,1,2,2,0.411470
algiers,0,8,1.000000,0.999888,0.000112,bellman,35.163830,12,13,1,2,2,0.994910
algiers,0,9,1.000000,0.999888,0.000112,bellman,105.736360,14,15,1,2,2,1.680300
algiers,0,2,0.994980,0.994978,0.000000,convex,0.037180,1,1,4,2,2,0.012950
algiers,0,3,0.994980,0.990202,0.004777,convex,0.142040,16,3,8,2,2,0.034430
algiers,0,4,0.999710,0.999708,0.000000,convex,0.489960,17,5,16,2,2,0.047300
algiers,0,5,0.999930,0.999640,0.000289,convex,1.604510,18,7,41,2,2,0.085300
algiers,0,6,0.999970,0.999776,0.000197,convex,5.285150,19,9,106,2,2,0.214420
algiers,0,7,1.000000,0.999775,0.000223,convex,20.329450,20,11,377,2,2,0.257760
algiers,1,2,0.944180,0.944184,0.000000,bellman,0.042730,0,1,1,2,2,0.017510
algiers,1,3,0.944180,0.944184,0.000000,bellman,0.138870,2,3,1,2,2,0.026680
algiers,1,4,0.990670,0.990673,0.000000,bellman,0.427710,4,5,1,2,2,0.074690
algiers,1,5,0.991050,0.990673,0.000372,bellman,1.294730,6,7,1,2,2,0.113980
algiers,1,6,0.997970,0.997971,0.000000,bellman,3.904140,21,9,1,2,2,0.292730
algiers,1,7,0.998400,0.997971,0.000428,bellman,11.699510,10,11,1,2,2,0.416930
algiers,1,8,0.999510,0.999244,0.000268,bellman,35.385950,22,13,1,2,2,1.105640
algiers,1,9,0.999690,0.999244,0.000450,bellman,105.943640,14,15,1,2,2,1.683140
algiers,1,2,0.943720,0.943716,0.000000,convex,0.037090,1,1,4,2,2,0.013450
algiers,1,3,0.943720,0.891434,0.052283,convex,0.141740,16,3,10,2,2,0.035750
algiers,1,4,0.990200,0.990205,0.000000,convex,0.490060,17,5,26,2,2,0.048850
algiers,1,5,0.991040,0.981997,0.009048,convex,1.674670,18,7,68,2,2,0.087830
algiers,1,6,0.997500,0.997503,0.000001,convex,6.451280,23,9,190,2,2,0.286680
algiers,1,7,0.998390,0.996072,0.002314,convex,42.873600,24,11,558,2,2,0.277680
almaden,0,2,0.984560,0.984565,0.000000,bellman,0.042680,0,1,1,2,2,0.017240
almaden,0,3,0.984560,0.984565,-0.000001,bellman,0.138860,2,3,1,2,2,0.026060
almaden,0,4,0.998880,0.998884,0.000000,bellman,0.427540,4,5,1,2,2,0.074220
almaden,0,5,0.999310,0.998884,0.000421,bellman,1.295190,6,7,1,2,2,0.112080
almaden,0,6,0.999830,0.999519,0.000316,bellman,3.899450,8,9,1,2,2,0.271610
almaden,0,7,0.999960,0.999519,0.000440,bellman,11.684310,10,11,1,2,2,0.410610
almaden,0,8,0.999990,0.999550,0.000437,bellman,35.257330,12,13,1,2,2,1.001430
almaden,0,9,1.000000,0.999550,0.000446,bellman,105.847430,14,15,1,2,2,1.701970
almaden,0,2,0.984120,0.984116,0.000000,convex,0.037270,1,1,4,2,2,0.013140
almaden,0,3,0.984120,0.969355,0.014762,convex,0.141930,16,3,8,2,2,0.034760
almaden,0,4,0.998440,0.998435,0.000000,convex,0.488650,17,5,16,2,2,0.048250
almaden,0,5,0.999310,0.997781,0.001523,convex,1.604120,18,7,41,2,2,0.087360
almaden,0,6,0.999700,0.999070,0.000632,convex,5.315660,19,9,106,2,2,0.217890
almaden,0,7,0.999960,0.999038,0.000919,convex,20.494810,25,11,330,2,2,0.407970
almaden,1,2,0.771980,0.771981,0.000000,bellman,0.042930,0,1,1,2,2,0.017800
almaden,1,3,0.771980,0.771981,-0.000001,bellman,0.140040,2,3,1,2,2,0.026490
almaden,1,4,0.867330,0.867331,0.000000,bellman,0.429660,4,5,1,2,2,0.073720
almaden,1,5,0.868210,0.867331,0.000873,bellman,1.309590,6,7,1,2,2,0.113590
almaden,1,6,0.917470,0.917473,0.000000,bellman,3.913070,21,9,1,2,2,0.290980
almaden,1,7,0.918720,0.917473,0.001250,bellman,11.746000,10,11,1,2,2,0.417140
almaden,1,8,0.946770,0.946771,0.000000,bellman,35.224630,26,13,1,2,2,1.130260
almaden,1,9,0.948220,0.946771,0.001446,bellman,105.695690,27,15,1,2,2,1.540020
almaden,1,2,0.769510,0.769507,0.000000,convex,0.037410,1,1,4,2,2,0.013210
almaden,1,3,0.769530,0.595085,0.174446,convex,0.141910,16,3,10,2,2,0.034720
almaden,1,4,0.864860,0.864858,0.000000,convex,0.492620,17,5,29,2,2,0.047550
almaden,1,5,0.868190,0.773135,0.095057,convex,1.723110,18,7,89,2,2,0.085970
almaden,1,6,0.915360,0.915000,0.000355,convex,8.121600,23,9,296,2,2,0.274380
almaden,1,7,0.918690,0.861406,0.057282,convex,100.831210,28,11,859,2,2,0.292420
athens,0,2,0.989710,0.989715,0.000000,bellman,0.042930,0,1,1,2,2,0.016810
athens,0,3,0.989710,0.989715,0.000001,bellman,0.139590,2,3,1,2,2,0.025310
athens,0,4,0.999510,0.999508,0.000000,bellman,0.430520,4,5,1,2,2,0.072160
athens,0,5,0.999690,0.999508,0.000181,bellman,1.305250,6,7,1,2,2,0.110430
athens,0,6,0.999930,0.999801,0.000132,bellman,3.933550,8,9,1,2,2,0.267880
athens,0,7,0.999990,0.999801,0.000187,bellman,11.796470,10,11,1,2,2,0.407060
athens,0,8,1.000000,0.999811,0.000186,bellman,35.367560,12,13,1,2,2,0.985930
athens,0,9,1.000000,0.999811,0.000189,bellman,105.672880,14,15,1,2,2,1.695620
athens,0,2,0.989530,0.989527,0.000000,convex,0.037580,1,1,4,2,2,0.012980
athens,0,3,0.989530,0.979533,0.009995,convex,0.142300,16,3,8,2,2,0.034040
athens,0,4,0.999320,0.999319,0.000000,convex,0.486320,17,5,16,2,2,0.047210
athens,0,5,0.999690,0.999019,0.000669,convex,1.597050,18,7,41,2,2,0.087550
athens,0,6,0.999880,0.999613,0.000265,convex,5.284790,19,9,106,2,2,0.218910
athens,0,7,0.999990,0.999603,0.000385,convex,20.273610,25,11,342,2,2,0.408770
athens,1,2,0.975550,0.975553,0.000000,bellman,0.042950,0,1,1,2,2,0.017530
athens,1,3,0.975550,0.975553,0.000001,bellman,0.139830,2,3,1,2,2,0.025630
athens,1,4,0.998100,0.998103,0.000000,bellman,0.435090,4,5,1,2,2,0.074510
athens,1,5,0.998240,0.998103,0.000140,bellman,1.306930,6,7,1,2,2,0.113340
athens,1,6,0.999710,0.999707,0.000000,bellman,3.922210,21,9,1,2,2,0.291930
athens,1,7,0.999860,0.999707,0.000150,bellman,11.784780,10,11,1,2,2,0.413650
athens,1,8,0.999960,0.999834,0.000127,bellman,35.370910,22,13,1,2,2,1.102380
athens,1,9,0.999990,0.999834,0.000154,bellman,106.154910,14,15,1,2,2,1.672360
athens,1,2,0.975400,0.975399,0.000000,convex,0.037410,1,1,4,2,2,0.012940
athens,1,3,0.975400,0.951696,0.023703,convex,0.142720,16,3,8,2,2,0.033820
athens,1,4,0.997950,0.997949,0.000000,convex,0.488240,17,5,19,2,2,0.046910
athens,1,5,0.998240,0.996263,0.001980,convex,1.619520,18,7,50,2,2,0.085850
athens,1,6,0.999550,0.999553,0.000000,convex,5.628940,23,9,148,2,2,0.273230
athens,1,7,0.999850,0.999419,0.000435,convex,28.898600,24,11,438,2,2,0.266000
auckland,0,2,0.994370,0.994375,0.000000,bellman,0.043640,0,1,1,2,2,0.017200
auckland,0,3,0.994370,0.994375,0.000001,bellman,0.140560,2,3,1,2,2,0.025620
auckland,0,4,0.999780,0.999783,0.000000,bellman,0.427810,4,5,1,2,2,0.072980
auckland,0,5,0.999910,0.999783,0.000124,bellman,1.297270,6,7,1,2,2,0.112270
auckland,0,6,0.999980,0.999872,0.000109,bellman,3.900760,8,9,1,2,2,0.270130
auckland,0,7,1.000000,0.999872,0.000126,bellman,11.717850,10,11,1,2,2,0.410990
auckland,0,8,1.000000,0.999873,0.000126,bellman,35.248820,12,13,1,2,2,0.999090
auckland,0,9,1.000000,0.999873,0.000127,bellman,105.932200,14,15,1,2,2,1.669130
auckland,0,2,0.994250,0.994248,0.000000,convex,0.037590,1,1,4,2,2,0.013050
auckland,0,3,0.994250,0.988780,0.005469,convex,0.143020,16,3,8,2,2,0.034530
auckland,0,4,0.999660,0.999657,0.000000,convex,0.488130,17,5,16,2,2,0.047900
auckland,0,5,0.999910,0.999567,0.000340,convex,1.601920,18,7,41,2,2,0.086830
auckland,0,6,0.999960,0.999745,0.000219,convex,5.311490,19,9,106,2,2,0.216990
auckland,0,7,1.000000,0.999744,0.000254,convex,20.515310,20,11,374,2,2,0.259320
auckland,1,2,0.980590,0.980594,0.000000,bellman,0.043080,0,1,1,2,2,0.017220
auckland,1,3,0.980590,0.980594,0.000000,bellman,0.140920,2,3,1,2,2,0.025900
auckland,1,4,0.998690,0.998695,0.000000,bellman,0.431490,4,5,1,2,2,0.074100
auckland,1,5,0.998890,0.998695,0.000198,bellman,1.307690,6,7,1,2,2,0.114200
auckland,1,6,0.999740,0.999717,0.000028,bellman,3.933550,8,9,1,2,2,0.275850
auckland,1,7,0.999930,0.999717,0.000209,bellman,11.818650,10,11,1,2,2,0.420440
auckland,1,8,0.999970,0.999781,0.000193,bellman,35.505030,12,13,1,2,2,1.015580
auckland,1,9,0.999990,0.999781,0.000213,bellman,105.879460,14,15,1,2,2,1.733290
auckland,1,2,0.980380,0.980380,0.000000,convex,0.037070,1,1,4,2,2,0.013490
auckland,1,3,0.980380,0.961557,0.018823,convex,0.141230,16,3,8,2,2,0.035670
auckland,1,4,0.998480,0.998481,0.000000,convex,0.486880,17,5,16,2,2,0.049440
auckland,1,5,0.998890,0.997417,0.001475,convex,1.594950,18,7,42,2,2,0.089850
auckland,1,6,0.999560,0.999503,0.000055,convex,5.319390,19,9,106,2,2,0.224420
auckland,1,7,0.999920,0.999437,0.000487,convex,20.371350,29,11,323,2,2,0.409990
belem,0,2,0.958490,0.958494,0.000000,bellman,0.042980,0,1,1,2,2,0.017110
belem,0,3,0.958490,0.958494,-0.000001,bellman,0.140140,2,3,1,2,2,0.026170
belem,0,4,0.994890,0.994886,0.000000,bellman,0.429830,4,5,1,2,2,0.073040
belem,0,5,0.994980,0.994886,0.000097,bellman,1.301450,6,7,1,2,2,0.112670
belem,0,6,0.999220,0.999218,0.000000,bellman,3.916900,21,9,1,2,2,0.289020
belem,0,7,0.999330,0.999218,0.000108,bellman,11.776050,10,11,1,2,2,0.414600
belem,0,8,0.999850,0.999792,0.000061,bellman,35.308460,22,13,1,2,2,1.082960
belem,0,9,0.999900,0.999792,0.000113,bellman,106.087460,14,15,1,2,2,1.680140
belem,0,2,0.958380,0.958379,0.000000,convex,0.037620,1,1,4,2,2,0.013330
belem,0,3,0.958380,0.918702,0.039676,convex,0.142320,16,3,10,2,2,0.034160
belem,0,4,0.994770,0.994770,0.000000,convex,0.494600,17,5,27,2,2,0.047800
belem,0,5,0.994980,0.990046,0.004936,convex,1.713250,18,7,78,2,2,0.086380
belem,0,6,0.999100,0.999103,0.000000,convex,7.211180,23,9,243,2,2,0.272760
belem,0,7,0.999320,0.998478,0.000846,convex,68.680990,24,11,715,2,2,0.267610
belem,1,2,0.979240,0.979241,0.000000,bellman,0.043040,0,1,1,2,2,0.016820
belem,1,3,0.979240,0.979241,0.000001,bellman,0.139990,2,3,1,2,2,0.025300
belem,1,4,0.998580,0.998579,0.000000,bellman,0.430070,4,5,1,2,2,0.072270
belem,1,5,0.998730,0.998579,0.000153,bellman,1.301090,6,7,1,2,2,0.112910
belem,1,6,0.999750,0.999750,0.000000,bellman,3.912850,21,9,1,2,2,0.287170
belem,1,7,0.999910,0.999750,0.000162,bellman,11.766620,10,11,1,2,2,0.411560
belem,1,8,0.999970,0.999829,0.000143,bellman,35.350420,30,13,1,2,2,1.025640
belem,1,9,0.999990,0.999829,0.000165,bellman,105.851300,14,15,1,2,2,1.668400
belem,1,2,0.979080,0.979076,0.000000,convex,0.037270,1,1,4,2,2,0.013220
belem,1,3,0.979080,0.958907,0.020170,convex,0.142670,16,3,8,2,2,0.033960
belem,1,4,0.998410,0.998414,0.000000,convex,0.489700,17,5,19,2,2,0.046940
belem,1,5,0.998730,0.997193,0.001539,convex,1.624680,18,7,50,2,2,0.085960
belem,1,6,0.999580,0.999584,0.000000,convex,5.634810,23,9,145,2,2,0.272690
belem,1,7,0.999910,0.999502,0.000406,convex,28.075780,24,11,429,2,2,0.265840
boeblingen,0,2,0.986560,0.986557,0.000000,bellman,0.043060,0,1,1,2,2,0.017610
boeblingen,0,3,0.986560,0.986557,0.000000,bellman,0.139990,2,3,1,2,2,0.026240
boeblingen,0,4,0.999230,0.999232,0.000000,bellman,0.431490,4,5,1,2,2,0.073890
boeblingen,0,5,0.999470,0.999232,0.000237,bellman,1.311730,6,7,1,2,2,0.112450
boeblingen,0,6,0.999880,0.999727,0.000154,bellman,3.924880,8,9,1,2,2,0.271340
boeblingen,0,7,0.999970,0.999727,0.000246,bellman,11.796030,10,11,1,2,2,0.418300
boeblingen,0,8,0.999990,0.999749,0.000243,bellman,35.337860,12,13,1,2,2,1.000180
boeblingen,0,9,1.000000,0.999749,0.000249,bellman,105.646710,14,15,1,2,2,1.706260
boeblingen,0,2,0.986310,0.986307,0.000000,convex,0.037230,1,1,4,2,2,0.013300
boeblingen,0,3,0.986310,0.973287,0.013019,convex,0.141930,16,3,8,2,2,0.035180
boeblingen,0,4,0.998980,0.998982,0.000000,convex,0.488410,17,5,16,2,2,0.048970
boeblingen,0,5,0.999470,0.998473,0.000996,convex,1.602970,18,7,41,2,2,0.087480
boeblingen,0,6,0.999790,0.999477,0.000309,convex,5.312860,19,9,106,2,2,0.220780
boeblingen,0,7,0.999970,0.999455,0.000518,convex,20.588780,31,11,334,2,2,0.263170
boeblingen,1,2,0.806800,0.806799,0.000000,bellman,0.042910,0,1,1,2,2,0.017790
boeblingen,1,3,0.806800,0.806799,0.000000,bellman,0.139440,2,3,1,2,2,0.026690
boeblingen,1,4,0.902250,0.902255,0.000000,bellman,0.429150,4,5,1,2,2,0.074780
boeblingen,1,5,0.902600,0.902255,0.000344,bellman,1.301690,6,7,1,2,2,0.115030
boeblingen,1,6,0.946800,0.946804,0.000000,bellman,3.912210,21,9,1,2,2,0.295880
boeblingen,1,7,0.947280,0.946804,0.000481,bellman,11.755470,10,11,1,2,2,0.423140
boeblingen,1,8,0.969900,0.969905,0.000000,bellman,35.288120,26,13,1,2,2,1.142430
boeblingen,1,9,0.970450,0.969905,0.000546,bellman,105.558910,27,15,1,2,2,1.582460
boeblingen,1,2,0.805980,0.805984,0.000000,convex,0.037190,1,1,4,2,2,0.013510
boeblingen,1,3,0.805990,0.650671,0.155316,convex,0.141830,16,3,10,2,2,0.035430
boeblingen,1,4,0.901440,0.901440,0.000000,convex,0.493140,17,5,30,2,2,0.049450
boeblingen,1,5,0.902600,0.828955,0.073643,convex,1.757790,18,7,102,2,2,0.088860
boeblingen,1,6,0.946060,0.945989,0.000075,convex,10.000260,23,9,351,2,2,0.286620
boeblingen,1,7,0.947280,0.908401,0.038876,convex,185.804020,28,11,1146,2,2,0.297320
bogota,0,2,0.972800,0.972805,0.000000,bellman,0.044560,0,1,1,2,2,0.016890
bogota,0,3,0.972800,0.972805,-0.000001,bellman,0.138770,2,3,1,2,2,0.025240
bogota,0,4,0.997740,0.997737,0.000000,bellman,0.427530,4,5,1,2,2,0.072170
bogota,0,5,0.997830,0.997737,0.000090,bellman,1.304420,6,7,1,2,2,0.110600
bogota,0,6,0.999710,0.999709,0.000000,bellman,3.915500,21,9,1,2,2,0.283940
bogota,0,7,0.999810,0.999709,0.000096,bellman,11.768680,10,11,1,2,2,0.407210
bogota,0,8,0.999960,0.999882,0.000076,bellman,35.175160,22,13,1,2,2,1.082960
bogota,0,9,0.999980,0.999882,0.000099,bellman,105.735690,14,15,1,2,2,1.656120
bogota,0,2,0.972700,0.972704,0.000000,convex,0.037180,1,1,4,2,2,0.012960
bogota,0,3,0.972700,0.946344,0.026359,convex,0.141850,16,3,10,2,2,0.033630
bogota,0,4,0.997640,0.997636,0.000000,convex,0.494190,17,5,26,2,2,0.047230
bogota,0,5,0.997830,0.995551,0.002275,convex,1.694510,18,7,68,2,2,0.085860
bogota,0,6,0.999610,0.999608,0.000000,convex,6.520390,23,9,193,2,2,0.276090
bogota,0,7,0.999800,0.999425,0.000379,convex,44.265750,24,11,574,2,2,0.263920
bogota,1,2,0.942950,0.942947,0.000000,bellman,0.042860,0,1,1,2,2,0.017290
bogota,1,3,0.942950,0.942947,0.000000,bellman,0.140190,2,3,1,2,2,0.025240
bogota,1,4,0.990250,0.990250,0.000000,bellman,0.429940,4,5,1,2,2,0.072900
bogota,1,5,0.990650,0.990250,0.000404,bellman,1.300940,6,7,1,2,2,0.111520
bogota,1,6,0.997830,0.997828,0.000000,bellman,3.914020,21,9,1,2,2,0.286650
bogota,1,7,0.998290,0.997828,0.000467,bellman,11.815430,10,11,1,2,2,0.411920
bogota,1,8,0.999470,0.999177,0.000292,bellman,35.502660,22,13,1,2,2,1.085700
bogota,1,9,0.999670,0.999177,0.000491,bellman,105.671640,14,15,1,2,2,1.665210
bogota,1,2,0.942440,0.942436,0.000000,convex,0.037590,1,1,4,2,2,0.013420
bogota,1,3,0.942440,0.889094,0.053343,convex,0.141910,16,3,10,2,2,0.034570
bogota,1,4,0.989740,0.989739,0.000000,convex,0.491830,17,5,26,2,2,0.048140
bogota,1,5,0.990650,0.981195,0.009460,convex,1.680680,18,7,67,2,2,0.088030
bogota,1,6,0.997320,0.997317,0.000001,convex,6.406720,23,9,185,2,2,0.278160
bogota,1,7,0.998280,0.995796,0.002483,convex,40.976030,24,11,549,2,2,0.269790
brisbane,0,2,0.723790,0.723789,0.000000,bellman,0.043200,0,1,1,2,2,0.019830
brisbane,0,3,0.723790,0.723789,0.000001,bellman,0.139370,2,3,1,2,2,0.030050
brisbane,0,4,0.805310,0.805311,0.000000,bellman,0.431230,4,5,1,2,2,0.079840
brisbane,0,5,0.825360,0.805311,0.020049,bellman,1.303640,6,7,1,2,2,0.123110
brisbane,0,6,0.862480,0.849857,0.012624,bellman,3.920630,8,9,1,2,2,0.295120
brisbane,0,7,0.878770,0.849857,0.028911,bellman,11.757450,10,11,1,2,2,0.455520
brisbane,0,8,0.901620,0.876902,0.024715,bellman,35.247980,32,13,1,2,2,0.928770
brisbane,0,9,0.913470,0.876902,0.036572,bellman,105.873240,33,15,1,2,2,1.662480
brisbane,0,2,0.653330,0.653329,0.000000,convex,0.037320,1,1,3,2,2,0.014690
brisbane,0,3,0.673190,0.496856,0.176333,convex,0.142390,16,3,6,2,2,0.039360
brisbane,0,4,0.756770,0.734852,0.021921,convex,0.487420,34,5,13,2,2,0.033340
brisbane,0,5,0.821880,0.649351,0.172530,convex,1.575800,35,7,26,2,2,0.086120
brisbane,0,6,0.841630,0.779397,0.062237,convex,5.021200,36,9,65,2,2,0.142150
brisbane,0,7,0.878200,0.727487,0.150710,convex,16.251130,37,11,144,2,2,0.331430
brisbane,1,2,0.994270,0.994272,0.000000,bellman,0.043010,0,1,1,2,2,0.019600
brisbane,1,3,0.994270,0.994272,0.000001,bellman,0.139550,2,3,1,2,2,0.029810
brisbane,1,4,0.999790,0.999791,0.000000,bellman,0.430310,4,5,1,2,2,0.081720
brisbane,1,5,0.999900,0.999791,0.000112,bellman,1.301430,6,7,1,2,2,0.124320
brisbane,1,6,0.999980,0.999884,0.000097,bellman,3.914300,8,9,1,2,2,0.298570
brisbane,1,7,1.000000,0.999884,0.000114,bellman,11.750100,10,11,1,2,2,0.453730
brisbane,1,8,1.000000,0.999885,0.000114,bellman,35.157430,12,13,1,2,2,1.078170
brisbane,1,9,1.000000,0.999885,0.000115,bellman,105.724200,14,15,1,2,2,1.811150
brisbane,1,2,0.994160,0.994157,0.000000,convex,0.037510,1,1,4,2,2,0.014890
brisbane,1,3,0.994160,0.988575,0.005583,convex,0.141690,16,3,8,2,2,0.039660
brisbane,1,4,0.999680,0.999677,0.000000,convex,0.486750,17,5,16,2,2,0.053960
brisbane,1,5,0.999900,0.999583,0.000320,convex,1.598920,18,7,41,2,2,0.096850
brisbane,1,6,0.999960,0.999769,0.000194,convex,5.281000,19,9,106,2,2,0.245360
brisbane,1,7,1.000000,0.999768,0.000230,convex,19.802030,20,11,370,2,2,0.288250
brooklyn,0,2,0.987360,0.987364,0.000000,bellman,0.042830,0,1,1,2,2,0.017500
brooklyn,0,3,0.987360,0.987364,0.000001,bellman,0.138800,2,3,1,2,2,0.025810
brooklyn,0,4,0.999400,0.999396,0.000000,bellman,0.427320,4,5,1,2,2,0.074230
brooklyn,0,5,0.999530,0.999396,0.000133,bellman,1.295030,6,7,1,2,2,0.113080
brooklyn,0,6,0.999900,0.999841,0.000059,bellman,3.902540,8,9,1,2,2,0.273430
brooklyn,0,7,0.999980,0.999841,0.000138,bellman,11.736660,10,11,1,2,2,0.419520
brooklyn,0,8,0.999990,0.999860,0.000134,bellman,35.173720,12,13,1,2,2,1.002390
brooklyn,0,9,1.000000,0.999860,0.000140,bellman,105.864250,14,15,1,2,2,1.683020
brooklyn,0,2,0.987220,0.987224,0.000000,convex,0.037150,1,1,4,2,2,0.013390
brooklyn,0,3,0.987220,0.974884,0.012341,convex,0.141870,16,3,8,2,2,0.035550
brooklyn,0,4,0.999260,0.999256,0.000000,convex,0.486210,17,5,16,2,2,0.049230
brooklyn,0,5,0.999530,0.998799,0.000729,convex,1.596910,18,7,42,2,2,0.088970
brooklyn,0,6,0.999820,0.999702,0.000118,convex,5.321850,19,9,106,2,2,0.224580
brooklyn,0,7,0.999980,0.999683,0.000296,convex,20.402880,29,11,328,2,2,0.413550
brooklyn,1,2,0.911100,0.911096,0.000000,bellman,0.042960,0,1,1,2,2,0.017870
brooklyn,1,3,0.911100,0.911096,0.000000,bellman,0.139870,2,3,1,2,2,0.027050
brooklyn,1,4,0.976270,0.976268,0.000000,bellman,0.430820,4,5,1,2,2,0.076520
brooklyn,1,5,0.978030,0.976268,0.001761,bellman,1.301560,6,7,1,2,2,0.117130
brooklyn,1,6,0.991770,0.991765,0.000000,bellman,3.924150,21,9,1,2,2,0.300120
brooklyn,1,7,0.993920,0.991765,0.002154,bellman,11.752890,10,11,1,2,2,0.430220
brooklyn,1,8,0.997120,0.995860,0.001264,bellman,35.282500,22,13,1,2,2,1.139170
brooklyn,1,9,0.998170,0.995860,0.002314,bellman,106.094770,14,15,1,2,2,1.702460
brooklyn,1,2,0.908550,0.908550,0.000000,convex,0.037680,1,1,4,2,2,0.013410
brooklyn,1,3,0.908580,0.829688,0.078888,convex,0.142620,16,3,8,2,2,0.035570
brooklyn,1,4,0.973720,0.973722,0.000000,convex,0.491060,17,5,19,2,2,0.048700
brooklyn,1,5,0.978020,0.954968,0.023048,convex,1.624010,18,7,50,2,2,0.088850
brooklyn,1,6,0.989240,0.989219,0.000024,convex,5.619580,23,9,142,2,2,0.284950
brooklyn,1,7,0.993860,0.984264,0.009594,convex,26.512130,24,11,378,2,2,0.272960
burlington,0,2,0.975200,0.975203,0.000000,bellman,0.043410,0,1,1,2,2,0.016880
burlington,0,3,0.975200,0.975203,0.000001,bellman,0.140790,2,3,1,2,2,0.025400
burlington,0,4,0.997920,0.997917,0.000000,bellman,0.432070,4,5,1,2,2,0.072400
burlington,0,5,0.998200,0.997917,0.000283,bellman,1.307750,6,7,1,2,2,0.111300
burlington,0,6,0.999560,0.999546,0.000012,bellman,3.932430,8,9,1,2,2,0.269000
burlington,0,7,0.999850,0.999546,0.000303,bellman,11.804490,10,11,1,2,2,0.411050
burlington,0,8,0.999950,0.999676,0.000271,bellman,35.302910,12,13,1,2,2,0.984530
burlington,0,9,0.999990,0.999676,0.000310,bellman,105.737900,14,15,1,2,2,1.656430
burlington,0,2,0.974890,0.974890,0.000000,convex,0.037030,1,1,4,2,2,0.012770
burlington,0,3,0.974890,0.951005,0.023886,convex,0.141920,16,3,8,2,2,0.033410
burlington,0,4,0.997600,0.997605,0.000000,convex,0.487960,17,5,17,2,2,0.046450
burlington,0,5,0.998200,0.995892,0.002308,convex,1.604670,18,7,42,2,2,0.085270
burlington,0,6,0.999260,0.999233,0.000024,convex,5.355460,19,9,112,2,2,0.213540
burlington,0,7,0.999840,0.999097,0.000746,convex,21.504610,24,11,326,2,2,0.265250
burlington,1,2,0.950970,0.950965,0.000000,bellman,0.043100,0,1,1,2,2,0.016930
burlington,1,3,0.950970,0.950965,-0.000001,bellman,0.140000,2,3,1,2,2,0.025230
burlington,1,4,0.992590,0.992587,0.000000,bellman,0.432950,4,5,1,2,2,0.072620
burlington,1,5,0.993070,0.992587,0.000485,bellman,1.302560,6,7,1,2,2,0.111080
burlington,1,6,0.998350,0.998349,0.000000,bellman,3.921930,21,9,1,2,2,0.286200
burlington,1,7,0.998900,0.998349,0.000549,bellman,11.776080,10,11,1,2,2,0.412930
burlington,1,8,0.999630,0.999236,0.000394,bellman,35.356430,22,13,1,2,2,1.088380
burlington,1,9,0.999810,0.999236,0.000574,bellman,106.293340,14,15,1,2,2,1.688310
burlington,1,2,0.950370,0.950372,0.000000,convex,0.037360,1,1,4,2,2,0.013120
burlington,1,3,0.950370,0.904279,0.046094,convex,0.142130,16,3,8,2,2,0.034480
burlington,1,4,0.992000,0.991995,0.000000,convex,0.486290,17,5,21,2,2,0.047800
burlington,1,5,0.993070,0.985613,0.007457,convex,1.630240,18,7,53,2,2,0.087480
burlington,1,6,0.997760,0.997757,0.000001,convex,5.759900,23,9,154,2,2,0.281510
burlington,1,7,0.998880,0.996775,0.002107,convex,31.247560,24,11,459,2,2,0.270880
cairo,0,2,0.994770,0.994768,0.000000,bellman,0.043010,0,1,1,2,2,0.017570
cairo,0,3,0.994770,0.994768,0.000001,bellman,0.139160,2,3,1,2,2,0.025970
cairo,0,4,0.999790,0.999789,0.000000,bellman,0.427920,4,5,1,2,2,0.075280
cairo,0,5,0.999920,0.999789,0.000131,bellman,1.296920,6,7,1,2,2,0.113050
cairo,0,6,0.999980,0.999865,0.000119,bellman,3.919020,8,9,1,2,2,0.273620
cairo,0,7,1.000000,0.999865,0.000133,bellman,11.752510,10,11,1,2,2,0.413980
cairo,0,8,1.000000,0.999866,0.000134,bellman,35.278590,12,13,1,2,2,0.995770
cairo,0,9,1.000000,0.999866,0.000134,bellman,105.954030,14,15,1,2,2,1.649710
cairo,0,2,0.994630,0.994634,0.000000,convex,0.037270,1,1,4,2,2,0.012800
cairo,0,3,0.994630,0.989562,0.005074,convex,0.142860,16,3,8,2,2,0.033630
cairo,0,4,0.999660,0.999655,0.000000,convex,0.488760,17,5,16,2,2,0.046740
cairo,0,5,0.999920,0.999578,0.000342,convex,1.603660,18,7,41,2,2,0.085210
cairo,0,6,0.999970,0.999732,0.000237,convex,5.300230,19,9,106,2,2,0.213110
cairo,0,7,1.000000,0.999730,0.000267,convex,20.353410,20,11,375,2,2,0.254630
cairo,1,2,0.848320,0.848320,0.000000,bellman,0.043320,0,1,1,2,2,0.017570
cairo,1,3,0.848320,0.848320,0.000001,bellman,0.140230,2,3,1,2,2,0.025760
cairo,1,4,0.936750,0.936751,0.000000,bellman,0.432320,4,5,1,2,2,0.074070
cairo,1,5,0.938590,0.936751,0.001838,bellman,1.307270,6,7,1,2,2,0.112920
cairo,1,6,0.970430,0.970427,0.000000,bellman,3.933380,21,9,1,2,2,0.288900
cairo,1,7,0.972880,0.970427,0.002458,bellman,11.835060,10,11,1,2,2,0.414030
cairo,1,8,0.985300,0.984677,0.000619,bellman,35.418910,22,13,1,2,2,1.099010
cairo,1,9,0.987400,0.984677,0.002719,bellman,105.745860,14,15,1,2,2,1.680910
cairo,1,2,0.844790,0.844786,0.000000,convex,0.037080,1,1,4,2,2,0.013270
cairo,1,3,0.844840,0.718744,0.126093,convex,0.142150,16,3,10,2,2,0.035190
cairo,1,4,0.933220,0.933217,0.000000,convex,0.491180,17,5,26,2,2,0.048320
cairo,1,5,0.938560,0.885218,0.053347,convex,1.678440,18,7,65,2,2,0.090010
cairo,1,6,0.967050,0.966893,0.000159,convex,6.325830,23,9,177,2,2,0.281190
cairo,1,7,0.972850,0.946583,0.026271,convex,37.084090,24,11,472,2,2,0.275980
cambridge,0,2,0.982560,0.982564,0.000000,bellman,0.043210,0,1,1,2,2,0.017930
cambridge,0,3,0.982560,0.982564,-0.000001,bellman,0.140020,2,3,1,2,2,0.027000
cambridge,0,4,0.998690,0.998692,0.000000,bellman,0.429270,4,5,1,2,2,0.075400
cambridge,0,5,0.999110,0.998692,0.000421,bellman,1.303350,6,7,1,2,2,0.116110
cambridge,0,6,0.999790,0.999501,0.000286,bellman,3.914140,8,9,1,2,2,0.277270
cambridge,0,7,0.999940,0.999501,0.000442,bellman,11.767050,10,11,1,2,2,0.426290
cambridge,0,8,0.999980,0.999546,0.000435,bellman,35.314460,12,13,1,2,2,1.013000
cambridge,0,9,1.000000,0.999546,0.000449,bellman,105.887030,14,15,1,2,2,1.702450
cambridge,0,2,0.982110,0.982112,0.000000,convex,0.038300,1,1,4,2,2,0.013640
cambridge,0,3,0.982110,0.965416,0.016696,convex,0.144140,16,3,8,2,2,0.036020
cambridge,0,4,0.998240,0.998241,0.000000,convex,0.492030,17,5,16,2,2,0.048760
cambridge,0,5,0.999110,0.997404,0.001708,convex,1.601470,18,7,41,2,2,0.089250
cambridge,0,6,0.999620,0.999049,0.000572,convex,5.295220,19,9,106,2,2,0.225330
cambridge,0,7,0.999940,0.999003,0.000939,convex,20.432290,31,11,333,2,2,0.265170
cambridge,1,2,0.609710,0.609705,0.000000,bellman,0.043140,0,1,1,2,2,0.018280
cambridge,1,3,0.609710,0.609705,-0.000001,bellman,0.139660,2,3,1,2,2,0.027060
cambridge,1,4,0.661900,0.661903,0.000000,bellman,0.428660,4,5,1,2,2,0.076520
cambridge,1,5,0.662060,0.661903,0.000154,bellman,1.295590,6,7,1,2,2,0.116530
cambridge,1,6,0.699160,0.699157,0.000000,bellman,3.913660,21,9,1,2,2,0.296580
cambridge,1,7,0.699390,0.699157,0.000230,bellman,11.732760,10,11,1,2,2,0.420400
cambridge,1,8,0.728700,0.728699,0.000000,bellman,35.241240,26,13,1,2,2,1.140240
cambridge,1,9,0.728980,0.728699,0.000278,bellman,105.819450,27,15,1,2,2,1.568930
cambridge,1,2,0.608370,0.608366,0.000000,convex,0.037280,1,1,4,2,2,0.013400
cambridge,1,3,0.608370,0.371103,0.237269,convex,0.142390,16,3,10,2,2,0.035530
cambridge,1,4,0.661250,0.660564,0.000690,convex,0.496990,38,5,32,2,2,0.075210
cambridge,1,5,0.662050,0.491229,0.170824,convex,1.843380,18,7,127,2,2,0.088250
cambridge,1,6,0.698590,0.697817,0.000773,convex,17.455760,23,9,580,2,2,0.283450
cambridge,1,7,0.699380,0.563535,0.135840,convex,989.997590,39,11,2449,2,2,0.300730
casablanca,0,2,0.985160,0.985164,0.000000,bellman,0.072250,0,1,1,2,2,0.016830
casablanca,0,3,0.985160,0.985164,0.000000,bellman,0.162200,2,3,1,2,2,0.025370
casablanca,0,4,0.998940,0.998935,0.000000,bellman,0.497120,4,5,1,2,2,0.073890
casablanca,0,5,0.999360,0.998935,0.000423,bellman,1.502860,6,7,1,2,2,0.112290
casablanca,0,6,0.999850,0.999522,0.000326,bellman,4.520490,8,9,1,2,2,0.268520
casablanca,0,7,0.999960,0.999522,0.000441,bellman,13.574790,10,11,1,2,2,0.409370
casablanca,0,8,0.999990,0.999550,0.000439,bellman,40.739050,12,13,1,2,2,0.988050
casablanca,0,9,1.000000,0.999550,0.000447,bellman,122.325620,14,15,1,2,2,1.655410
casablanca,0,2,0.984710,0.984715,0.000000,convex,0.043390,1,1,4,2,2,0.013470
casablanca,0,3,0.984720,0.970535,0.014181,convex,0.164460,16,3,8,2,2,0.035600
casablanca,0,4,0.998490,0.998486,0.000000,convex,0.565470,17,5,16,2,2,0.047920
casablanca,0,5,0.999360,0.997883,0.001476,convex,1.850940,18,7,41,2,2,0.085980
casablanca,0,6,0.999720,0.999073,0.000652,convex,6.117800,19,9,106,2,2,0.216650
casablanca,0,7,0.999960,0.999044,0.000918,convex,23.251050,40,11,335,2,2,0.313520
casablanca,1,2,0.967180,0.967184,0.000000,bellman,0.050070,0,1,1,2,2,0.017040
casablanca,1,3,0.967180,0.967184,0.000001,bellman,0.161800,2,3,1,2,2,0.027030
casablanca,1,4,0.996650,0.996651,0.000000,bellman,0.497270,4,5,1,2,2,0.074000
casablanca,1,5,0.996850,0.996651,0.000203,bellman,1.503510,6,7,1,2,2,0.113140
casablanca,1,6,0.999440,0.999439,0.000000,bellman,4.530350,21,9,1,2,2,0.289270
casablanca,1,7,0.999660,0.999439,0.000222,bellman,13.601170,10,11,1,2,2,0.412390
casablanca,1,8,0.999910,0.999732,0.000175,bellman,40.766930,22,13,1,2,2,1.088580
casablanca,1,9,0.999960,0.999732,0.000229,bellman,122.451930,14,15,1,2,2,1.671570
casablanca,1,2,0.966950,0.966952,0.000000,convex,0.043310,1,1,4,2,2,0.013160
casablanca,1,3,0.966950,0.935429,0.031524,convex,0.164100,16,3,10,2,2,0.034890
casablanca,1,4,0.996420,0.996419,0.000000,convex,0.570980,17,5,25,2,2,0.048410
casablanca,1,5,0.996850,0.993437,0.003417,convex,1.931860,18,7,61,2,2,0.087080
casablanca,1,6,0.999210,0.999207,0.000000,convex,7.062310,23,9,169,2,2,0.275010
casablanca,1,7,0.999650,0.998894,0.000761,convex,40.220610,24,11,482,2,2,0.264330
cusco,0,2,0.992580,0.992580,0.000000,bellman,0.049710,0,1,1,2,2,0.017180
cusco,0,3,0.992580,0.992580,0.000000,bellman,0.162000,2,3,1,2,2,0.025420
cusco,0,4,0.999740,0.999743,0.000000,bellman,0.498370,4,5,1,2,2,0.071980
cusco,0,5,0.999840,0.999743,0.000094,bellman,1.510200,6,7,1,2,2,0.110830
cusco,0,6,0.999970,0.999899,0.000068,bellman,4.531060,8,9,1,2,2,0.268960
cusco,0,7,1.000000,0.999899,0.000096,bellman,13.616290,10,11,1,2,2,0.409640
cusco,0,8,1.000000,0.999903,0.000096,bellman,40.816150,12,13,1,2,2,0.996040
cusco,0,9,1.000000,0.999903,0.000097,bellman,122.565690,14,15,1,2,2,1.671890
cusco,0,2,0.992480,0.992483,0.000000,convex,0.043250,1,1,4,2,2,0.013240
cusco,0,3,0.992480,0.985214,0.007269,convex,0.164550,16,3,8,2,2,0.034870
cusco,0,4,0.999650,0.999646,0.000000,convex,0.565540,17,5,16,2,2,0.047440
cusco,0,5,0.999840,0.999487,0.000350,convex,1.853170,18,7,41,2,2,0.086500
cusco,0,6,0.999940,0.999802,0.000136,convex,6.101240,19,9,106,2,2,0.217420
cusco,0,7,1.000000,0.999798,0.000197,convex,22.896370,25,11,342,2,2,0.404640
cusco,1,2,0.501950,0.498047,0.003905,bellman,0.049830,41,1,1,2,2,0.019660
cusco,1,3,0.501950,0.498047,0.003905,bellman,0.161600,42,3,1,2,2,0.030300
cusco,1,4,0.502930,0.497071,0.005858,bellman,0.497830,43,5,1,2,2,0.081710
cusco,1,5,0.502930,0.497071,0.005858,bellman,1.511280,44,7,1,2,2,0.125830
cusco,1,6,0.503660,0.496339,0.007322,bellman,4.536020,45,9,1,2,2,0.320110
cusco,1,7,0.503660,0.496339,0.007322,bellman,13.654800,46,11,1,2,2,0.456650
cusco,1,8,0.504270,0.495729,0.008542,bellman,40.937720,47,13,1,2,2,1.226130
cusco,1,9,0.504270,0.495729,0.008543,bellman,124.963990,48,15,1,2,2,1.683450
cusco,1,2,0.501830,0.497929,0.003905,convex,0.045030,49,1,4,2,2,0.015240
cusco,1,3,0.501830,0.247992,0.253842,convex,0.171000,50,3,10,2,2,0.040080
cusco,1,4,0.502930,0.496953,0.005975,convex,0.596380,51,5,32,2,2,0.084650
cusco,1,5,0.502930,0.309503,0.193426,convex,2.231960,52,7,131,2,2,0.098790
cusco,1,6,0.503660,0.496221,0.007439,convex,22.667860,53,9,612,2,2,0.316290
cusco,1,7,0.503660,0.340015,0.163646,convex,1587.407350,54,11,3005,2,2,0.330780
essex,0,2,0.968560,0.968559,0.000000,bellman,0.051540,0,1,1,2,2,0.016790
essex,0,3,0.968560,0.968559,0.000000,bellman,0.166760,2,3,1,2,2,0.025360
essex,0,4,0.996450,0.996446,0.000000,bellman,0.513690,4,5,1,2,2,0.072140
essex,0,5,0.997140,0.996446,0.000695,bellman,1.553110,6,7,1,2,2,0.110560
essex,0,6,0.999220,0.998935,0.000280,bellman,4.669440,8,9,1,2,2,0.268430
essex,0,7,0.999690,0.998935,0.000756,bellman,14.019680,10,11,1,2,2,0.408020
essex,0,8,0.999880,0.999182,0.000703,bellman,42.064700,12,13,1,2,2,0.992990
essex,0,9,0.999960,0.999182,0.000778,bellman,126.258130,14,15,1,2,2,1.683680
essex,0,2,0.967770,0.967770,0.000000,convex,0.044830,1,1,4,2,2,0.013010
essex,0,3,0.967770,0.938060,0.029713,convex,0.169440,16,3,8,2,2,0.034100
essex,0,4,0.995660,0.995657,0.000000,convex,0.582520,17,5,16,2,2,0.046980
essex,0,5,0.997140,0.993004,0.004135,convex,1.906230,18,7,42,2,2,0.085930
essex,0,6,0.998710,0.998146,0.000564,convex,6.338040,19,9,106,2,2,0.215700
essex,0,7,0.999680,0.997883,0.001800,convex,24.203050,29,11,325,2,2,0.395370
essex,1,2,0.943380,0.943377,0.000000,bellman,0.051390,0,1,1,2,2,0.017190
essex,1,3,0.943380,0.943377,0.000001,bellman,0.166880,2,3,1,2,2,0.025240
essex,1,4,0.990100,0.990097,0.000000,bellman,0.513610,4,5,1,2,2,0.072260
essex,1,5,0.990830,0.990097,0.000736,bellman,1.554240,6,7,1,2,2,0.111000
essex,1,6,0.997480,0.997481,0.000000,bellman,4.673950,21,9,1,2,2,0.285940
essex,1,7,0.998330,0.997481,0.000847,bellman,14.016270,10,11,1,2,2,0.407890
essex,1,8,0.999370,0.998778,0.000591,bellman,42.041750,22,13,1,2,2,1.084330
essex,1,9,0.999670,0.998778,0.000891,bellman,126.146310,14,15,1,2,2,1.660050
essex,1,2,0.942450,0.942450,0.000000,convex,0.044530,1,1,4,2,2,0.012950
essex,1,3,0.942450,0.889862,0.052593,convex,0.169370,16,3,8,2,2,0.034410
essex,1,4,0.989170,0.989170,0.000000,convex,0.584060,17,5,19,2,2,0.046670
essex,1,5,0.990830,0.980858,0.009973,convex,1.933230,18,7,50,2,2,0.085100
essex,1,6,0.996560,0.996555,0.000002,convex,6.715310,23,9,148,2,2,0.273160
essex,1,7,0.998300,0.995095,0.003206,convex,33.940430,24,11,430,2,2,0.264810
fez,0,2,0.998430,0.998429,0.000000,bellman,0.051400,0,1,1,2,2,0.017230
fez,0,3,0.998430,0.998429,-0.000001,bellman,0.166490,2,3,1,2,2,0.025920
fez,0,4,0.999890,0.999887,0.000000,bellman,0.512250,4,5,1,2,2,0.072670
fez,0,5,0.999990,0.999887,0.000105,bellman,1.551060,6,7,1,2,2,0.111780
fez,0,6,1.000000,0.999893,0.000104,bellman,4.668090,8,9,1,2,2,0.268920
fez,0,7,1.000000,0.999893,0.000106,bellman,14.011760,10,11,1,2,2,0.408520
fez,0,8,1.000000,0.999893,0.000106,bellman,42.091900,32,13,1,2,2,0.838840
fez,0,9,1.000000,0.999893,0.000106,bellman,126.559910,33,15,1,2,2,1.523760
fez,0,2,0.998320,0.998322,0.000000,convex,0.045530,1,1,4,2,2,0.012930
fez,0,3,0.998320,0.996860,0.001462,convex,0.171190,16,3,8,2,2,0.034400
fez,0,4,0.999780,0.999781,0.000000,convex,0.585210,17,5,16,2,2,0.047960
fez,0,5,0.999990,0.999774,0.000218,convex,1.918990,18,7,41,2,2,0.086260
fez,0,6,1.000000,0.999787,0.000209,convex,6.285480,19,9,91,2,2,0.215740
fez,0,7,1.000000,0.999787,0.000212,convex,21.655260,20,11,231,2,2,0.257340
fez,1,2,0.893930,0.893926,0.000000,bellman,0.051730,0,1,1,2,2,0.019420
fez,1,3,0.893930,0.893926,0.000000,bellman,0.167960,2,3,1,2,2,0.029710
fez,1,4,0.968560,0.968559,0.000000,bellman,0.515370,4,5,1,2,2,0.082060
fez,1,5,0.968650,0.968559,0.000095,bellman,1.562950,6,7,1,2,2,0.125770
fez,1,6,0.989770,0.989769,0.000000,bellman,4.700140,21,9,1,2,2,0.316890
fez,1,7,0.989890,0.989769,0.000120,bellman,14.127570,10,11,1,2,2,0.454130
fez,1,8,0.996470,0.996466,0.000000,bellman,42.430140,26,13,1,2,2,1.224150
fez,1,9,0.996600,0.996466,0.000130,bellman,127.065630,14,15,1,2,2,1.821570
fez,1,2,0.893780,0.893777,0.000000,convex,0.044720,1,1,4,2,2,0.014870
fez,1,3,0.893780,0.799075,0.094702,convex,0.170120,16,3,10,2,2,0.039780
fez,1,4,0.968410,0.968410,0.000000,convex,0.590890,17,5,29,2,2,0.054600
fez,1,5,0.968650,0.941496,0.027157,convex,2.071950,18,7,96,2,2,0.097560
fez,1,6,0.989620,0.989620,0.000003,convex,10.706640,23,9,340,2,2,0.320150
fez,1,7,0.989890,0.981121,0.008764,convex,190.598920,24,11,1236,2,2,0.298520
geneva,0,2,0.858470,0.858467,0.000000,bellman,0.051860,0,1,1,2,2,0.017080
geneva,0,3,0.858470,0.858467,0.000001,bellman,0.167330,2,3,1,2,2,0.026120
geneva,0,4,0.945510,0.945507,0.000000,bellman,0.514670,4,5,1,2,2,0.073680
geneva,0,5,0.945610,0.945507,0.000101,bellman,1.558270,6,7,1,2,2,0.113100
geneva,0,6,0.977210,0.977209,0.000000,bellman,4.665850,21,9,1,2,2,0.291790
geneva,0,7,0.977340,0.977209,0.000134,bellman,14.085930,10,11,1,2,2,0.418700
geneva,0,8,0.990040,0.990038,0.000000,bellman,42.185190,26,13,1,2,2,1.127710
geneva,0,9,0.990190,0.990038,0.000148,bellman,126.578610,14,15,1,2,2,1.679170
geneva,0,2,0.858280,0.858281,0.000000,convex,0.044830,1,1,4,2,2,0.013180
geneva,0,3,0.858280,0.736920,0.121362,convex,0.171290,16,3,10,2,2,0.034690
geneva,0,4,0.945320,0.945322,0.000000,convex,0.592690,17,5,30,2,2,0.047750
geneva,0,5,0.945610,0.901120,0.044488,convex,2.115820,18,7,105,2,2,0.087300
geneva,0,6,0.977030,0.977023,0.000007,convex,12.627300,23,9,394,2,2,0.280120
geneva,0,7,0.977340,0.959135,0.018206,convex,308.402980,24,11,1438,2,2,0.269160
geneva,1,2,0.985860,0.985862,0.000000,bellman,0.053170,0,1,1,2,2,0.017620
geneva,1,3,0.985860,0.985862,0.000000,bellman,0.172180,2,3,1,2,2,0.026800
geneva,1,4,0.999090,0.999086,0.000000,bellman,0.526220,4,5,1,2,2,0.074840
geneva,1,5,0.999420,0.999086,0.000329,bellman,1.593700,6,7,1,2,2,0.113730
geneva,1,6,0.999870,0.999626,0.000239,bellman,4.796960,8,9,1,2,2,0.273260
geneva,1,7,0.999970,0.999626,0.000342,bellman,14.424890,10,11,1,2,2,0.414650
geneva,1,8,0.999990,0.999651,0.000339,bellman,43.207870,12,13,1,2,2,0.999160
geneva,1,9,1.000000,0.999651,0.000347,bellman,128.712140,14,15,1,2,2,1.685560
geneva,1,2,0.985510,0.985514,0.000000,convex,0.044550,1,1,4,2,2,0.013200
geneva,1,3,0.985510,0.971914,0.013601,convex,0.169250,16,3,8,2,2,0.034900
geneva,1,4,0.998740,0.998738,0.000000,convex,0.581030,17,5,16,2,2,0.047920
geneva,1,5,0.999420,0.998183,0.001232,convex,1.910600,18,7,41,2,2,0.088460
geneva,1,6,0.999760,0.999278,0.000478,convex,6.353510,19,9,106,2,2,0.222840
geneva,1,7,0.999970,0.999253,0.000714,convex,24.196290,25,11,340,2,2,0.410580
guadalupe,0,2,0.939320,0.939323,0.000000,bellman,0.052230,0,1,1,2,2,0.017330
guadalupe,0,3,0.939320,0.939323,-0.000001,bellman,0.166970,2,3,1,2,2,0.025430
guadalupe,0,4,0.989270,0.989265,0.000000,bellman,0.513170,4,5,1,2,2,0.073780
guadalupe,0,5,0.989420,0.989265,0.000156,bellman,1.553170,6,7,1,2,2,0.112350
guadalupe,0,6,0.997780,0.997781,0.000000,bellman,4.673960,21,9,1,2,2,0.289000
guadalupe,0,7,0.997960,0.997781,0.000182,bellman,14.024650,10,11,1,2,2,0.409780
guadalupe,0,8,0.999450,0.999394,0.000057,bellman,42.150240,22,13,1,2,2,1.091100
guadalupe,0,9,0.999590,0.999394,0.000192,bellman,126.194880,14,15,1,2,2,1.657150
guadalupe,0,2,0.939120,0.939121,0.000000,convex,0.044640,1,1,4,2,2,0.013200
guadalupe,0,3,0.939120,0.882305,0.056816,convex,0.169370,16,3,10,2,2,0.034650
guadalupe,0,4,0.989060,0.989063,0.000000,convex,0.588870,17,5,27,2,2,0.047360
guadalupe,0,5,0.989420,0.979375,0.010046,convex,2.040730,18,7,78,2,2,0.085980
guadalupe,0,6,0.997580,0.997579,0.000001,convex,8.777740,23,9,255,2,2,0.278870
guadalupe,0,7,0.997960,0.995744,0.002213,convex,93.471550,24,11,771,2,2,0.265250
guadalupe,1,2,0.989280,0.989278,0.000000,bellman,0.052790,0,1,1,2,2,0.017610
guadalupe,1,3,0.989280,0.989278,0.000000,bellman,0.167940,2,3,1,2,2,0.025860
guadalupe,1,4,0.999540,0.999540,0.000000,bellman,0.516760,4,5,1,2,2,0.074220
guadalupe,1,5,0.999660,0.999540,0.000120,bellman,1.562510,6,7,1,2,2,0.112980
guadalupe,1,6,0.999930,0.999863,0.000066,bellman,4.679670,8,9,1,2,2,0.272340
guadalupe,1,7,0.999990,0.999863,0.000123,bellman,14.118890,10,11,1,2,2,0.414910
guadalupe,1,8,1.000000,0.999875,0.000121,bellman,42.369590,12,13,1,2,2,1.008390
guadalupe,1,9,1.000000,0.999875,0.000125,bellman,127.028370,14,15,1,2,2,1.711820
guadalupe,1,2,0.989150,0.989153,0.000000,convex,0.045030,1,1,4,2,2,0.014250
guadalupe,1,3,0.989150,0.978668,0.010485,convex,0.171180,16,3,8,2,2,0.035780
guadalupe,1,4,0.999420,0.999415,0.000000,convex,0.586550,17,5,16,2,2,0.048620
guadalupe,1,5,0.999660,0.999085,0.000575,convex,1.926900,18,7,41,2,2,0.089090
guadalupe,1,6,0.999870,0.999738,0.000132,convex,6.380100,19,9,106,2,2,0.223490
guadalupe,1,7,0.999990,0.999727,0.000260,convex,24.669450,31,11,332,2,2,0.261650
hanoi,0,2,0.994410,0.994409,0.000000,bellman,0.049640,0,1,1,2,2,0.017670
hanoi,0,3,0.994410,0.994409,0.000001,bellman,0.161550,2,3,1,2,2,0.026800
hanoi,0,4,0.999820,0.999817,0.000000,bellman,0.496670,4,5,1,2,2,0.075760
hanoi,0,5,0.999910,0.999817,0.000091,bellman,1.501600,6,7,1,2,2,0.114350
hanoi,0,6,0.999980,0.999906,0.000076,bellman,4.520900,8,9,1,2,2,0.277300
hanoi,0,7,1.000000,0.999906,0.000092,bellman,13.569350,10,11,1,2,2,0.422380
hanoi,0,8,1.000000,0.999907,0.000092,bellman,40.730620,12,13,1,2,2,1.008560
hanoi,0,9,1.000000,0.999907,0.000093,bellman,122.334020,14,15,1,2,2,1.686590
hanoi,0,2,0.994320,0.994316,0.000000,convex,0.043230,1,1,4,2,2,0.013230
hanoi,0,3,0.994320,0.988847,0.005470,convex,0.164370,16,3,8,2,2,0.034960
hanoi,0,4,0.999720,0.999725,0.000000,convex,0.564710,17,5,16,2,2,0.047720
hanoi,0,5,0.999910,0.999635,0.000273,convex,1.846090,18,7,41,2,2,0.088760
hanoi,0,6,0.999960,0.999813,0.000152,convex,6.111640,19,9,106,2,2,0.220950
hanoi,0,7,1.000000,0.999812,0.000186,convex,23.520940,20,11,363,2,2,0.261120
hanoi,1,2,0.915620,0.915619,0.000000,bellman,0.049730,0,1,1,2,2,0.017710
hanoi,1,3,0.915620,0.915619,0.000000,bellman,0.161590,2,3,1,2,2,0.026280
hanoi,1,4,0.979790,0.979786,0.000000,bellman,0.497010,4,5,1,2,2,0.074120
hanoi,1,5,0.979850,0.979786,0.000068,bellman,1.503700,6,7,1,2,2,0.113250
hanoi,1,6,0.994650,0.994645,0.000000,bellman,4.524670,21,9,1,2,2,0.289120
hanoi,1,7,0.994730,0.994645,0.000083,bellman,13.582520,10,11,1,2,2,0.417520
hanoi,1,8,0.998470,0.998469,0.000000,bellman,40.754470,26,13,1,2,2,1.129060
hanoi,1,9,0.998560,0.998469,0.000089,bellman,122.440420,14,15,1,2,2,1.688550
hanoi,1,2,0.915520,0.915522,0.000000,convex,0.043130,1,1,4,2,2,0.013230
hanoi,1,3,0.915520,0.838344,0.077179,convex,0.164370,16,3,10,2,2,0.035110
hanoi,1,4,0.979690,0.979689,0.000000,convex,0.570510,17,5,29,2,2,0.048460
hanoi,1,5,0.979850,0.961816,0.018038,convex,2.005790,18,7,93,2,2,0.087530
hanoi,1,6,0.994550,0.994548,0.000001,convex,10.238850,23,9,320,2,2,0.282930
hanoi,1,7,0.994730,0.989949,0.004776,convex,175.451700,24,11,1170,2,2,0.271840
jakarta,0,2,0.983860,0.983862,0.000000,bellman,0.049700,0,1,1,2,2,0.017330
jakarta,0,3,0.983860,0.983862,0.000000,bellman,0.161570,2,3,1,2,2,0.025800
jakarta,0,4,0.999100,0.999097,0.000000,bellman,0.496090,4,5,1,2,2,0.074140
jakarta,0,5,0.999230,0.999097,0.000134,bellman,1.503570,6,7,1,2,2,0.113420
jakarta,0,6,0.999830,0.999817,0.000014,bellman,4.523450,8,9,1,2,2,0.273260
jakarta,0,7,0.999960,0.999817,0.000140,bellman,13.574340,10,11,1,2,2,0.414490
jakarta,0,8,0.999990,0.999855,0.000131,bellman,40.828980,12,13,1,2,2,0.995360
jakarta,0,9,1.000000,0.999855,0.000142,bellman,122.688850,14,15,1,2,2,1.678790
jakarta,0,2,0.983720,0.983719,0.000000,convex,0.043140,1,1,4,2,2,0.013050
jakarta,0,3,0.983720,0.967979,0.015740,convex,0.164230,16,3,8,2,2,0.034250
jakarta,0,4,0.998950,0.998954,0.000000,convex,0.563240,17,5,16,2,2,0.047600
jakarta,0,5,0.999230,0.998211,0.001020,convex,1.848800,18,7,42,2,2,0.086770
jakarta,0,6,0.999700,0.999674,0.000028,convex,6.162610,19,9,106,2,2,0.215490
jakarta,0,7,0.999960,0.999635,0.000320,convex,24.593540,29,11,323,2,2,0.397570
jakarta,1,2,0.944380,0.944378,0.000000,bellman,0.051780,0,1,1,2,2,0.017480
jakarta,1,3,0.944380,0.944378,0.000001,bellman,0.168370,2,3,1,2,2,0.026050
jakarta,1,4,0.990970,0.990966,0.000000,bellman,0.515880,4,5,1,2,2,0.074780
jakarta,1,5,0.991080,0.990966,0.000110,bellman,1.560550,6,7,1,2,2,0.113190
jakarta,1,6,0.998290,0.998293,0.000000,bellman,4.705250,21,9,1,2,2,0.292830
jakarta,1,7,0.998420,0.998293,0.000126,bellman,14.116700,10,11,1,2,2,0.415510
jakarta,1,8,0.999610,0.999573,0.000034,bellman,42.333140,22,13,1,2,2,1.100850
jakarta,1,9,0.999710,0.999573,0.000133,bellman,126.366990,14,15,1,2,2,1.681930
jakarta,1,2,0.944240,0.944240,0.000000,convex,0.044560,1,1,4,2,2,0.013050
jakarta,1,3,0.944240,0.891835,0.052406,convex,0.169590,16,3,10,2,2,0.034630
jakarta,1,4,0.990830,0.990829,0.000000,convex,0.588150,17,5,27,2,2,0.047520
jakarta,1,5,0.991080,0.982587,0.008488,convex,2.027110,18,7,78,2,2,0.087060
jakarta,1,6,0.998160,0.998155,0.000000,convex,8.790990,23,9,261,2,2,0.276920
jakarta,1,7,0.998410,0.996715,0.001699,convex,98.616740,24,11,823,2,2,0.269170
johannesburg,0,2,0.981570,0.981566,0.000000,bellman,0.051430,0,1,1,2,2,0.017520
johannesburg,0,3,0.981570,0.981566,0.000001,bellman,0.166610,2,3,1,2,2,0.026200
johannesburg,0,4,0.998130,0.998126,0.000000,bellman,0.513330,4,5,1,2,2,0.075130
johannesburg,0,5,0.999030,0.998126,0.000900,bellman,1.553430,6,7,1,2,2,0.113930
johannesburg,0,6,0.999740,0.998980,0.000758,bellman,4.677350,8,9,1,2,2,0.275040
johannesburg,0,7,0.999930,0.998980,0.000946,bellman,14.047190,10,11,1,2,2,0.413370
johannesburg,0,8,0.999980,0.999029,0.000947,bellman,42.084680,12,13,1,2,2,0.997830
johannesburg,0,9,0.999990,0.999029,0.000963,bellman,126.228430,33,15,1,2,2,1.519980
johannesburg,0,2,0.980600,0.980599,0.000000,convex,0.044520,1,1,4,2,2,0.013040
johannesburg,0,3,0.980600,0.963438,0.017165,convex,0.169310,16,3,8,2,2,0.034360
johannesburg,0,4,0.997160,0.997159,0.000000,convex,0.582810,17,5,16,2,2,0.047180
johannesburg,0,5,0.999020,0.996274,0.002752,convex,1.907100,18,7,41,2,2,0.086220
johannesburg,0,6,0.999530,0.998013,0.001517,convex,6.303870,19,9,102,2,2,0.215100
johannesburg,0,7,0.999920,0.997962,0.001962,convex,23.026700,20,11,272,2,2,0.257850
johannesburg,1,2,0.826740,0.826744,0.000000,bellman,0.051260,0,1,1,2,2,0.017430
johannesburg,1,3,0.826740,0.826744,0.000000,bellman,0.166390,2,3,1,2,2,0.026160
johannesburg,1,4,0.920110,0.920110,0.000000,bellman,0.512580,4,5,1,2,2,0.074650
johannesburg,1,5,0.920510,0.920110,0.000397,bellman,1.555330,6,7,1,2,2,0.112930
johannesburg,1,6,0.960130,0.960130,0.000000,bellman,4.662860,21,9,1,2,2,0.289140
johannesburg,1,7,0.960670,0.960130,0.000544,bellman,14.004020,10,11,1,2,2,0.421480
johannesburg,1,8,0.979190,0.979189,0.000000,bellman,42.107750,26,13,1,2,2,1.132360
johannesburg,1,9,0.979800,0.979189,0.000609,bellman,126.189290,27,15,1,2,2,1.561150
johannesburg,1,2,0.825890,0.825894,0.000000,convex,0.044680,1,1,4,2,2,0.013270
johannesburg,1,3,0.825900,0.683262,0.142635,convex,0.169890,16,3,10,2,2,0.034900
johannesburg,1,4,0.919260,0.919260,0.000000,convex,0.589090,17,5,29,2,2,0.048270
johannesburg,1,5,0.920510,0.858125,0.062381,convex,2.076860,18,7,93,2,2,0.086750
johannesburg,1,6,0.959340,0.959280,0.000058,convex,10.730670,23,9,308,2,2,0.279960
johannesburg,1,7,0.960660,0.930164,0.030494,convex,165.995440,28,11,1048,2,2,0.296150
kawasaki,0,2,0.996420,0.996425,0.000000,bellman,0.051790,0,1,1,2,2,0.017900
kawasaki,0,3,0.996420,0.996425,0.000001,bellman,0.168450,2,3,1,2,2,0.026610
kawasaki,0,4,0.999810,0.999807,0.000000,bellman,0.517840,4,5,1,2,2,0.074840
kawasaki,0,5,0.999960,0.999807,0.000157,bellman,1.563980,6,7,1,2,2,0.115300
kawasaki,0,6,0.999990,0.999841,0.000151,bellman,4.705920,8,9,1,2,2,0.278080
kawasaki,0,7,1.000000,0.999841,0.000158,bellman,14.117900,10,11,1,2,2,0.421910
kawasaki,0,8,1.000000,0.999841,0.000159,bellman,42.385990,12,13,1,2,2,1.027270
kawasaki,0,9,1.000000,0.999841,0.000159,bellman,126.973710,33,15,1,2,2,1.585320
kawasaki,0,2,0.996270,0.996266,0.000000,convex,0.044640,1,1,4,2,2,0.013440
kawasaki,0,3,0.996270,0.992861,0.003406,convex,0.169900,16,3,8,2,2,0.036400
kawasaki,0,4,0.999650,0.999648,0.000000,convex,0.581690,17,5,16,2,2,0.048990
kawasaki,0,5,0.999960,0.999613,0.000350,convex,1.903890,18,7,41,2,2,0.089830
kawasaki,0,6,0.999980,0.999683,0.000302,convex,6.262710,19,9,104,2,2,0.222370
kawasaki,0,7,1.000000,0.999682,0.000316,convex,22.819040,20,11,297,2,2,0.269080
kawasaki,1,2,0.672570,0.672566,0.000000,bellman,0.051730,0,1,1,2,2,0.018770
kawasaki,1,3,0.672570,0.672566,0.000000,bellman,0.167050,2,3,1,2,2,0.029140
kawasaki,1,4,0.748570,0.748566,0.000000,bellman,0.514460,4,5,1,2,2,0.080590
kawasaki,1,5,0.748590,0.748566,0.000023,bellman,1.560890,6,7,1,2,2,0.122330
kawasaki,1,6,0.798770,0.798773,0.000000,bellman,4.702950,21,9,1,2,2,0.310260
kawasaki,1,7,0.798810,0.798773,0.000034,bellman,14.055420,10,11,1,2,2,0.443910
kawasaki,1,8,0.835630,0.835626,0.000000,bellman,42.125030,26,13,1,2,2,1.208080
kawasaki,1,9,0.835670,0.835626,0.000041,bellman,126.363720,27,15,1,2,2,1.678060
kawasaki,1,2,0.672450,0.672446,0.000000,convex,0.044650,1,1,4,2,2,0.015190
kawasaki,1,3,0.672450,0.452292,0.220154,convex,0.169250,16,3,10,2,2,0.040780
kawasaki,1,4,0.748470,0.748446,0.000023,convex,0.586280,38,5,31,2,2,0.085190
kawasaki,1,5,0.748590,0.603008,0.145581,convex,2.134460,18,7,121,2,2,0.097730
kawasaki,1,6,0.798700,0.798653,0.000045,convex,17.348570,23,9,539,2,2,0.316700
kawasaki,1,7,0.798800,0.691898,0.106906,convex,942.875130,39,11,2532,2,2,0.329430
kolkata,0,2,0.952840,0.952838,0.000000,bellman,0.051920,0,1,1,2,2,0.017460
kolkata,0,3,0.952840,0.952838,0.000000,bellman,0.168160,55,3,1,2,2,0.034510
kolkata,0,4,0.992830,0.992830,0.000000,bellman,0.517480,4,5,1,2,2,0.074080
kolkata,0,5,0.993610,0.992830,0.000784,bellman,1.566040,56,7,1,2,2,0.117540
kolkata,0,6,0.998130,0.998127,0.000000,bellman,4.707880,21,9,1,2,2,0.288850
kolkata,0,7,0.999010,0.998127,0.000885,bellman,14.127340,57,11,1,2,2,0.422530
kolkata,0,8,0.999600,0.998907,0.000694,bellman,42.339210,30,13,1,2,2,1.037870
kolkata,0,9,0.999830,0.998907,0.000923,bellman,127.270320,58,15,1,2,2,1.698710
kolkata,0,2,0.951890,0.951889,0.000000,convex,0.044830,1,1,4,2,2,0.013570
kolkata,0,3,0.951890,0.907816,0.044077,convex,0.170890,16,3,8,2,2,0.034640
kolkata,0,4,0.991880,0.991880,0.000000,convex,0.585700,17,5,18,2,2,0.047880
kolkata,0,5,0.993610,0.986042,0.007571,convex,1.935090,18,7,47,2,2,0.087530
kolkata,0,6,0.997220,0.997178,0.000043,convex,6.622820,59,9,132,2,2,0.141390
kolkata,0,7,0.998990,0.996319,0.002668,convex,29.654500,24,11,375,2,2,0.269570
kolkata,1,2,0.995030,0.995033,0.000000,bellman,0.051810,0,1,1,2,2,0.017520
kolkata,1,3,0.995030,0.995033,0.000000,bellman,0.167500,2,3,1,2,2,0.026440
kolkata,1,4,0.999860,0.999860,0.000000,bellman,0.517820,4,5,1,2,2,0.075030
kolkata,1,5,0.999930,0.999860,0.000067,bellman,1.558340,6,7,1,2,2,0.115350
kolkata,1,6,0.999990,0.999931,0.000055,bellman,4.699020,8,9,1,2,2,0.276570
kolkata,1,7,1.000000,0.999931,0.000068,bellman,14.083680,10,11,1,2,2,0.419350
kolkata,1,8,1.000000,0.999932,0.000068,bellman,42.362990,12,13,1,2,2,1.009530
kolkata,1,9,1.000000,0.999932,0.000068,bellman,127.385070,14,15,1,2,2,1.687320
kolkata,1,2,0.994960,0.994965,0.000000,convex,0.044770,1,1,4,2,2,0.013290
kolkata,1,3,0.994960,0.990089,0.004875,convex,0.170200,16,3,8,2,2,0.034960
kolkata,1,4,0.999790,0.999792,0.000000,convex,0.583020,17,5,16,2,2,0.048090
kolkata,1,5,0.999930,0.999721,0.000206,convex,1.917220,18,7,41,2,2,0.088020
kolkata,1,6,0.999970,0.999863,0.000110,convex,6.353190,19,9,106,2,2,0.221780
kolkata,1,7,1.000000,0.999862,0.000137,convex,24.312640,20,11,358,2,2,0.262440
kyiv,0,2,0.998170,0.998171,0.000000,bellman,0.051570,0,1,1,2,2,0.019430
kyiv,0,3,0.998170,0.998171,0.000001,bellman,0.167470,2,3,1,2,2,0.028860
kyiv,0,4,0.999870,0.999871,0.000000,bellman,0.516740,4,5,1,2,2,0.080390
kyiv,0,5,0.999990,0.999871,0.000120,bellman,1.564980,6,7,1,2,2,0.122490
kyiv,0,6,1.000000,0.999879,0.000119,bellman,4.706950,8,9,1,2,2,0.293090
kyiv,0,7,1.000000,0.999879,0.000121,bellman,14.049380,10,11,1,2,2,0.445070
kyiv,0,8,1.000000,0.999879,0.000121,bellman,42.219600,32,13,1,2,2,0.914620
kyiv,0,9,1.000000,0.999879,0.000121,bellman,126.585490,33,15,1,2,2,1.644630
kyiv,0,2,0.998050,0.998050,0.000000,convex,0.044890,1,1,4,2,2,0.015110
kyiv,0,3,0.998050,0.996345,0.001707,convex,0.170520,16,3,8,2,2,0.039750
kyiv,0,4,0.999750,0.999750,0.000000,convex,0.583600,17,5,16,2,2,0.054420
kyiv,0,5,0.999990,0.999742,0.000249,convex,1.916400,18,7,41,2,2,0.097260
kyiv,0,6,1.000000,0.999759,0.000237,convex,6.291370,19,9,95,2,2,0.245680
kyiv,0,7,1.000000,0.999759,0.000241,convex,21.892290,20,11,250,2,2,0.289880
kyiv,1,2,0.503170,0.503173,0.000000,bellman,0.051900,0,1,1,2,2,0.019910
kyiv,1,3,0.503170,0.503174,-0.000001,bellman,0.168100,2,3,1,2,2,0.030320
kyiv,1,4,0.504760,0.504760,0.000000,bellman,0.517980,4,5,1,2,2,0.082920
kyiv,1,5,0.504760,0.504760,-0.000000,bellman,1.560600,6,7,1,2,2,0.126690
kyiv,1,6,0.505950,0.505950,0.000000,bellman,4.684960,21,9,1,2,2,0.323590
kyiv,1,7,0.505950,0.505950,-0.000000,bellman,14.130540,10,11,1,2,2,0.466370
kyiv,1,8,0.506940,0.506942,0.000000,bellman,42.414140,26,13,1,2,2,1.246420
kyiv,1,9,0.506940,0.506942,-0.000000,bellman,127.335930,27,15,1,2,2,1.708660
kyiv,1,2,0.503130,0.503127,0.000000,convex,0.044850,1,1,4,2,2,0.015200
kyiv,1,3,0.503130,0.253161,0.249966,convex,0.170480,16,3,10,2,2,0.040050
kyiv,1,4,0.504760,0.504714,0.000045,convex,0.590690,38,5,32,2,2,0.085590
kyiv,1,5,0.504760,0.317247,0.187514,convex,2.201280,18,7,131,2,2,0.098990
kyiv,1,6,0.505950,0.505904,0.000045,convex,21.056830,23,9,602,2,2,0.324190
kyiv,1,7,0.505950,0.349687,0.156263,convex,1335.617660,39,11,2814,2,2,0.336310
kyoto,0,2,0.995630,0.995635,0.000000,bellman,0.049720,0,1,1,2,2,0.017950
kyoto,0,3,0.995630,0.995635,0.000000,bellman,0.161460,2,3,1,2,2,0.027420
kyoto,0,4,0.999880,0.999879,0.000000,bellman,0.496560,4,5,1,2,2,0.076070
kyoto,0,5,0.999940,0.999879,0.000065,bellman,1.502050,6,7,1,2,2,0.116160
kyoto,0,6,0.999990,0.999933,0.000056,bellman,4.519110,8,9,1,2,2,0.278100
kyoto,0,7,1.000000,0.999933,0.000066,bellman,13.568900,10,11,1,2,2,0.422970
kyoto,0,8,1.000000,0.999934,0.000066,bellman,40.747150,12,13,1,2,2,1.025590
kyoto,0,9,1.000000,0.999934,0.000066,bellman,122.326290,14,15,1,2,2,1.714630
kyoto,0,2,0.995570,0.995569,0.000000,convex,0.043020,1,1,4,2,2,0.013780
kyoto,0,3,0.995570,0.991288,0.004281,convex,0.163680,16,3,8,2,2,0.036260
kyoto,0,4,0.999810,0.999813,0.000000,convex,0.565780,17,5,16,2,2,0.049580
kyoto,0,5,0.999940,0.999758,0.000186,convex,1.846850,18,7,41,2,2,0.089810
kyoto,0,6,0.999980,0.999867,0.000112,convex,6.113830,19,9,106,2,2,0.229070
kyoto,0,7,1.000000,0.999866,0.000132,convex,23.482550,20,11,369,2,2,0.271330
kyoto,1,2,0.579450,0.579446,0.000000,bellman,0.049710,0,1,1,2,2,0.019610
kyoto,1,3,0.579450,0.579446,0.000001,bellman,0.161310,2,3,1,2,2,0.029880
kyoto,1,4,0.618160,0.618165,0.000000,bellman,0.497730,4,5,1,2,2,0.081610
kyoto,1,5,0.618190,0.618165,0.000028,bellman,1.505140,6,7,1,2,2,0.125340
kyoto,1,6,0.646470,0.646470,0.000000,bellman,4.533570,21,9,1,2,2,0.317540
kyoto,1,7,0.646510,0.646470,0.000042,bellman,13.584060,10,11,1,2,2,0.454110
kyoto,1,8,0.669460,0.669461,0.000000,bellman,40.760910,26,13,1,2,2,1.223510
kyoto,1,9,0.669510,0.669461,0.000051,bellman,122.440320,27,15,1,2,2,1.684240
kyoto,1,2,0.579100,0.579105,0.000000,convex,0.043410,1,1,4,2,2,0.015130
kyoto,1,3,0.579110,0.335592,0.243515,convex,0.164290,16,3,10,2,2,0.040470
kyoto,1,4,0.618050,0.617824,0.000224,convex,0.570890,38,5,32,2,2,0.084650
kyoto,1,5,0.618190,0.439806,0.178387,convex,2.127930,18,7,127,2,2,0.098000
kyoto,1,6,0.646360,0.646129,0.000235,convex,19.987270,23,9,570,2,2,0.319740
kyoto,1,7,0.646510,0.501531,0.144979,convex,1237.039090,39,11,2732,2,2,0.332310
lagos,0,2,0.536190,0.536190,0.000000,bellman,0.051610,0,1,1,2,2,0.017320
lagos,0,3,0.536190,0.536190,0.000000,bellman,0.167690,2,3,1,2,2,0.025610
lagos,0,4,0.554190,0.554190,0.000000,bellman,0.515620,4,5,1,2,2,0.073260
lagos,0,5,0.554190,0.554190,0.000005,bellman,1.557460,6,7,1,2,2,0.111960
lagos,0,6,0.567620,0.567619,0.000000,bellman,4.672160,21,9,1,2,2,0.288590
lagos,0,7,0.567630,0.567619,0.000008,bellman,14.008970,10,11,1,2,2,0.413490
lagos,0,8,0.578750,0.578751,0.000000,bellman,42.270280,26,13,1,2,2,1.112010
lagos,0,9,0.578760,0.578751,0.000009,bellman,127.145960,27,15,1,2,2,1.539510
lagos,0,2,0.536050,0.536047,0.000000,convex,0.044910,1,1,4,2,2,0.012980
lagos,0,3,0.536050,0.287428,0.248619,convex,0.170340,16,3,10,2,2,0.034700
lagos,0,4,0.554170,0.554047,0.000122,convex,0.591960,38,5,32,2,2,0.073680
lagos,0,5,0.554190,0.368560,0.185635,convex,2.205530,18,7,131,2,2,0.086720
lagos,0,6,0.567600,0.567476,0.000122,convex,21.820200,23,9,600,2,2,0.278320
lagos,0,7,0.567630,0.413714,0.153912,convex,1416.251940,39,11,2818,2,2,0.295290
lagos,1,2,0.983160,0.983157,0.000000,bellman,0.053050,0,1,1,2,2,0.017360
lagos,1,3,0.983160,0.983157,-0.000001,bellman,0.172090,2,3,1,2,2,0.025530
lagos,1,4,0.999030,0.999025,0.000000,bellman,0.530920,4,5,1,2,2,0.074320
lagos,1,5,0.999160,0.999025,0.000137,bellman,1.604510,6,7,1,2,2,0.112960
lagos,1,6,0.999810,0.999807,0.000007,bellman,4.826310,8,9,1,2,2,0.271540
lagos,1,7,0.999950,0.999807,0.000144,bellman,14.448150,10,11,1,2,2,0.415620
lagos,1,8,0.999980,0.999850,0.000133,bellman,43.379990,12,13,1,2,2,0.996910
lagos,1,9,1.000000,0.999850,0.000146,bellman,130.433170,14,15,1,2,2,1.671740
lagos,1,2,0.983010,0.983010,0.000000,convex,0.044620,1,1,4,2,2,0.012900
lagos,1,3,0.983010,0.966594,0.016415,convex,0.170490,16,3,8,2,2,0.034160
lagos,1,4,0.998880,0.998878,0.000000,convex,0.584320,17,5,16,2,2,0.046870
lagos,1,5,0.999160,0.998069,0.001093,convex,1.919040,18,7,42,2,2,0.085110
lagos,1,6,0.999670,0.999660,0.000014,convex,6.382480,19,9,105,2,2,0.215420
lagos,1,7,0.999950,0.999615,0.000334,convex,24.409080,24,11,321,2,2,0.264680
lima,0,2,0.983310,0.983312,0.000000,bellman,0.051650,0,1,1,2,2,0.017350
lima,0,3,0.983310,0.983313,-0.000001,bellman,0.166820,2,3,1,2,2,0.025560
lima,0,4,0.999090,0.999092,0.000000,bellman,0.514740,4,5,1,2,2,0.073720
lima,0,5,0.999180,0.999092,0.000084,bellman,1.549570,6,7,1,2,2,0.111560
lima,0,6,0.999860,0.999865,0.000000,bellman,4.678640,21,9,1,2,2,0.287740
lima,0,7,0.999950,0.999865,0.000088,bellman,14.098020,10,11,1,2,2,0.409780
lima,0,8,0.999990,0.999907,0.000079,bellman,42.201670,22,13,1,2,2,1.104840
lima,0,9,1.000000,0.999907,0.000090,bellman,126.581440,14,15,1,2,2,1.674900
lima,0,2,0.983220,0.983222,0.000000,convex,0.044650,1,1,4,2,2,0.012890
lima,0,3,0.983220,0.966901,0.016321,convex,0.169970,16,3,8,2,2,0.034320
lima,0,4,0.999000,0.999002,0.000000,convex,0.584190,17,5,19,2,2,0.047090
lima,0,5,0.999180,0.998202,0.000973,convex,1.933770,18,7,50,2,2,0.087300
lima,0,6,0.999770,0.999774,0.000000,convex,6.737840,23,9,148,2,2,0.279950
lima,0,7,0.999950,0.999731,0.000221,convex,34.533350,24,11,443,2,2,0.273030
lima,1,2,0.942200,0.942200,0.000000,bellman,0.051900,0,1,1,2,2,0.017690
lima,1,3,0.942200,0.942200,-0.000001,bellman,0.167780,2,3,1,2,2,0.026260
lima,1,4,0.990130,0.990128,0.000000,bellman,0.517460,4,5,1,2,2,0.074310
lima,1,5,0.990400,0.990128,0.000267,bellman,1.564090,6,7,1,2,2,0.113970
lima,1,6,0.997920,0.997921,0.000000,bellman,4.702210,21,9,1,2,2,0.290300
lima,1,7,0.998230,0.997921,0.000309,bellman,14.129100,10,11,1,2,2,0.420130
lima,1,8,0.999500,0.999328,0.000167,bellman,42.434950,22,13,1,2,2,1.101520
lima,1,9,0.999650,0.999328,0.000325,bellman,127.300460,14,15,1,2,2,1.677680
lima,1,2,0.941860,0.941860,0.000000,convex,0.044870,1,1,4,2,2,0.012820
lima,1,3,0.941860,0.887703,0.054156,convex,0.170920,16,3,10,2,2,0.033800
lima,1,4,0.989790,0.989789,0.000000,convex,0.590810,17,5,27,2,2,0.046960
lima,1,5,0.990400,0.980984,0.009411,convex,2.039370,18,7,72,2,2,0.086640
lima,1,6,0.997580,0.997581,0.000001,convex,8.086410,23,9,207,2,2,0.275350
lima,1,7,0.998220,0.995991,0.002229,convex,60.525010,24,11,614,2,2,0.266700
london,0,2,0.834740,0.834742,0.000000,bellman,0.051400,0,1,1,2,2,0.017260
london,0,3,0.834740,0.834742,0.000001,bellman,0.167000,2,3,1,2,2,0.025350
london,0,4,0.926980,0.926981,0.000000,bellman,0.512690,4,5,1,2,2,0.072800
london,0,5,0.927170,0.926981,0.000187,bellman,1.551180,6,7,1,2,2,0.111100
london,0,6,0.965110,0.965105,0.000000,bellman,4.666950,21,9,1,2,2,0.288540
london,0,7,0.965360,0.965105,0.000254,bellman,14.008350,10,11,1,2,2,0.414250
london,0,8,0.982610,0.982614,0.000000,bellman,42.301300,26,13,1,2,2,1.112380
london,0,9,0.982900,0.982614,0.000283,bellman,127.063370,27,15,1,2,2,1.536380
london,0,2,0.834360,0.834358,0.000000,convex,0.044950,1,1,4,2,2,0.013030
london,0,3,0.834360,0.696689,0.137670,convex,0.170500,16,3,10,2,2,0.034100
london,0,4,0.926600,0.926596,0.000000,convex,0.591950,17,5,30,2,2,0.047700
london,0,5,0.927170,0.869694,0.057473,convex,2.113740,18,7,104,2,2,0.086050
london,0,6,0.964740,0.964721,0.000023,convex,12.659600,23,9,378,2,2,0.275840
london,0,7,0.965350,0.938588,0.026766,convex,293.831720,24,11,1337,2,2,0.268310
london,1,2,0.982920,0.982922,0.000000,bellman,0.052540,0,1,1,2,2,0.017030
london,1,3,0.982920,0.982922,-0.000001,bellman,0.170320,2,3,1,2,2,0.025940
london,1,4,0.998750,0.998751,0.000000,bellman,0.523810,4,5,1,2,2,0.074330
london,1,5,0.999150,0.998751,0.000397,bellman,1.581840,6,7,1,2,2,0.112240
london,1,6,0.999800,0.999529,0.000267,bellman,4.761640,8,9,1,2,2,0.270480
london,1,7,0.999950,0.999529,0.000416,bellman,14.286090,10,11,1,2,2,0.412640
london,1,8,0.999980,0.999572,0.000410,bellman,42.777200,12,13,1,2,2,0.995710
london,1,9,1.000000,0.999572,0.000423,bellman,128.344920,14,15,1,2,2,1.668040
london,1,2,0.982500,0.982496,0.000000,convex,0.044570,1,1,4,2,2,0.012860
london,1,3,0.982500,0.966121,0.016375,convex,0.169780,16,3,8,2,2,0.033690
london,1,4,0.998330,0.998326,0.000000,convex,0.584110,17,5,16,2,2,0.047710
london,1,5,0.999150,0.997520,0.001627,convex,1.912620,18,7,41,2,2,0.085580
london,1,6,0.999640,0.999104,0.000535,convex,6.310250,19,9,106,2,2,0.214440
london,1,7,0.999940,0.999060,0.000885,convex,23.730970,31,11,334,2,2,0.251520
makarresh,0,2,0.997220,0.997225,0.000000,bellman,0.051860,0,1,1,2,2,0.019000
makarresh,0,3,0.997220,0.997225,0.000001,bellman,0.168290,2,3,1,2,2,0.028540
makarresh,0,4,0.999890,0.999889,0.000000,bellman,0.516830,4,5,1,2,2,0.079350
makarresh,0,5,0.999980,0.999889,0.000089,bellman,1.563570,6,7,1,2,2,0.120600
makarresh,0,6,1.000000,0.999910,0.000085,bellman,4.701810,8,9,1,2,2,0.289190
makarresh,0,7,1.000000,0.999910,0.000090,bellman,14.106320,10,11,1,2,2,0.446300
makarresh,0,8,1.000000,0.999910,0.000090,bellman,41.881350,12,13,1,2,2,1.059520
makarresh,0,9,1.000000,0.999910,0.000090,bellman,122.741040,33,15,1,2,2,1.621980
makarresh,0,2,0.997140,0.997135,0.000000,convex,0.043020,1,1,4,2,2,0.014400
makarresh,0,3,0.997140,0.994457,0.002679,convex,0.163180,16,3,8,2,2,0.038290
makarresh,0,4,0.999800,0.999799,0.000000,convex,0.562330,17,5,16,2,2,0.052880
makarresh,0,5,0.999980,0.999778,0.000200,convex,1.843080,18,7,41,2,2,0.095780
makarresh,0,6,0.999990,0.999821,0.000170,convex,6.067620,19,9,106,2,2,0.237120
makarresh,0,7,1.000000,0.999821,0.000179,convex,22.612190,20,11,349,2,2,0.283220
makarresh,1,2,0.525800,0.525798,0.000000,bellman,0.049620,0,1,1,2,2,0.019450
makarresh,1,3,0.525800,0.525797,0.000001,bellman,0.161820,2,3,1,2,2,0.029130
makarresh,1,4,0.538660,0.538661,0.000000,bellman,0.498130,4,5,1,2,2,0.081280
makarresh,1,5,0.538820,0.538661,0.000162,bellman,1.502740,6,7,1,2,2,0.124220
makarresh,1,6,0.548280,0.548282,0.000000,bellman,4.523770,21,9,1,2,2,0.315180
makarresh,1,7,0.548520,0.548282,0.000242,bellman,13.634830,10,11,1,2,2,0.454690
makarresh,1,8,0.556280,0.556278,0.000000,bellman,40.830640,26,13,1,2,2,1.218870
makarresh,1,9,0.556570,0.556278,0.000293,bellman,124.169840,27,15,1,2,2,1.700280
makarresh,1,2,0.519560,0.519565,0.000000,convex,0.044810,1,1,4,2,2,0.014970
makarresh,1,3,0.519720,0.273355,0.246366,convex,0.169750,16,3,10,2,2,0.039980
makarresh,1,4,0.537960,0.532428,0.005529,convex,0.590740,38,5,32,2,2,0.084880
makarresh,1,5,0.538740,0.348275,0.190470,convex,2.182520,18,7,138,2,2,0.098190
makarresh,1,6,0.547560,0.542050,0.005514,convex,21.728280,23,9,575,2,2,0.317380
makarresh,1,7,0.548450,0.389007,0.159444,convex,714.695580,39,11,1554,2,2,0.331300
melbourne,0,2,0.973300,0.973302,0.000000,bellman,0.049570,0,1,1,2,2,0.017140
melbourne,0,3,0.973300,0.973302,-0.000001,bellman,0.160960,2,3,1,2,2,0.025270
melbourne,0,4,0.997720,0.997722,0.000000,bellman,0.496370,4,5,1,2,2,0.072180
melbourne,0,5,0.997910,0.997722,0.000188,bellman,1.499160,6,7,1,2,2,0.111150
melbourne,0,6,0.999610,0.999612,0.000000,bellman,4.507440,21,9,1,2,2,0.286510
melbourne,0,7,0.999810,0.999612,0.000202,bellman,13.593550,10,11,1,2,2,0.408510
melbourne,0,8,0.999940,0.999774,0.000170,bellman,40.738900,22,13,1,2,2,1.084010
melbourne,0,9,0.999980,0.999774,0.000207,bellman,122.117570,14,15,1,2,2,1.657970
melbourne,0,2,0.973090,0.973092,0.000000,convex,0.043230,1,1,4,2,2,0.012900
melbourne,0,3,0.973090,0.947305,0.025786,convex,0.162910,16,3,8,2,2,0.034040
melbourne,0,4,0.997510,0.997512,0.000000,convex,0.561860,17,5,19,2,2,0.046870
melbourne,0,5,0.997910,0.995517,0.002392,convex,1.856850,18,7,50,2,2,0.085040
melbourne,0,6,0.999400,0.999402,0.000000,convex,6.524070,23,9,148,2,2,0.271000
melbourne,0,7,0.999810,0.999231,0.000579,convex,34.066990,24,11,443,2,2,0.263280
melbourne,1,2,0.812880,0.812880,0.000000,bellman,0.049480,0,1,1,2,2,0.017170
melbourne,1,3,0.812880,0.812880,0.000001,bellman,0.160780,2,3,1,2,2,0.025590
melbourne,1,4,0.907860,0.907858,0.000000,bellman,0.495230,4,5,1,2,2,0.073020
melbourne,1,5,0.908220,0.907858,0.000362,bellman,1.496320,6,7,1,2,2,0.111720
melbourne,1,6,0.951110,0.951106,0.000000,bellman,4.537030,21,9,1,2,2,0.286780
melbourne,1,7,0.951610,0.951106,0.000503,bellman,13.597890,10,11,1,2,2,0.408690
melbourne,1,8,0.972990,0.972986,0.000000,bellman,40.741050,26,13,1,2,2,1.112830
melbourne,1,9,0.973550,0.972986,0.000568,bellman,122.274930,27,15,1,2,2,1.533550
melbourne,1,2,0.812050,0.812051,0.000000,convex,0.043030,1,1,4,2,2,0.012950
melbourne,1,3,0.812050,0.660522,0.151532,convex,0.162770,16,3,10,2,2,0.033870
melbourne,1,4,0.907030,0.907029,0.000000,convex,0.574740,17,5,29,2,2,0.047000
melbourne,1,5,0.908220,0.838031,0.070188,convex,2.019460,18,7,96,2,2,0.085980
melbourne,1,6,0.950350,0.950276,0.000070,convex,10.648330,23,9,331,2,2,0.274470
melbourne,1,7,0.951600,0.915368,0.036230,convex,184.951450,28,11,1117,2,2,0.292390
manhattan,0,2,0.596220,0.596222,0.000000,bellman,0.055060,0,1,1,2,2,0.018430
manhattan,0,3,0.596220,0.596222,-0.000001,bellman,0.178550,2,3,1,2,2,0.027640
manhattan,0,4,0.642550,0.642548,0.000000,bellman,0.544000,4,5,1,2,2,0.076060
manhattan,0,5,0.642590,0.642548,0.000040,bellman,1.672150,6,7,1,2,2,0.117100
manhattan,0,6,0.676000,0.676004,0.000000,bellman,5.094340,21,9,1,2,2,0.301270
manhattan,0,7,0.676060,0.676004,0.000060,bellman,15.220080,10,11,1,2,2,0.429050
manhattan,0,8,0.702850,0.702849,0.000000,bellman,45.787900,26,13,1,2,2,1.165630
manhattan,0,9,0.702920,0.702849,0.000073,bellman,142.058360,27,15,1,2,2,1.630770
manhattan,0,2,0.595820,0.595815,0.000000,convex,0.050160,1,1,4,2,2,0.014180
manhattan,0,3,0.595820,0.355285,0.240531,convex,0.189540,16,3,10,2,2,0.037540
manhattan,0,4,0.642380,0.642141,0.000235,convex,0.654030,38,5,32,2,2,0.080090
manhattan,0,5,0.642590,0.468435,0.174152,convex,2.425500,18,7,127,2,2,0.094430
manhattan,0,6,0.675850,0.675597,0.000255,convex,22.550620,23,9,586,2,2,0.302260
manhattan,0,7,0.676060,0.536212,0.139849,convex,1511.937350,39,11,2779,2,2,0.317450
manhattan,1,2,0.993540,0.993538,0.000000,bellman,0.059280,0,1,1,2,2,0.018810
manhattan,1,3,0.993540,0.993538,0.000001,bellman,0.193400,2,3,1,2,2,0.028220
manhattan,1,4,0.999720,0.999717,0.000000,bellman,0.585190,4,5,1,2,2,0.079150
manhattan,1,5,0.999880,0.999717,0.000161,bellman,1.780600,6,7,1,2,2,0.121530
manhattan,1,6,0.999970,0.999833,0.000141,bellman,5.388940,8,9,1,2,2,0.290040
manhattan,1,7,1.000000,0.999833,0.000164,bellman,15.875310,10,11,1,2,2,0.439190
manhattan,1,8,1.000000,0.999835,0.000164,bellman,47.309710,12,13,1,2,2,1.042460
manhattan,1,9,1.000000,0.999835,0.000165,bellman,142.987210,14,15,1,2,2,1.742680
manhattan,1,2,0.993370,0.993373,0.000000,convex,0.049350,1,1,4,2,2,0.013910
manhattan,1,3,0.993370,0.987115,0.006259,convex,0.183940,16,3,8,2,2,0.036730
manhattan,1,4,0.999550,0.999552,0.000000,convex,0.642150,17,5,16,2,2,0.050540
manhattan,1,5,0.999880,0.999435,0.000442,convex,2.167550,18,7,41,2,2,0.091150
manhattan,1,6,0.999950,0.999669,0.000283,convex,7.207150,19,9,106,2,2,0.231180
manhattan,1,7,1.000000,0.999666,0.000330,convex,27.388480,20,11,372,2,2,0.274570
manila,0,2,0.903300,0.903299,0.000000,bellman,0.058040,0,1,1,2,2,0.017250
manila,0,3,0.903300,0.903299,0.000000,bellman,0.187090,2,3,1,2,2,0.025230
manila,0,4,0.973560,0.973559,0.000000,bellman,0.576060,4,5,1,2,2,0.071940
manila,0,5,0.973810,0.973559,0.000248,bellman,1.782510,6,7,1,2,2,0.111250
manila,0,6,0.991920,0.991920,0.000000,bellman,5.306140,21,9,1,2,2,0.284760
manila,0,7,0.992230,0.991920,0.000309,bellman,15.854350,10,11,1,2,2,0.408820
manila,0,8,0.997250,0.997251,0.000000,bellman,46.672020,26,13,1,2,2,1.110410
manila,0,9,0.997580,0.997251,0.000334,bellman,141.891980,14,15,1,2,2,1.656030
manila,0,2,0.902930,0.902926,0.000000,convex,0.051050,1,1,4,2,2,0.012820
manila,0,3,0.902930,0.815884,0.087043,convex,0.193760,16,3,10,2,2,0.033640
manila,0,4,0.973190,0.973186,0.000000,convex,0.670330,17,5,27,2,2,0.046600
manila,0,5,0.973810,0.950440,0.023367,convex,2.327850,18,7,82,2,2,0.085370
manila,0,6,0.991550,0.991547,0.000005,convex,10.562000,23,9,282,2,2,0.272710
manila,0,7,0.992220,0.984942,0.007277,convex,134.009070,24,11,881,2,2,0.263920
manila,1,2,0.985500,0.985497,0.000000,bellman,0.057460,0,1,1,2,2,0.016830
manila,1,3,0.985500,0.985497,0.000000,bellman,0.186920,2,3,1,2,2,0.025420
manila,1,4,0.999280,0.999278,0.000000,bellman,0.579900,4,5,1,2,2,0.072840
manila,1,5,0.999380,0.999278,0.000100,bellman,1.737650,6,7,1,2,2,0.111250
manila,1,6,0.999870,0.999865,0.000002,bellman,5.240870,8,9,1,2,2,0.269760
manila,1,7,0.999970,0.999865,0.000104,bellman,15.579300,10,11,1,2,2,0.409400
manila,1,8,0.999990,0.999893,0.000097,bellman,46.408320,12,13,1,2,2,0.990650
manila,1,9,1.000000,0.999893,0.000106,bellman,138.184620,14,15,1,2,2,1.659180
manila,1,2,0.985390,0.985391,0.000000,convex,0.048220,1,1,4,2,2,0.013240
manila,1,3,0.985390,0.971201,0.014190,convex,0.183000,16,3,8,2,2,0.034020
manila,1,4,0.999170,0.999172,0.000000,convex,0.629350,17,5,17,2,2,0.047660
manila,1,5,0.999380,0.998568,0.000810,convex,2.061810,18,7,42,2,2,0.086030
manila,1,6,0.999760,0.999759,0.000005,convex,6.863080,19,9,112,2,2,0.216750
manila,1,7,0.999970,0.999730,0.000237,convex,27.393970,24,11,326,2,2,0.267640
montreal,0,2,0.992820,0.992821,0.000000,bellman,0.055230,0,1,1,2,2,0.017480
montreal,0,3,0.992820,0.992821,-0.000001,bellman,0.179100,2,3,1,2,2,0.026080
montreal,0,4,0.999770,0.999769,0.000000,bellman,0.551140,4,5,1,2,2,0.075990
montreal,0,5,0.999850,0.999769,0.000078,bellman,1.670780,6,7,1,2,2,0.116200
montreal,0,6,0.999970,0.999916,0.000053,bellman,5.024260,8,9,1,2,2,0.282040
montreal,0,7,1.000000,0.999916,0.000079,bellman,15.124610,10,11,1,2,2,0.421940
montreal,0,8,1.000000,0.999919,0.000079,bellman,46.269290,12,13,1,2,2,1.017150
montreal,0,9,1.000000,0.999919,0.000080,bellman,144.126540,14,15,1,2,2,1.705350
montreal,0,2,0.992740,0.992740,0.000000,convex,0.051140,1,1,4,2,2,0.013320
montreal,0,3,0.992740,0.985692,0.007047,convex,0.193240,16,3,8,2,2,0.034600
montreal,0,4,0.999690,0.999689,0.000000,convex,0.663220,17,5,16,2,2,0.048060
montreal,0,5,0.999850,0.999539,0.000307,convex,2.172960,18,7,41,2,2,0.087860
montreal,0,6,0.999940,0.999835,0.000107,convex,7.086890,19,9,106,2,2,0.221400
montreal,0,7,1.000000,0.999832,0.000163,convex,27.146450,31,11,340,2,2,0.256800
montreal,1,2,0.903210,0.903208,0.000000,bellman,0.058270,0,1,1,2,2,0.017280
montreal,1,3,0.903210,0.903208,0.000000,bellman,0.187040,2,3,1,2,2,0.025980
montreal,1,4,0.973650,0.973648,0.000000,bellman,0.574670,4,5,1,2,2,0.075420
montreal,1,5,0.973720,0.973648,0.000076,bellman,1.745350,6,7,1,2,2,0.113780
montreal,1,6,0.992110,0.992106,0.000000,bellman,5.348880,21,9,1,2,2,0.291890
montreal,1,7,0.992200,0.992106,0.000094,bellman,15.925430,10,11,1,2,2,0.417190
montreal,1,8,0.997480,0.997481,0.000000,bellman,47.163660,26,13,1,2,2,1.138400
montreal,1,9,0.997580,0.997481,0.000102,bellman,142.381830,14,15,1,2,2,1.686370
montreal,1,2,0.903090,0.903094,0.000000,convex,0.050300,1,1,4,2,2,0.013230
montreal,1,3,0.903090,0.815765,0.087329,convex,0.192890,16,3,10,2,2,0.034820
montreal,1,4,0.973530,0.973534,0.000000,convex,0.670510,17,5,29,2,2,0.049180
montreal,1,5,0.973720,0.950649,0.023074,convex,2.367820,18,7,96,2,2,0.087770
montreal,1,6,0.991990,0.991992,0.000001,convex,12.358690,23,9,341,2,2,0.281410
montreal,1,7,0.992200,0.985329,0.006868,convex,242.799390,24,11,1254,2,2,0.272130
mumbai,0,2,0.986890,0.986893,0.000000,bellman,0.057170,0,1,1,2,2,0.017510
mumbai,0,3,0.986890,0.986893,0.000000,bellman,0.184310,2,3,1,2,2,0.025310
mumbai,0,4,0.999390,0.999388,0.000000,bellman,0.561120,4,5,1,2,2,0.074170
mumbai,0,5,0.999490,0.999388,0.000104,bellman,1.685460,6,7,1,2,2,0.112650
mumbai,0,6,0.999890,0.999868,0.000024,bellman,5.077010,8,9,1,2,2,0.270170
mumbai,0,7,0.999980,0.999868,0.000108,bellman,16.033290,10,11,1,2,2,0.411200
mumbai,0,8,0.999990,0.999889,0.000104,bellman,46.316090,12,13,1,2,2,0.994720
mumbai,0,9,1.000000,0.999889,0.000110,bellman,140.193770,14,15,1,2,2,1.684510
mumbai,0,2,0.986780,0.986783,0.000000,convex,0.050250,1,1,4,2,2,0.012940
mumbai,0,3,0.986780,0.973955,0.012828,convex,0.190050,16,3,8,2,2,0.034740
mumbai,0,4,0.999280,0.999278,0.000000,convex,0.653630,17,5,16,2,2,0.047550
mumbai,0,5,0.999490,0.998784,0.000708,convex,2.144310,18,7,42,2,2,0.086090
mumbai,0,6,0.999810,0.999758,0.000048,convex,7.020410,19,9,106,2,2,0.216170
mumbai,0,7,0.999980,0.999737,0.000239,convex,27.105670,29,11,328,2,2,0.395500
mumbai,1,2,0.898730,0.898729,0.000000,bellman,0.055890,0,1,1,2,2,0.017300
mumbai,1,3,0.898730,0.898729,0.000001,bellman,0.180700,2,3,1,2,2,0.026110
mumbai,1,4,0.971260,0.971265,0.000000,bellman,0.571410,4,5,1,2,2,0.074440
mumbai,1,5,0.971320,0.971265,0.000058,bellman,1.735140,6,7,1,2,2,0.112790
mumbai,1,6,0.991060,0.991058,0.000000,bellman,5.269730,21,9,1,2,2,0.288970
mumbai,1,7,0.991130,0.991058,0.000073,bellman,15.747920,10,11,1,2,2,0.413180
mumbai,1,8,0.997060,0.997060,0.000000,bellman,46.269450,26,13,1,2,2,1.122360
mumbai,1,9,0.997140,0.997060,0.000079,bellman,138.788310,14,15,1,2,2,1.699920
mumbai,1,2,0.898640,0.898641,0.000000,convex,0.050520,1,1,4,2,2,0.013010
mumbai,1,3,0.898640,0.807698,0.090943,convex,0.191900,16,3,10,2,2,0.035020
mumbai,1,4,0.971180,0.971177,0.000000,convex,0.666370,17,5,30,2,2,0.047380
mumbai,1,5,0.971320,0.946361,0.024962,convex,2.309970,18,7,104,2,2,0.086840
mumbai,1,6,0.990970,0.990970,0.000001,convex,13.759670,23,9,376,2,2,0.279200
mumbai,1,7,0.991130,0.983446,0.007683,convex,303.878560,24,11,1392,2,2,0.266700
nairobi,0,2,0.941820,0.941824,0.000000,bellman,0.054890,0,1,1,2,2,0.017030
nairobi,0,3,0.941820,0.941825,0.000000,bellman,0.178540,55,3,1,2,2,0.034140
nairobi,0,4,0.990100,0.990104,0.000000,bellman,0.548510,4,5,1,2,2,0.074510
nairobi,0,5,0.990260,0.990104,0.000156,bellman,1.658290,56,7,1,2,2,0.116530
nairobi,0,6,0.998020,0.998017,0.000000,bellman,4.987050,21,9,1,2,2,0.288330
nairobi,0,7,0.998200,0.998017,0.000180,bellman,14.951380,57,11,1,2,2,0.414650
nairobi,0,8,0.999520,0.999458,0.000066,bellman,45.727660,22,13,1,2,2,1.087940
nairobi,0,9,0.999650,0.999458,0.000190,bellman,137.059620,58,15,1,2,2,1.676350
nairobi,0,2,0.941630,0.941626,0.000000,convex,0.048110,1,1,4,2,2,0.013370
nairobi,0,3,0.941630,0.887012,0.054614,convex,0.181940,1,3,10,2,2,0.013100
nairobi,0,4,0.989910,0.989905,0.000000,convex,0.631070,17,5,27,2,2,0.047390
nairobi,0,5,0.990260,0.980953,0.009305,convex,2.216650,18,7,78,2,2,0.085810
nairobi,0,6,0.997820,0.997818,0.000001,convex,9.459070,23,9,252,2,2,0.276400
nairobi,0,7,0.998190,0.996188,0.002004,convex,103.788790,24,11,742,2,2,0.266460
nairobi,1,2,0.981440,0.981444,0.000000,bellman,0.066110,0,1,1,2,2,0.017470
nairobi,1,3,0.981440,0.981444,0.000001,bellman,0.212240,2,3,1,2,2,0.026140
nairobi,1,4,0.998740,0.998743,0.000000,bellman,0.626770,4,5,1,2,2,0.073700
nairobi,1,5,0.998990,0.998743,0.000247,bellman,1.926610,6,7,1,2,2,0.113270
nairobi,1,6,0.999770,0.999675,0.000092,bellman,5.562620,8,9,1,2,2,0.270320
nairobi,1,7,0.999930,0.999675,0.000260,bellman,16.708910,10,11,1,2,2,0.413080
nairobi,1,8,0.999980,0.999731,0.000248,bellman,48.851980,12,13,1,2,2,0.997960
nairobi,1,9,0.999990,0.999731,0.000265,bellman,146.544860,14,15,1,2,2,1.655050
nairobi,1,2,0.981180,0.981179,0.000000,convex,0.050290,1,1,4,2,2,0.012840
nairobi,1,3,0.981180,0.963223,0.017957,convex,0.193300,16,3,8,2,2,0.034140
nairobi,1,4,0.998480,0.998477,0.000000,convex,0.661210,17,5,16,2,2,0.046760
nairobi,1,5,0.998990,0.997509,0.001480,convex,2.154050,18,7,42,2,2,0.086120
nairobi,1,6,0.999590,0.999409,0.000183,convex,7.316570,19,9,106,2,2,0.216230
nairobi,1,7,0.999930,0.999351,0.000582,convex,28.937460,29,11,328,2,2,0.395340
osaka,0,2,0.558470,0.558470,0.000000,bellman,0.061100,0,1,1,2,2,0.017690
osaka,0,3,0.558470,0.558470,0.000000,bellman,0.196970,2,3,1,2,2,0.025820
osaka,0,4,0.587270,0.587266,0.000000,bellman,0.615090,4,5,1,2,2,0.073550
osaka,0,5,0.588640,0.587266,0.001370,bellman,1.857940,6,7,1,2,2,0.113070
osaka,0,6,0.608540,0.608538,0.000000,bellman,5.454600,21,9,1,2,2,0.288060
osaka,0,7,0.610590,0.608538,0.002055,bellman,16.059530,10,11,1,2,2,0.414470
osaka,0,8,0.626000,0.625998,0.000000,bellman,49.009730,26,13,1,2,2,1.127470
osaka,0,9,0.628480,0.625998,0.002482,bellman,146.743830,27,15,1,2,2,1.547210
osaka,0,2,0.535390,0.535387,0.000000,convex,0.051310,1,1,4,2,2,0.013090
osaka,0,3,0.537520,0.300513,0.237006,convex,0.195760,16,3,10,2,2,0.034620
osaka,0,4,0.581130,0.564183,0.016950,convex,0.686010,38,5,31,2,2,0.074260
osaka,0,5,0.587570,0.390675,0.196895,convex,2.420950,18,7,86,2,2,0.087140
osaka,0,6,0.602150,0.585455,0.016695,convex,10.868280,23,9,218,2,2,0.279040
osaka,0,7,0.609610,0.443038,0.166570,convex,79.794190,39,11,530,2,2,0.295370
osaka,1,2,0.996330,0.996332,0.000000,bellman,0.060290,0,1,1,2,2,0.017240
osaka,1,3,0.996330,0.996332,-0.000001,bellman,0.196210,2,3,1,2,2,0.026100
osaka,1,4,0.999890,0.999893,0.000000,bellman,0.612300,4,5,1,2,2,0.075740
osaka,1,5,0.999960,0.999893,0.000067,bellman,1.823300,6,7,1,2,2,0.114070
osaka,1,6,0.999990,0.999931,0.000061,bellman,5.434070,8,9,1,2,2,0.273910
osaka,1,7,1.000000,0.999931,0.000068,bellman,16.486130,10,11,1,2,2,0.418640
osaka,1,8,1.000000,0.999931,0.000068,bellman,50.280850,12,13,1,2,2,1.005470
osaka,1,9,1.000000,0.999931,0.000068,bellman,147.495770,14,15,1,2,2,1.705980
osaka,1,2,0.996260,0.996263,0.000000,convex,0.053210,1,1,4,2,2,0.013550
osaka,1,3,0.996260,0.992677,0.003586,convex,0.202110,16,3,8,2,2,0.036000
osaka,1,4,0.999820,0.999824,0.000000,convex,0.685620,17,5,16,2,2,0.049030
osaka,1,5,0.999960,0.999786,0.000174,convex,2.240810,18,7,41,2,2,0.088980
osaka,1,6,0.999980,0.999863,0.000121,convex,7.342270,19,9,106,2,2,0.224830
osaka,1,7,1.000000,0.999862,0.000136,convex,27.804010,20,11,379,2,2,0.268250
oslo,0,2,0.992170,0.992172,0.000000,bellman,0.073180,0,1,1,2,2,0.017410
oslo,0,3,0.992170,0.992172,0.000000,bellman,0.185640,2,3,1,2,2,0.026450
oslo,0,4,0.999690,0.999693,0.000000,bellman,0.548290,4,5,1,2,2,0.074130
oslo,0,5,0.999820,0.999693,0.000126,bellman,1.662890,6,7,1,2,2,0.113370
oslo,0,6,0.999960,0.999865,0.000097,bellman,5.126900,8,9,1,2,2,0.272750
oslo,0,7,0.999990,0.999865,0.000129,bellman,15.333690,10,11,1,2,2,0.415360
oslo,0,8,1.000000,0.999870,0.000129,bellman,46.120750,12,13,1,2,2,1.003170
oslo,0,9,1.000000,0.999870,0.000130,bellman,142.964190,14,15,1,2,2,1.665920
oslo,0,2,0.992040,0.992042,0.000000,convex,0.050050,1,1,4,2,2,0.012900
oslo,0,3,0.992040,0.984403,0.007639,convex,0.190220,16,3,8,2,2,0.034600
oslo,0,4,0.999560,0.999563,0.000000,convex,0.652630,17,5,16,2,2,0.047830
oslo,0,5,0.999820,0.999388,0.000431,convex,2.136620,18,7,41,2,2,0.085500
oslo,0,6,0.999930,0.999735,0.000195,convex,7.067340,19,9,106,2,2,0.217210
oslo,0,7,0.999990,0.999731,0.000263,convex,27.270120,20,11,351,2,2,0.259910
oslo,1,2,0.970480,0.970481,0.000000,bellman,0.057540,0,1,1,2,2,0.017260
oslo,1,3,0.970480,0.970481,0.000000,bellman,0.186080,2,3,1,2,2,0.025770
oslo,1,4,0.997330,0.997332,0.000000,bellman,0.577710,4,5,1,2,2,0.074490
oslo,1,5,0.997440,0.997332,0.000112,bellman,1.743100,6,7,1,2,2,0.112470
oslo,1,6,0.999630,0.999631,0.000000,bellman,5.365200,21,9,1,2,2,0.287010
oslo,1,7,0.999750,0.999631,0.000121,bellman,16.130990,10,11,1,2,2,0.417240
oslo,1,8,0.999940,0.999850,0.000094,bellman,48.076940,22,13,1,2,2,1.085800
oslo,1,9,0.999970,0.999850,0.000125,bellman,143.378520,14,15,1,2,2,1.678720
oslo,1,2,0.970360,0.970355,0.000000,convex,0.051730,1,1,4,2,2,0.013150
oslo,1,3,0.970360,0.941827,0.028529,convex,0.195970,16,3,10,2,2,0.034320
oslo,1,4,0.997210,0.997206,0.000000,convex,0.678970,17,5,26,2,2,0.047400
oslo,1,5,0.997440,0.994764,0.002680,convex,2.330060,18,7,68,2,2,0.085690
oslo,1,6,0.999510,0.999505,0.000000,convex,8.973280,23,9,193,2,2,0.278900
oslo,1,7,0.999750,0.999273,0.000477,convex,60.156960,24,11,573,2,2,0.271790
ourense,0,2,0.984650,0.984654,0.000000,bellman,0.057680,0,1,1,2,2,0.016990
ourense,0,3,0.984650,0.984654,0.000001,bellman,0.191760,2,3,1,2,2,0.025480
ourense,0,4,0.999160,0.999164,0.000000,bellman,0.590840,4,5,1,2,2,0.073840
ourense,0,5,0.999310,0.999164,0.000142,bellman,1.764400,6,7,1,2,2,0.113370
ourense,0,6,0.999850,0.999815,0.000033,bellman,5.249430,8,9,1,2,2,0.270650
ourense,0,7,0.999960,0.999815,0.000148,bellman,16.133160,10,11,1,2,2,0.415210
ourense,0,8,0.999990,0.999848,0.000141,bellman,46.694270,12,13,1,2,2,0.990200
ourense,0,9,1.000000,0.999848,0.000151,bellman,139.182380,14,15,1,2,2,1.671690
ourense,0,2,0.984500,0.984504,0.000000,convex,0.048310,1,1,4,2,2,0.012910
ourense,0,3,0.984500,0.969539,0.014966,convex,0.182880,16,3,8,2,2,0.034000
ourense,0,4,0.999010,0.999013,0.000000,convex,0.633820,17,5,16,2,2,0.047090
ourense,0,5,0.999310,0.998341,0.000964,convex,2.161710,18,7,42,2,2,0.086040
ourense,0,6,0.999730,0.999665,0.000067,convex,7.106630,19,9,106,2,2,0.215570
ourense,0,7,0.999960,0.999631,0.000331,convex,27.141470,29,11,327,2,2,0.394520
ourense,1,2,0.945220,0.945225,0.000000,bellman,0.056580,0,1,1,2,2,0.017120
ourense,1,3,0.945220,0.945225,-0.000001,bellman,0.184150,2,3,1,2,2,0.025530
ourense,1,4,0.991190,0.991189,0.000000,bellman,0.571760,4,5,1,2,2,0.073390
ourense,1,5,0.991350,0.991189,0.000156,bellman,1.723770,6,7,1,2,2,0.111500
ourense,1,6,0.998310,0.998307,0.000000,bellman,5.345890,21,9,1,2,2,0.288870
ourense,1,7,0.998490,0.998307,0.000180,bellman,16.089060,10,11,1,2,2,0.414160
ourense,1,8,0.999610,0.999531,0.000079,bellman,49.222330,22,13,1,2,2,1.102600
ourense,1,9,0.999720,0.999531,0.000189,bellman,146.770610,14,15,1,2,2,1.679160
ourense,1,2,0.945030,0.945028,0.000000,convex,0.052310,1,1,4,2,2,0.013490
ourense,1,3,0.945030,0.893430,0.051598,convex,0.198150,16,3,10,2,2,0.034350
ourense,1,4,0.990990,0.990992,0.000000,convex,0.689540,17,5,27,2,2,0.048290
ourense,1,5,0.991350,0.983002,0.008343,convex,2.371130,18,7,78,2,2,0.086740
ourense,1,6,0.998110,0.998110,0.000000,convex,9.959840,23,9,243,2,2,0.278690
ourense,1,7,0.998480,0.996735,0.001746,convex,92.955400,24,11,717,2,2,0.267490
paris,0,2,0.788780,0.788783,0.000000,bellman,0.057630,0,1,1,2,2,0.017300
paris,0,3,0.788780,0.788782,0.000001,bellman,0.183550,2,3,1,2,2,0.026060
paris,0,4,0.884970,0.884968,0.000000,bellman,0.554760,4,5,1,2,2,0.074310
paris,0,5,0.885050,0.884968,0.000079,bellman,1.685020,6,7,1,2,2,0.112970
paris,0,6,0.933020,0.933024,0.000000,bellman,5.291360,21,9,1,2,2,0.289010
paris,0,7,0.933130,0.933024,0.000112,bellman,15.827010,10,11,1,2,2,0.413840
paris,0,8,0.959700,0.959700,0.000000,bellman,48.363850,26,13,1,2,2,1.137200
paris,0,9,0.959830,0.959700,0.000128,bellman,146.478530,27,15,1,2,2,1.561870
paris,0,2,0.788580,0.788579,0.000000,convex,0.051930,1,1,4,2,2,0.013240
paris,0,3,0.788580,0.622110,0.166470,convex,0.196970,16,3,10,2,2,0.034200
paris,0,4,0.884760,0.884765,0.000000,convex,0.678670,17,5,30,2,2,0.047320
paris,0,5,0.885050,0.801595,0.083452,convex,2.430530,18,7,110,2,2,0.087220
paris,0,6,0.932840,0.932820,0.000024,convex,16.722080,23,9,460,2,2,0.275940
paris,0,7,0.933130,0.886651,0.046484,convex,579.846270,28,11,1778,2,2,0.290160
paris,1,2,0.992940,0.992940,0.000000,bellman,0.059010,0,1,1,2,2,0.017330
paris,1,3,0.992940,0.992940,-0.000001,bellman,0.191780,2,3,1,2,2,0.026610
paris,1,4,0.999700,0.999695,0.000000,bellman,0.588970,4,5,1,2,2,0.075320
paris,1,5,0.999850,0.999695,0.000158,bellman,1.765520,6,7,1,2,2,0.114220
paris,1,6,0.999970,0.999834,0.000134,bellman,5.276770,8,9,1,2,2,0.274930
paris,1,7,1.000000,0.999834,0.000161,bellman,15.735490,10,11,1,2,2,0.417670
paris,1,8,1.000000,0.999837,0.000161,bellman,47.778020,12,13,1,2,2,1.008860
paris,1,9,1.000000,0.999837,0.000162,bellman,141.206260,14,15,1,2,2,1.684720
paris,1,2,0.992780,0.992777,0.000000,convex,0.052050,1,1,4,2,2,0.013430
paris,1,3,0.992780,0.985927,0.006849,convex,0.198250,16,3,8,2,2,0.035090
paris,1,4,0.999530,0.999533,0.000000,convex,0.678910,17,5,16,2,2,0.048040
paris,1,5,0.999850,0.999392,0.000460,convex,2.215600,18,7,41,2,2,0.088860
paris,1,6,0.999940,0.999672,0.000269,convex,7.148570,19,9,106,2,2,0.223240
paris,1,7,1.000000,0.999669,0.000326,convex,27.935940,20,11,365,2,2,0.267820
perth,0,2,0.956660,0.956657,0.000000,bellman,0.059500,0,1,1,2,2,0.017520
perth,0,3,0.956660,0.956657,0.000001,bellman,0.190310,2,3,1,2,2,0.026320
perth,0,4,0.994320,0.994325,0.000000,bellman,0.577470,4,5,1,2,2,0.074400
perth,0,5,0.994550,0.994325,0.000223,bellman,1.744980,6,7,1,2,2,0.114880
perth,0,6,0.998990,0.998985,0.000000,bellman,5.281590,21,9,1,2,2,0.294390
perth,0,7,0.999230,0.998985,0.000250,bellman,16.027680,10,11,1,2,2,0.415270
perth,0,8,0.999800,0.999626,0.000172,bellman,48.142090,22,13,1,2,2,1.116410
perth,0,9,0.999890,0.999626,0.000260,bellman,142.355140,14,15,1,2,2,1.700580
perth,0,2,0.956390,0.956392,0.000000,convex,0.048250,1,1,4,2,2,0.012990
perth,0,3,0.956390,0.915171,0.041222,convex,0.183940,16,3,10,2,2,0.034530
perth,0,4,0.994060,0.994059,0.000000,convex,0.641830,17,5,26,2,2,0.047520
perth,0,5,0.994550,0.988959,0.005588,convex,2.180980,18,7,68,2,2,0.087110
perth,0,6,0.998720,0.998720,0.000000,convex,8.764210,23,9,193,2,2,0.276810
perth,0,7,0.999230,0.998019,0.001209,convex,57.498330,24,11,568,2,2,0.266300
perth,1,2,0.980310,0.980309,0.000000,bellman,0.056640,0,1,1,2,2,0.017400
perth,1,3,0.980310,0.980309,0.000001,bellman,0.183740,2,3,1,2,2,0.025730
perth,1,4,0.998680,0.998676,0.000000,bellman,0.575920,4,5,1,2,2,0.073280
perth,1,5,0.998860,0.998676,0.000184,bellman,1.796720,6,7,1,2,2,0.111980
perth,1,6,0.999740,0.999730,0.000008,bellman,5.341880,8,9,1,2,2,0.269470
perth,1,7,0.999920,0.999730,0.000194,bellman,15.692760,10,11,1,2,2,0.415490
perth,1,8,0.999970,0.999797,0.000178,bellman,46.858810,12,13,1,2,2,0.989540
perth,1,9,0.999990,0.999797,0.000198,bellman,138.174260,14,15,1,2,2,1.654000
perth,1,2,0.980110,0.980111,0.000000,convex,0.052550,1,1,4,2,2,0.012830
perth,1,3,0.980110,0.960999,0.019113,convex,0.204450,16,3,8,2,2,0.034190
perth,1,4,0.998480,0.998478,0.000000,convex,0.682390,17,5,16,2,2,0.047350
perth,1,5,0.998860,0.997381,0.001478,convex,2.235980,18,7,42,2,2,0.085690
perth,1,6,0.999550,0.999531,0.000017,convex,7.429240,19,9,105,2,2,0.217670
perth,1,7,0.999920,0.999461,0.000459,convex,27.985090,24,11,321,2,2,0.268610
poughkeepsie,0,2,0.822210,0.822211,0.000000,bellman,0.059490,0,1,1,2,2,0.017290
poughkeepsie,0,3,0.822210,0.822211,0.000000,bellman,0.193610,2,3,1,2,2,0.025580
poughkeepsie,0,4,0.914410,0.914410,0.000000,bellman,0.598560,4,5,1,2,2,0.074490
poughkeepsie,0,5,0.917780,0.914410,0.003368,bellman,1.818580,6,7,1,2,2,0.112890
poughkeepsie,0,6,0.953980,0.953982,0.000000,bellman,5.516560,21,9,1,2,2,0.290580
poughkeepsie,0,7,0.958600,0.953982,0.004621,bellman,16.286380,10,11,1,2,2,0.414130
poughkeepsie,0,8,0.974220,0.972855,0.001364,bellman,48.316480,22,13,1,2,2,1.097330
poughkeepsie,0,9,0.978030,0.972855,0.005172,bellman,142.557730,27,15,1,2,2,1.536230
poughkeepsie,0,2,0.814890,0.814889,0.000000,convex,0.050900,1,1,4,2,2,0.012990
poughkeepsie,0,3,0.815100,0.673914,0.141190,convex,0.200500,16,3,10,2,2,0.034820
poughkeepsie,0,4,0.907090,0.907088,0.000000,convex,0.701970,17,5,23,2,2,0.047220
poughkeepsie,0,5,0.917670,0.846579,0.071092,convex,2.335380,18,7,56,2,2,0.084750
poughkeepsie,0,6,0.947150,0.946660,0.000494,convex,8.127410,23,9,147,2,2,0.277430
poughkeepsie,0,7,0.958560,0.917804,0.040761,convex,37.705170,28,11,339,2,2,0.291840
poughkeepsie,1,2,0.978310,0.978310,0.000000,bellman,0.061210,0,1,1,2,2,0.017470
poughkeepsie,1,3,0.978310,0.978310,0.000000,bellman,0.196410,2,3,1,2,2,0.025940
poughkeepsie,1,4,0.997980,0.997977,0.000000,bellman,0.586850,4,5,1,2,2,0.075270
poughkeepsie,1,5,0.998640,0.997977,0.000660,bellman,1.804970,6,7,1,2,2,0.113070
poughkeepsie,1,6,0.999650,0.999190,0.000458,bellman,5.458110,8,9,1,2,2,0.273290
poughkeepsie,1,7,0.999890,0.999190,0.000701,bellman,16.159860,10,11,1,2,2,0.417050
poughkeepsie,1,8,0.999960,0.999274,0.000689,bellman,47.882600,12,13,1,2,2,1.009970
poughkeepsie,1,9,0.999990,0.999274,0.000715,bellman,144.179850,14,15,1,2,2,1.680490
poughkeepsie,1,2,0.977590,0.977590,0.000000,convex,0.049050,1,1,4,2,2,0.013260
poughkeepsie,1,3,0.977590,0.957061,0.020531,convex,0.183890,16,3,8,2,2,0.034840
poughkeepsie,1,4,0.997260,0.997257,0.000000,convex,0.639660,17,5,16,2,2,0.047540
poughkeepsie,1,5,0.998640,0.995991,0.002646,convex,2.155520,18,7,41,2,2,0.086820
poughkeepsie,1,6,0.999390,0.998470,0.000918,convex,7.336790,19,9,106,2,2,0.218220
poughkeepsie,1,7,0.999890,0.998384,0.001505,convex,27.926710,31,11,311,2,2,0.257080
prague,0,2,0.896790,0.896787,0.000000,bellman,0.061140,0,1,1,2,2,0.017470
prague,0,3,0.896790,0.896787,0.000001,bellman,0.194190,2,3,1,2,2,0.025920
prague,0,4,0.970040,0.970043,0.000000,bellman,0.598110,4,5,1,2,2,0.074810
prague,0,5,0.970300,0.970043,0.000256,bellman,1.814500,6,7,1,2,2,0.113450
prague,0,6,0.990330,0.990330,0.000000,bellman,5.321040,21,9,1,2,2,0.290650
prague,0,7,0.990650,0.990330,0.000321,bellman,16.301540,10,11,1,2,2,0.415420
prague,0,8,0.996570,0.996572,0.000000,bellman,47.836950,26,13,1,2,2,1.128230
prague,0,9,0.996920,0.996572,0.000348,bellman,140.179910,14,15,1,2,2,1.693850
prague,0,2,0.896390,0.896392,0.000000,convex,0.050530,1,1,4,2,2,0.013290
prague,0,3,0.896390,0.804153,0.092240,convex,0.191300,16,3,10,2,2,0.035040
prague,0,4,0.969650,0.969648,0.000000,convex,0.663500,17,5,27,2,2,0.047600
prague,0,5,0.970300,0.944104,0.026194,convex,2.290070,18,7,83,2,2,0.086620
prague,0,6,0.989940,0.989935,0.000006,convex,10.467640,23,9,289,2,2,0.278620
prague,0,7,0.990640,0.982075,0.008566,convex,141.290540,24,11,918,2,2,0.269010
prague,1,2,0.992660,0.992664,0.000000,bellman,0.058570,0,1,1,2,2,0.017700
prague,1,3,0.992660,0.992664,0.000001,bellman,0.187610,2,3,1,2,2,0.026510
prague,1,4,0.999800,0.999804,0.000000,bellman,0.570560,4,5,1,2,2,0.076010
prague,1,5,0.999840,0.999804,0.000036,bellman,1.733010,6,7,1,2,2,0.114220
prague,1,6,0.999970,0.999960,0.000010,bellman,5.175210,8,9,1,2,2,0.275110
prague,1,7,1.000000,0.999960,0.000037,bellman,15.820650,10,11,1,2,2,0.418560
prague,1,8,1.000000,0.999963,0.000036,bellman,47.792060,12,13,1,2,2,1.012330
prague,1,9,1.000000,0.999963,0.000037,bellman,141.811110,14,15,1,2,2,1.694220
prague,1,2,0.992630,0.992628,0.000000,convex,0.048830,1,1,4,2,2,0.013620
prague,1,3,0.992630,0.985381,0.007247,convex,0.185710,16,3,8,2,2,0.035580
prague,1,4,0.999770,0.999768,0.000000,convex,0.636650,17,5,16,2,2,0.049380
prague,1,5,0.999840,0.999610,0.000229,convex,2.078640,18,7,42,2,2,0.088250
prague,1,6,0.999940,0.999923,0.000020,convex,6.884640,19,9,106,2,2,0.222430
prague,1,7,1.000000,0.999919,0.000077,convex,26.749770,29,11,328,2,2,0.406840
quito,0,2,0.976890,0.976892,0.000000,bellman,0.072660,0,1,1,2,2,0.016990
quito,0,3,0.976890,0.976892,0.000001,bellman,0.189800,2,3,1,2,2,0.026400
quito,0,4,0.997410,0.997414,0.000000,bellman,0.545500,4,5,1,2,2,0.074600
quito,0,5,0.998470,0.997414,0.001058,bellman,1.653160,6,7,1,2,2,0.112610
quito,0,6,0.999580,0.998739,0.000837,bellman,5.101480,8,9,1,2,2,0.271530
quito,0,7,0.999860,0.998739,0.001125,bellman,15.221040,10,11,1,2,2,0.410250
quito,0,8,0.999950,0.998834,0.001119,bellman,45.821060,12,13,1,2,2,0.994650
quito,0,9,0.999980,0.998834,0.001150,bellman,142.011900,33,15,1,2,2,1.545870
quito,0,2,0.975730,0.975734,0.000000,convex,0.049210,1,1,4,2,2,0.012840
quito,0,3,0.975740,0.954268,0.021472,convex,0.189480,16,3,8,2,2,0.033950
quito,0,4,0.996260,0.996256,0.000000,convex,0.650630,17,5,16,2,2,0.047620
quito,0,5,0.998470,0.994870,0.003600,convex,2.118870,18,7,41,2,2,0.085710
quito,0,6,0.999260,0.997580,0.001676,convex,7.007170,19,9,102,2,2,0.216000
quito,0,7,0.999860,0.997481,0.002382,convex,25.918350,60,11,268,2,2,0.281790
quito,1,2,0.888280,0.888278,0.000000,bellman,0.057260,0,1,1,2,2,0.016940
quito,1,3,0.888280,0.888278,-0.000001,bellman,0.185630,2,3,1,2,2,0.025750
quito,1,4,0.964970,0.964968,0.000000,bellman,0.574570,4,5,1,2,2,0.074060
quito,1,5,0.965470,0.964968,0.000498,bellman,1.737590,6,7,1,2,2,0.111340
quito,1,6,0.987690,0.987689,0.000000,bellman,5.179180,21,9,1,2,2,0.284720
quito,1,7,0.988320,0.987689,0.000633,bellman,16.027100,10,11,1,2,2,0.408530
quito,1,8,0.995190,0.995169,0.000020,bellman,47.813520,22,13,1,2,2,1.088820
quito,1,9,0.995860,0.995169,0.000690,bellman,142.509530,14,15,1,2,2,1.662880
quito,1,2,0.887480,0.887479,0.000000,convex,0.051710,1,1,4,2,2,0.013020
quito,1,3,0.887480,0.788880,0.098601,convex,0.197010,16,3,10,2,2,0.034210
quito,1,4,0.964170,0.964169,0.000000,convex,0.686800,17,5,27,2,2,0.047790
quito,1,5,0.965470,0.934957,0.030508,convex,2.306140,18,7,81,2,2,0.085370
quito,1,6,0.986910,0.986890,0.000016,convex,10.275670,23,9,262,2,2,0.272960
quito,1,7,0.988310,0.977274,0.011034,convex,108.769930,24,11,735,2,2,0.267030
rochester,0,2,0.989210,0.989206,0.000000,bellman,0.056290,0,1,1,2,2,0.017600
rochester,0,3,0.989210,0.989206,-0.000001,bellman,0.182600,2,3,1,2,2,0.026460
rochester,0,4,0.998890,0.998892,0.000000,bellman,0.560380,4,5,1,2,2,0.073880
rochester,0,5,0.999670,0.998892,0.000777,bellman,1.707250,6,7,1,2,2,0.114500
rochester,0,6,0.999910,0.999180,0.000729,bellman,5.070290,8,9,1,2,2,0.274480
rochester,0,7,0.999980,0.999180,0.000800,bellman,15.558030,10,11,1,2,2,0.417020
rochester,0,8,0.999990,0.999189,0.000805,bellman,46.527680,12,13,1,2,2,1.010690
rochester,0,9,1.000000,0.999189,0.000809,bellman,138.731890,33,15,1,2,2,1.554810
rochester,0,2,0.988400,0.988395,0.000000,convex,0.050640,1,1,4,2,2,0.013410
rochester,0,3,0.988400,0.978511,0.009886,convex,0.194420,16,3,8,2,2,0.035790
rochester,0,4,0.998080,0.998081,0.000000,convex,0.662240,17,5,16,2,2,0.048200
rochester,0,5,0.999670,0.997788,0.001879,convex,2.196270,18,7,41,2,2,0.088840
rochester,0,6,0.999830,0.998369,0.001458,convex,7.216270,19,9,91,2,2,0.226520
rochester,0,7,0.999980,0.998359,0.001616,convex,25.350620,20,11,231,2,2,0.265080
rochester,1,2,0.596880,0.596877,0.000000,bellman,0.059630,0,1,1,2,2,0.017800
rochester,1,3,0.596880,0.596877,0.000000,bellman,0.193700,2,3,1,2,2,0.026450
rochester,1,4,0.643470,0.643473,0.000000,bellman,0.594850,4,5,1,2,2,0.076700
rochester,1,5,0.643790,0.643473,0.000321,bellman,1.796830,6,7,1,2,2,0.117070
rochester,1,6,0.677090,0.677092,0.000000,bellman,5.455650,21,9,1,2,2,0.299900
rochester,1,7,0.677570,0.677092,0.000482,bellman,16.628540,10,11,1,2,2,0.425430
rochester,1,8,0.704040,0.704042,0.000000,bellman,48.839860,26,13,1,2,2,1.149870
rochester,1,9,0.704620,0.704042,0.000581,bellman,146.266310,27,15,1,2,2,1.576100
rochester,1,2,0.593680,0.593681,0.000000,convex,0.050710,1,1,4,2,2,0.013430
rochester,1,3,0.593720,0.354724,0.238997,convex,0.192350,16,3,10,2,2,0.035380
rochester,1,4,0.642130,0.640277,0.001857,convex,0.671650,38,5,32,2,2,0.075450
rochester,1,5,0.643770,0.467875,0.175900,convex,2.508670,18,7,127,2,2,0.088830
rochester,1,6,0.675880,0.673896,0.001980,convex,22.066250,23,9,524,2,2,0.287580
rochester,1,7,0.677560,0.535690,0.141875,convex,852.175200,39,11,1851,2,2,0.300510
rome,0,2,0.969690,0.969692,0.000000,bellman,0.057740,0,1,1,2,2,0.016810
rome,0,3,0.969690,0.969692,0.000000,bellman,0.190040,2,3,1,2,2,0.025440
rome,0,4,0.997200,0.997205,0.000000,bellman,0.585920,4,5,1,2,2,0.072080
rome,0,5,0.997310,0.997205,0.000102,bellman,1.776270,6,7,1,2,2,0.110900
rome,0,6,0.999620,0.999622,0.000000,bellman,5.270340,21,9,1,2,2,0.284960
rome,0,7,0.999730,0.999622,0.000110,bellman,15.593090,10,11,1,2,2,0.407670
rome,0,8,0.999940,0.999858,0.000084,bellman,47.525600,22,13,1,2,2,1.079200
rome,0,9,0.999970,0.999858,0.000114,bellman,140.624590,14,15,1,2,2,1.647090
rome,0,2,0.969580,0.969577,0.000000,convex,0.047980,1,1,4,2,2,0.013050
rome,0,3,0.969580,0.940296,0.029281,convex,0.183610,16,3,10,2,2,0.034010
rome,0,4,0.997090,0.997090,0.000000,convex,0.636520,17,5,27,2,2,0.047130
rome,0,5,0.997310,0.994517,0.002789,convex,2.188350,18,7,70,2,2,0.084720
rome,0,6,0.999510,0.999507,0.000000,convex,8.946180,23,9,198,2,2,0.275330
rome,0,7,0.999730,0.999256,0.000474,convex,63.731030,24,11,588,2,2,0.266230
rome,1,2,0.978450,0.978451,0.000000,bellman,0.058160,0,1,1,2,2,0.017650
rome,1,3,0.978450,0.978451,0.000000,bellman,0.189580,2,3,1,2,2,0.026020
rome,1,4,0.998490,0.998490,0.000000,bellman,0.584810,4,5,1,2,2,0.072450
rome,1,5,0.998630,0.998490,0.000143,bellman,1.761900,6,7,1,2,2,0.111770
rome,1,6,0.999750,0.999749,0.000000,bellman,5.348010,21,9,1,2,2,0.284420
rome,1,7,0.999900,0.999749,0.000152,bellman,16.034810,10,11,1,2,2,0.409870
rome,1,8,0.999970,0.999837,0.000133,bellman,47.734230,22,13,1,2,2,1.087340
rome,1,9,0.999990,0.999837,0.000155,bellman,141.104440,14,15,1,2,2,1.648650
rome,1,2,0.978290,0.978295,0.000000,convex,0.047920,1,1,4,2,2,0.013110
rome,1,3,0.978290,0.957359,0.020936,convex,0.186410,16,3,8,2,2,0.033500
rome,1,4,0.998330,0.998334,0.000000,convex,0.638540,17,5,19,2,2,0.046770
rome,1,5,0.998630,0.997019,0.001614,convex,2.149240,18,7,50,2,2,0.085250
rome,1,6,0.999590,0.999593,0.000000,convex,7.416880,23,9,147,2,2,0.273230
rome,1,7,0.999900,0.999501,0.000397,convex,37.592250,24,11,443,2,2,0.263460
santiago,0,2,0.981880,0.981876,0.000000,bellman,0.056880,0,1,1,2,2,0.016870
santiago,0,3,0.981880,0.981876,0.000000,bellman,0.186600,2,3,1,2,2,0.025490
santiago,0,4,0.998910,0.998911,0.000000,bellman,0.564800,4,5,1,2,2,0.073470
santiago,0,5,0.999030,0.998911,0.000120,bellman,1.700570,6,7,1,2,2,0.111870
santiago,0,6,0.999810,0.999814,0.000000,bellman,5.137460,21,9,1,2,2,0.286790
santiago,0,7,0.999940,0.999814,0.000126,bellman,15.280950,10,11,1,2,2,0.409890
santiago,0,8,0.999980,0.999867,0.000113,bellman,46.180830,30,13,1,2,2,1.018000
santiago,0,9,1.000000,0.999867,0.000128,bellman,137.366630,14,15,1,2,2,1.650870
santiago,0,2,0.981750,0.981747,0.000000,convex,0.054210,1,1,4,2,2,0.012790
santiago,0,3,0.981750,0.964075,0.017672,convex,0.200920,16,3,8,2,2,0.033640
santiago,0,4,0.998780,0.998782,0.000000,convex,0.682300,17,5,19,2,2,0.046630
santiago,0,5,0.999030,0.997845,0.001186,convex,2.230330,18,7,50,2,2,0.085760
santiago,0,6,0.999690,0.999685,0.000000,convex,7.728710,23,9,145,2,2,0.273480
santiago,0,7,0.999940,0.999630,0.000308,convex,39.567900,24,11,431,2,2,0.265750
santiago,1,2,0.990310,0.990313,0.000000,bellman,0.059090,0,1,1,2,2,0.017370
santiago,1,3,0.990310,0.990313,0.000000,bellman,0.192700,2,3,1,2,2,0.025290
santiago,1,4,0.999640,0.999636,0.000000,bellman,0.591350,4,5,1,2,2,0.073260
santiago,1,5,0.999720,0.999636,0.000086,bellman,1.792370,6,7,1,2,2,0.111780
santiago,1,6,0.999940,0.999902,0.000041,bellman,5.391310,8,9,1,2,2,0.268730
santiago,1,7,0.999990,0.999902,0.000088,bellman,16.145040,10,11,1,2,2,0.411530
santiago,1,8,1.000000,0.999911,0.000086,bellman,47.618510,12,13,1,2,2,0.985460
santiago,1,9,1.000000,0.999911,0.000089,bellman,142.885840,14,15,1,2,2,1.651320
santiago,1,2,0.990220,0.990224,0.000000,convex,0.050760,1,1,4,2,2,0.012780
santiago,1,3,0.990220,0.980718,0.009506,convex,0.193010,16,3,8,2,2,0.033700
santiago,1,4,0.999550,0.999547,0.000000,convex,0.666360,17,5,16,2,2,0.047010
santiago,1,5,0.999720,0.999276,0.000446,convex,2.176240,18,7,42,2,2,0.085700
santiago,1,6,0.999900,0.999813,0.000083,convex,7.103340,19,9,106,2,2,0.218160
santiago,1,7,0.999990,0.999805,0.000186,convex,27.384370,29,11,328,2,2,0.393770
singapore,0,2,0.911640,0.911636,0.000000,bellman,0.059060,0,1,1,2,2,0.017300
singapore,0,3,0.911640,0.911636,-0.000001,bellman,0.192210,2,3,1,2,2,0.025910
singapore,0,4,0.977710,0.977709,0.000000,bellman,0.591640,4,5,1,2,2,0.074550
singapore,0,5,0.978010,0.977709,0.000305,bellman,1.784140,6,7,1,2,2,0.113040
singapore,0,6,0.993620,0.993617,0.000000,bellman,5.352960,21,9,1,2,2,0.290300
singapore,0,7,0.993990,0.993617,0.000373,bellman,15.744230,10,11,1,2,2,0.416280
singapore,0,8,0.997910,0.997873,0.000041,bellman,47.192870,22,13,1,2,2,1.099140
singapore,0,9,0.998270,0.997873,0.000402,bellman,142.305470,14,15,1,2,2,1.666960
singapore,0,2,0.911200,0.911195,0.000000,convex,0.052310,1,1,4,2,2,0.012960
singapore,0,3,0.911200,0.831010,0.080185,convex,0.197360,16,3,10,2,2,0.034500
singapore,0,4,0.977270,0.977267,0.000000,convex,0.687960,17,5,27,2,2,0.047370
singapore,0,5,0.978010,0.957961,0.020051,convex,2.375380,18,7,79,2,2,0.086270
singapore,0,6,0.993180,0.993175,0.000004,convex,10.099390,23,9,254,2,2,0.279830
singapore,0,7,0.993980,0.988011,0.005968,convex,105.983820,24,11,750,2,2,0.267980
singapore,1,2,0.982680,0.982679,0.000000,bellman,0.058430,0,1,1,2,2,0.017530
singapore,1,3,0.982680,0.982679,0.000000,bellman,0.188940,2,3,1,2,2,0.026300
singapore,1,4,0.998810,0.998811,0.000000,bellman,0.580580,4,5,1,2,2,0.073980
singapore,1,5,0.999120,0.998811,0.000310,bellman,1.746580,6,7,1,2,2,0.113250
singapore,1,6,0.999800,0.999620,0.000175,bellman,5.255960,8,9,1,2,2,0.273020
singapore,1,7,0.999950,0.999620,0.000325,bellman,15.478530,10,11,1,2,2,0.416290
singapore,1,8,0.999980,0.999665,0.000317,bellman,47.110710,12,13,1,2,2,0.999300
singapore,1,9,1.000000,0.999665,0.000331,bellman,140.455040,14,15,1,2,2,1.680640
singapore,1,2,0.982350,0.982347,0.000000,convex,0.049600,1,1,4,2,2,0.013410
singapore,1,3,0.982350,0.965647,0.016700,convex,0.186590,16,3,8,2,2,0.034840
singapore,1,4,0.998480,0.998479,0.000000,convex,0.665300,17,5,16,2,2,0.047690
singapore,1,5,0.999120,0.997642,0.001479,convex,2.171330,18,7,41,2,2,0.087010
singapore,1,6,0.999640,0.999288,0.000350,convex,7.119430,19,9,106,2,2,0.219530
singapore,1,7,0.999950,0.999242,0.000704,convex,26.843660,31,11,331,2,2,0.256440
sydney,0,2,0.990600,0.990605,0.000000,bellman,0.055560,0,1,1,2,2,0.017120
sydney,0,3,0.990600,0.990605,0.000000,bellman,0.180360,2,3,1,2,2,0.025690
sydney,0,4,0.999650,0.999645,0.000000,bellman,0.553370,4,5,1,2,2,0.073890
sydney,0,5,0.999740,0.999645,0.000093,bellman,1.698030,6,7,1,2,2,0.112490
sydney,0,6,0.999950,0.999895,0.000052,bellman,5.220030,8,9,1,2,2,0.270950
sydney,0,7,0.999990,0.999895,0.000096,bellman,15.697110,10,11,1,2,2,0.411050
sydney,0,8,1.000000,0.999903,0.000095,bellman,46.258920,12,13,1,2,2,1.000750
sydney,0,9,1.000000,0.999903,0.000097,bellman,138.794550,14,15,1,2,2,1.667640
sydney,0,2,0.990510,0.990508,0.000000,convex,0.048240,1,1,4,2,2,0.012990
sydney,0,3,0.990510,0.981296,0.009212,convex,0.183420,16,3,8,2,2,0.034860
sydney,0,4,0.999550,0.999548,0.000000,convex,0.628930,17,5,16,2,2,0.047730
sydney,0,5,0.999740,0.999294,0.000445,convex,2.129610,18,7,41,2,2,0.086420
sydney,0,6,0.999900,0.999798,0.000104,convex,7.028080,19,9,106,2,2,0.217860
sydney,0,7,0.999990,0.999790,0.000201,convex,27.091350,31,11,333,2,2,0.254720
sydney,1,2,0.881460,0.881458,0.000000,bellman,0.058500,0,1,1,2,2,0.017270
sydney,1,3,0.881460,0.881458,-0.000001,bellman,0.188580,2,3,1,2,2,0.025890
sydney,1,4,0.961090,0.961093,0.000000,bellman,0.568040,4,5,1,2,2,0.074670
sydney,1,5,0.961200,0.961093,0.000111,bellman,1.701440,6,7,1,2,2,0.113160
sydney,1,6,0.986030,0.986030,0.000000,bellman,5.060900,21,9,1,2,2,0.289980
sydney,1,7,0.986170,0.986030,0.000143,bellman,15.183960,10,11,1,2,2,0.414320
sydney,1,8,0.994710,0.994706,0.000000,bellman,45.685000,26,13,1,2,2,1.120850
sydney,1,9,0.994860,0.994706,0.000157,bellman,136.510730,14,15,1,2,2,1.676070
sydney,1,2,0.881270,0.881273,0.000000,convex,0.049140,1,1,4,2,2,0.013150
sydney,1,3,0.881270,0.776930,0.104342,convex,0.186840,16,3,10,2,2,0.034570
sydney,1,4,0.960910,0.960907,0.000000,convex,0.652660,17,5,30,2,2,0.047810
sydney,1,5,0.961200,0.928233,0.032971,convex,2.330050,18,7,103,2,2,0.086620
sydney,1,6,0.985850,0.985844,0.000004,convex,13.070410,23,9,364,2,2,0.279810
sydney,1,7,0.986170,0.974476,0.011695,convex,264.970460,24,11,1284,2,2,0.268610
torino,0,2,0.994640,0.994645,0.000000,bellman,0.054470,0,1,1,2,2,0.018170
torino,0,3,0.994640,0.994645,0.000001,bellman,0.176910,2,3,1,2,2,0.027150
torino,0,4,0.999690,0.999691,0.000000,bellman,0.543400,4,5,1,2,2,0.075270
torino,0,5,0.999920,0.999691,0.000226,bellman,1.681930,6,7,1,2,2,0.116240
torino,0,6,0.999980,0.999768,0.000213,bellman,5.094100,8,9,1,2,2,0.277880
torino,0,7,1.000000,0.999768,0.000230,bellman,15.218570,10,11,1,2,2,0.426390
torino,0,8,1.000000,0.999769,0.000230,bellman,45.788640,12,13,1,2,2,1.025660
torino,0,9,1.000000,0.999769,0.000231,bellman,142.018060,33,15,1,2,2,1.573710
torino,0,2,0.994410,0.994414,0.000000,convex,0.049580,1,1,4,2,2,0.013660
torino,0,3,0.994410,0.989316,0.005100,convex,0.187280,16,3,8,2,2,0.036590
torino,0,4,0.999460,0.999460,0.000000,convex,0.644770,17,5,16,2,2,0.049680
torino,0,5,0.999920,0.999382,0.000534,convex,2.115470,18,7,41,2,2,0.091480
torino,0,6,0.999960,0.999538,0.000427,convex,6.977340,19,9,105,2,2,0.228200
torino,0,7,1.000000,0.999536,0.000460,convex,25.605140,20,11,316,2,2,0.269790
torino,1,2,0.564050,0.435947,0.128106,bellman,0.057660,41,1,1,2,2,0.018860
torino,1,3,0.564050,0.435947,0.128107,bellman,0.187130,42,3,1,2,2,0.028570
torino,1,4,0.595540,0.404465,0.191070,bellman,0.572580,43,5,1,2,2,0.080000
torino,1,5,0.596100,0.404465,0.191637,bellman,1.736770,44,7,1,2,2,0.120770
torino,1,6,0.618750,0.381255,0.237491,bellman,5.185430,45,9,1,2,2,0.307620
torino,1,7,0.619590,0.381255,0.238340,bellman,16.034200,46,11,1,2,2,0.439130
torino,1,8,0.637760,0.362242,0.275517,bellman,47.821850,47,13,1,2,2,1.193990
torino,1,9,0.638780,0.362242,0.276543,bellman,142.518050,48,15,1,2,2,1.638340
torino,1,2,0.555360,0.427256,0.128106,convex,0.052190,49,1,4,2,2,0.014570
torino,1,3,0.555660,0.185777,0.369888,convex,0.199270,50,3,10,2,2,0.038590
torino,1,4,0.593300,0.395774,0.197529,convex,0.668720,51,5,32,2,2,0.081180
torino,1,5,0.595950,0.217743,0.378208,convex,2.512800,52,7,124,2,2,0.093970
torino,1,6,0.616400,0.372564,0.243839,convex,19.330130,53,9,394,2,2,0.304840
torino,1,7,0.619480,0.226726,0.392753,convex,327.530320,54,11,1027,2,2,0.318840
toronto,0,2,0.725250,0.725247,0.000000,bellman,0.057960,0,1,1,2,2,0.017390
toronto,0,3,0.725250,0.725247,-0.000001,bellman,0.187960,2,3,1,2,2,0.025580
toronto,0,4,0.814960,0.814963,0.000000,bellman,0.571340,4,5,1,2,2,0.073460
toronto,0,5,0.815110,0.814963,0.000151,bellman,1.727720,6,7,1,2,2,0.112410
toronto,0,6,0.868560,0.868564,0.000000,bellman,5.351860,21,9,1,2,2,0.288890
toronto,0,7,0.868790,0.868564,0.000222,bellman,16.376210,10,11,1,2,2,0.414640
toronto,0,8,0.904150,0.904146,0.000000,bellman,49.260150,26,13,1,2,2,1.121280
toronto,0,9,0.904410,0.904146,0.000262,bellman,146.236940,27,15,1,2,2,1.545920
toronto,0,2,0.724690,0.724687,0.000000,convex,0.053100,1,1,4,2,2,0.013130
toronto,0,3,0.724690,0.525760,0.198927,convex,0.197850,16,3,10,2,2,0.034580
toronto,0,4,0.814400,0.814403,0.000000,convex,0.689590,17,5,30,2,2,0.047480
toronto,0,5,0.815110,0.695554,0.119560,convex,2.486040,18,7,112,2,2,0.086860
toronto,0,6,0.868140,0.868003,0.000134,convex,17.364310,23,9,460,2,2,0.279220
toronto,0,7,0.868760,0.789108,0.079656,convex,595.704440,39,11,1733,2,2,0.294940
toronto,1,2,0.992070,0.992070,0.000000,bellman,0.058140,0,1,1,2,2,0.017830
toronto,1,3,0.992070,0.992070,0.000000,bellman,0.188690,2,3,1,2,2,0.026220
toronto,1,4,0.999690,0.999686,0.000000,bellman,0.591200,4,5,1,2,2,0.075090
toronto,1,5,0.999810,0.999686,0.000128,bellman,1.792160,6,7,1,2,2,0.114620
toronto,1,6,0.999960,0.999863,0.000098,bellman,5.326860,8,9,1,2,2,0.273680
toronto,1,7,0.999990,0.999863,0.000131,bellman,15.907150,10,11,1,2,2,0.419840
toronto,1,8,1.000000,0.999868,0.000130,bellman,47.833250,12,13,1,2,2,1.005110
toronto,1,9,1.000000,0.999868,0.000132,bellman,143.281260,14,15,1,2,2,1.681520
toronto,1,2,0.991940,0.991938,0.000000,convex,0.050690,1,1,4,2,2,0.013300
toronto,1,3,0.991940,0.984201,0.007737,convex,0.194390,16,3,8,2,2,0.035230
toronto,1,4,0.999550,0.999554,0.000000,convex,0.662460,17,5,16,2,2,0.047910
toronto,1,5,0.999810,0.999375,0.000439,convex,2.081360,18,7,41,2,2,0.087700
toronto,1,6,0.999930,0.999731,0.000197,convex,6.978410,19,9,106,2,2,0.220330
toronto,1,7,0.999990,0.999727,0.000267,convex,27.275310,20,11,350,2,2,0.263290
valencia,0,2,0.976450,0.976449,0.000000,bellman,0.060580,0,1,1,2,2,0.016850
valencia,0,3,0.976450,0.976449,-0.000001,bellman,0.195100,2,3,1,2,2,0.025080
valencia,0,4,0.998220,0.998225,0.000000,bellman,0.603170,4,5,1,2,2,0.072660
valencia,0,5,0.998370,0.998225,0.000144,bellman,1.767310,6,7,1,2,2,0.111050
valencia,0,6,0.999720,0.999718,0.000000,bellman,5.342490,21,9,1,2,2,0.285500
valencia,0,7,0.999870,0.999718,0.000153,bellman,16.078710,10,11,1,2,2,0.406470
valencia,0,8,0.999960,0.999832,0.000131,bellman,47.269900,22,13,1,2,2,1.080540
valencia,0,9,0.999990,0.999832,0.000157,bellman,141.220280,14,15,1,2,2,1.651610
valencia,0,2,0.976290,0.976290,0.000000,convex,0.049900,1,1,4,2,2,0.012770
valencia,0,3,0.976290,0.953445,0.022844,convex,0.190190,16,3,8,2,2,0.033870
valencia,0,4,0.998070,0.998066,0.000000,convex,0.655500,17,5,19,2,2,0.047310
valencia,0,5,0.998370,0.996500,0.001868,convex,2.175150,18,7,50,2,2,0.085370
valencia,0,6,0.999560,0.999559,0.000000,convex,7.429770,23,9,148,2,2,0.272010
valencia,0,7,0.999870,0.999440,0.000429,convex,38.471240,24,11,443,2,2,0.264520
valencia,1,2,0.945530,0.945534,0.000000,bellman,0.059770,0,1,1,2,2,0.017290
valencia,1,3,0.945530,0.945534,0.000000,bellman,0.193780,2,3,1,2,2,0.025420
valencia,1,4,0.991210,0.991213,0.000000,bellman,0.595930,4,5,1,2,2,0.072540
valencia,1,5,0.991450,0.991213,0.000238,bellman,1.801590,6,7,1,2,2,0.111760
valencia,1,6,0.998240,0.998237,0.000000,bellman,5.290910,21,9,1,2,2,0.284730
valencia,1,7,0.998510,0.998237,0.000274,bellman,15.880730,10,11,1,2,2,0.408590
valencia,1,8,0.999590,0.999438,0.000153,bellman,47.947490,22,13,1,2,2,1.082920
valencia,1,9,0.999720,0.999438,0.000287,bellman,142.169690,14,15,1,2,2,1.652550
valencia,1,2,0.945240,0.945236,0.000000,convex,0.049670,1,1,4,2,2,0.012860
valencia,1,3,0.945240,0.894004,0.051232,convex,0.187270,16,3,10,2,2,0.033870
valencia,1,4,0.990910,0.990915,0.000000,convex,0.651250,17,5,27,2,2,0.046870
valencia,1,5,0.991450,0.983036,0.008415,convex,2.230770,18,7,73,2,2,0.085490
valencia,1,6,0.997940,0.997939,0.000001,convex,8.956080,23,9,208,2,2,0.274220
valencia,1,7,0.998500,0.996593,0.001909,convex,66.402100,24,11,623,2,2,0.264590
vigo,0,2,0.924720,0.924725,0.000000,bellman,0.058480,0,1,1,2,2,0.016800
vigo,0,3,0.924720,0.924725,0.000001,bellman,0.189000,2,3,1,2,2,0.025850
vigo,0,4,0.983730,0.983727,0.000000,bellman,0.584410,4,5,1,2,2,0.072860
vigo,0,5,0.983880,0.983727,0.000152,bellman,1.713380,6,7,1,2,2,0.111300
vigo,0,6,0.996020,0.996022,0.000000,bellman,5.070630,21,9,1,2,2,0.284090
vigo,0,7,0.996200,0.996022,0.000181,bellman,15.604390,10,11,1,2,2,0.409250
vigo,0,8,0.998870,0.998869,0.000000,bellman,46.251470,26,13,1,2,2,1.108340
vigo,0,9,0.999060,0.998869,0.000193,bellman,136.039520,14,15,1,2,2,1.649590
vigo,0,2,0.924520,0.924518,0.000000,convex,0.048170,1,1,4,2,2,0.012750
vigo,0,3,0.924520,0.855087,0.069432,convex,0.189800,16,3,10,2,2,0.033450
vigo,0,4,0.983520,0.983521,0.000000,convex,0.658550,17,5,27,2,2,0.046750
vigo,0,5,0.983880,0.969053,0.014826,convex,2.395920,18,7,82,2,2,0.085020
vigo,0,6,0.995820,0.995816,0.000001,convex,10.716660,23,9,277,2,2,0.271330
vigo,0,7,0.996200,0.992466,0.003731,convex,132.702540,24,11,899,2,2,0.264150
vigo,1,2,0.985210,0.985205,0.000000,bellman,0.060410,0,1,1,2,2,0.017090
vigo,1,3,0.985210,0.985205,-0.000001,bellman,0.194690,2,3,1,2,2,0.025300
vigo,1,4,0.999170,0.999166,0.000000,bellman,0.594610,4,5,1,2,2,0.073920
vigo,1,5,0.999360,0.999166,0.000188,bellman,1.813050,6,7,1,2,2,0.112200
vigo,1,6,0.999860,0.999769,0.000088,bellman,5.447190,8,9,1,2,2,0.270060
vigo,1,7,0.999970,0.999769,0.000197,bellman,16.068160,10,11,1,2,2,0.408920
vigo,1,8,0.999990,0.999798,0.000191,bellman,47.900740,12,13,1,2,2,0.984860
vigo,1,9,1.000000,0.999798,0.000199,bellman,143.001330,14,15,1,2,2,1.650670
vigo,1,2,0.985010,0.985005,0.000000,convex,0.048030,1,1,4,2,2,0.012810
vigo,1,3,0.985010,0.970624,0.014380,convex,0.186990,16,3,8,2,2,0.033970
vigo,1,4,0.998970,0.998966,0.000000,convex,0.648210,17,5,16,2,2,0.047020
vigo,1,5,0.999360,0.998345,0.001009,convex,2.127760,18,7,42,2,2,0.085570
vigo,1,6,0.999750,0.999569,0.000176,convex,7.132670,19,9,106,2,2,0.215840
vigo,1,7,0.999970,0.999539,0.000426,convex,27.798890,29,11,328,2,2,0.394610
washington,0,2,0.677120,0.677121,0.000000,bellman,0.059400,0,1,1,2,2,0.019370
washington,0,3,0.677120,0.677121,0.000000,bellman,0.191870,2,3,1,2,2,0.029630
washington,0,4,0.754560,0.754558,0.000000,bellman,0.591980,4,5,1,2,2,0.080670
washington,0,5,0.754600,0.754558,0.000044,bellman,1.793530,6,7,1,2,2,0.123600
washington,0,6,0.805340,0.805342,0.000000,bellman,5.278070,21,9,1,2,2,0.313610
washington,0,7,0.805410,0.805342,0.000066,bellman,15.762090,10,11,1,2,2,0.453270
washington,0,8,0.842350,0.842346,0.000000,bellman,46.997570,26,13,1,2,2,1.230660
washington,0,9,0.842430,0.842346,0.000079,bellman,143.823790,27,15,1,2,2,1.672470
washington,0,2,0.676900,0.676898,0.000000,convex,0.049900,1,1,4,2,2,0.014780
washington,0,3,0.676900,0.458395,0.218503,convex,0.191240,16,3,10,2,2,0.039320
washington,0,4,0.754370,0.754335,0.000037,convex,0.661540,38,5,31,2,2,0.083270
washington,0,5,0.754600,0.611041,0.143562,convex,2.405800,18,7,121,2,2,0.098030
washington,0,6,0.805200,0.805119,0.000081,convex,20.214010,23,9,534,2,2,0.314380
washington,0,7,0.805400,0.700705,0.104697,convex,1069.267090,39,11,2471,2,2,0.327940
washington,1,2,0.997070,0.997072,0.000000,bellman,0.055590,0,1,1,2,2,0.019640
washington,1,3,0.997070,0.997072,-0.000001,bellman,0.181990,2,3,1,2,2,0.030000
washington,1,4,0.999850,0.999848,0.000000,bellman,0.561550,4,5,1,2,2,0.082340
washington,1,5,0.999980,0.999848,0.000127,bellman,1.706860,6,7,1,2,2,0.126610
washington,1,6,0.999990,0.999871,0.000123,bellman,5.216800,8,9,1,2,2,0.301840
washington,1,7,1.000000,0.999871,0.000128,bellman,16.564630,10,11,1,2,2,0.458240
washington,1,8,1.000000,0.999871,0.000128,bellman,50.134260,12,13,1,2,2,1.089940
washington,1,9,1.000000,0.999871,0.000128,bellman,150.531410,33,15,1,2,2,1.681900
washington,1,2,0.996940,0.996944,0.000000,convex,0.055560,1,1,4,2,2,0.015220
washington,1,3,0.996940,0.994152,0.002791,convex,0.201990,16,3,8,2,2,0.040190
washington,1,4,0.999720,0.999720,0.000000,convex,0.688460,17,5,16,2,2,0.054840
washington,1,5,0.999980,0.999696,0.000278,convex,2.205060,18,7,41,2,2,0.099270
washington,1,6,0.999990,0.999743,0.000245,convex,7.313710,19,9,104,2,2,0.251340
washington,1,7,1.000000,0.999743,0.000256,convex,27.084740,20,11,299,2,2,0.294920
yorktown,0,2,0.972110,0.972113,0.000000,bellman,0.056640,0,1,1,2,2,0.017190
yorktown,0,3,0.972110,0.972113,0.000000,bellman,0.187270,2,3,1,2,2,0.025370
yorktown,0,4,0.997540,0.997544,0.000000,bellman,0.577750,4,5,1,2,2,0.072370
yorktown,0,5,0.997720,0.997544,0.000177,bellman,1.747150,6,7,1,2,2,0.112250
yorktown,0,6,0.999600,0.999598,0.000000,bellman,5.370530,21,9,1,2,2,0.285690
yorktown,0,7,0.999790,0.999598,0.000191,bellman,16.089210,10,11,1,2,2,0.408450
yorktown,0,8,0.999940,0.999783,0.000158,bellman,49.180030,22,13,1,2,2,1.082010
yorktown,0,9,0.999980,0.999783,0.000196,bellman,146.861670,14,15,1,2,2,1.650210
yorktown,0,2,0.971910,0.971915,0.000000,convex,0.051730,1,1,4,2,2,0.013100
yorktown,0,3,0.971920,0.944993,0.026922,convex,0.195770,16,3,8,2,2,0.033990
yorktown,0,4,0.997350,0.997346,0.000000,convex,0.677370,17,5,19,2,2,0.046930
yorktown,0,5,0.997720,0.995170,0.002550,convex,2.225940,18,7,50,2,2,0.084930
yorktown,0,6,0.999400,0.999400,0.000000,convex,7.627940,23,9,148,2,2,0.274040
yorktown,0,7,0.999790,0.999205,0.000580,convex,40.484100,24,11,439,2,2,0.265210
yorktown,1,2,0.707030,0.707030,0.000000,bellman,0.057520,0,1,1,2,2,0.017010
yorktown,1,3,0.707030,0.707030,0.000000,bellman,0.184310,2,3,1,2,2,0.025970
yorktown,1,4,0.792680,0.792682,0.000000,bellman,0.576860,4,5,1,2,2,0.073160
yorktown,1,5,0.793070,0.792682,0.000392,bellman,1.795150,6,7,1,2,2,0.111410
yorktown,1,6,0.845840,0.845837,0.000000,bellman,5.392680,21,9,1,2,2,0.285650
yorktown,1,7,0.846410,0.845837,0.000578,bellman,16.024000,10,11,1,2,2,0.408320
yorktown,1,8,0.882490,0.882488,0.000000,bellman,47.714930,26,13,1,2,2,1.108000
yorktown,1,9,0.883170,0.882488,0.000686,bellman,145.997480,27,15,1,2,2,1.527260
yorktown,1,2,0.705420,0.705416,0.000000,convex,0.048880,1,1,4,2,2,0.013120
yorktown,1,3,0.705430,0.499223,0.206203,convex,0.184480,16,3,10,2,2,0.033820
yorktown,1,4,0.791070,0.791068,0.000005,convex,0.636910,38,5,30,2,2,0.072640
yorktown,1,5,0.793070,0.663108,0.129960,convex,2.451020,18,7,110,2,2,0.086480
yorktown,1,6,0.844680,0.844223,0.000455,convex,16.126060,23,9,401,2,2,0.274940
yorktown,1,7,0.846360,0.755990,0.090372,convex,360.367680,39,11,1356,2,2,0.293490
perfect_hardware,0,2,1.000000,1.000000,0.000000,bellman,0.030790,61,1,1,2,2,0.004520
perfect_hardware,0,3,1.000000,1.000000,0.000000,bellman,0.064430,62,3,1,2,2,0.006700
perfect_hardware,0,4,1.000000,1.000000,0.000000,bellman,0.138140,63,5,1,2,2,0.008840
perfect_hardware,0,5,1.000000,1.000000,0.000000,bellman,0.232890,64,7,1,2,2,0.010970
perfect_hardware,0,6,1.000000,1.000000,0.000000,bellman,0.413060,65,9,1,2,2,0.013190
perfect_hardware,0,7,1.000000,1.000000,0.000000,bellman,0.839970,66,11,1,2,2,0.015670
perfect_hardware,0,8,1.000000,1.000000,0.000000,bellman,1.733940,67,13,1,2,2,0.017980
perfect_hardware,0,9,1.000000,1.000000,0.000000,bellman,3.476250,68,15,1,2,2,0.020250
perfect_hardware,0,2,1.000000,1.000000,0.000000,convex,0.014390,1,1,1,2,2,0.003420
perfect_hardware,0,3,1.000000,1.000000,0.000000,convex,0.033590,16,3,1,2,2,0.005640
perfect_hardware,0,4,1.000000,1.000000,0.000000,convex,0.072070,69,5,1,2,2,0.008010
perfect_hardware,0,5,1.000000,1.000000,0.000000,convex,0.149300,70,7,1,2,2,0.010350
perfect_hardware,0,6,1.000000,1.000000,0.000000,convex,0.303740,71,9,1,2,2,0.012520
perfect_hardware,0,7,1.000000,1.000000,0.000000,convex,0.613120,72,11,1,2,2,0.014740
