hardware,embedding_index,algorithm_index,probability,method
algiers,0,0,0.598190,bellman
algiers,0,1,0.000000,convex
algiers,0,2,0.598190,bellman
algiers,0,3,0.498490,convex
algiers,0,4,0.992200,bellman
algiers,0,5,0.992200,convex
algiers,0,6,0.993150,bellman
algiers,0,7,0.992200,convex
algiers,0,8,0.996920,bellman
algiers,0,9,0.996920,convex
algiers,0,10,0.996930,bellman
algiers,0,11,0.996920,convex
algiers,0,12,0.790790,bellman
algiers,0,13,0.006240,convex
algiers,0,14,0.796480,bellman
algiers,0,15,0.466640,convex
algiers,0,16,0.502770,bellman
algiers,0,17,0.504130,convex
algiers,0,18,0.006100,convex
algiers,0,19,0.079910,convex
algiers,0,20,0.504390,convex
algiers,0,21,0.006180,convex
algiers,0,22,0.204240,convex
algiers,0,23,0.502770,bellman
algiers,0,24,0.504390,convex
algiers,0,25,0.594610,bellman
algiers,0,26,0.989590,bellman
algiers,0,27,0.006010,convex
algiers,0,28,0.499490,bellman
algiers,0,29,0.021720,convex
algiers,0,30,0.505620,bellman
algiers,0,31,0.504480,convex
algiers,0,32,0.006190,convex
algiers,0,33,0.238600,convex
algiers,0,34,0.504470,convex
algiers,0,35,0.006240,convex
algiers,0,36,0.433680,convex
algiers,0,37,0.504390,convex
algiers,0,38,0.006070,convex
algiers,0,39,0.057520,convex
algiers,0,40,0.504610,convex
algiers,0,41,0.993150,bellman
algiers,0,42,0.992200,convex
algiers,0,43,0.996920,bellman
algiers,0,44,0.996920,convex
algiers,0,45,0.996930,bellman
algiers,0,46,0.996920,convex
algiers,0,47,0.598190,bellman
algiers,0,48,0.598190,bellman
algiers,0,49,0.992200,convex
algiers,0,50,0.991270,bellman
algiers,0,51,0.989380,bellman
algiers,0,52,0.006000,convex
algiers,0,53,0.021380,convex
algiers,0,54,0.504280,convex
algiers,0,55,0.006230,convex
algiers,0,56,0.401400,convex
algiers,0,57,0.504080,convex
algiers,0,58,0.006210,convex
algiers,0,59,0.299540,convex
algiers,0,60,0.504280,convex
algiers,0,61,0.499490,bellman
algiers,0,62,0.505620,bellman
algiers,0,63,0.006010,convex
algiers,0,64,0.023850,convex
algiers,0,65,0.501730,convex
algiers,0,66,0.006260,convex
algiers,0,67,0.597330,convex
algiers,0,68,0.501320,convex
algiers,0,69,0.992200,bellman
algiers,0,70,0.992200,bellman
algiers,0,71,0.992200,bellman
algiers,0,72,0.992200,convex
algiers,0,73,0.992200,bellman
algiers,0,74,0.992200,convex
algiers,0,75,0.598190,bellman
algiers,0,76,0.992200,bellman
algiers,0,77,0.991250,bellman
algiers,0,78,0.996920,bellman
algiers,0,79,0.996900,bellman
algiers,0,80,0.000000,convex
algiers,0,81,0.498490,convex
algiers,0,82,0.992200,convex
algiers,0,83,0.987440,convex
algiers,0,84,0.996920,convex
algiers,0,85,0.996850,convex
algiers,1,0,0.598190,bellman
algiers,1,1,0.000000,convex
algiers,1,2,0.598190,bellman
algiers,1,3,0.498490,convex
algiers,1,4,0.941750,bellman
algiers,1,5,0.941750,convex
algiers,1,6,0.952190,bellman
algiers,1,7,0.941750,convex
algiers,1,8,0.988150,bellman
algiers,1,9,0.988150,convex
algiers,1,10,0.989780,bellman
algiers,1,11,0.988150,convex
algiers,1,12,0.750590,bellman
algiers,1,13,0.008550,convex
algiers,1,14,0.807570,bellman
algiers,1,15,0.511620,convex
algiers,1,16,0.524690,bellman
algiers,1,17,0.541210,convex
algiers,1,18,0.006950,convex
algiers,1,19,0.162180,convex
algiers,1,20,0.543690,convex
algiers,1,21,0.007880,convex
algiers,1,22,0.274530,convex
algiers,1,23,0.524690,bellman
algiers,1,24,0.543010,convex
algiers,1,25,0.594610,bellman
algiers,1,26,0.948800,bellman
algiers,1,27,0.005950,convex
algiers,1,28,0.492950,bellman
algiers,1,29,0.109610,convex
algiers,1,30,0.555810,bellman
algiers,1,31,0.543940,convex
algiers,1,32,0.008030,convex
algiers,1,33,0.305570,convex
algiers,1,34,0.542990,convex
algiers,1,35,0.008500,convex
algiers,1,36,0.481830,convex
algiers,1,37,0.541740,convex
algiers,1,38,0.006640,convex
algiers,1,39,0.141950,convex
algiers,1,40,0.543960,convex
algiers,1,41,0.952190,bellman
algiers,1,42,0.941750,convex
algiers,1,43,0.988150,bellman
algiers,1,44,0.988140,convex
algiers,1,45,0.989780,bellman
algiers,1,46,0.988090,convex
algiers,1,47,0.598190,bellman
algiers,1,48,0.598190,bellman
algiers,1,49,0.941750,convex
algiers,1,50,0.934210,bellman
algiers,1,51,0.915680,bellman
algiers,1,52,0.005940,convex
algiers,1,53,0.109300,convex
algiers,1,54,0.543760,convex
algiers,1,55,0.008450,convex
algiers,1,56,0.452670,convex
algiers,1,57,0.541710,convex
algiers,1,58,0.008220,convex
algiers,1,59,0.360630,convex
algiers,1,60,0.542660,convex
algiers,1,61,0.492950,bellman
algiers,1,62,0.555810,bellman
algiers,1,63,0.006000,convex
algiers,1,64,0.111540,convex
algiers,1,65,0.541460,convex
algiers,1,66,0.008700,convex
algiers,1,67,0.629700,convex
algiers,1,68,0.537240,convex
algiers,1,69,0.941750,bellman
algiers,1,70,0.941750,bellman
algiers,1,71,0.941750,bellman
algiers,1,72,0.941750,convex
algiers,1,73,0.941750,bellman
algiers,1,74,0.941750,convex
algiers,1,75,0.598190,bellman
algiers,1,76,0.941750,bellman
algiers,1,77,0.931320,bellman
algiers,1,78,0.988150,bellman
algiers,1,79,0.986510,bellman
algiers,1,80,0.000000,convex
algiers,1,81,0.498490,convex
algiers,1,82,0.941750,convex
algiers,1,83,0.889580,convex
algiers,1,84,0.988150,convex
algiers,1,85,0.979950,convex
algiers,2,0,0.280000,bellman
algiers,2,1,0.000000,convex
algiers,2,2,0.280000,bellman
algiers,2,3,0.233330,convex
algiers,2,4,0.464430,bellman
algiers,2,5,0.464430,convex
algiers,2,6,0.464870,bellman
algiers,2,7,0.464430,convex
algiers,2,8,0.466630,bellman
algiers,2,9,0.466630,convex
algiers,2,10,0.466640,bellman
algiers,2,11,0.466630,convex
algiers,2,12,0.497510,bellman
algiers,2,13,0.495510,convex
algiers,2,14,0.499560,bellman
algiers,2,15,0.498480,convex
algiers,2,16,0.499960,bellman
algiers,2,17,0.499830,convex
algiers,2,18,0.495440,convex
algiers,2,19,0.497590,convex
algiers,2,20,0.499800,convex
algiers,2,21,0.495480,convex
algiers,2,22,0.497880,convex
algiers,2,23,0.499960,bellman
algiers,2,24,0.499800,convex
algiers,2,25,0.299910,bellman
algiers,2,26,0.484690,bellman
algiers,2,27,0.495400,convex
algiers,2,28,0.498080,bellman
algiers,2,29,0.497460,convex
algiers,2,30,0.499780,bellman
algiers,2,31,0.499800,convex
algiers,2,32,0.495490,convex
algiers,2,33,0.497960,convex
algiers,2,34,0.499800,convex
algiers,2,35,0.495510,convex
algiers,2,36,0.498400,convex
algiers,2,37,0.499830,convex
algiers,2,38,0.495430,convex
algiers,2,39,0.497540,convex
algiers,2,40,0.499800,convex
algiers,2,41,0.464870,bellman
algiers,2,42,0.464430,convex
algiers,2,43,0.466630,bellman
algiers,2,44,0.466630,convex
algiers,2,45,0.466640,bellman
algiers,2,46,0.466630,convex
algiers,2,47,0.280000,bellman
algiers,2,48,0.280000,bellman
algiers,2,49,0.464430,convex
algiers,2,50,0.463990,bellman
algiers,2,51,0.463110,bellman
algiers,2,52,0.495400,convex
algiers,2,53,0.497460,convex
algiers,2,54,0.499800,convex
algiers,2,55,0.495510,convex
algiers,2,56,0.498330,convex
algiers,2,57,0.499820,convex
algiers,2,58,0.495500,convex
algiers,2,59,0.498100,convex
algiers,2,60,0.499800,convex
algiers,2,61,0.498080,bellman
algiers,2,62,0.499780,bellman
algiers,2,63,0.495400,convex
algiers,2,64,0.497470,convex
algiers,2,65,0.499800,convex
algiers,2,66,0.495410,convex
algiers,2,67,0.498180,convex
algiers,2,68,0.499750,convex
algiers,2,69,0.464430,bellman
algiers,2,70,0.464430,bellman
algiers,2,71,0.464430,bellman
algiers,2,72,0.464430,convex
algiers,2,73,0.464430,bellman
algiers,2,74,0.464430,convex
algiers,2,75,0.280000,bellman
algiers,2,76,0.464430,bellman
algiers,2,77,0.463980,bellman
algiers,2,78,0.466630,bellman
algiers,2,79,0.466630,bellman
algiers,2,80,0.000000,convex
algiers,2,81,0.233330,convex
algiers,2,82,0.464430,convex
algiers,2,83,0.462200,convex
algiers,2,84,0.466630,convex
algiers,2,85,0.466600,convex
algiers,3,0,0.280000,bellman
algiers,3,1,0.000000,convex
algiers,3,2,0.280000,bellman
algiers,3,3,0.233330,convex
algiers,3,4,0.440810,bellman
algiers,3,5,0.440810,convex
algiers,3,6,0.445700,bellman
algiers,3,7,0.440810,convex
algiers,3,8,0.462530,bellman
algiers,3,9,0.462530,convex
algiers,3,10,0.463300,bellman
algiers,3,11,0.462530,convex
algiers,3,12,0.472220,bellman
algiers,3,13,0.469090,convex
algiers,3,14,0.492190,bellman
algiers,3,15,0.481470,convex
algiers,3,16,0.495560,bellman
algiers,3,17,0.494200,convex
algiers,3,18,0.470800,convex
algiers,3,19,0.490610,convex
algiers,3,20,0.495320,convex
algiers,3,21,0.469800,convex
algiers,3,22,0.487670,convex
algiers,3,23,0.495560,bellman
algiers,3,24,0.495070,convex
algiers,3,25,0.299910,bellman
algiers,3,26,0.464510,bellman
algiers,3,27,0.470330,convex
algiers,3,28,0.477530,bellman
algiers,3,29,0.490320,convex
algiers,3,30,0.494350,bellman
algiers,3,31,0.495230,convex
algiers,3,32,0.469650,convex
algiers,3,33,0.486860,convex
algiers,3,34,0.495010,convex
algiers,3,35,0.469140,convex
algiers,3,36,0.482250,convex
algiers,3,37,0.494360,convex
algiers,3,38,0.470650,convex
algiers,3,39,0.490500,convex
algiers,3,40,0.495280,convex
algiers,3,41,0.445700,bellman
algiers,3,42,0.440810,convex
algiers,3,43,0.462530,bellman
algiers,3,44,0.462520,convex
algiers,3,45,0.463300,bellman
algiers,3,46,0.462500,convex
algiers,3,47,0.280000,bellman
algiers,3,48,0.280000,bellman
algiers,3,49,0.440810,convex
algiers,3,50,0.437280,bellman
algiers,3,51,0.428610,bellman
algiers,3,52,0.470320,convex
algiers,3,53,0.490320,convex
algiers,3,54,0.495230,convex
algiers,3,55,0.469200,convex
algiers,3,56,0.483010,convex
algiers,3,57,0.494500,convex
algiers,3,58,0.469440,convex
algiers,3,59,0.485420,convex
algiers,3,60,0.494770,convex
algiers,3,61,0.477530,bellman
algiers,3,62,0.494350,bellman
algiers,3,63,0.470350,convex
algiers,3,64,0.490330,convex
algiers,3,65,0.495230,convex
algiers,3,66,0.468930,convex
algiers,3,67,0.478380,convex
algiers,3,68,0.493390,convex
algiers,3,69,0.440810,bellman
algiers,3,70,0.440810,bellman
algiers,3,71,0.440810,bellman
algiers,3,72,0.440810,convex
algiers,3,73,0.440810,bellman
algiers,3,74,0.440810,convex
algiers,3,75,0.280000,bellman
algiers,3,76,0.440810,bellman
algiers,3,77,0.435930,bellman
algiers,3,78,0.462530,bellman
algiers,3,79,0.461760,bellman
algiers,3,80,0.000000,convex
algiers,3,81,0.233330,convex
algiers,3,82,0.440810,convex
algiers,3,83,0.416390,convex
algiers,3,84,0.462530,convex
algiers,3,85,0.458690,convex
almaden,0,0,0.595580,bellman
almaden,0,1,0.000000,convex
almaden,0,2,0.595580,bellman
almaden,0,3,0.496310,convex
almaden,0,4,0.977740,bellman
almaden,0,5,0.977740,convex
almaden,0,6,0.980670,bellman
almaden,0,7,0.977740,convex
almaden,0,8,0.991960,bellman
almaden,0,9,0.991960,convex
almaden,0,10,0.992090,bellman
almaden,0,11,0.991960,convex
almaden,0,12,0.775120,bellman
almaden,0,13,0.015230,convex
almaden,0,14,0.792380,bellman
almaden,0,15,0.475490,convex
almaden,0,16,0.508020,bellman
almaden,0,17,0.512790,convex
almaden,0,18,0.014780,convex
almaden,0,19,0.104880,convex
almaden,0,20,0.513570,convex
almaden,0,21,0.015040,convex
almaden,0,22,0.224030,convex
almaden,0,23,0.508020,bellman
almaden,0,24,0.513230,convex
almaden,0,25,0.586920,bellman
almaden,0,26,0.972150,bellman
almaden,0,27,0.014500,convex
almaden,0,28,0.498220,bellman
almaden,0,29,0.049120,convex
almaden,0,30,0.516750,bellman
almaden,0,31,0.513510,convex
almaden,0,32,0.015080,convex
almaden,0,33,0.256950,convex
almaden,0,34,0.513110,convex
almaden,0,35,0.015210,convex
almaden,0,36,0.443900,convex
almaden,0,37,0.512700,convex
almaden,0,38,0.014690,convex
almaden,0,39,0.083420,convex
almaden,0,40,0.513380,convex
almaden,0,41,0.980670,bellman
almaden,0,42,0.977740,convex
almaden,0,43,0.991960,bellman
almaden,0,44,0.991960,convex
almaden,0,45,0.992090,bellman
almaden,0,46,0.991960,convex
almaden,0,47,0.595580,bellman
almaden,0,48,0.595580,bellman
almaden,0,49,0.977740,convex
almaden,0,50,0.975020,bellman
almaden,0,51,0.969330,bellman
almaden,0,52,0.014490,convex
almaden,0,53,0.048790,convex
almaden,0,54,0.513470,convex
almaden,0,55,0.015200,convex
almaden,0,56,0.412970,convex
almaden,0,57,0.512860,convex
almaden,0,58,0.015130,convex
almaden,0,59,0.315360,convex
almaden,0,60,0.513280,convex
almaden,0,61,0.498220,bellman
almaden,0,62,0.516750,bellman
almaden,0,63,0.014510,convex
almaden,0,64,0.051160,convex
almaden,0,65,0.511020,convex
almaden,0,66,0.015270,convex
almaden,0,67,0.600720,convex
almaden,0,68,0.509780,convex
almaden,0,69,0.977740,bellman
almaden,0,70,0.977740,bellman
almaden,0,71,0.977740,bellman
almaden,0,72,0.977740,convex
almaden,0,73,0.977740,bellman
almaden,0,74,0.977740,convex
almaden,0,75,0.595580,bellman
almaden,0,76,0.977740,bellman
almaden,0,77,0.974800,bellman
almaden,0,78,0.991960,bellman
almaden,0,79,0.991830,bellman
almaden,0,80,0.000000,convex
almaden,0,81,0.496310,convex
almaden,0,82,0.977740,convex
almaden,0,83,0.963070,convex
almaden,0,84,0.991960,convex
almaden,0,85,0.991310,convex
almaden,1,0,0.595580,bellman
almaden,1,1,0.000000,convex
almaden,1,2,0.595580,bellman
almaden,1,3,0.496310,convex
almaden,1,4,0.767630,bellman
almaden,1,5,0.767630,convex
almaden,1,6,0.802430,bellman
almaden,1,7,0.767630,convex
almaden,1,8,0.862750,bellman
almaden,1,9,0.862750,convex
almaden,1,10,0.881050,bellman
almaden,1,11,0.862750,convex
almaden,1,12,0.608550,bellman
almaden,1,13,0.020900,convex
almaden,1,14,0.739730,bellman
almaden,1,15,0.561470,convex
almaden,1,16,0.512370,bellman
almaden,1,17,0.556980,convex
almaden,1,18,0.015570,convex
almaden,1,19,0.318390,convex
almaden,1,20,0.561930,convex
almaden,1,21,0.018680,convex
almaden,1,22,0.396540,convex
almaden,1,23,0.512370,bellman
almaden,1,24,0.561570,convex
almaden,1,25,0.586920,bellman
almaden,1,26,0.795740,bellman
almaden,1,27,0.012230,convex
almaden,1,28,0.454490,bellman
almaden,1,29,0.281820,convex
almaden,1,30,0.610800,bellman
almaden,1,31,0.563850,convex
almaden,1,32,0.019160,convex
almaden,1,33,0.418130,convex
almaden,1,34,0.561230,convex
almaden,1,35,0.020740,convex
almaden,1,36,0.540750,convex
almaden,1,37,0.557720,convex
almaden,1,38,0.014550,convex
almaden,1,39,0.304320,convex
almaden,1,40,0.562600,convex
almaden,1,41,0.802430,bellman
almaden,1,42,0.767610,convex
almaden,1,43,0.862750,bellman
almaden,1,44,0.862720,convex
almaden,1,45,0.881050,bellman
almaden,1,46,0.862110,convex
almaden,1,47,0.595580,bellman
almaden,1,48,0.595580,bellman
almaden,1,49,0.767630,convex
almaden,1,50,0.772270,bellman
almaden,1,51,0.736010,bellman
almaden,1,52,0.012200,convex
almaden,1,53,0.281600,convex
almaden,1,54,0.563840,convex
almaden,1,55,0.020560,convex
almaden,1,56,0.520460,convex
almaden,1,57,0.558520,convex
almaden,1,58,0.019810,convex
almaden,1,59,0.456440,convex
almaden,1,60,0.558720,convex
almaden,1,61,0.454490,bellman
almaden,1,62,0.610800,bellman
almaden,1,63,0.012400,convex
almaden,1,64,0.283160,convex
almaden,1,65,0.562250,convex
almaden,1,66,0.021400,convex
almaden,1,67,0.643600,convex
almaden,1,68,0.551120,convex
almaden,1,69,0.767630,bellman
almaden,1,70,0.767630,bellman
almaden,1,71,0.767630,bellman
almaden,1,72,0.767630,convex
almaden,1,73,0.767630,bellman
almaden,1,74,0.767630,convex
almaden,1,75,0.595580,bellman
almaden,1,76,0.767630,bellman
almaden,1,77,0.732830,bellman
almaden,1,78,0.862750,bellman
almaden,1,79,0.844450,bellman
almaden,1,80,0.000000,convex
almaden,1,81,0.496310,convex
almaden,1,82,0.767630,convex
almaden,1,83,0.593630,convex
almaden,1,84,0.862750,convex
almaden,1,85,0.771250,convex
almaden,2,0,0.570080,bellman
almaden,2,1,0.000000,convex
almaden,2,2,0.570080,bellman
almaden,2,3,0.475070,convex
almaden,2,4,0.935880,bellman
almaden,2,5,0.935880,convex
almaden,2,6,0.938690,bellman
almaden,2,7,0.935880,convex
almaden,2,8,0.949500,bellman
almaden,2,9,0.949500,convex
almaden,2,10,0.949620,bellman
almaden,2,11,0.949500,convex
almaden,2,12,0.708110,bellman
almaden,2,13,0.094110,convex
almaden,2,14,0.725140,bellman
almaden,2,15,0.464670,convex
almaden,2,16,0.506040,bellman
almaden,2,17,0.509450,convex
almaden,2,18,0.093680,convex
almaden,2,19,0.168900,convex
almaden,2,20,0.510220,convex
almaden,2,21,0.093930,convex
almaden,2,22,0.263990,convex
almaden,2,23,0.506040,bellman
almaden,2,24,0.509960,convex
almaden,2,25,0.518890,bellman
almaden,2,26,0.888270,bellman
almaden,2,27,0.093410,convex
almaden,2,28,0.497210,bellman
almaden,2,29,0.124410,convex
almaden,2,30,0.514020,bellman
almaden,2,31,0.510220,convex
almaden,2,32,0.093970,convex
almaden,2,33,0.290260,convex
almaden,2,34,0.510010,convex
almaden,2,35,0.094100,convex
almaden,2,36,0.439460,convex
almaden,2,37,0.509640,convex
almaden,2,38,0.093600,convex
almaden,2,39,0.151780,convex
almaden,2,40,0.510300,convex
almaden,2,41,0.938690,bellman
almaden,2,42,0.935880,convex
almaden,2,43,0.949500,bellman
almaden,2,44,0.949490,convex
almaden,2,45,0.949620,bellman
almaden,2,46,0.949490,convex
almaden,2,47,0.570080,bellman
almaden,2,48,0.570080,bellman
almaden,2,49,0.935880,convex
almaden,2,50,0.933280,bellman
almaden,2,51,0.927840,bellman
almaden,2,52,0.093410,convex
almaden,2,53,0.124140,convex
almaden,2,54,0.510060,convex
almaden,2,55,0.094090,convex
almaden,2,56,0.414780,convex
almaden,2,57,0.509510,convex
almaden,2,58,0.094030,convex
almaden,2,59,0.336880,convex
almaden,2,60,0.509980,convex
almaden,2,61,0.497210,bellman
almaden,2,62,0.514020,bellman
almaden,2,63,0.093430,convex
almaden,2,64,0.126040,convex
almaden,2,65,0.508020,convex
almaden,2,66,0.094150,convex
almaden,2,67,0.564610,convex
almaden,2,68,0.506910,convex
almaden,2,69,0.935880,bellman
almaden,2,70,0.935880,bellman
almaden,2,71,0.935880,bellman
almaden,2,72,0.935880,convex
almaden,2,73,0.935880,bellman
almaden,2,74,0.935880,convex
almaden,2,75,0.570080,bellman
almaden,2,76,0.935880,bellman
almaden,2,77,0.933070,bellman
almaden,2,78,0.949500,bellman
almaden,2,79,0.949370,bellman
almaden,2,80,0.000000,convex
almaden,2,81,0.475070,convex
almaden,2,82,0.935880,convex
almaden,2,83,0.921840,convex
almaden,2,84,0.949500,convex
almaden,2,85,0.948880,convex
almaden,3,0,0.570080,bellman
almaden,3,1,0.000000,convex
almaden,3,2,0.570080,bellman
almaden,3,3,0.475070,convex
almaden,3,4,0.734770,bellman
almaden,3,5,0.734770,convex
almaden,3,6,0.768080,bellman
almaden,3,7,0.734770,convex
almaden,3,8,0.825810,bellman
almaden,3,9,0.825810,convex
almaden,3,10,0.843330,bellman
almaden,3,11,0.825810,convex
almaden,3,12,0.555940,bellman
almaden,3,13,0.082460,convex
almaden,3,14,0.687520,bellman
almaden,3,15,0.537810,convex
almaden,3,16,0.493920,bellman
almaden,3,17,0.527000,convex
almaden,3,18,0.077350,convex
almaden,3,19,0.346210,convex
almaden,3,20,0.531980,convex
almaden,3,21,0.080330,convex
almaden,3,22,0.407810,convex
almaden,3,23,0.493920,bellman
almaden,3,24,0.531140,convex
almaden,3,25,0.518890,bellman
almaden,3,26,0.728490,bellman
almaden,3,27,0.074150,convex
almaden,3,28,0.442570,bellman
almaden,3,29,0.317380,convex
almaden,3,30,0.584660,bellman
almaden,3,31,0.533240,convex
almaden,3,32,0.080780,convex
almaden,3,33,0.424830,convex
almaden,3,34,0.530930,convex
almaden,3,35,0.082300,convex
almaden,3,36,0.521480,convex
almaden,3,37,0.527830,convex
almaden,3,38,0.076370,convex
almaden,3,39,0.335120,convex
almaden,3,40,0.532540,convex
almaden,3,41,0.768080,bellman
almaden,3,42,0.734750,convex
almaden,3,43,0.825810,bellman
almaden,3,44,0.825790,convex
almaden,3,45,0.843330,bellman
almaden,3,46,0.825200,convex
almaden,3,47,0.570080,bellman
almaden,3,48,0.570080,bellman
almaden,3,49,0.734770,convex
almaden,3,50,0.739210,bellman
almaden,3,51,0.704500,bellman
almaden,3,52,0.074130,convex
almaden,3,53,0.317210,convex
almaden,3,54,0.533150,convex
almaden,3,55,0.082130,convex
almaden,3,56,0.505490,convex
almaden,3,57,0.528360,convex
almaden,3,58,0.081410,convex
almaden,3,59,0.455020,convex
almaden,3,60,0.529300,convex
almaden,3,61,0.442570,bellman
almaden,3,62,0.584660,bellman
almaden,3,63,0.074320,convex
almaden,3,64,0.318440,convex
almaden,3,65,0.531840,convex
almaden,3,66,0.082930,convex
almaden,3,67,0.602560,convex
almaden,3,68,0.521400,convex
almaden,3,69,0.734770,bellman
almaden,3,70,0.734770,bellman
almaden,3,71,0.734770,bellman
almaden,3,72,0.734770,convex
almaden,3,73,0.734770,bellman
almaden,3,74,0.734770,convex
almaden,3,75,0.570080,bellman
almaden,3,76,0.734770,bellman
almaden,3,77,0.701460,bellman
almaden,3,78,0.825810,bellman
almaden,3,79,0.808300,bellman
almaden,3,80,0.000000,convex
almaden,3,81,0.475070,convex
almaden,3,82,0.734770,convex
almaden,3,83,0.568220,convex
almaden,3,84,0.825810,convex
almaden,3,85,0.738230,convex
athens,0,0,0.596820,bellman
athens,0,1,0.000000,convex
athens,0,2,0.596820,bellman
athens,0,3,0.497350,convex
athens,0,4,0.984650,bellman
athens,0,5,0.984650,convex
athens,0,6,0.986640,bellman
athens,0,7,0.984650,convex
athens,0,8,0.994390,bellman
athens,0,9,0.994390,convex
athens,0,10,0.994450,bellman
athens,0,11,0.994390,convex
athens,0,12,0.782570,bellman
athens,0,13,0.011000,convex
athens,0,14,0.794350,bellman
athens,0,15,0.471330,convex
athens,0,16,0.505600,bellman
athens,0,17,0.508690,convex
athens,0,18,0.010690,convex
athens,0,19,0.093090,convex
athens,0,20,0.509220,convex
athens,0,21,0.010870,convex
athens,0,22,0.214700,convex
athens,0,23,0.505600,bellman
athens,0,24,0.509120,convex
athens,0,25,0.590550,bellman
athens,0,26,0.980430,bellman
athens,0,27,0.010500,convex
athens,0,28,0.498850,bellman
athens,0,29,0.036190,convex
athens,0,30,0.511530,bellman
athens,0,31,0.509310,convex
athens,0,32,0.010900,convex
athens,0,33,0.248290,convex
athens,0,34,0.509190,convex
athens,0,35,0.010990,convex
athens,0,36,0.439090,convex
athens,0,37,0.508960,convex
athens,0,38,0.010630,convex
athens,0,39,0.071190,convex
athens,0,40,0.509420,convex
athens,0,41,0.986640,bellman
athens,0,42,0.984650,convex
athens,0,43,0.994390,bellman
athens,0,44,0.994390,convex
athens,0,45,0.994450,bellman
athens,0,46,0.994390,convex
athens,0,47,0.596820,bellman
athens,0,48,0.596820,bellman
athens,0,49,0.984650,convex
athens,0,50,0.982760,bellman
athens,0,51,0.978860,bellman
athens,0,52,0.010500,convex
athens,0,53,0.035850,convex
athens,0,54,0.509110,convex
athens,0,55,0.010980,convex
athens,0,56,0.407520,convex
athens,0,57,0.508700,convex
athens,0,58,0.010930,convex
athens,0,59,0.307900,convex
athens,0,60,0.509010,convex
athens,0,61,0.498850,bellman
athens,0,62,0.511530,bellman
athens,0,63,0.010510,convex
athens,0,64,0.038270,convex
athens,0,65,0.506620,convex
athens,0,66,0.011030,convex
athens,0,67,0.599140,convex
athens,0,68,0.505770,convex
athens,0,69,0.984650,bellman
athens,0,70,0.984650,bellman
athens,0,71,0.984650,bellman
athens,0,72,0.984650,convex
athens,0,73,0.984650,bellman
athens,0,74,0.984650,convex
athens,0,75,0.596820,bellman
athens,0,76,0.984650,bellman
athens,0,77,0.982660,bellman
athens,0,78,0.994390,bellman
athens,0,79,0.994330,bellman
athens,0,80,0.000000,convex
athens,0,81,0.497350,convex
athens,0,82,0.984650,convex
athens,0,83,0.974700,convex
athens,0,84,0.994390,convex
athens,0,85,0.994090,convex
athens,1,0,0.589830,bellman
athens,1,1,0.000000,convex
athens,1,2,0.589830,bellman
athens,1,3,0.491530,convex
athens,1,4,0.973130,bellman
athens,1,5,0.973130,convex
athens,1,6,0.975090,bellman
athens,1,7,0.973130,convex
athens,1,8,0.982760,bellman
athens,1,9,0.982760,convex
athens,1,10,0.982810,bellman
athens,1,11,0.982760,convex
athens,1,12,0.762740,bellman
athens,1,13,0.033520,convex
athens,1,14,0.774490,bellman
athens,1,15,0.467850,convex
athens,1,16,0.505200,bellman
athens,1,17,0.508050,convex
athens,1,18,0.033220,convex
athens,1,19,0.111510,convex
athens,1,20,0.508580,convex
athens,1,21,0.033400,convex
athens,1,22,0.226080,convex
athens,1,23,0.505200,bellman
athens,1,24,0.508470,convex
athens,1,25,0.570520,bellman
athens,1,26,0.955970,bellman
athens,1,27,0.033030,convex
athens,1,28,0.498650,bellman
athens,1,29,0.057900,convex
athens,1,30,0.511000,bellman
athens,1,31,0.508660,convex
athens,1,32,0.033420,convex
athens,1,33,0.257730,convex
athens,1,34,0.508540,convex
athens,1,35,0.033510,convex
athens,1,36,0.437480,convex
athens,1,37,0.508310,convex
athens,1,38,0.033160,convex
athens,1,39,0.090880,convex
athens,1,40,0.508780,convex
athens,1,41,0.975090,bellman
athens,1,42,0.973120,convex
athens,1,43,0.982760,bellman
athens,1,44,0.982750,convex
athens,1,45,0.982810,bellman
athens,1,46,0.982750,convex
athens,1,47,0.589830,bellman
athens,1,48,0.589830,bellman
athens,1,49,0.973130,convex
athens,1,50,0.971260,bellman
athens,1,51,0.967410,bellman
athens,1,52,0.033030,convex
athens,1,53,0.057580,convex
athens,1,54,0.508470,convex
athens,1,55,0.033500,convex
athens,1,56,0.407740,convex
athens,1,57,0.508070,convex
athens,1,58,0.033460,convex
athens,1,59,0.313890,convex
athens,1,60,0.508390,convex
athens,1,61,0.498650,bellman
athens,1,62,0.511000,bellman
athens,1,63,0.033040,convex
athens,1,64,0.059870,convex
athens,1,65,0.506090,convex
athens,1,66,0.033550,convex
athens,1,67,0.588270,convex
athens,1,68,0.505270,convex
athens,1,69,0.973130,bellman
athens,1,70,0.973130,bellman
athens,1,71,0.973130,bellman
athens,1,72,0.973130,convex
athens,1,73,0.973130,bellman
athens,1,74,0.973130,convex
athens,1,75,0.589830,bellman
athens,1,76,0.973130,bellman
athens,1,77,0.971160,bellman
athens,1,78,0.982760,bellman
athens,1,79,0.982700,bellman
athens,1,80,0.000000,convex
athens,1,81,0.491530,convex
athens,1,82,0.973130,convex
athens,1,83,0.963300,convex
athens,1,84,0.982760,convex
athens,1,85,0.982460,convex
auckland,0,0,0.597930,bellman
auckland,0,1,0.000000,convex
auckland,0,2,0.597930,bellman
auckland,0,3,0.498280,convex
auckland,0,4,0.991080,bellman
auckland,0,5,0.991080,convex
auckland,0,6,0.992170,bellman
auckland,0,7,0.991080,convex
auckland,0,8,0.996470,bellman
auckland,0,9,0.996470,convex
auckland,0,10,0.996490,bellman
auckland,0,11,0.996470,convex
auckland,0,12,0.789480,bellman
auckland,0,13,0.007120,convex
auckland,0,14,0.795980,bellman
auckland,0,15,0.467240,convex
auckland,0,16,0.503150,bellman
auckland,0,17,0.504700,convex
auckland,0,18,0.006960,convex
auckland,0,19,0.081870,convex
auckland,0,20,0.504990,convex
auckland,0,21,0.007050,convex
auckland,0,22,0.205770,convex
auckland,0,23,0.503150,bellman
auckland,0,24,0.504980,convex
auckland,0,25,0.593850,bellman
auckland,0,26,0.988100,bellman
auckland,0,27,0.006850,convex
auckland,0,28,0.499400,bellman
auckland,0,29,0.023900,convex
auckland,0,30,0.506410,bellman
auckland,0,31,0.505090,convex
auckland,0,32,0.007070,convex
auckland,0,33,0.240000,convex
auckland,0,34,0.505060,convex
auckland,0,35,0.007120,convex
auckland,0,36,0.434390,convex
auckland,0,37,0.504960,convex
auckland,0,38,0.006920,convex
auckland,0,39,0.059560,convex
auckland,0,40,0.505220,convex
auckland,0,41,0.992170,bellman
auckland,0,42,0.991080,convex
auckland,0,43,0.996470,bellman
auckland,0,44,0.996470,convex
auckland,0,45,0.996490,bellman
auckland,0,46,0.996470,convex
auckland,0,47,0.597930,bellman
auckland,0,48,0.597930,bellman
auckland,0,49,0.991080,convex
auckland,0,50,0.990020,bellman
auckland,0,51,0.987860,bellman
auckland,0,52,0.006850,convex
auckland,0,53,0.023550,convex
auckland,0,54,0.504890,convex
auckland,0,55,0.007110,convex
auckland,0,56,0.402230,convex
auckland,0,57,0.504660,convex
auckland,0,58,0.007090,convex
auckland,0,59,0.300730,convex
auckland,0,60,0.504870,convex
auckland,0,61,0.499400,bellman
auckland,0,62,0.506410,bellman
auckland,0,63,0.006860,convex
auckland,0,64,0.026020,convex
auckland,0,65,0.502350,convex
auckland,0,66,0.007140,convex
auckland,0,67,0.597450,convex
auckland,0,68,0.501880,convex
auckland,0,69,0.991080,bellman
auckland,0,70,0.991080,bellman
auckland,0,71,0.991080,bellman
auckland,0,72,0.991080,convex
auckland,0,73,0.991080,bellman
auckland,0,74,0.991080,convex
auckland,0,75,0.597930,bellman
auckland,0,76,0.991080,bellman
auckland,0,77,0.989990,bellman
auckland,0,78,0.996470,bellman
auckland,0,79,0.996450,bellman
auckland,0,80,0.000000,convex
auckland,0,81,0.498280,convex
auckland,0,82,0.991080,convex
auckland,0,83,0.985630,convex
auckland,0,84,0.996470,convex
auckland,0,85,0.996380,convex
auckland,1,0,0.597930,bellman
auckland,1,1,0.000000,convex
auckland,1,2,0.597930,bellman
auckland,1,3,0.498280,convex
auckland,1,4,0.977420,bellman
auckland,1,5,0.977420,convex
auckland,1,6,0.981180,bellman
auckland,1,7,0.977420,convex
auckland,1,8,0.995470,bellman
auckland,1,9,0.995470,convex
auckland,1,10,0.995680,bellman
auckland,1,11,0.995470,convex
auckland,1,12,0.778600,bellman
auckland,1,13,0.007760,convex
auckland,1,14,0.800470,bellman
auckland,1,15,0.480830,convex
auckland,1,16,0.510310,bellman
auckland,1,17,0.516270,convex
auckland,1,18,0.007190,convex
auckland,1,19,0.105920,convex
auckland,1,20,0.517240,convex
auckland,1,21,0.007520,convex
auckland,1,22,0.226450,convex
auckland,1,23,0.510310,bellman
auckland,1,24,0.517000,convex
auckland,1,25,0.593850,bellman
auckland,1,26,0.977170,bellman
auckland,1,27,0.006830,convex
auckland,1,28,0.497820,bellman
auckland,1,29,0.049510,convex
auckland,1,30,0.521530,bellman
auckland,1,31,0.517350,convex
auckland,1,32,0.007570,convex
auckland,1,33,0.259750,convex
auckland,1,34,0.517050,convex
auckland,1,35,0.007740,convex
auckland,1,36,0.448870,convex
auckland,1,37,0.516610,convex
auckland,1,38,0.007080,convex
auckland,1,39,0.084210,convex
auckland,1,40,0.517470,convex
auckland,1,41,0.981180,bellman
auckland,1,42,0.977420,convex
auckland,1,43,0.995470,bellman
auckland,1,44,0.995470,convex
auckland,1,45,0.995680,bellman
auckland,1,46,0.995460,convex
auckland,1,47,0.597930,bellman
auckland,1,48,0.597930,bellman
auckland,1,49,0.977420,convex
auckland,1,50,0.974030,bellman
auckland,1,51,0.966810,bellman
auckland,1,52,0.006820,convex
auckland,1,53,0.049170,convex
auckland,1,54,0.517160,convex
auckland,1,55,0.007730,convex
auckland,1,56,0.417580,convex
auckland,1,57,0.516380,convex
auckland,1,58,0.007640,convex
auckland,1,59,0.318840,convex
auckland,1,60,0.516870,convex
auckland,1,61,0.497820,bellman
auckland,1,62,0.521530,bellman
auckland,1,63,0.006850,convex
auckland,1,64,0.051580,convex
auckland,1,65,0.514690,convex
auckland,1,66,0.007820,convex
auckland,1,67,0.607520,convex
auckland,1,68,0.513100,convex
auckland,1,69,0.977420,bellman
auckland,1,70,0.977420,bellman
auckland,1,71,0.977420,bellman
auckland,1,72,0.977420,convex
auckland,1,73,0.977420,bellman
auckland,1,74,0.977420,convex
auckland,1,75,0.597930,bellman
auckland,1,76,0.977420,bellman
auckland,1,77,0.973670,bellman
auckland,1,78,0.995470,bellman
auckland,1,79,0.995260,bellman
auckland,1,80,0.000000,convex
auckland,1,81,0.498280,convex
auckland,1,82,0.977420,convex
auckland,1,83,0.958660,convex
auckland,1,84,0.995470,convex
auckland,1,85,0.994410,convex
auckland,2,0,0.590660,bellman
auckland,2,1,0.000000,convex
auckland,2,2,0.590660,bellman
auckland,2,3,0.492210,convex
auckland,2,4,0.979010,bellman
auckland,2,5,0.979010,convex
auckland,2,6,0.980090,bellman
auckland,2,7,0.979010,convex
auckland,2,8,0.984340,bellman
auckland,2,9,0.984340,convex
auckland,2,10,0.984360,bellman
auckland,2,11,0.984340,convex
auckland,2,12,0.768590,bellman
auckland,2,13,0.030790,convex
auckland,2,14,0.775070,bellman
auckland,2,15,0.463680,convex
auckland,2,16,0.502920,bellman
auckland,2,17,0.504350,convex
auckland,2,18,0.030620,convex
auckland,2,19,0.101420,convex
auckland,2,20,0.504650,convex
auckland,2,21,0.030720,convex
auckland,2,22,0.217890,convex
auckland,2,23,0.502920,bellman
auckland,2,24,0.504630,convex
auckland,2,25,0.572840,bellman
auckland,2,26,0.962370,bellman
auckland,2,27,0.030520,convex
auckland,2,28,0.499290,bellman
auckland,2,29,0.046920,convex
auckland,2,30,0.506100,bellman
auckland,2,31,0.504730,convex
auckland,2,32,0.030730,convex
auckland,2,33,0.250070,convex
auckland,2,34,0.504700,convex
auckland,2,35,0.030780,convex
auckland,2,36,0.432800,convex
auckland,2,37,0.504610,convex
auckland,2,38,0.030590,convex
auckland,2,39,0.080450,convex
auckland,2,40,0.504860,convex
auckland,2,41,0.980090,bellman
auckland,2,42,0.979010,convex
auckland,2,43,0.984340,bellman
auckland,2,44,0.984340,convex
auckland,2,45,0.984360,bellman
auckland,2,46,0.984340,convex
auckland,2,47,0.590660,bellman
auckland,2,48,0.590660,bellman
auckland,2,49,0.979010,convex
auckland,2,50,0.977970,bellman
auckland,2,51,0.975840,bellman
auckland,2,52,0.030520,convex
auckland,2,53,0.046600,convex
auckland,2,54,0.504540,convex
auckland,2,55,0.030770,convex
auckland,2,56,0.402570,convex
auckland,2,57,0.504310,convex
auckland,2,58,0.030750,convex
auckland,2,59,0.307150,convex
auckland,2,60,0.504540,convex
auckland,2,61,0.499290,bellman
auckland,2,62,0.506100,bellman
auckland,2,63,0.030520,convex
auckland,2,64,0.048920,convex
auckland,2,65,0.502120,convex
auckland,2,66,0.030800,convex
auckland,2,67,0.586090,convex
auckland,2,68,0.501670,convex
auckland,2,69,0.979010,bellman
auckland,2,70,0.979010,bellman
auckland,2,71,0.979010,bellman
auckland,2,72,0.979010,convex
auckland,2,73,0.979010,bellman
auckland,2,74,0.979010,convex
auckland,2,75,0.590660,bellman
auckland,2,76,0.979010,bellman
auckland,2,77,0.977940,bellman
auckland,2,78,0.984340,bellman
auckland,2,79,0.984320,bellman
auckland,2,80,0.000000,convex
auckland,2,81,0.492210,convex
auckland,2,82,0.979010,convex
auckland,2,83,0.973630,convex
auckland,2,84,0.984340,convex
auckland,2,85,0.984250,convex
belem,0,0,0.595720,bellman
belem,0,1,0.000000,convex
belem,0,2,0.595720,bellman
belem,0,3,0.496440,convex
belem,0,4,0.951770,bellman
belem,0,5,0.951770,convex
belem,0,6,0.959650,bellman
belem,0,7,0.951770,convex
belem,0,8,0.987910,bellman
belem,0,9,0.987910,convex
belem,0,10,0.988840,bellman
belem,0,11,0.987910,convex
belem,0,12,0.754750,bellman
belem,0,13,0.015740,convex
belem,0,14,0.799050,bellman
belem,0,15,0.499080,convex
belem,0,16,0.519360,bellman
belem,0,17,0.531700,convex
belem,0,18,0.014530,convex
belem,0,19,0.147210,convex
belem,0,20,0.533650,convex
belem,0,21,0.015240,convex
belem,0,22,0.260340,convex
belem,0,23,0.519360,bellman
belem,0,24,0.533090,convex
belem,0,25,0.587350,bellman
belem,0,26,0.951620,bellman
belem,0,27,0.013780,convex
belem,0,28,0.494670,bellman
belem,0,29,0.094280,convex
belem,0,30,0.542800,bellman
belem,0,31,0.533810,convex
belem,0,32,0.015340,convex
belem,0,33,0.291600,convex
belem,0,34,0.533090,convex
belem,0,35,0.015700,convex
belem,0,36,0.469090,convex
belem,0,37,0.532140,convex
belem,0,38,0.014300,convex
belem,0,39,0.126840,convex
belem,0,40,0.533880,convex
belem,0,41,0.959650,bellman
belem,0,42,0.951760,convex
belem,0,43,0.987910,bellman
belem,0,44,0.987900,convex
belem,0,45,0.988840,bellman
belem,0,46,0.987870,convex
belem,0,47,0.595720,bellman
belem,0,48,0.595720,bellman
belem,0,49,0.951770,convex
belem,0,50,0.945520,bellman
belem,0,51,0.931070,bellman
belem,0,52,0.013770,convex
belem,0,53,0.093960,convex
belem,0,54,0.533620,convex
belem,0,55,0.015660,convex
belem,0,56,0.439730,convex
belem,0,57,0.532050,convex
belem,0,58,0.015490,convex
belem,0,59,0.347050,convex
belem,0,60,0.532880,convex
belem,0,61,0.494670,bellman
belem,0,62,0.542800,bellman
belem,0,63,0.013810,convex
belem,0,64,0.096210,convex
belem,0,65,0.531300,convex
belem,0,66,0.015850,convex
belem,0,67,0.617990,convex
belem,0,68,0.528080,convex
belem,0,69,0.951770,bellman
belem,0,70,0.951770,bellman
belem,0,71,0.951770,bellman
belem,0,72,0.951770,convex
belem,0,73,0.951770,bellman
belem,0,74,0.951770,convex
belem,0,75,0.595720,bellman
belem,0,76,0.951770,bellman
belem,0,77,0.943890,bellman
belem,0,78,0.987910,bellman
belem,0,79,0.986970,bellman
belem,0,80,0.000000,convex
belem,0,81,0.496440,convex
belem,0,82,0.951770,convex
belem,0,83,0.912360,convex
belem,0,84,0.987910,convex
belem,0,85,0.983220,convex
belem,1,0,0.595720,bellman
belem,1,1,0.000000,convex
belem,1,2,0.595720,bellman
belem,1,3,0.496440,convex
belem,1,4,0.972420,bellman
belem,1,5,0.972420,convex
belem,1,6,0.976420,bellman
belem,1,7,0.972420,convex
belem,1,8,0.991620,bellman
belem,1,9,0.991620,convex
belem,1,10,0.991870,bellman
belem,1,11,0.991620,convex
belem,1,12,0.771130,bellman
belem,1,13,0.014970,convex
belem,1,14,0.794480,bellman
belem,1,15,0.480900,convex
belem,1,16,0.510730,bellman
belem,1,17,0.517030,convex
belem,1,18,0.014350,convex
belem,1,19,0.113990,convex
belem,1,20,0.518070,convex
belem,1,21,0.014710,convex
belem,1,22,0.231950,convex
belem,1,23,0.510730,bellman
belem,1,24,0.517790,convex
belem,1,25,0.587350,bellman
belem,1,26,0.968220,bellman
belem,1,27,0.013970,convex
belem,1,28,0.497520,bellman
belem,1,29,0.058790,convex
belem,1,30,0.522660,bellman
belem,1,31,0.518170,convex
belem,1,32,0.014770,convex
belem,1,33,0.264540,convex
belem,1,34,0.517840,convex
belem,1,35,0.014950,convex
belem,1,36,0.449620,convex
belem,1,37,0.517370,convex
belem,1,38,0.014240,convex
belem,1,39,0.092740,convex
belem,1,40,0.518290,convex
belem,1,41,0.976420,bellman
belem,1,42,0.972420,convex
belem,1,43,0.991620,bellman
belem,1,44,0.991620,convex
belem,1,45,0.991870,bellman
belem,1,46,0.991620,convex
belem,1,47,0.595720,bellman
belem,1,48,0.595720,bellman
belem,1,49,0.972420,convex
belem,1,50,0.968820,bellman
belem,1,51,0.961140,bellman
belem,1,52,0.013970,convex
belem,1,53,0.058460,convex
belem,1,54,0.517980,convex
belem,1,55,0.014930,convex
belem,1,56,0.419000,convex
belem,1,57,0.517160,convex
belem,1,58,0.014840,convex
belem,1,59,0.322360,convex
belem,1,60,0.517680,convex
belem,1,61,0.497520,bellman
belem,1,62,0.522660,bellman
belem,1,63,0.013990,convex
belem,1,64,0.060810,convex
belem,1,65,0.515560,convex
belem,1,66,0.015030,convex
belem,1,67,0.604880,convex
belem,1,68,0.513880,convex
belem,1,69,0.972420,bellman
belem,1,70,0.972420,bellman
belem,1,71,0.972420,bellman
belem,1,72,0.972420,convex
belem,1,73,0.972420,bellman
belem,1,74,0.972420,convex
belem,1,75,0.595720,bellman
belem,1,76,0.972420,bellman
belem,1,77,0.968410,bellman
belem,1,78,0.991620,bellman
belem,1,79,0.991380,bellman
belem,1,80,0.000000,convex
belem,1,81,0.496440,convex
belem,1,82,0.972420,convex
belem,1,83,0.952390,convex
belem,1,84,0.991620,convex
belem,1,85,0.990410,convex
belem,2,0,0.593380,bellman
belem,2,1,0.000000,convex
belem,2,2,0.593380,bellman
belem,2,3,0.494480,convex
belem,2,4,0.968590,bellman
belem,2,5,0.968590,convex
belem,2,6,0.972580,bellman
belem,2,7,0.968590,convex
belem,2,8,0.987720,bellman
belem,2,9,0.987720,convex
belem,2,10,0.987960,bellman
belem,2,11,0.987720,convex
belem,2,12,0.764490,bellman
belem,2,13,0.022480,convex
belem,2,14,0.787820,bellman
belem,2,15,0.479620,convex
belem,2,16,0.510460,bellman
belem,2,17,0.516570,convex
belem,2,18,0.021870,convex
belem,2,19,0.119980,convex
belem,2,20,0.517610,convex
belem,2,21,0.022230,convex
belem,2,22,0.235610,convex
belem,2,23,0.510460,bellman
belem,2,24,0.517320,convex
belem,2,25,0.580570,bellman
belem,2,26,0.960030,bellman
belem,2,27,0.021490,convex
belem,2,28,0.497380,bellman
belem,2,29,0.065880,convex
belem,2,30,0.522300,bellman
belem,2,31,0.517700,convex
belem,2,32,0.022280,convex
belem,2,33,0.267550,convex
belem,2,34,0.517370,convex
belem,2,35,0.022460,convex
belem,2,36,0.448960,convex
belem,2,37,0.516910,convex
belem,2,38,0.021750,convex
belem,2,39,0.099160,convex
belem,2,40,0.517830,convex
belem,2,41,0.972580,bellman
belem,2,42,0.968590,convex
belem,2,43,0.987720,bellman
belem,2,44,0.987720,convex
belem,2,45,0.987960,bellman
belem,2,46,0.987710,convex
belem,2,47,0.593380,bellman
belem,2,48,0.593380,bellman
belem,2,49,0.968590,convex
belem,2,50,0.965010,bellman
belem,2,51,0.957360,bellman
belem,2,52,0.021490,convex
belem,2,53,0.065560,convex
belem,2,54,0.517510,convex
belem,2,55,0.022440,convex
belem,2,56,0.418950,convex
belem,2,57,0.516700,convex
belem,2,58,0.022360,convex
belem,2,59,0.324230,convex
belem,2,60,0.517220,convex
belem,2,61,0.497380,bellman
belem,2,62,0.522300,bellman
belem,2,63,0.021510,convex
belem,2,64,0.067860,convex
belem,2,65,0.515120,convex
belem,2,66,0.022540,convex
belem,2,67,0.601140,convex
belem,2,68,0.513460,convex
belem,2,69,0.968590,bellman
belem,2,70,0.968590,bellman
belem,2,71,0.968590,bellman
belem,2,72,0.968590,convex
belem,2,73,0.968590,bellman
belem,2,74,0.968590,convex
belem,2,75,0.593380,bellman
belem,2,76,0.968590,bellman
belem,2,77,0.964600,bellman
belem,2,78,0.987720,bellman
belem,2,79,0.987480,bellman
belem,2,80,0.000000,convex
belem,2,81,0.494480,convex
belem,2,82,0.968590,convex
belem,2,83,0.948640,convex
belem,2,84,0.987720,convex
belem,2,85,0.986510,convex
boeblingen,0,0,0.597560,bellman
boeblingen,0,1,0.000000,convex
boeblingen,0,2,0.597560,bellman
boeblingen,0,3,0.497970,convex
boeblingen,0,4,0.982790,bellman
boeblingen,0,5,0.982790,convex
boeblingen,0,6,0.985380,bellman
boeblingen,0,7,0.982790,convex
boeblingen,0,8,0.995420,bellman
boeblingen,0,9,0.995420,convex
boeblingen,0,10,0.995520,bellman
boeblingen,0,11,0.995420,convex
boeblingen,0,12,0.782280,bellman
boeblingen,0,13,0.008700,convex
boeblingen,0,14,0.797560,bellman
boeblingen,0,15,0.474810,convex
boeblingen,0,16,0.507270,bellman
boeblingen,0,17,0.511380,convex
boeblingen,0,18,0.008310,convex
boeblingen,0,19,0.096550,convex
boeblingen,0,20,0.512060,convex
boeblingen,0,21,0.008540,convex
boeblingen,0,22,0.218160,convex
boeblingen,0,23,0.507270,bellman
boeblingen,0,24,0.511910,convex
boeblingen,0,25,0.592740,bellman
boeblingen,0,26,0.980630,bellman
boeblingen,0,27,0.008060,convex
boeblingen,0,28,0.498520,bellman
boeblingen,0,29,0.039640,convex
boeblingen,0,30,0.515020,bellman
boeblingen,0,31,0.512160,convex
boeblingen,0,32,0.008570,convex
boeblingen,0,33,0.251760,convex
boeblingen,0,34,0.511980,convex
boeblingen,0,35,0.008690,convex
boeblingen,0,36,0.442570,convex
boeblingen,0,37,0.511660,convex
boeblingen,0,38,0.008230,convex
boeblingen,0,39,0.074650,convex
boeblingen,0,40,0.512270,convex
boeblingen,0,41,0.985380,bellman
boeblingen,0,42,0.982790,convex
boeblingen,0,43,0.995420,bellman
boeblingen,0,44,0.995420,convex
boeblingen,0,45,0.995520,bellman
boeblingen,0,46,0.995420,convex
boeblingen,0,47,0.597560,bellman
boeblingen,0,48,0.597560,bellman
boeblingen,0,49,0.982790,convex
boeblingen,0,50,0.980370,bellman
boeblingen,0,51,0.975310,bellman
boeblingen,0,52,0.008060,convex
boeblingen,0,53,0.039300,convex
boeblingen,0,54,0.511960,convex
boeblingen,0,55,0.008680,convex
boeblingen,0,56,0.411000,convex
boeblingen,0,57,0.511420,convex
boeblingen,0,58,0.008620,convex
boeblingen,0,59,0.311370,convex
boeblingen,0,60,0.511800,convex
boeblingen,0,61,0.498520,bellman
boeblingen,0,62,0.515020,bellman
boeblingen,0,63,0.008070,convex
boeblingen,0,64,0.041720,convex
boeblingen,0,65,0.509470,convex
boeblingen,0,66,0.008740,convex
boeblingen,0,67,0.602630,convex
boeblingen,0,68,0.508370,convex
boeblingen,0,69,0.982790,bellman
boeblingen,0,70,0.982790,bellman
boeblingen,0,71,0.982790,bellman
boeblingen,0,72,0.982790,convex
boeblingen,0,73,0.982790,bellman
boeblingen,0,74,0.982790,convex
boeblingen,0,75,0.597560,bellman
boeblingen,0,76,0.982790,bellman
boeblingen,0,77,0.980190,bellman
boeblingen,0,78,0.995420,bellman
boeblingen,0,79,0.995320,bellman
boeblingen,0,80,0.000000,convex
boeblingen,0,81,0.497970,convex
boeblingen,0,82,0.982790,convex
boeblingen,0,83,0.969820,convex
boeblingen,0,84,0.995420,convex
boeblingen,0,85,0.994910,convex
boeblingen,1,0,0.597560,bellman
boeblingen,1,1,0.000000,convex
boeblingen,1,2,0.597560,bellman
boeblingen,1,3,0.497970,convex
boeblingen,1,4,0.804020,bellman
boeblingen,1,5,0.804020,convex
boeblingen,1,6,0.835010,bellman
boeblingen,1,7,0.804020,convex
boeblingen,1,8,0.899240,bellman
boeblingen,1,9,0.899240,convex
boeblingen,1,10,0.913700,bellman
boeblingen,1,11,0.899240,convex
boeblingen,1,12,0.639980,bellman
boeblingen,1,13,0.015070,convex
boeblingen,1,14,0.766810,bellman
boeblingen,1,15,0.564010,convex
boeblingen,1,16,0.524990,bellman
boeblingen,1,17,0.567100,convex
boeblingen,1,18,0.010320,convex
boeblingen,1,19,0.299530,convex
boeblingen,1,20,0.572010,convex
boeblingen,1,21,0.013090,convex
boeblingen,1,22,0.384560,convex
boeblingen,1,23,0.524990,bellman
boeblingen,1,24,0.571490,convex
boeblingen,1,25,0.592740,bellman
boeblingen,1,26,0.831120,bellman
boeblingen,1,27,0.007350,convex
boeblingen,1,28,0.464750,bellman
boeblingen,1,29,0.259740,convex
boeblingen,1,30,0.614190,bellman
boeblingen,1,31,0.573660,convex
boeblingen,1,32,0.013510,convex
boeblingen,1,33,0.408050,convex
boeblingen,1,34,0.571280,convex
boeblingen,1,35,0.014920,convex
boeblingen,1,36,0.541470,convex
boeblingen,1,37,0.568030,convex
boeblingen,1,38,0.009410,convex
boeblingen,1,39,0.284210,convex
boeblingen,1,40,0.572780,convex
boeblingen,1,41,0.835010,bellman
boeblingen,1,42,0.804000,convex
boeblingen,1,43,0.899240,bellman
boeblingen,1,44,0.899220,convex
boeblingen,1,45,0.913700,bellman
boeblingen,1,46,0.898730,convex
boeblingen,1,47,0.597560,bellman
boeblingen,1,48,0.597560,bellman
boeblingen,1,49,0.804020,convex
boeblingen,1,50,0.802890,bellman
boeblingen,1,51,0.765950,bellman
boeblingen,1,52,0.007320,convex
boeblingen,1,53,0.259500,convex
boeblingen,1,54,0.573540,convex
boeblingen,1,55,0.014760,convex
boeblingen,1,56,0.519400,convex
boeblingen,1,57,0.568520,convex
boeblingen,1,58,0.014100,convex
boeblingen,1,59,0.449740,convex
boeblingen,1,60,0.569080,convex
boeblingen,1,61,0.464750,bellman
boeblingen,1,62,0.614190,bellman
boeblingen,1,63,0.007500,convex
boeblingen,1,64,0.261190,convex
boeblingen,1,65,0.571810,convex
boeblingen,1,66,0.015510,convex
boeblingen,1,67,0.653390,convex
boeblingen,1,68,0.561340,convex
boeblingen,1,69,0.804020,bellman
boeblingen,1,70,0.804020,bellman
boeblingen,1,71,0.804020,bellman
boeblingen,1,72,0.804020,convex
boeblingen,1,73,0.804020,bellman
boeblingen,1,74,0.804020,convex
boeblingen,1,75,0.597560,bellman
boeblingen,1,76,0.804020,bellman
boeblingen,1,77,0.773030,bellman
boeblingen,1,78,0.899240,bellman
boeblingen,1,79,0.884780,bellman
boeblingen,1,80,0.000000,convex
boeblingen,1,81,0.497970,convex
boeblingen,1,82,0.804020,convex
boeblingen,1,83,0.649080,convex
boeblingen,1,84,0.899240,convex
boeblingen,1,85,0.826930,convex
boeblingen,2,0,0.588920,bellman
boeblingen,2,1,0.000000,convex
boeblingen,2,2,0.588920,bellman
boeblingen,2,3,0.490760,convex
boeblingen,2,4,0.968570,bellman
boeblingen,2,5,0.968570,convex
boeblingen,2,6,0.971130,bellman
boeblingen,2,7,0.968570,convex
boeblingen,2,8,0.981020,bellman
boeblingen,2,9,0.981020,convex
boeblingen,2,10,0.981120,bellman
boeblingen,2,11,0.981020,convex
boeblingen,2,12,0.757820,bellman
boeblingen,2,13,0.036490,convex
boeblingen,2,14,0.773050,bellman
boeblingen,2,15,0.470420,convex
boeblingen,2,16,0.506630,bellman
boeblingen,2,17,0.510360,convex
boeblingen,2,18,0.036100,convex
boeblingen,2,19,0.119110,convex
boeblingen,2,20,0.511040,convex
boeblingen,2,21,0.036330,convex
boeblingen,2,22,0.232060,convex
boeblingen,2,23,0.506630,bellman
boeblingen,2,24,0.510870,convex
boeblingen,2,25,0.567960,bellman
boeblingen,2,26,0.950450,bellman
boeblingen,2,27,0.035850,convex
boeblingen,2,28,0.498190,bellman
boeblingen,2,29,0.066260,convex
boeblingen,2,30,0.514160,bellman
boeblingen,2,31,0.511110,convex
boeblingen,2,32,0.036360,convex
boeblingen,2,33,0.263260,convex
boeblingen,2,34,0.510930,convex
boeblingen,2,35,0.036480,convex
boeblingen,2,36,0.440470,convex
boeblingen,2,37,0.510630,convex
boeblingen,2,38,0.036020,convex
boeblingen,2,39,0.098770,convex
boeblingen,2,40,0.511230,convex
boeblingen,2,41,0.971130,bellman
boeblingen,2,42,0.968570,convex
boeblingen,2,43,0.981020,bellman
boeblingen,2,44,0.981020,convex
boeblingen,2,45,0.981120,bellman
boeblingen,2,46,0.981010,convex
boeblingen,2,47,0.588920,bellman
boeblingen,2,48,0.588920,bellman
boeblingen,2,49,0.968570,convex
boeblingen,2,50,0.966180,bellman
boeblingen,2,51,0.961200,bellman
boeblingen,2,52,0.035850,convex
boeblingen,2,53,0.065950,convex
boeblingen,2,54,0.510920,convex
boeblingen,2,55,0.036460,convex
boeblingen,2,56,0.411150,convex
boeblingen,2,57,0.510400,convex
boeblingen,2,58,0.036410,convex
boeblingen,2,59,0.318630,convex
boeblingen,2,60,0.510800,convex
boeblingen,2,61,0.498190,bellman
boeblingen,2,62,0.514160,bellman
boeblingen,2,63,0.035860,convex
boeblingen,2,64,0.068200,convex
boeblingen,2,65,0.508580,convex
boeblingen,2,66,0.036530,convex
boeblingen,2,67,0.589130,convex
boeblingen,2,68,0.507520,convex
boeblingen,2,69,0.968570,bellman
boeblingen,2,70,0.968570,bellman
boeblingen,2,71,0.968570,bellman
boeblingen,2,72,0.968570,convex
boeblingen,2,73,0.968570,bellman
boeblingen,2,74,0.968570,convex
boeblingen,2,75,0.588920,bellman
boeblingen,2,76,0.968570,bellman
boeblingen,2,77,0.966010,bellman
boeblingen,2,78,0.981020,bellman
boeblingen,2,79,0.980920,bellman
boeblingen,2,80,0.000000,convex
boeblingen,2,81,0.490760,convex
boeblingen,2,82,0.968570,convex
boeblingen,2,83,0.955790,convex
boeblingen,2,84,0.981020,convex
boeblingen,2,85,0.980520,convex
boeblingen,3,0,0.588920,bellman
boeblingen,3,1,0.000000,convex
boeblingen,3,2,0.588920,bellman
boeblingen,3,3,0.490760,convex
boeblingen,3,4,0.792390,bellman
boeblingen,3,5,0.792390,convex
boeblingen,3,6,0.822930,bellman
boeblingen,3,7,0.792390,convex
boeblingen,3,8,0.886230,bellman
boeblingen,3,9,0.886230,convex
boeblingen,3,10,0.900480,bellman
boeblingen,3,11,0.886230,convex
boeblingen,3,12,0.619980,bellman
boeblingen,3,13,0.037690,convex
boeblingen,3,14,0.747040,bellman
boeblingen,3,15,0.555680,convex
boeblingen,3,16,0.518760,bellman
boeblingen,3,17,0.557010,convex
boeblingen,3,18,0.033010,convex
boeblingen,3,19,0.310970,convex
boeblingen,3,20,0.561940,convex
boeblingen,3,21,0.035730,convex
boeblingen,3,22,0.389640,convex
boeblingen,3,23,0.518760,bellman
boeblingen,3,24,0.561220,convex
boeblingen,3,25,0.567960,bellman
boeblingen,3,26,0.806010,bellman
boeblingen,3,27,0.030070,convex
boeblingen,3,28,0.460890,bellman
boeblingen,3,29,0.274150,convex
boeblingen,3,30,0.605580,bellman
boeblingen,3,31,0.563340,convex
boeblingen,3,32,0.036150,convex
boeblingen,3,33,0.411380,convex
boeblingen,3,34,0.561020,convex
boeblingen,3,35,0.037540,convex
boeblingen,3,36,0.534820,convex
boeblingen,3,37,0.557910,convex
boeblingen,3,38,0.032110,convex
boeblingen,3,39,0.296800,convex
boeblingen,3,40,0.562610,convex
boeblingen,3,41,0.822930,bellman
boeblingen,3,42,0.792370,convex
boeblingen,3,43,0.886230,bellman
boeblingen,3,44,0.886210,convex
boeblingen,3,45,0.900480,bellman
boeblingen,3,46,0.885730,convex
boeblingen,3,47,0.588920,bellman
boeblingen,3,48,0.588920,bellman
boeblingen,3,49,0.792390,convex
boeblingen,3,50,0.791270,bellman
boeblingen,3,51,0.754870,bellman
boeblingen,3,52,0.030050,convex
boeblingen,3,53,0.273930,convex
boeblingen,3,54,0.563220,convex
boeblingen,3,55,0.037380,convex
boeblingen,3,56,0.514400,convex
boeblingen,3,57,0.558380,convex
boeblingen,3,58,0.036730,convex
boeblingen,3,59,0.449940,convex
boeblingen,3,60,0.559200,convex
boeblingen,3,61,0.460890,bellman
boeblingen,3,62,0.605580,bellman
boeblingen,3,63,0.030220,convex
boeblingen,3,64,0.275500,convex
boeblingen,3,65,0.561590,convex
boeblingen,3,66,0.038120,convex
boeblingen,3,67,0.638370,convex
boeblingen,3,68,0.551530,convex
boeblingen,3,69,0.792390,bellman
boeblingen,3,70,0.792390,bellman
boeblingen,3,71,0.792390,bellman
boeblingen,3,72,0.792390,convex
boeblingen,3,73,0.792390,bellman
boeblingen,3,74,0.792390,convex
boeblingen,3,75,0.588920,bellman
boeblingen,3,76,0.792390,bellman
boeblingen,3,77,0.761850,bellman
boeblingen,3,78,0.886230,bellman
boeblingen,3,79,0.871980,bellman
boeblingen,3,80,0.000000,convex
boeblingen,3,81,0.490760,convex
boeblingen,3,82,0.792390,convex
boeblingen,3,83,0.639690,convex
boeblingen,3,84,0.886230,convex
boeblingen,3,85,0.814970,convex
bogota,0,0,0.596560,bellman
bogota,0,1,0.000000,convex
bogota,0,2,0.596560,bellman
bogota,0,3,0.497130,convex
bogota,0,4,0.937990,bellman
bogota,0,5,0.937990,convex
bogota,0,6,0.948610,bellman
bogota,0,7,0.937990,convex
bogota,0,8,0.985070,bellman
bogota,0,9,0.985070,convex
bogota,0,10,0.986770,bellman
bogota,0,11,0.985070,convex
bogota,0,12,0.745090,bellman
bogota,0,13,0.013680,convex
bogota,0,14,0.803090,bellman
bogota,0,15,0.511380,convex
bogota,0,16,0.524570,bellman
bogota,0,17,0.541100,convex
bogota,0,18,0.012060,convex
bogota,0,19,0.167630,convex
bogota,0,20,0.543620,convex
bogota,0,21,0.013010,convex
bogota,0,22,0.278150,convex
bogota,0,23,0.524570,bellman
bogota,0,24,0.542920,convex
bogota,0,25,0.589790,bellman
bogota,0,26,0.942220,bellman
bogota,0,27,0.011040,convex
bogota,0,28,0.492510,bellman
bogota,0,29,0.115910,convex
bogota,0,30,0.556150,bellman
bogota,0,31,0.543860,convex
bogota,0,32,0.013150,convex
bogota,0,33,0.308680,convex
bogota,0,34,0.542890,convex
bogota,0,35,0.013630,convex
bogota,0,36,0.482080,convex
bogota,0,37,0.541630,convex
bogota,0,38,0.011740,convex
bogota,0,39,0.147730,convex
bogota,0,40,0.543890,convex
bogota,0,41,0.948610,bellman
bogota,0,42,0.937980,convex
bogota,0,43,0.985070,bellman
bogota,0,44,0.985060,convex
bogota,0,45,0.986770,bellman
bogota,0,46,0.985010,convex
bogota,0,47,0.596560,bellman
bogota,0,48,0.596560,bellman
bogota,0,49,0.937990,convex
bogota,0,50,0.930380,bellman
bogota,0,51,0.911580,bellman
bogota,0,52,0.011030,convex
bogota,0,53,0.115610,convex
bogota,0,54,0.543680,convex
bogota,0,55,0.013580,convex
bogota,0,56,0.453390,convex
bogota,0,57,0.541600,convex
bogota,0,58,0.013350,convex
bogota,0,59,0.362850,convex
bogota,0,60,0.542590,convex
bogota,0,61,0.492510,bellman
bogota,0,62,0.556150,bellman
bogota,0,63,0.011090,convex
bogota,0,64,0.117810,convex
bogota,0,65,0.541420,convex
bogota,0,66,0.013840,convex
bogota,0,67,0.627530,convex
bogota,0,68,0.537140,convex
bogota,0,69,0.937990,bellman
bogota,0,70,0.937990,bellman
bogota,0,71,0.937990,bellman
bogota,0,72,0.937990,convex
bogota,0,73,0.937990,bellman
bogota,0,74,0.937990,convex
bogota,0,75,0.596560,bellman
bogota,0,76,0.937990,bellman
bogota,0,77,0.927370,bellman
bogota,0,78,0.985070,bellman
bogota,0,79,0.983370,bellman
bogota,0,80,0.000000,convex
bogota,0,81,0.497130,convex
bogota,0,82,0.937990,convex
bogota,0,83,0.884900,convex
bogota,0,84,0.985070,convex
bogota,0,85,0.976560,convex
bogota,1,0,0.569800,bellman
bogota,1,1,0.000000,convex
bogota,1,2,0.569800,bellman
bogota,1,3,0.474830,convex
bogota,1,4,0.923930,bellman
bogota,1,5,0.923930,convex
bogota,1,6,0.928940,bellman
bogota,1,7,0.923930,convex
bogota,1,8,0.947610,bellman
bogota,1,9,0.947610,convex
bogota,1,10,0.948010,bellman
bogota,1,11,0.947610,convex
bogota,1,12,0.698750,bellman
bogota,1,13,0.094390,convex
bogota,1,14,0.728540,bellman
bogota,1,15,0.474730,convex
bogota,1,16,0.510110,bellman
bogota,1,17,0.516160,convex
bogota,1,18,0.093620,convex
bogota,1,19,0.187150,convex
bogota,1,20,0.517500,convex
bogota,1,21,0.094070,convex
bogota,1,22,0.279610,convex
bogota,1,23,0.510110,bellman
bogota,1,24,0.517010,convex
bogota,1,25,0.518220,bellman
bogota,1,26,0.878750,bellman
bogota,1,27,0.093140,convex
bogota,1,28,0.494840,bellman
bogota,1,29,0.143890,convex
bogota,1,30,0.524350,bellman
bogota,1,31,0.517460,convex
bogota,1,32,0.094130,convex
bogota,1,33,0.305150,convex
bogota,1,34,0.517040,convex
bogota,1,35,0.094360,convex
bogota,1,36,0.450220,convex
bogota,1,37,0.516490,convex
bogota,1,38,0.093470,convex
bogota,1,39,0.170500,convex
bogota,1,40,0.517630,convex
bogota,1,41,0.928940,bellman
bogota,1,42,0.923930,convex
bogota,1,43,0.947610,bellman
bogota,1,44,0.947610,convex
bogota,1,45,0.948010,bellman
bogota,1,46,0.947600,convex
bogota,1,47,0.569800,bellman
bogota,1,48,0.569800,bellman
bogota,1,49,0.923930,convex
bogota,1,50,0.919600,bellman
bogota,1,51,0.910130,bellman
bogota,1,52,0.093130,convex
bogota,1,53,0.143630,convex
bogota,1,54,0.517300,convex
bogota,1,55,0.094340,convex
bogota,1,56,0.426220,convex
bogota,1,57,0.516350,convex
bogota,1,58,0.094230,convex
bogota,1,59,0.350470,convex
bogota,1,60,0.517080,convex
bogota,1,61,0.494840,bellman
bogota,1,62,0.524350,bellman
bogota,1,63,0.093160,convex
bogota,1,64,0.145470,convex
bogota,1,65,0.515320,convex
bogota,1,66,0.094460,convex
bogota,1,67,0.571910,convex
bogota,1,68,0.513370,convex
bogota,1,69,0.923930,bellman
bogota,1,70,0.923930,bellman
bogota,1,71,0.923930,bellman
bogota,1,72,0.923930,convex
bogota,1,73,0.923930,bellman
bogota,1,74,0.923930,convex
bogota,1,75,0.569800,bellman
bogota,1,76,0.923930,bellman
bogota,1,77,0.918920,bellman
bogota,1,78,0.947610,bellman
bogota,1,79,0.947220,bellman
bogota,1,80,0.000000,convex
bogota,1,81,0.474830,convex
bogota,1,82,0.923930,convex
bogota,1,83,0.898890,convex
bogota,1,84,0.947610,convex
bogota,1,85,0.945630,convex
brooklyn,0,0,0.597450,bellman
brooklyn,0,1,0.000000,convex
brooklyn,0,2,0.597450,bellman
brooklyn,0,3,0.497870,convex
brooklyn,0,4,0.983300,bellman
brooklyn,0,5,0.983300,convex
brooklyn,0,6,0.985760,bellman
brooklyn,0,7,0.983300,convex
brooklyn,0,8,0.995280,bellman
brooklyn,0,9,0.995280,convex
brooklyn,0,10,0.995380,bellman
brooklyn,0,11,0.995280,convex
brooklyn,0,12,0.782500,bellman
brooklyn,0,13,0.009040,convex
brooklyn,0,14,0.797000,bellman
brooklyn,0,15,0.474060,convex
brooklyn,0,16,0.506900,bellman
brooklyn,0,17,0.510750,convex
brooklyn,0,18,0.008660,convex
brooklyn,0,19,0.095620,convex
brooklyn,0,20,0.511400,convex
brooklyn,0,21,0.008880,convex
brooklyn,0,22,0.217290,convex
brooklyn,0,23,0.506900,bellman
brooklyn,0,24,0.511270,convex
brooklyn,0,25,0.592410,bellman
brooklyn,0,26,0.980780,bellman
brooklyn,0,27,0.008430,convex
brooklyn,0,28,0.498590,bellman
brooklyn,0,29,0.038690,convex
brooklyn,0,30,0.514240,bellman
brooklyn,0,31,0.511500,convex
brooklyn,0,32,0.008920,convex
brooklyn,0,33,0.250910,convex
brooklyn,0,34,0.511330,convex
brooklyn,0,35,0.009030,convex
brooklyn,0,36,0.441800,convex
brooklyn,0,37,0.511060,convex
brooklyn,0,38,0.008590,convex
brooklyn,0,39,0.073720,convex
brooklyn,0,40,0.511630,convex
brooklyn,0,41,0.985760,bellman
brooklyn,0,42,0.983300,convex
brooklyn,0,43,0.995280,bellman
brooklyn,0,44,0.995280,convex
brooklyn,0,45,0.995380,bellman
brooklyn,0,46,0.995280,convex
brooklyn,0,47,0.597450,bellman
brooklyn,0,48,0.597450,bellman
brooklyn,0,49,0.983300,convex
brooklyn,0,50,0.981000,bellman
brooklyn,0,51,0.976200,bellman
brooklyn,0,52,0.008430,convex
brooklyn,0,53,0.038350,convex
brooklyn,0,54,0.511300,convex
brooklyn,0,55,0.009020,convex
brooklyn,0,56,0.410220,convex
brooklyn,0,57,0.510790,convex
brooklyn,0,58,0.008960,convex
brooklyn,0,59,0.310540,convex
brooklyn,0,60,0.511150,convex
brooklyn,0,61,0.498590,bellman
brooklyn,0,62,0.514240,bellman
brooklyn,0,63,0.008440,convex
brooklyn,0,64,0.040770,convex
brooklyn,0,65,0.508810,convex
brooklyn,0,66,0.009080,convex
brooklyn,0,67,0.601930,convex
brooklyn,0,68,0.507770,convex
brooklyn,0,69,0.983300,bellman
brooklyn,0,70,0.983300,bellman
brooklyn,0,71,0.983300,bellman
brooklyn,0,72,0.983300,convex
brooklyn,0,73,0.983300,bellman
brooklyn,0,74,0.983300,convex
brooklyn,0,75,0.597450,bellman
brooklyn,0,76,0.983300,bellman
brooklyn,0,77,0.980840,bellman
brooklyn,0,78,0.995280,bellman
brooklyn,0,79,0.995190,bellman
brooklyn,0,80,0.000000,convex
brooklyn,0,81,0.497870,convex
brooklyn,0,82,0.983300,convex
brooklyn,0,83,0.971010,convex
brooklyn,0,84,0.995280,convex
brooklyn,0,85,0.994830,convex
brooklyn,1,0,0.597450,bellman
brooklyn,1,1,0.000000,convex
brooklyn,1,2,0.597450,bellman
brooklyn,1,3,0.497870,convex
brooklyn,1,4,0.909320,bellman
brooklyn,1,5,0.909320,convex
brooklyn,1,6,0.925100,bellman
brooklyn,1,7,0.909320,convex
brooklyn,1,8,0.974540,bellman
brooklyn,1,9,0.974540,convex
brooklyn,1,10,0.978300,bellman
brooklyn,1,11,0.974540,convex
brooklyn,1,12,0.723630,bellman
brooklyn,1,13,0.012080,convex
brooklyn,1,14,0.804970,bellman
brooklyn,1,15,0.531640,convex
brooklyn,1,16,0.531690,bellman
brooklyn,1,17,0.555800,convex
brooklyn,1,18,0.009660,convex
brooklyn,1,19,0.205580,convex
brooklyn,1,20,0.559250,convex
brooklyn,1,21,0.011070,convex
brooklyn,1,22,0.310410,convex
brooklyn,1,23,0.531690,bellman
brooklyn,1,24,0.558380,convex
brooklyn,1,25,0.592410,bellman
brooklyn,1,26,0.920500,bellman
brooklyn,1,27,0.008150,convex
brooklyn,1,28,0.487700,bellman
brooklyn,1,29,0.156520,convex
brooklyn,1,30,0.578500,bellman
brooklyn,1,31,0.559720,convex
brooklyn,1,32,0.011290,convex
brooklyn,1,33,0.339370,convex
brooklyn,1,34,0.558300,convex
brooklyn,1,35,0.012010,convex
brooklyn,1,36,0.503850,convex
brooklyn,1,37,0.556460,convex
brooklyn,1,38,0.009200,convex
brooklyn,1,39,0.186700,convex
brooklyn,1,40,0.559600,convex
brooklyn,1,41,0.925100,bellman
brooklyn,1,42,0.909310,convex
brooklyn,1,43,0.974540,bellman
brooklyn,1,44,0.974530,convex
brooklyn,1,45,0.978300,bellman
brooklyn,1,46,0.974410,convex
brooklyn,1,47,0.597450,bellman
brooklyn,1,48,0.597450,bellman
brooklyn,1,49,0.909320,convex
brooklyn,1,50,0.900380,bellman
brooklyn,1,51,0.874410,bellman
brooklyn,1,52,0.008130,convex
brooklyn,1,53,0.156230,convex
brooklyn,1,54,0.559550,convex
brooklyn,1,55,0.011930,convex
brooklyn,1,56,0.476640,convex
brooklyn,1,57,0.556580,convex
brooklyn,1,58,0.011590,convex
brooklyn,1,59,0.390760,convex
brooklyn,1,60,0.557710,convex
brooklyn,1,61,0.487700,bellman
brooklyn,1,62,0.578500,bellman
brooklyn,1,63,0.008220,convex
brooklyn,1,64,0.158320,convex
brooklyn,1,65,0.557400,convex
brooklyn,1,66,0.012310,convex
brooklyn,1,67,0.641820,convex
brooklyn,1,68,0.551270,convex
brooklyn,1,69,0.909320,bellman
brooklyn,1,70,0.909320,bellman
brooklyn,1,71,0.909320,bellman
brooklyn,1,72,0.909320,convex
brooklyn,1,73,0.909320,bellman
brooklyn,1,74,0.909320,convex
brooklyn,1,75,0.597450,bellman
brooklyn,1,76,0.909320,bellman
brooklyn,1,77,0.893530,bellman
brooklyn,1,78,0.974540,bellman
brooklyn,1,79,0.970790,bellman
brooklyn,1,80,0.000000,convex
brooklyn,1,81,0.497870,convex
brooklyn,1,82,0.909320,convex
brooklyn,1,83,0.830390,convex
brooklyn,1,84,0.974540,convex
brooklyn,1,85,0.955770,convex
brooklyn,2,0,0.579340,bellman
brooklyn,2,1,0.000000,convex
brooklyn,2,2,0.579340,bellman
brooklyn,2,3,0.482780,convex
brooklyn,2,4,0.953500,bellman
brooklyn,2,5,0.953500,convex
brooklyn,2,6,0.955880,bellman
brooklyn,2,7,0.953500,convex
brooklyn,2,8,0.965120,bellman
brooklyn,2,9,0.965120,convex
brooklyn,2,10,0.965210,bellman
brooklyn,2,11,0.965120,convex
brooklyn,2,12,0.732920,bellman
brooklyn,2,13,0.066320,convex
brooklyn,2,14,0.747300,bellman
brooklyn,2,15,0.465680,convex
brooklyn,2,16,0.505670,bellman
brooklyn,2,17,0.508970,convex
brooklyn,2,18,0.065950,convex
brooklyn,2,19,0.142290,convex
brooklyn,2,20,0.509620,convex
brooklyn,2,21,0.066160,convex
brooklyn,2,22,0.246260,convex
brooklyn,2,23,0.505670,bellman
brooklyn,2,24,0.509270,convex
brooklyn,2,25,0.542190,bellman
brooklyn,2,26,0.919200,bellman
brooklyn,2,27,0.065720,convex
brooklyn,2,28,0.497970,bellman
brooklyn,2,29,0.093640,convex
brooklyn,2,30,0.512570,bellman
brooklyn,2,31,0.509500,convex
brooklyn,2,32,0.066200,convex
brooklyn,2,33,0.274990,convex
brooklyn,2,34,0.509170,convex
brooklyn,2,35,0.066300,convex
brooklyn,2,36,0.438110,convex
brooklyn,2,37,0.508840,convex
brooklyn,2,38,0.065880,convex
brooklyn,2,39,0.123570,convex
brooklyn,2,40,0.509400,convex
brooklyn,2,41,0.955880,bellman
brooklyn,2,42,0.953500,convex
brooklyn,2,43,0.965120,bellman
brooklyn,2,44,0.965120,convex
brooklyn,2,45,0.965210,bellman
brooklyn,2,46,0.965120,convex
brooklyn,2,47,0.579340,bellman
brooklyn,2,48,0.579340,bellman
brooklyn,2,49,0.953500,convex
brooklyn,2,50,0.951270,bellman
brooklyn,2,51,0.946620,bellman
brooklyn,2,52,0.065720,convex
brooklyn,2,53,0.093350,convex
brooklyn,2,54,0.509560,convex
brooklyn,2,55,0.066290,convex
brooklyn,2,56,0.411120,convex
brooklyn,2,57,0.509080,convex
brooklyn,2,58,0.066240,convex
brooklyn,2,59,0.325950,convex
brooklyn,2,60,0.509430,convex
brooklyn,2,61,0.497970,bellman
brooklyn,2,62,0.512570,bellman
brooklyn,2,63,0.065730,convex
brooklyn,2,64,0.095420,convex
brooklyn,2,65,0.507370,convex
brooklyn,2,66,0.066350,convex
brooklyn,2,67,0.574950,convex
brooklyn,2,68,0.506400,convex
brooklyn,2,69,0.953500,bellman
brooklyn,2,70,0.953500,bellman
brooklyn,2,71,0.953500,bellman
brooklyn,2,72,0.953500,convex
brooklyn,2,73,0.953500,bellman
brooklyn,2,74,0.953500,convex
brooklyn,2,75,0.579340,bellman
brooklyn,2,76,0.953500,bellman
brooklyn,2,77,0.951120,bellman
brooklyn,2,78,0.965120,bellman
brooklyn,2,79,0.965030,bellman
brooklyn,2,80,0.000000,convex
brooklyn,2,81,0.482780,convex
brooklyn,2,82,0.953500,convex
brooklyn,2,83,0.941580,convex
brooklyn,2,84,0.965120,convex
brooklyn,2,85,0.964680,convex
brooklyn,3,0,0.579340,bellman
brooklyn,3,1,0.000000,convex
brooklyn,3,2,0.579340,bellman
brooklyn,3,3,0.482780,convex
brooklyn,3,4,0.881760,bellman
brooklyn,3,5,0.881760,convex
brooklyn,3,6,0.897070,bellman
brooklyn,3,7,0.881760,convex
brooklyn,3,8,0.945010,bellman
brooklyn,3,9,0.945010,convex
brooklyn,3,10,0.948650,bellman
brooklyn,3,11,0.945010,convex
brooklyn,3,12,0.677770,bellman
brooklyn,3,13,0.064930,convex
brooklyn,3,14,0.758730,bellman
brooklyn,3,15,0.518940,convex
brooklyn,3,16,0.524420,bellman
brooklyn,3,17,0.544190,convex
brooklyn,3,18,0.062590,convex
brooklyn,3,19,0.241490,convex
brooklyn,3,20,0.547630,convex
brooklyn,3,21,0.063960,convex
brooklyn,3,22,0.330690,convex
brooklyn,3,23,0.524420,bellman
brooklyn,3,24,0.546400,convex
brooklyn,3,25,0.542190,bellman
brooklyn,3,26,0.863140,bellman
brooklyn,3,27,0.061120,convex
brooklyn,3,28,0.483720,bellman
brooklyn,3,29,0.199750,convex
brooklyn,3,30,0.568500,bellman
brooklyn,3,31,0.547670,convex
brooklyn,3,32,0.064170,convex
brooklyn,3,33,0.355340,convex
brooklyn,3,34,0.546190,convex
brooklyn,3,35,0.064860,convex
brooklyn,3,36,0.495290,convex
brooklyn,3,37,0.544440,convex
brooklyn,3,38,0.062140,convex
brooklyn,3,39,0.225430,convex
brooklyn,3,40,0.547510,convex
brooklyn,3,41,0.897070,bellman
brooklyn,3,42,0.881750,convex
brooklyn,3,43,0.945010,bellman
brooklyn,3,44,0.944990,convex
brooklyn,3,45,0.948650,bellman
brooklyn,3,46,0.944880,convex
brooklyn,3,47,0.579340,bellman
brooklyn,3,48,0.579340,bellman
brooklyn,3,49,0.881760,convex
brooklyn,3,50,0.873090,bellman
brooklyn,3,51,0.847910,bellman
brooklyn,3,52,0.061110,convex
brooklyn,3,53,0.199500,convex
brooklyn,3,54,0.547730,convex
brooklyn,3,55,0.064780,convex
brooklyn,3,56,0.472140,convex
brooklyn,3,57,0.544960,convex
brooklyn,3,58,0.064450,convex
brooklyn,3,59,0.399060,convex
brooklyn,3,60,0.546320,convex
brooklyn,3,61,0.483720,bellman
brooklyn,3,62,0.568500,bellman
brooklyn,3,63,0.061190,convex
brooklyn,3,64,0.201280,convex
brooklyn,3,65,0.545840,convex
brooklyn,3,66,0.065150,convex
brooklyn,3,67,0.612690,convex
brooklyn,3,68,0.540180,convex
brooklyn,3,69,0.881760,bellman
brooklyn,3,70,0.881760,bellman
brooklyn,3,71,0.881760,bellman
brooklyn,3,72,0.881760,convex
brooklyn,3,73,0.881760,bellman
brooklyn,3,74,0.881760,convex
brooklyn,3,75,0.579340,bellman
brooklyn,3,76,0.881760,bellman
brooklyn,3,77,0.866450,bellman
brooklyn,3,78,0.945010,bellman
brooklyn,3,79,0.941370,bellman
brooklyn,3,80,0.000000,convex
brooklyn,3,81,0.482780,convex
brooklyn,3,82,0.881760,convex
brooklyn,3,83,0.805220,convex
brooklyn,3,84,0.945010,convex
brooklyn,3,85,0.926810,convex
burlington,0,0,0.590010,bellman
burlington,0,1,0.000000,convex
burlington,0,2,0.590010,bellman
burlington,0,3,0.491680,convex
burlington,0,4,0.959270,bellman
burlington,0,5,0.959270,convex
burlington,0,6,0.963970,bellman
burlington,0,7,0.959270,convex
burlington,0,8,0.981620,bellman
burlington,0,9,0.981620,convex
burlington,0,10,0.981950,bellman
burlington,0,11,0.981620,convex
burlington,0,12,0.752140,bellman
burlington,0,13,0.033220,convex
burlington,0,14,0.779560,bellman
burlington,0,15,0.481390,convex
burlington,0,16,0.511750,bellman
burlington,0,17,0.518890,convex
burlington,0,18,0.032500,convex
burlington,0,19,0.134780,convex
burlington,0,20,0.520120,convex
burlington,0,21,0.032920,convex
burlington,0,22,0.246220,convex
burlington,0,23,0.511750,bellman
burlington,0,24,0.519730,convex
burlington,0,25,0.571030,bellman
burlington,0,26,0.945450,bellman
burlington,0,27,0.032050,convex
burlington,0,28,0.496620,bellman
burlington,0,29,0.082640,convex
burlington,0,30,0.525610,bellman
burlington,0,31,0.520170,convex
burlington,0,32,0.032990,convex
burlington,0,33,0.277000,convex
burlington,0,34,0.519600,convex
burlington,0,35,0.033200,convex
burlington,0,36,0.451840,convex
burlington,0,37,0.518980,convex
burlington,0,38,0.032360,convex
burlington,0,39,0.114720,convex
burlington,0,40,0.520050,convex
burlington,0,41,0.963970,bellman
burlington,0,42,0.959260,convex
burlington,0,43,0.981620,bellman
burlington,0,44,0.981610,convex
burlington,0,45,0.981950,bellman
burlington,0,46,0.981600,convex
burlington,0,47,0.590010,bellman
burlington,0,48,0.590010,bellman
burlington,0,49,0.959270,convex
burlington,0,50,0.955140,bellman
burlington,0,51,0.946200,bellman
burlington,0,52,0.032050,convex
burlington,0,53,0.082330,convex
burlington,0,54,0.520010,convex
burlington,0,55,0.033180,convex
burlington,0,56,0.422920,convex
burlington,0,57,0.519060,convex
burlington,0,58,0.033080,convex
burlington,0,59,0.331630,convex
burlington,0,60,0.519670,convex
burlington,0,61,0.496620,bellman
burlington,0,62,0.525610,bellman
burlington,0,63,0.032070,convex
burlington,0,64,0.084550,convex
burlington,0,65,0.517700,convex
burlington,0,66,0.033290,convex
burlington,0,67,0.598510,convex
burlington,0,68,0.515770,convex
burlington,0,69,0.959270,bellman
burlington,0,70,0.959270,bellman
burlington,0,71,0.959270,bellman
burlington,0,72,0.959270,convex
burlington,0,73,0.959270,bellman
burlington,0,74,0.959270,convex
burlington,0,75,0.590010,bellman
burlington,0,76,0.959270,bellman
burlington,0,77,0.954570,bellman
burlington,0,78,0.981620,bellman
burlington,0,79,0.981280,bellman
burlington,0,80,0.000000,convex
burlington,0,81,0.491680,convex
burlington,0,82,0.959270,convex
burlington,0,83,0.935760,convex
burlington,0,84,0.981620,convex
burlington,0,85,0.979930,convex
cairo,0,0,0.598270,bellman
cairo,0,1,0.000000,convex
cairo,0,2,0.598270,bellman
cairo,0,3,0.498560,convex
cairo,0,4,0.992040,bellman
cairo,0,5,0.992040,convex
cairo,0,6,0.993050,bellman
cairo,0,7,0.992040,convex
cairo,0,8,0.997050,bellman
cairo,0,9,0.997050,convex
cairo,0,10,0.997060,bellman
cairo,0,11,0.997050,convex
cairo,0,12,0.790800,bellman
cairo,0,13,0.005980,convex
cairo,0,14,0.796830,bellman
cairo,0,15,0.467000,convex
cairo,0,16,0.502940,bellman
cairo,0,17,0.504380,convex
cairo,0,18,0.005830,convex
cairo,0,19,0.080220,convex
cairo,0,20,0.504650,convex
cairo,0,21,0.005920,convex
cairo,0,22,0.204570,convex
cairo,0,23,0.502940,bellman
cairo,0,24,0.504650,convex
cairo,0,25,0.594850,bellman
cairo,0,26,0.989650,bellman
cairo,0,27,0.005730,convex
cairo,0,28,0.499450,bellman
cairo,0,29,0.022040,convex
cairo,0,30,0.505960,bellman
cairo,0,31,0.504750,convex
cairo,0,32,0.005930,convex
cairo,0,33,0.238930,convex
cairo,0,34,0.504730,convex
cairo,0,35,0.005980,convex
cairo,0,36,0.434030,convex
cairo,0,37,0.504640,convex
cairo,0,38,0.005800,convex
cairo,0,39,0.057830,convex
cairo,0,40,0.504880,convex
cairo,0,41,0.993050,bellman
cairo,0,42,0.992040,convex
cairo,0,43,0.997050,bellman
cairo,0,44,0.997050,convex
cairo,0,45,0.997060,bellman
cairo,0,46,0.997050,convex
cairo,0,47,0.598270,bellman
cairo,0,48,0.598270,bellman
cairo,0,49,0.992040,convex
cairo,0,50,0.991050,bellman
cairo,0,51,0.989050,bellman
cairo,0,52,0.005730,convex
cairo,0,53,0.021690,convex
cairo,0,54,0.504550,convex
cairo,0,55,0.005970,convex
cairo,0,56,0.401750,convex
cairo,0,57,0.504330,convex
cairo,0,58,0.005950,convex
cairo,0,59,0.299880,convex
cairo,0,60,0.504540,convex
cairo,0,61,0.499450,bellman
cairo,0,62,0.505960,bellman
cairo,0,63,0.005740,convex
cairo,0,64,0.024170,convex
cairo,0,65,0.502000,convex
cairo,0,66,0.006000,convex
cairo,0,67,0.597690,convex
cairo,0,68,0.501570,convex
cairo,0,69,0.992040,bellman
cairo,0,70,0.992040,bellman
cairo,0,71,0.992040,bellman
cairo,0,72,0.992040,convex
cairo,0,73,0.992040,bellman
cairo,0,74,0.992040,convex
cairo,0,75,0.598270,bellman
cairo,0,76,0.992040,bellman
cairo,0,77,0.991030,bellman
cairo,0,78,0.997050,bellman
cairo,0,79,0.997030,bellman
cairo,0,80,0.000000,convex
cairo,0,81,0.498560,convex
cairo,0,82,0.992040,convex
cairo,0,83,0.986980,convex
cairo,0,84,0.997050,convex
cairo,0,85,0.996970,convex
cairo,1,0,0.598270,bellman
cairo,1,1,0.000000,convex
cairo,1,2,0.598270,bellman
cairo,1,3,0.498560,convex
cairo,1,4,0.848350,bellman
cairo,1,5,0.848350,convex
cairo,1,6,0.873670,bellman
cairo,1,7,0.848350,convex
cairo,1,8,0.937160,bellman
cairo,1,9,0.937160,convex
cairo,1,10,0.946800,bellman
cairo,1,11,0.937160,convex
cairo,1,12,0.676260,bellman
cairo,1,13,0.011850,convex
cairo,1,14,0.790740,bellman
cairo,1,15,0.557930,convex
cairo,1,16,0.533620,bellman
cairo,1,17,0.570040,convex
cairo,1,18,0.007970,convex
cairo,1,19,0.267890,convex
cairo,1,20,0.574640,convex
cairo,1,21,0.010230,convex
cairo,1,22,0.361140,convex
cairo,1,23,0.533620,bellman
cairo,1,24,0.573850,convex
cairo,1,25,0.594850,bellman
cairo,1,26,0.870760,bellman
cairo,1,27,0.005540,convex
cairo,1,28,0.475520,bellman
cairo,1,29,0.224250,convex
cairo,1,30,0.607690,bellman
cairo,1,31,0.575770,convex
cairo,1,32,0.010580,convex
cairo,1,33,0.386900,convex
cairo,1,34,0.573690,convex
cairo,1,35,0.011730,convex
cairo,1,36,0.533210,convex
cairo,1,37,0.570900,convex
cairo,1,38,0.007230,convex
cairo,1,39,0.251090,convex
cairo,1,40,0.575230,convex
cairo,1,41,0.873670,bellman
cairo,1,42,0.848340,convex
cairo,1,43,0.937160,bellman
cairo,1,44,0.937140,convex
cairo,1,45,0.946800,bellman
cairo,1,46,0.936820,convex
cairo,1,47,0.598270,bellman
cairo,1,48,0.598270,bellman
cairo,1,49,0.848350,convex
cairo,1,50,0.841920,bellman
cairo,1,51,0.806970,bellman
cairo,1,52,0.005520,convex
cairo,1,53,0.223990,convex
cairo,1,54,0.575630,convex
cairo,1,55,0.011600,convex
cairo,1,56,0.509010,convex
cairo,1,57,0.571250,convex
cairo,1,58,0.011050,convex
cairo,1,59,0.432610,convex
cairo,1,60,0.572210,convex
cairo,1,61,0.475520,bellman
cairo,1,62,0.607690,bellman
cairo,1,63,0.005660,convex
cairo,1,64,0.225850,convex
cairo,1,65,0.573730,convex
cairo,1,66,0.012210,convex
cairo,1,67,0.655950,convex
cairo,1,68,0.564640,convex
cairo,1,69,0.848350,bellman
cairo,1,70,0.848350,bellman
cairo,1,71,0.848350,bellman
cairo,1,72,0.848350,convex
cairo,1,73,0.848350,bellman
cairo,1,74,0.848350,convex
cairo,1,75,0.598270,bellman
cairo,1,76,0.848350,bellman
cairo,1,77,0.823040,bellman
cairo,1,78,0.937160,bellman
cairo,1,79,0.927520,bellman
cairo,1,80,0.000000,convex
cairo,1,81,0.498560,convex
cairo,1,82,0.848350,convex
cairo,1,83,0.721780,convex
cairo,1,84,0.937160,convex
cairo,1,85,0.888960,convex
cairo,2,0,0.587470,bellman
cairo,2,1,0.000000,convex
cairo,2,2,0.587470,bellman
cairo,2,3,0.489560,convex
cairo,2,4,0.974130,bellman
cairo,2,5,0.974130,convex
cairo,2,6,0.975120,bellman
cairo,2,7,0.974130,convex
cairo,2,8,0.979050,bellman
cairo,2,9,0.979050,convex
cairo,2,10,0.979060,bellman
cairo,2,11,0.979050,convex
cairo,2,12,0.760070,bellman
cairo,2,13,0.040950,convex
cairo,2,14,0.766080,bellman
cairo,2,15,0.461870,convex
cairo,2,16,0.502630,bellman
cairo,2,17,0.503930,convex
cairo,2,18,0.040790,convex
cairo,2,19,0.109150,convex
cairo,2,20,0.504200,convex
cairo,2,21,0.040880,convex
cairo,2,22,0.222560,convex
cairo,2,23,0.502630,bellman
cairo,2,24,0.504180,convex
cairo,2,25,0.563970,bellman
cairo,2,26,0.951740,bellman
cairo,2,27,0.040700,convex
cairo,2,28,0.499300,bellman
cairo,2,29,0.056090,convex
cairo,2,30,0.505540,bellman
cairo,2,31,0.504280,convex
cairo,2,32,0.040900,convex
cairo,2,33,0.253880,convex
cairo,2,34,0.504260,convex
cairo,2,35,0.040940,convex
cairo,2,36,0.431810,convex
cairo,2,37,0.504170,convex
cairo,2,38,0.040770,convex
cairo,2,39,0.088730,convex
cairo,2,40,0.504410,convex
cairo,2,41,0.975120,bellman
cairo,2,42,0.974130,convex
cairo,2,43,0.979050,bellman
cairo,2,44,0.979050,convex
cairo,2,45,0.979060,bellman
cairo,2,46,0.979050,convex
cairo,2,47,0.587470,bellman
cairo,2,48,0.587470,bellman
cairo,2,49,0.974130,convex
cairo,2,50,0.973160,bellman
cairo,2,51,0.971190,bellman
cairo,2,52,0.040700,convex
cairo,2,53,0.055770,convex
cairo,2,54,0.504090,convex
cairo,2,55,0.040940,convex
cairo,2,56,0.402370,convex
cairo,2,57,0.503890,convex
cairo,2,58,0.040920,convex
cairo,2,59,0.309470,convex
cairo,2,60,0.504100,convex
cairo,2,61,0.499300,bellman
cairo,2,62,0.505540,bellman
cairo,2,63,0.040700,convex
cairo,2,64,0.058030,convex
cairo,2,65,0.501730,convex
cairo,2,66,0.040960,convex
cairo,2,67,0.581060,convex
cairo,2,68,0.501310,convex
cairo,2,69,0.974130,bellman
cairo,2,70,0.974130,bellman
cairo,2,71,0.974130,bellman
cairo,2,72,0.974130,convex
cairo,2,73,0.974130,bellman
cairo,2,74,0.974130,convex
cairo,2,75,0.587470,bellman
cairo,2,76,0.974130,bellman
cairo,2,77,0.973140,bellman
cairo,2,78,0.979050,bellman
cairo,2,79,0.979030,bellman
cairo,2,80,0.000000,convex
cairo,2,81,0.489560,convex
cairo,2,82,0.974130,convex
cairo,2,83,0.969160,convex
cairo,2,84,0.979050,convex
cairo,2,85,0.978970,convex
cambridge,0,0,0.594430,bellman
cambridge,0,1,0.000000,convex
cambridge,0,2,0.594430,bellman
cambridge,0,3,0.495360,convex
cambridge,0,4,0.973870,bellman
cambridge,0,5,0.973870,convex
cambridge,0,6,0.977180,bellman
cambridge,0,7,0.973870,convex
cambridge,0,8,0.989860,bellman
cambridge,0,9,0.989860,convex
cambridge,0,10,0.990030,bellman
cambridge,0,11,0.989860,convex
cambridge,0,12,0.770270,bellman
cambridge,0,13,0.019000,convex
cambridge,0,14,0.789720,bellman
cambridge,0,15,0.476800,convex
cambridge,0,16,0.508890,bellman
cambridge,0,17,0.514190,convex
cambridge,0,18,0.018500,convex
cambridge,0,19,0.111270,convex
cambridge,0,20,0.515060,convex
cambridge,0,21,0.018790,convex
cambridge,0,22,0.228790,convex
cambridge,0,23,0.508890,bellman
cambridge,0,24,0.514650,convex
cambridge,0,25,0.583590,bellman
cambridge,0,26,0.966530,bellman
cambridge,0,27,0.018180,convex
cambridge,0,28,0.497910,bellman
cambridge,0,29,0.056280,convex
cambridge,0,30,0.518730,bellman
cambridge,0,31,0.514970,convex
cambridge,0,32,0.018840,convex
cambridge,0,33,0.261260,convex
cambridge,0,34,0.514530,convex
cambridge,0,35,0.018990,convex
cambridge,0,36,0.445640,convex
cambridge,0,37,0.514070,convex
cambridge,0,38,0.018400,convex
cambridge,0,39,0.090110,convex
cambridge,0,40,0.514840,convex
cambridge,0,41,0.977180,bellman
cambridge,0,42,0.973870,convex
cambridge,0,43,0.989860,bellman
cambridge,0,44,0.989860,convex
cambridge,0,45,0.990030,bellman
cambridge,0,46,0.989860,convex
cambridge,0,47,0.594430,bellman
cambridge,0,48,0.594430,bellman
cambridge,0,49,0.973870,convex
cambridge,0,50,0.970840,bellman
cambridge,0,51,0.964440,bellman
cambridge,0,52,0.018180,convex
cambridge,0,53,0.055950,convex
cambridge,0,54,0.515040,convex
cambridge,0,55,0.018970,convex
cambridge,0,56,0.415140,convex
cambridge,0,57,0.514360,convex
cambridge,0,58,0.018900,convex
cambridge,0,59,0.318860,convex
cambridge,0,60,0.514760,convex
cambridge,0,61,0.497910,bellman
cambridge,0,62,0.518730,bellman
cambridge,0,63,0.018200,convex
cambridge,0,64,0.058290,convex
cambridge,0,65,0.512620,convex
cambridge,0,66,0.019050,convex
cambridge,0,67,0.600310,convex
cambridge,0,68,0.511240,convex
cambridge,0,69,0.973870,bellman
cambridge,0,70,0.973870,bellman
cambridge,0,71,0.973870,bellman
cambridge,0,72,0.973870,convex
cambridge,0,73,0.973870,bellman
cambridge,0,74,0.973870,convex
cambridge,0,75,0.594430,bellman
cambridge,0,76,0.973870,bellman
cambridge,0,77,0.970560,bellman
cambridge,0,78,0.989860,bellman
cambridge,0,79,0.989700,bellman
cambridge,0,80,0.000000,convex
cambridge,0,81,0.495360,convex
cambridge,0,82,0.973870,convex
cambridge,0,83,0.957310,convex
cambridge,0,84,0.989860,convex
cambridge,0,85,0.989030,convex
cambridge,1,0,0.594430,bellman
cambridge,1,1,0.000000,convex
cambridge,1,2,0.594430,bellman
cambridge,1,3,0.495360,convex
cambridge,1,4,0.604330,bellman
cambridge,1,5,0.604330,convex
cambridge,1,6,0.651470,bellman
cambridge,1,7,0.604330,convex
cambridge,1,8,0.656190,bellman
cambridge,1,9,0.656190,convex
cambridge,1,10,0.689830,bellman
cambridge,1,11,0.656190,convex
cambridge,1,12,0.477990,bellman
cambridge,1,13,0.024210,convex
cambridge,1,14,0.579120,bellman
cambridge,1,15,0.499140,convex
cambridge,1,16,0.413480,bellman
cambridge,1,17,0.363900,convex
cambridge,1,18,0.016990,convex
cambridge,1,19,0.323650,convex
cambridge,1,20,0.371760,convex
cambridge,1,21,0.021200,convex
cambridge,1,22,0.380070,convex
cambridge,1,23,0.413480,bellman
cambridge,1,24,0.371830,convex
cambridge,1,25,0.583590,bellman
cambridge,1,26,0.644860,bellman
cambridge,1,27,0.012460,convex
cambridge,1,28,0.396260,bellman
cambridge,1,29,0.297250,convex
cambridge,1,30,0.532570,bellman
cambridge,1,31,0.367900,convex
cambridge,1,32,0.021840,convex
cambridge,1,33,0.395660,convex
cambridge,1,34,0.372340,convex
cambridge,1,35,0.023990,convex
cambridge,1,36,0.484180,convex
cambridge,1,37,0.365130,convex
cambridge,1,38,0.015600,convex
cambridge,1,39,0.313490,convex
cambridge,1,40,0.370220,convex
cambridge,1,41,0.651470,bellman
cambridge,1,42,0.604310,convex
cambridge,1,43,0.656190,bellman
cambridge,1,44,0.656160,convex
cambridge,1,45,0.689830,bellman
cambridge,1,46,0.655010,convex
cambridge,1,47,0.594430,bellman
cambridge,1,48,0.594430,bellman
cambridge,1,49,0.604330,convex
cambridge,1,50,0.649110,bellman
cambridge,1,51,0.635540,bellman
cambridge,1,52,0.012420,convex
cambridge,1,53,0.297090,convex
cambridge,1,54,0.367880,convex
cambridge,1,55,0.023740,convex
cambridge,1,56,0.469540,convex
cambridge,1,57,0.366440,convex
cambridge,1,58,0.022730,convex
cambridge,1,59,0.423320,convex
cambridge,1,60,0.377490,convex
cambridge,1,61,0.396260,bellman
cambridge,1,62,0.532570,bellman
cambridge,1,63,0.012690,convex
cambridge,1,64,0.298210,convex
cambridge,1,65,0.368040,convex
cambridge,1,66,0.024890,convex
cambridge,1,67,0.558450,convex
cambridge,1,68,0.359570,convex
cambridge,1,69,0.604330,bellman
cambridge,1,70,0.604330,bellman
cambridge,1,71,0.604330,bellman
cambridge,1,72,0.604330,convex
cambridge,1,73,0.604330,bellman
cambridge,1,74,0.604330,convex
cambridge,1,75,0.594430,bellman
cambridge,1,76,0.604330,bellman
cambridge,1,77,0.557200,bellman
cambridge,1,78,0.656190,bellman
cambridge,1,79,0.622540,bellman
cambridge,1,80,0.000000,convex
cambridge,1,81,0.495360,convex
cambridge,1,82,0.604330,convex
cambridge,1,83,0.368640,convex
cambridge,1,84,0.656190,convex
cambridge,1,85,0.487970,convex
cambridge,2,0,0.280000,bellman
cambridge,2,1,0.000000,convex
cambridge,2,2,0.280000,bellman
cambridge,2,3,0.233330,convex
cambridge,2,4,0.458730,bellman
cambridge,2,5,0.458730,convex
cambridge,2,6,0.460290,bellman
cambridge,2,7,0.458730,convex
cambridge,2,8,0.466270,bellman
cambridge,2,9,0.466270,convex
cambridge,2,10,0.466340,bellman
cambridge,2,11,0.466270,convex
cambridge,2,12,0.491410,bellman
cambridge,2,13,0.489130,convex
cambridge,2,14,0.498390,bellman
cambridge,2,15,0.494790,convex
cambridge,2,16,0.499570,bellman
cambridge,2,17,0.499120,convex
cambridge,2,18,0.489510,convex
cambridge,2,19,0.496510,convex
cambridge,2,20,0.499370,convex
cambridge,2,21,0.489640,convex
cambridge,2,22,0.496850,convex
cambridge,2,23,0.499570,bellman
cambridge,2,24,0.499400,convex
cambridge,2,25,0.299910,bellman
cambridge,2,26,0.479870,bellman
cambridge,2,27,0.489360,convex
cambridge,2,28,0.493170,bellman
cambridge,2,29,0.496350,convex
cambridge,2,30,0.498990,bellman
cambridge,2,31,0.499360,convex
cambridge,2,32,0.489530,convex
cambridge,2,33,0.496580,convex
cambridge,2,34,0.499390,convex
cambridge,2,35,0.489170,convex
cambridge,2,36,0.495050,convex
cambridge,2,37,0.499170,convex
cambridge,2,38,0.489460,convex
cambridge,2,39,0.496450,convex
cambridge,2,40,0.499360,convex
cambridge,2,41,0.460290,bellman
cambridge,2,42,0.458730,convex
cambridge,2,43,0.466270,bellman
cambridge,2,44,0.466270,convex
cambridge,2,45,0.466340,bellman
cambridge,2,46,0.466260,convex
cambridge,2,47,0.280000,bellman
cambridge,2,48,0.280000,bellman
cambridge,2,49,0.458730,convex
cambridge,2,50,0.457310,bellman
cambridge,2,51,0.454290,bellman
cambridge,2,52,0.489360,convex
cambridge,2,53,0.496350,convex
cambridge,2,54,0.499360,convex
cambridge,2,55,0.489210,convex
cambridge,2,56,0.495300,convex
cambridge,2,57,0.499220,convex
cambridge,2,58,0.489380,convex
cambridge,2,59,0.496100,convex
cambridge,2,60,0.499340,convex
cambridge,2,61,0.493170,bellman
cambridge,2,62,0.498990,bellman
cambridge,2,63,0.489360,convex
cambridge,2,64,0.496350,convex
cambridge,2,65,0.499360,convex
cambridge,2,66,0.489010,convex
cambridge,2,67,0.493760,convex
cambridge,2,68,0.498840,convex
cambridge,2,69,0.458730,bellman
cambridge,2,70,0.458730,bellman
cambridge,2,71,0.458730,bellman
cambridge,2,72,0.458730,convex
cambridge,2,73,0.458730,bellman
cambridge,2,74,0.458730,convex
cambridge,2,75,0.280000,bellman
cambridge,2,76,0.458730,bellman
cambridge,2,77,0.457170,bellman
cambridge,2,78,0.466270,bellman
cambridge,2,79,0.466190,bellman
cambridge,2,80,0.000000,convex
cambridge,2,81,0.233330,convex
cambridge,2,82,0.458730,convex
cambridge,2,83,0.450930,convex
cambridge,2,84,0.466270,convex
cambridge,2,85,0.465880,convex
cambridge,3,0,0.280000,bellman
cambridge,3,1,0.000000,convex
cambridge,3,2,0.280000,bellman
cambridge,3,3,0.233330,convex
cambridge,3,4,0.284670,bellman
cambridge,3,5,0.284670,convex
cambridge,3,6,0.306870,bellman
cambridge,3,7,0.284670,convex
cambridge,3,8,0.309090,bellman
cambridge,3,9,0.309090,convex
cambridge,3,10,0.324940,bellman
cambridge,3,11,0.309090,convex
cambridge,3,12,0.304950,bellman
cambridge,3,13,0.297680,convex
cambridge,3,14,0.321460,bellman
cambridge,3,15,0.290120,convex
cambridge,3,16,0.331140,bellman
cambridge,3,17,0.327170,convex
cambridge,3,18,0.301700,convex
cambridge,3,19,0.316960,convex
cambridge,3,20,0.328620,convex
cambridge,3,21,0.299360,convex
cambridge,3,22,0.308330,convex
cambridge,3,23,0.331140,bellman
cambridge,3,24,0.329700,convex
cambridge,3,25,0.299910,bellman
cambridge,3,26,0.319020,bellman
cambridge,3,27,0.304220,convex
cambridge,3,28,0.328770,bellman
cambridge,3,29,0.321000,convex
cambridge,3,30,0.341190,bellman
cambridge,3,31,0.330770,convex
cambridge,3,32,0.299000,convex
cambridge,3,33,0.305950,convex
cambridge,3,34,0.329540,convex
cambridge,3,35,0.297800,convex
cambridge,3,36,0.292410,convex
cambridge,3,37,0.327640,convex
cambridge,3,38,0.302480,convex
cambridge,3,39,0.318520,convex
cambridge,3,40,0.329480,convex
cambridge,3,41,0.306870,bellman
cambridge,3,42,0.284660,convex
cambridge,3,43,0.309090,bellman
cambridge,3,44,0.309080,convex
cambridge,3,45,0.324940,bellman
cambridge,3,46,0.308540,convex
cambridge,3,47,0.280000,bellman
cambridge,3,48,0.280000,bellman
cambridge,3,49,0.284670,convex
cambridge,3,50,0.305760,bellman
cambridge,3,51,0.299370,bellman
cambridge,3,52,0.304210,convex
cambridge,3,53,0.320980,convex
cambridge,3,54,0.330760,convex
cambridge,3,55,0.297940,convex
cambridge,3,56,0.294650,convex
cambridge,3,57,0.328040,convex
cambridge,3,58,0.298510,convex
cambridge,3,59,0.301720,convex
cambridge,3,60,0.326550,convex
cambridge,3,61,0.328770,bellman
cambridge,3,62,0.341190,bellman
cambridge,3,63,0.304100,convex
cambridge,3,64,0.320850,convex
cambridge,3,65,0.330690,convex
cambridge,3,66,0.297300,convex
cambridge,3,67,0.281040,convex
cambridge,3,68,0.324820,convex
cambridge,3,69,0.284670,bellman
cambridge,3,70,0.284670,bellman
cambridge,3,71,0.284670,bellman
cambridge,3,72,0.284670,convex
cambridge,3,73,0.284670,bellman
cambridge,3,74,0.284670,convex
cambridge,3,75,0.280000,bellman
cambridge,3,76,0.284670,bellman
cambridge,3,77,0.262460,bellman
cambridge,3,78,0.309090,bellman
cambridge,3,79,0.293240,bellman
cambridge,3,80,0.000000,convex
cambridge,3,81,0.233330,convex
cambridge,3,82,0.284670,convex
cambridge,3,83,0.173650,convex
cambridge,3,84,0.309090,convex
cambridge,3,85,0.229860,convex
casablanca,0,0,0.597010,bellman
casablanca,0,1,0.000000,convex
casablanca,0,2,0.597010,bellman
casablanca,0,3,0.497500,convex
casablanca,0,4,0.962570,bellman
casablanca,0,5,0.962570,convex
casablanca,0,6,0.968850,bellman
casablanca,0,7,0.962570,convex
casablanca,0,8,0.991910,bellman
casablanca,0,9,0.991910,convex
casablanca,0,10,0.992500,bellman
casablanca,0,11,0.991910,convex
casablanca,0,12,0.765310,bellman
casablanca,0,13,0.011340,convex
casablanca,0,14,0.801080,bellman
casablanca,0,15,0.492470,convex
casablanca,0,16,0.516200,bellman
casablanca,0,17,0.526180,convex
casablanca,0,18,0.010380,convex
casablanca,0,19,0.130380,convex
casablanca,0,20,0.527760,convex
casablanca,0,21,0.010940,convex
casablanca,0,22,0.246790,convex
casablanca,0,23,0.516200,bellman
casablanca,0,24,0.527320,convex
casablanca,0,25,0.591100,bellman
casablanca,0,26,0.963140,bellman
casablanca,0,27,0.009770,convex
casablanca,0,28,0.496030,bellman
casablanca,0,29,0.075900,convex
casablanca,0,30,0.534920,bellman
casablanca,0,31,0.527900,convex
casablanca,0,32,0.011020,convex
casablanca,0,33,0.278950,convex
casablanca,0,34,0.527340,convex
casablanca,0,35,0.011310,convex
casablanca,0,36,0.461610,convex
casablanca,0,37,0.526590,convex
casablanca,0,38,0.010190,convex
casablanca,0,39,0.109410,convex
casablanca,0,40,0.528000,convex
casablanca,0,41,0.968850,bellman
casablanca,0,42,0.962570,convex
casablanca,0,43,0.991910,bellman
casablanca,0,44,0.991900,convex
casablanca,0,45,0.992500,bellman
casablanca,0,46,0.991880,convex
casablanca,0,47,0.597010,bellman
casablanca,0,48,0.597010,bellman
casablanca,0,49,0.962570,convex
casablanca,0,50,0.957320,bellman
casablanca,0,51,0.945590,bellman
casablanca,0,52,0.009770,convex
casablanca,0,53,0.075580,convex
casablanca,0,54,0.527710,convex
casablanca,0,55,0.011280,convex
casablanca,0,56,0.431390,convex
casablanca,0,57,0.526440,convex
casablanca,0,58,0.011140,convex
casablanca,0,59,0.336020,convex
casablanca,0,60,0.527140,convex
casablanca,0,61,0.496030,bellman
casablanca,0,62,0.534920,bellman
casablanca,0,63,0.009800,convex
casablanca,0,64,0.077890,convex
casablanca,0,65,0.525320,convex
casablanca,0,66,0.011430,convex
casablanca,0,67,0.614830,convex
casablanca,0,68,0.522720,convex
casablanca,0,69,0.962570,bellman
casablanca,0,70,0.962570,bellman
casablanca,0,71,0.962570,bellman
casablanca,0,72,0.962570,convex
casablanca,0,73,0.962570,bellman
casablanca,0,74,0.962570,convex
casablanca,0,75,0.597010,bellman
casablanca,0,76,0.962570,bellman
casablanca,0,77,0.956300,bellman
casablanca,0,78,0.991910,bellman
casablanca,0,79,0.991310,bellman
casablanca,0,80,0.000000,convex
casablanca,0,81,0.497500,convex
casablanca,0,82,0.962570,convex
casablanca,0,83,0.931190,convex
casablanca,0,84,0.991910,convex
casablanca,0,85,0.988940,convex
casablanca,1,0,0.592670,bellman
casablanca,1,1,0.000000,convex
casablanca,1,2,0.592670,bellman
casablanca,1,3,0.493890,convex
casablanca,1,4,0.955580,bellman
casablanca,1,5,0.955580,convex
casablanca,1,6,0.961810,bellman
casablanca,1,7,0.955580,convex
casablanca,1,8,0.984700,bellman
casablanca,1,9,0.984700,convex
casablanca,1,10,0.985290,bellman
casablanca,1,11,0.984700,convex
casablanca,1,12,0.753170,bellman
casablanca,1,13,0.025060,convex
casablanca,1,14,0.788880,bellman
casablanca,1,15,0.489910,convex
casablanca,1,16,0.515440,bellman
casablanca,1,17,0.524980,convex
casablanca,1,18,0.024110,convex
casablanca,1,19,0.141020,convex
casablanca,1,20,0.526560,convex
casablanca,1,21,0.024660,convex
casablanca,1,22,0.253190,convex
casablanca,1,23,0.515440,bellman
casablanca,1,24,0.526100,convex
casablanca,1,25,0.578550,bellman
casablanca,1,26,0.948150,bellman
casablanca,1,27,0.023510,convex
casablanca,1,28,0.495640,bellman
casablanca,1,29,0.088530,convex
casablanca,1,30,0.533880,bellman
casablanca,1,31,0.526670,convex
casablanca,1,32,0.024750,convex
casablanca,1,33,0.284180,convex
casablanca,1,34,0.526120,convex
casablanca,1,35,0.025030,convex
casablanca,1,36,0.460170,convex
casablanca,1,37,0.525330,convex
casablanca,1,38,0.023920,convex
casablanca,1,39,0.120820,convex
casablanca,1,40,0.526730,convex
casablanca,1,41,0.961810,bellman
casablanca,1,42,0.955580,convex
casablanca,1,43,0.984700,bellman
casablanca,1,44,0.984700,convex
casablanca,1,45,0.985290,bellman
casablanca,1,46,0.984680,convex
casablanca,1,47,0.592670,bellman
casablanca,1,48,0.592670,bellman
casablanca,1,49,0.955580,convex
casablanca,1,50,0.950370,bellman
casablanca,1,51,0.938730,bellman
casablanca,1,52,0.023500,convex
casablanca,1,53,0.088220,convex
casablanca,1,54,0.526480,convex
casablanca,1,55,0.025000,convex
casablanca,1,56,0.431060,convex
casablanca,1,57,0.525240,convex
casablanca,1,58,0.024860,convex
casablanca,1,59,0.339160,convex
casablanca,1,60,0.525970,convex
casablanca,1,61,0.495640,bellman
casablanca,1,62,0.533880,bellman
casablanca,1,63,0.023540,convex
casablanca,1,64,0.090450,convex
casablanca,1,65,0.524170,convex
casablanca,1,66,0.025150,convex
casablanca,1,67,0.607800,convex
casablanca,1,68,0.521620,convex
casablanca,1,69,0.955580,bellman
casablanca,1,70,0.955580,bellman
casablanca,1,71,0.955580,bellman
casablanca,1,72,0.955580,convex
casablanca,1,73,0.955580,bellman
casablanca,1,74,0.955580,convex
casablanca,1,75,0.592670,bellman
casablanca,1,76,0.955580,bellman
casablanca,1,77,0.949350,bellman
casablanca,1,78,0.984700,bellman
casablanca,1,79,0.984110,bellman
casablanca,1,80,0.000000,convex
casablanca,1,81,0.493890,convex
casablanca,1,82,0.955580,convex
casablanca,1,83,0.924430,convex
casablanca,1,84,0.984700,convex
casablanca,1,85,0.981760,convex
essex,0,0,0.595560,bellman
essex,0,1,0.000000,convex
essex,0,2,0.595560,bellman
essex,0,3,0.496300,convex
essex,0,4,0.937210,bellman
essex,0,5,0.937210,convex
essex,0,6,0.947670,bellman
essex,0,7,0.937210,convex
essex,0,8,0.983670,bellman
essex,0,9,0.983670,convex
essex,0,10,0.985320,bellman
essex,0,11,0.983670,convex
essex,0,12,0.742960,bellman
essex,0,13,0.016760,convex
essex,0,14,0.800260,bellman
essex,0,15,0.510110,convex
essex,0,16,0.524050,bellman
essex,0,17,0.540410,convex
essex,0,18,0.015150,convex
essex,0,19,0.168760,convex
essex,0,20,0.542900,convex
essex,0,21,0.016090,convex
essex,0,22,0.278510,convex
essex,0,23,0.524050,bellman
essex,0,24,0.542020,convex
essex,0,25,0.586870,bellman
essex,0,26,0.939470,bellman
essex,0,27,0.014150,convex
essex,0,28,0.492480,bellman
essex,0,29,0.117410,convex
essex,0,30,0.555100,bellman
essex,0,31,0.542950,convex
essex,0,32,0.016230,convex
essex,0,33,0.308830,convex
essex,0,34,0.541830,convex
essex,0,35,0.016710,convex
essex,0,36,0.481020,convex
essex,0,37,0.540520,convex
essex,0,38,0.014840,convex
essex,0,39,0.149000,convex
essex,0,40,0.542750,convex
essex,0,41,0.947670,bellman
essex,0,42,0.937210,convex
essex,0,43,0.983670,bellman
essex,0,44,0.983660,convex
essex,0,45,0.985320,bellman
essex,0,46,0.983610,convex
essex,0,47,0.595560,bellman
essex,0,48,0.595560,bellman
essex,0,49,0.937210,convex
essex,0,50,0.929670,bellman
essex,0,51,0.911120,bellman
essex,0,52,0.014140,convex
essex,0,53,0.117100,convex
essex,0,54,0.542970,convex
essex,0,55,0.016650,convex
essex,0,56,0.452530,convex
essex,0,57,0.540920,convex
essex,0,58,0.016430,convex
essex,0,59,0.362620,convex
essex,0,60,0.541910,convex
essex,0,61,0.492480,bellman
essex,0,62,0.555100,bellman
essex,0,63,0.014200,convex
essex,0,64,0.119290,convex
essex,0,65,0.540720,convex
essex,0,66,0.016910,convex
essex,0,67,0.625460,convex
essex,0,68,0.536520,convex
essex,0,69,0.937210,bellman
essex,0,70,0.937210,bellman
essex,0,71,0.937210,bellman
essex,0,72,0.937210,convex
essex,0,73,0.937210,bellman
essex,0,74,0.937210,convex
essex,0,75,0.595560,bellman
essex,0,76,0.937210,bellman
essex,0,77,0.926750,bellman
essex,0,78,0.983670,bellman
essex,0,79,0.982020,bellman
essex,0,80,0.000000,convex
essex,0,81,0.496300,convex
essex,0,82,0.937210,convex
essex,0,83,0.884910,convex
essex,0,84,0.983670,convex
essex,0,85,0.975410,convex
essex,1,0,0.588710,bellman
essex,1,1,0.000000,convex
essex,1,2,0.588710,bellman
essex,1,3,0.490590,convex
essex,1,4,0.951070,bellman
essex,1,5,0.951070,convex
essex,1,6,0.956910,bellman
essex,1,7,0.951070,convex
essex,1,8,0.978470,bellman
essex,1,9,0.978470,convex
essex,1,10,0.978990,bellman
essex,1,11,0.978470,convex
essex,1,12,0.743840,bellman
essex,1,13,0.037390,convex
essex,1,14,0.777610,bellman
essex,1,15,0.486110,convex
essex,1,16,0.514040,bellman
essex,1,17,0.522770,convex
essex,1,18,0.036490,convex
essex,1,19,0.147700,convex
essex,1,20,0.524270,convex
essex,1,21,0.037020,convex
essex,1,22,0.256500,convex
essex,1,23,0.514040,bellman
essex,1,24,0.523780,convex
essex,1,25,0.567400,bellman
essex,1,26,0.936250,bellman
essex,1,27,0.035930,convex
essex,1,28,0.495580,bellman
essex,1,29,0.096790,convex
essex,1,30,0.531220,bellman
essex,1,31,0.524310,convex
essex,1,32,0.037100,convex
essex,1,33,0.286560,convex
essex,1,34,0.523630,convex
essex,1,35,0.037360,convex
essex,1,36,0.457260,convex
essex,1,37,0.522880,convex
essex,1,38,0.036320,convex
essex,1,39,0.128110,convex
essex,1,40,0.524200,convex
essex,1,41,0.956910,bellman
essex,1,42,0.951060,convex
essex,1,43,0.978470,bellman
essex,1,44,0.978470,convex
essex,1,45,0.978990,bellman
essex,1,46,0.978450,convex
essex,1,47,0.588710,bellman
essex,1,48,0.588710,bellman
essex,1,49,0.951070,convex
essex,1,50,0.946120,bellman
essex,1,51,0.935170,bellman
essex,1,52,0.035930,convex
essex,1,53,0.096490,convex
essex,1,54,0.524160,convex
essex,1,55,0.037330,convex
essex,1,56,0.429020,convex
essex,1,57,0.523000,convex
essex,1,58,0.037210,convex
essex,1,59,0.339890,convex
essex,1,60,0.523720,convex
essex,1,61,0.495580,bellman
essex,1,62,0.531220,bellman
essex,1,63,0.035960,convex
essex,1,64,0.098650,convex
essex,1,65,0.521900,convex
essex,1,66,0.037470,convex
essex,1,67,0.600460,convex
essex,1,68,0.519530,convex
essex,1,69,0.951070,bellman
essex,1,70,0.951070,bellman
essex,1,71,0.951070,bellman
essex,1,72,0.951070,convex
essex,1,73,0.951070,bellman
essex,1,74,0.951070,convex
essex,1,75,0.588710,bellman
essex,1,76,0.951070,bellman
essex,1,77,0.945230,bellman
essex,1,78,0.978470,bellman
essex,1,79,0.977950,bellman
essex,1,80,0.000000,convex
essex,1,81,0.490590,convex
essex,1,82,0.951070,convex
essex,1,83,0.921870,convex
essex,1,84,0.978470,convex
essex,1,85,0.975870,convex
essex,2,0,0.588710,bellman
essex,2,1,0.000000,convex
essex,2,2,0.588710,bellman
essex,2,3,0.490590,convex
essex,2,4,0.926440,bellman
essex,2,5,0.926440,convex
essex,2,6,0.936780,bellman
essex,2,7,0.926440,convex
essex,2,8,0.972360,bellman
essex,2,9,0.972360,convex
essex,2,10,0.974000,bellman
essex,2,11,0.972360,convex
essex,2,12,0.724580,bellman
essex,2,13,0.037700,convex
essex,2,14,0.781770,bellman
essex,2,15,0.505710,convex
essex,2,16,0.522110,bellman
essex,2,17,0.537210,convex
essex,2,18,0.036120,convex
essex,2,19,0.184140,convex
essex,2,20,0.539700,convex
essex,2,21,0.037040,convex
essex,2,22,0.287530,convex
essex,2,23,0.522110,bellman
essex,2,24,0.538910,convex
essex,2,25,0.567400,bellman
essex,2,26,0.916650,bellman
essex,2,27,0.035120,convex
essex,2,28,0.491460,bellman
essex,2,29,0.135760,convex
essex,2,30,0.552470,bellman
essex,2,31,0.539820,convex
essex,2,32,0.037180,convex
essex,2,33,0.316090,convex
essex,2,34,0.538730,convex
essex,2,35,0.037650,convex
essex,2,36,0.478300,convex
essex,2,37,0.537460,convex
essex,2,38,0.035810,convex
essex,2,39,0.165520,convex
essex,2,40,0.539670,convex
essex,2,41,0.936780,bellman
essex,2,42,0.926430,convex
essex,2,43,0.972360,bellman
essex,2,44,0.972350,convex
essex,2,45,0.974000,bellman
essex,2,46,0.972310,convex
essex,2,47,0.588710,bellman
essex,2,48,0.588710,bellman
essex,2,49,0.926440,convex
essex,2,50,0.918980,bellman
essex,2,51,0.900650,bellman
essex,2,52,0.035120,convex
essex,2,53,0.135470,convex
essex,2,54,0.539670,convex
essex,2,55,0.037600,convex
essex,2,56,0.451460,convex
essex,2,57,0.537690,convex
essex,2,58,0.037380,convex
essex,2,59,0.366770,convex
essex,2,60,0.538740,convex
essex,2,61,0.491460,bellman
essex,2,62,0.552470,bellman
essex,2,63,0.035170,convex
essex,2,64,0.137530,convex
essex,2,65,0.537530,convex
essex,2,66,0.037850,convex
essex,2,67,0.614370,convex
essex,2,68,0.533450,convex
essex,2,69,0.926440,bellman
essex,2,70,0.926440,bellman
essex,2,71,0.926440,bellman
essex,2,72,0.926440,convex
essex,2,73,0.926440,bellman
essex,2,74,0.926440,convex
essex,2,75,0.588710,bellman
essex,2,76,0.926440,bellman
essex,2,77,0.916100,bellman
essex,2,78,0.972360,bellman
essex,2,79,0.970730,bellman
essex,2,80,0.000000,convex
essex,2,81,0.490590,convex
essex,2,82,0.926440,convex
essex,2,83,0.874740,convex
essex,2,84,0.972360,convex
essex,2,85,0.964190,convex
geneva,0,0,0.598550,bellman
geneva,0,1,0.000000,convex
geneva,0,2,0.598550,bellman
geneva,0,3,0.498790,convex
geneva,0,4,0.856520,bellman
geneva,0,5,0.856520,convex
geneva,0,6,0.880740,bellman
geneva,0,7,0.856520,convex
geneva,0,8,0.943380,bellman
geneva,0,9,0.943380,convex
geneva,0,10,0.952200,bellman
geneva,0,11,0.943380,convex
geneva,0,12,0.683150,bellman
geneva,0,13,0.010820,convex
geneva,0,14,0.794530,bellman
geneva,0,15,0.556040,convex
geneva,0,16,0.534470,bellman
geneva,0,17,0.569740,convex
geneva,0,18,0.007110,convex
geneva,0,19,0.260770,convex
geneva,0,20,0.574250,convex
geneva,0,21,0.009280,convex
geneva,0,22,0.355700,convex
geneva,0,23,0.534470,bellman
geneva,0,24,0.573430,convex
geneva,0,25,0.595660,bellman
geneva,0,26,0.878260,bellman
geneva,0,27,0.004790,convex
geneva,0,28,0.477340,bellman
geneva,0,29,0.216340,convex
geneva,0,30,0.605540,bellman
geneva,0,31,0.575300,convex
geneva,0,32,0.009610,convex
geneva,0,33,0.381920,convex
geneva,0,34,0.573270,convex
geneva,0,35,0.010710,convex
geneva,0,36,0.530870,convex
geneva,0,37,0.570580,convex
geneva,0,38,0.006400,convex
geneva,0,39,0.243670,convex
geneva,0,40,0.574810,convex
geneva,0,41,0.880740,bellman
geneva,0,42,0.856510,convex
geneva,0,43,0.943380,bellman
geneva,0,44,0.943360,convex
geneva,0,45,0.952200,bellman
geneva,0,46,0.943070,convex
geneva,0,47,0.598550,bellman
geneva,0,48,0.598550,bellman
geneva,0,49,0.856520,convex
geneva,0,50,0.849420,bellman
geneva,0,51,0.815160,bellman
geneva,0,52,0.004770,convex
geneva,0,53,0.216080,convex
geneva,0,54,0.575150,convex
geneva,0,55,0.010590,convex
geneva,0,56,0.506220,convex
geneva,0,57,0.570910,convex
geneva,0,58,0.010060,convex
geneva,0,59,0.428450,convex
geneva,0,60,0.571910,convex
geneva,0,61,0.477340,bellman
geneva,0,62,0.605540,bellman
geneva,0,63,0.004910,convex
geneva,0,64,0.217970,convex
geneva,0,65,0.573210,convex
geneva,0,66,0.011170,convex
geneva,0,67,0.655810,convex
geneva,0,68,0.564420,convex
geneva,0,69,0.856520,bellman
geneva,0,70,0.856520,bellman
geneva,0,71,0.856520,bellman
geneva,0,72,0.856520,convex
geneva,0,73,0.856520,bellman
geneva,0,74,0.856520,convex
geneva,0,75,0.598550,bellman
geneva,0,76,0.856520,bellman
geneva,0,77,0.832300,bellman
geneva,0,78,0.943380,bellman
geneva,0,79,0.934560,bellman
geneva,0,80,0.000000,convex
geneva,0,81,0.498790,convex
geneva,0,82,0.856520,convex
geneva,0,83,0.735410,convex
geneva,0,84,0.943380,convex
geneva,0,85,0.899270,convex
geneva,1,0,0.598550,bellman
geneva,1,1,0.000000,convex
geneva,1,2,0.598550,bellman
geneva,1,3,0.498790,convex
geneva,1,4,0.983810,bellman
geneva,1,5,0.983810,convex
geneva,1,6,0.986520,bellman
geneva,1,7,0.983810,convex
geneva,1,8,0.997010,bellman
geneva,1,9,0.997010,convex
geneva,1,10,0.997120,bellman
geneva,1,11,0.997010,convex
geneva,1,12,0.784680,bellman
geneva,1,13,0.005520,convex
geneva,1,14,0.800630,bellman
geneva,1,15,0.475950,convex
geneva,1,16,0.507650,bellman
geneva,1,17,0.511980,convex
geneva,1,18,0.005100,convex
geneva,1,19,0.094990,convex
geneva,1,20,0.512700,convex
geneva,1,21,0.005350,convex
geneva,1,22,0.217470,convex
geneva,1,23,0.507650,bellman
geneva,1,24,0.512540,convex
geneva,1,25,0.595660,bellman
geneva,1,26,0.983670,bellman
geneva,1,27,0.004840,convex
geneva,1,28,0.498480,bellman
geneva,1,29,0.037680,convex
geneva,1,30,0.515780,bellman
geneva,1,31,0.512800,convex
geneva,1,32,0.005380,convex
geneva,1,33,0.251310,convex
geneva,1,34,0.512600,convex
geneva,1,35,0.005510,convex
geneva,1,36,0.443470,convex
geneva,1,37,0.512290,convex
geneva,1,38,0.005020,convex
geneva,1,39,0.072940,convex
geneva,1,40,0.512930,convex
geneva,1,41,0.986520,bellman
geneva,1,42,0.983810,convex
geneva,1,43,0.997010,bellman
geneva,1,44,0.997010,convex
geneva,1,45,0.997120,bellman
geneva,1,46,0.997010,convex
geneva,1,47,0.598550,bellman
geneva,1,48,0.598550,bellman
geneva,1,49,0.983810,convex
geneva,1,50,0.981280,bellman
geneva,1,51,0.976000,bellman
geneva,1,52,0.004840,convex
geneva,1,53,0.037340,convex
geneva,1,54,0.512600,convex
geneva,1,55,0.005490,convex
geneva,1,56,0.411680,convex
geneva,1,57,0.512040,convex
geneva,1,58,0.005430,convex
geneva,1,59,0.311340,convex
geneva,1,60,0.512420,convex
geneva,1,61,0.498480,bellman
geneva,1,62,0.515780,bellman
geneva,1,63,0.004860,convex
geneva,1,64,0.039780,convex
geneva,1,65,0.510100,convex
geneva,1,66,0.005560,convex
geneva,1,67,0.604670,convex
geneva,1,68,0.508940,convex
geneva,1,69,0.983810,bellman
geneva,1,70,0.983810,bellman
geneva,1,71,0.983810,bellman
geneva,1,72,0.983810,convex
geneva,1,73,0.983810,bellman
geneva,1,74,0.983810,convex
geneva,1,75,0.598550,bellman
geneva,1,76,0.983810,bellman
geneva,1,77,0.981090,bellman
geneva,1,78,0.997010,bellman
geneva,1,79,0.996900,bellman
geneva,1,80,0.000000,convex
geneva,1,81,0.498790,convex
geneva,1,82,0.983810,convex
geneva,1,83,0.970230,convex
geneva,1,84,0.997010,convex
geneva,1,85,0.996460,convex
geneva,2,0,0.280000,bellman
geneva,2,1,0.000000,convex
geneva,2,2,0.280000,bellman
geneva,2,3,0.233330,convex
geneva,2,4,0.460230,bellman
geneva,2,5,0.460230,convex
geneva,2,6,0.461500,bellman
geneva,2,7,0.460230,convex
geneva,2,8,0.466400,bellman
geneva,2,9,0.466400,convex
geneva,2,10,0.466450,bellman
geneva,2,11,0.466400,convex
geneva,2,12,0.493010,bellman
geneva,2,13,0.490800,convex
geneva,2,14,0.498740,bellman
geneva,2,15,0.495780,convex
geneva,2,16,0.499710,bellman
geneva,2,17,0.499350,convex
geneva,2,18,0.491060,convex
geneva,2,19,0.496830,convex
geneva,2,20,0.499520,convex
geneva,2,21,0.491180,convex
geneva,2,22,0.497160,convex
geneva,2,23,0.499710,bellman
geneva,2,24,0.499560,convex
geneva,2,25,0.299910,bellman
geneva,2,26,0.481130,bellman
geneva,2,27,0.490940,convex
geneva,2,28,0.494460,bellman
geneva,2,29,0.496680,convex
geneva,2,30,0.499230,bellman
geneva,2,31,0.499510,convex
geneva,2,32,0.491190,convex
geneva,2,33,0.497250,convex
geneva,2,34,0.499570,convex
geneva,2,35,0.490840,convex
geneva,2,36,0.495990,convex
geneva,2,37,0.499390,convex
geneva,2,38,0.491030,convex
geneva,2,39,0.496770,convex
geneva,2,40,0.499520,convex
geneva,2,41,0.461500,bellman
geneva,2,42,0.460230,convex
geneva,2,43,0.466400,bellman
geneva,2,44,0.466400,convex
geneva,2,45,0.466450,bellman
geneva,2,46,0.466400,convex
geneva,2,47,0.280000,bellman
geneva,2,48,0.280000,bellman
geneva,2,49,0.460230,convex
geneva,2,50,0.459040,bellman
geneva,2,51,0.456570,bellman
geneva,2,52,0.490940,convex
geneva,2,53,0.496680,convex
geneva,2,54,0.499510,convex
geneva,2,55,0.490880,convex
geneva,2,56,0.496200,convex
geneva,2,57,0.499430,convex
geneva,2,58,0.491050,convex
geneva,2,59,0.496850,convex
geneva,2,60,0.499530,convex
geneva,2,61,0.494460,bellman
geneva,2,62,0.499230,bellman
geneva,2,63,0.490950,convex
geneva,2,64,0.496680,convex
geneva,2,65,0.499510,convex
geneva,2,66,0.490690,convex
geneva,2,67,0.494940,convex
geneva,2,68,0.499120,convex
geneva,2,69,0.460230,bellman
geneva,2,70,0.460230,bellman
geneva,2,71,0.460230,bellman
geneva,2,72,0.460230,convex
geneva,2,73,0.460230,bellman
geneva,2,74,0.460230,convex
geneva,2,75,0.280000,bellman
geneva,2,76,0.460230,bellman
geneva,2,77,0.458960,bellman
geneva,2,78,0.466400,bellman
geneva,2,79,0.466350,bellman
geneva,2,80,0.000000,convex
geneva,2,81,0.233330,convex
geneva,2,82,0.460230,convex
geneva,2,83,0.453880,convex
geneva,2,84,0.466400,convex
geneva,2,85,0.466140,convex
guadalupe,0,0,0.597300,bellman
guadalupe,0,1,0.000000,convex
guadalupe,0,2,0.597300,bellman
guadalupe,0,3,0.497750,convex
guadalupe,0,4,0.935260,bellman
guadalupe,0,5,0.935260,convex
guadalupe,0,6,0.946580,bellman
guadalupe,0,7,0.935260,convex
guadalupe,0,8,0.985000,bellman
guadalupe,0,9,0.985000,convex
guadalupe,0,10,0.986930,bellman
guadalupe,0,11,0.985000,convex
guadalupe,0,12,0.744050,bellman
guadalupe,0,13,0.011550,convex
guadalupe,0,14,0.805350,bellman
guadalupe,0,15,0.514700,convex
guadalupe,0,16,0.525910,bellman
guadalupe,0,17,0.543640,convex
guadalupe,0,18,0.009810,convex
guadalupe,0,19,0.171460,convex
guadalupe,0,20,0.546300,convex
guadalupe,0,21,0.010820,convex
guadalupe,0,22,0.281820,convex
guadalupe,0,23,0.525910,bellman
guadalupe,0,24,0.545570,convex
guadalupe,0,25,0.591960,bellman
guadalupe,0,26,0.941570,bellman
guadalupe,0,27,0.008730,convex
guadalupe,0,28,0.492030,bellman
guadalupe,0,29,0.119830,convex
guadalupe,0,30,0.559590,bellman
guadalupe,0,31,0.546570,convex
guadalupe,0,32,0.010980,convex
guadalupe,0,33,0.312300,convex
guadalupe,0,34,0.545540,convex
guadalupe,0,35,0.011500,convex
guadalupe,0,36,0.485440,convex
guadalupe,0,37,0.544150,convex
guadalupe,0,38,0.009480,convex
guadalupe,0,39,0.151590,convex
guadalupe,0,40,0.546530,convex
guadalupe,0,41,0.946580,bellman
guadalupe,0,42,0.935260,convex
guadalupe,0,43,0.985000,bellman
guadalupe,0,44,0.984990,convex
guadalupe,0,45,0.986930,bellman
guadalupe,0,46,0.984930,convex
guadalupe,0,47,0.597300,bellman
guadalupe,0,48,0.597300,bellman
guadalupe,0,49,0.935260,convex
guadalupe,0,50,0.927370,bellman
guadalupe,0,51,0.907520,bellman
guadalupe,0,52,0.008720,convex
guadalupe,0,53,0.119520,convex
guadalupe,0,54,0.546390,convex
guadalupe,0,55,0.011440,convex
guadalupe,0,56,0.456800,convex
guadalupe,0,57,0.544190,convex
guadalupe,0,58,0.011190,convex
guadalupe,0,59,0.366390,convex
guadalupe,0,60,0.545190,convex
guadalupe,0,61,0.492030,bellman
guadalupe,0,62,0.559590,bellman
guadalupe,0,63,0.008780,convex
guadalupe,0,64,0.121720,convex
guadalupe,0,65,0.544130,convex
guadalupe,0,66,0.011710,convex
guadalupe,0,67,0.630680,convex
guadalupe,0,68,0.539590,convex
guadalupe,0,69,0.935260,bellman
guadalupe,0,70,0.935260,bellman
guadalupe,0,71,0.935260,bellman
guadalupe,0,72,0.935260,convex
guadalupe,0,73,0.935260,bellman
guadalupe,0,74,0.935260,convex
guadalupe,0,75,0.597300,bellman
guadalupe,0,76,0.935260,bellman
guadalupe,0,77,0.923950,bellman
guadalupe,0,78,0.985000,bellman
guadalupe,0,79,0.983070,bellman
guadalupe,0,80,0.000000,convex
guadalupe,0,81,0.497750,convex
guadalupe,0,82,0.935260,convex
guadalupe,0,83,0.878680,convex
guadalupe,0,84,0.985000,convex
guadalupe,0,85,0.975350,convex
guadalupe,1,0,0.597300,bellman
guadalupe,1,1,0.000000,convex
guadalupe,1,2,0.597300,bellman
guadalupe,1,3,0.497750,convex
guadalupe,1,4,0.984940,bellman
guadalupe,1,5,0.984940,convex
guadalupe,1,6,0.987030,bellman
guadalupe,1,7,0.984940,convex
guadalupe,1,8,0.995160,bellman
guadalupe,1,9,0.995160,convex
guadalupe,1,10,0.995220,bellman
guadalupe,1,11,0.995160,convex
guadalupe,1,12,0.783560,bellman
guadalupe,1,13,0.009450,convex
guadalupe,1,14,0.795920,bellman
guadalupe,1,15,0.472080,convex
guadalupe,1,16,0.505890,bellman
guadalupe,1,17,0.509170,convex
guadalupe,1,18,0.009130,convex
guadalupe,1,19,0.092690,convex
guadalupe,1,20,0.509730,convex
guadalupe,1,21,0.009320,convex
guadalupe,1,22,0.214670,convex
guadalupe,1,23,0.505890,bellman
guadalupe,1,24,0.509620,convex
guadalupe,1,25,0.591960,bellman
guadalupe,1,26,0.981750,bellman
guadalupe,1,27,0.008930,convex
guadalupe,1,28,0.498810,bellman
guadalupe,1,29,0.035620,convex
guadalupe,1,30,0.512130,bellman
guadalupe,1,31,0.509820,convex
guadalupe,1,32,0.009350,convex
guadalupe,1,33,0.248370,convex
guadalupe,1,34,0.509690,convex
guadalupe,1,35,0.009440,convex
guadalupe,1,36,0.439750,convex
guadalupe,1,37,0.509410,convex
guadalupe,1,38,0.009070,convex
guadalupe,1,39,0.070730,convex
guadalupe,1,40,0.509910,convex
guadalupe,1,41,0.987030,bellman
guadalupe,1,42,0.984940,convex
guadalupe,1,43,0.995160,bellman
guadalupe,1,44,0.995160,convex
guadalupe,1,45,0.995220,bellman
guadalupe,1,46,0.995160,convex
guadalupe,1,47,0.597300,bellman
guadalupe,1,48,0.597300,bellman
guadalupe,1,49,0.984940,convex
guadalupe,1,50,0.982960,bellman
guadalupe,1,51,0.978880,bellman
guadalupe,1,52,0.008930,convex
guadalupe,1,53,0.035280,convex
guadalupe,1,54,0.509620,convex
guadalupe,1,55,0.009430,convex
guadalupe,1,56,0.408080,convex
guadalupe,1,57,0.509190,convex
guadalupe,1,58,0.009390,convex
guadalupe,1,59,0.308160,convex
guadalupe,1,60,0.509510,convex
guadalupe,1,61,0.498810,bellman
guadalupe,1,62,0.512130,bellman
guadalupe,1,63,0.008940,convex
guadalupe,1,64,0.037710,convex
guadalupe,1,65,0.507120,convex
guadalupe,1,66,0.009480,convex
guadalupe,1,67,0.600280,convex
guadalupe,1,68,0.506240,convex
guadalupe,1,69,0.984940,bellman
guadalupe,1,70,0.984940,bellman
guadalupe,1,71,0.984940,bellman
guadalupe,1,72,0.984940,convex
guadalupe,1,73,0.984940,bellman
guadalupe,1,74,0.984940,convex
guadalupe,1,75,0.597300,bellman
guadalupe,1,76,0.984940,bellman
guadalupe,1,77,0.982850,bellman
guadalupe,1,78,0.995160,bellman
guadalupe,1,79,0.995090,bellman
guadalupe,1,80,0.000000,convex
guadalupe,1,81,0.497750,convex
guadalupe,1,82,0.984940,convex
guadalupe,1,83,0.974500,convex
guadalupe,1,84,0.995160,convex
guadalupe,1,85,0.994830,convex
guadalupe,2,0,0.592040,bellman
guadalupe,2,1,0.000000,convex
guadalupe,2,2,0.592040,bellman
guadalupe,2,3,0.493370,convex
guadalupe,2,4,0.927040,bellman
guadalupe,2,5,0.927040,convex
guadalupe,2,6,0.938260,bellman
guadalupe,2,7,0.927040,convex
guadalupe,2,8,0.976340,bellman
guadalupe,2,9,0.976340,convex
guadalupe,2,10,0.978250,bellman
guadalupe,2,11,0.976340,convex
guadalupe,2,12,0.729760,bellman
guadalupe,2,13,0.027680,convex
guadalupe,2,14,0.790990,bellman
guadalupe,2,15,0.511130,convex
guadalupe,2,16,0.524290,bellman
guadalupe,2,17,0.541020,convex
guadalupe,2,18,0.025960,convex
guadalupe,2,19,0.183170,convex
guadalupe,2,20,0.543670,convex
guadalupe,2,21,0.026960,convex
guadalupe,2,22,0.288610,convex
guadalupe,2,23,0.524290,bellman
guadalupe,2,24,0.542890,convex
guadalupe,2,25,0.576750,bellman
guadalupe,2,26,0.923890,bellman
guadalupe,2,27,0.024880,convex
guadalupe,2,28,0.491160,bellman
guadalupe,2,29,0.133820,convex
guadalupe,2,30,0.557390,bellman
guadalupe,2,31,0.543880,convex
guadalupe,2,32,0.027120,convex
guadalupe,2,33,0.317740,convex
guadalupe,2,34,0.542860,convex
guadalupe,2,35,0.027630,convex
guadalupe,2,36,0.483170,convex
guadalupe,2,37,0.541500,convex
guadalupe,2,38,0.025630,convex
guadalupe,2,39,0.164180,convex
guadalupe,2,40,0.543880,convex
guadalupe,2,41,0.938260,bellman
guadalupe,2,42,0.927030,convex
guadalupe,2,43,0.976340,bellman
guadalupe,2,44,0.976330,convex
guadalupe,2,45,0.978250,bellman
guadalupe,2,46,0.976270,convex
guadalupe,2,47,0.592040,bellman
guadalupe,2,48,0.592040,bellman
guadalupe,2,49,0.927040,convex
guadalupe,2,50,0.919220,bellman
guadalupe,2,51,0.899540,bellman
guadalupe,2,52,0.024880,convex
guadalupe,2,53,0.133530,convex
guadalupe,2,54,0.543710,convex
guadalupe,2,55,0.027570,convex
guadalupe,2,56,0.455800,convex
guadalupe,2,57,0.541550,convex
guadalupe,2,58,0.027330,convex
guadalupe,2,59,0.369420,convex
guadalupe,2,60,0.542610,convex
guadalupe,2,61,0.491160,bellman
guadalupe,2,62,0.557390,bellman
guadalupe,2,63,0.024940,convex
guadalupe,2,64,0.135630,convex
guadalupe,2,65,0.541530,convex
guadalupe,2,66,0.027840,convex
guadalupe,2,67,0.621950,convex
guadalupe,2,68,0.537090,convex
guadalupe,2,69,0.927040,bellman
guadalupe,2,70,0.927040,bellman
guadalupe,2,71,0.927040,bellman
guadalupe,2,72,0.927040,convex
guadalupe,2,73,0.927040,bellman
guadalupe,2,74,0.927040,convex
guadalupe,2,75,0.592040,bellman
guadalupe,2,76,0.927040,bellman
guadalupe,2,77,0.915820,bellman
guadalupe,2,78,0.976340,bellman
guadalupe,2,79,0.974430,bellman
guadalupe,2,80,0.000000,convex
guadalupe,2,81,0.493370,convex
guadalupe,2,82,0.927040,convex
guadalupe,2,83,0.870950,convex
guadalupe,2,84,0.976340,convex
guadalupe,2,85,0.966770,convex
guadalupe,3,0,0.592040,bellman
guadalupe,3,1,0.000000,convex
guadalupe,3,2,0.592040,bellman
guadalupe,3,3,0.493370,convex
guadalupe,3,4,0.976280,bellman
guadalupe,3,5,0.976280,convex
guadalupe,3,6,0.978350,bellman
guadalupe,3,7,0.976280,convex
guadalupe,3,8,0.986410,bellman
guadalupe,3,9,0.986410,convex
guadalupe,3,10,0.986470,bellman
guadalupe,3,11,0.986410,convex
guadalupe,3,12,0.768520,bellman
guadalupe,3,13,0.026470,convex
guadalupe,3,14,0.780850,bellman
guadalupe,3,15,0.469400,convex
guadalupe,3,16,0.505580,bellman
guadalupe,3,17,0.508670,convex
guadalupe,3,18,0.026150,convex
guadalupe,3,19,0.106590,convex
guadalupe,3,20,0.509220,convex
guadalupe,3,21,0.026340,convex
guadalupe,3,22,0.223230,convex
guadalupe,3,23,0.505580,bellman
guadalupe,3,24,0.509110,convex
guadalupe,3,25,0.576750,bellman
guadalupe,3,26,0.963220,bellman
guadalupe,3,27,0.025950,convex
guadalupe,3,28,0.498650,bellman
guadalupe,3,29,0.052000,convex
guadalupe,3,30,0.511700,bellman
guadalupe,3,31,0.509300,convex
guadalupe,3,32,0.026360,convex
guadalupe,3,33,0.255460,convex
guadalupe,3,34,0.509170,convex
guadalupe,3,35,0.026460,convex
guadalupe,3,36,0.438470,convex
guadalupe,3,37,0.508900,convex
guadalupe,3,38,0.026090,convex
guadalupe,3,39,0.085580,convex
guadalupe,3,40,0.509390,convex
guadalupe,3,41,0.978350,bellman
guadalupe,3,42,0.976280,convex
guadalupe,3,43,0.986410,bellman
guadalupe,3,44,0.986400,convex
guadalupe,3,45,0.986470,bellman
guadalupe,3,46,0.986400,convex
guadalupe,3,47,0.592040,bellman
guadalupe,3,48,0.592040,bellman
guadalupe,3,49,0.976280,convex
guadalupe,3,50,0.974320,bellman
guadalupe,3,51,0.970270,bellman
guadalupe,3,52,0.025950,convex
guadalupe,3,53,0.051680,convex
guadalupe,3,54,0.509110,convex
guadalupe,3,55,0.026450,convex
guadalupe,3,56,0.408190,convex
guadalupe,3,57,0.508680,convex
guadalupe,3,58,0.026400,convex
guadalupe,3,59,0.312630,convex
guadalupe,3,60,0.509020,convex
guadalupe,3,61,0.498650,bellman
guadalupe,3,62,0.511700,bellman
guadalupe,3,63,0.025960,convex
guadalupe,3,64,0.054000,convex
guadalupe,3,65,0.506700,convex
guadalupe,3,66,0.026500,convex
guadalupe,3,67,0.591990,convex
guadalupe,3,68,0.505830,convex
guadalupe,3,69,0.976280,bellman
guadalupe,3,70,0.976280,bellman
guadalupe,3,71,0.976280,bellman
guadalupe,3,72,0.976280,convex
guadalupe,3,73,0.976280,bellman
guadalupe,3,74,0.976280,convex
guadalupe,3,75,0.592040,bellman
guadalupe,3,76,0.976280,bellman
guadalupe,3,77,0.974210,bellman
guadalupe,3,78,0.986410,bellman
guadalupe,3,79,0.986340,bellman
guadalupe,3,80,0.000000,convex
guadalupe,3,81,0.493370,convex
guadalupe,3,82,0.976280,convex
guadalupe,3,83,0.965930,convex
guadalupe,3,84,0.986410,convex
guadalupe,3,85,0.986080,convex
hanoi,0,0,0.598490,bellman
hanoi,0,1,0.000000,convex
hanoi,0,2,0.598490,bellman
hanoi,0,3,0.498740,convex
hanoi,0,4,0.991990,bellman
hanoi,0,5,0.991990,convex
hanoi,0,6,0.993080,bellman
hanoi,0,7,0.991990,convex
hanoi,0,8,0.997390,bellman
hanoi,0,9,0.997390,convex
hanoi,0,10,0.997400,bellman
hanoi,0,11,0.997390,convex
hanoi,0,12,0.791110,bellman
hanoi,0,13,0.005310,convex
hanoi,0,14,0.797610,bellman
hanoi,0,15,0.467530,convex
hanoi,0,16,0.503170,bellman
hanoi,0,17,0.504750,convex
hanoi,0,18,0.005140,convex
hanoi,0,19,0.080370,convex
hanoi,0,20,0.505040,convex
hanoi,0,21,0.005240,convex
hanoi,0,22,0.204850,convex
hanoi,0,23,0.503170,bellman
hanoi,0,24,0.505030,convex
hanoi,0,25,0.595480,bellman
hanoi,0,26,0.990090,bellman
hanoi,0,27,0.005040,convex
hanoi,0,28,0.499410,bellman
hanoi,0,29,0.022130,convex
hanoi,0,30,0.506430,bellman
hanoi,0,31,0.505140,convex
hanoi,0,32,0.005250,convex
hanoi,0,33,0.239230,convex
hanoi,0,34,0.505110,convex
hanoi,0,35,0.005300,convex
hanoi,0,36,0.434520,convex
hanoi,0,37,0.505010,convex
hanoi,0,38,0.005110,convex
hanoi,0,39,0.057960,convex
hanoi,0,40,0.505270,convex
hanoi,0,41,0.993080,bellman
hanoi,0,42,0.991990,convex
hanoi,0,43,0.997390,bellman
hanoi,0,44,0.997390,convex
hanoi,0,45,0.997400,bellman
hanoi,0,46,0.997390,convex
hanoi,0,47,0.598490,bellman
hanoi,0,48,0.598490,bellman
hanoi,0,49,0.991990,convex
hanoi,0,50,0.990930,bellman
hanoi,0,51,0.988770,bellman
hanoi,0,52,0.005030,convex
hanoi,0,53,0.021780,convex
hanoi,0,54,0.504930,convex
hanoi,0,55,0.005300,convex
hanoi,0,56,0.402210,convex
hanoi,0,57,0.504700,convex
hanoi,0,58,0.005270,convex
hanoi,0,59,0.300240,convex
hanoi,0,60,0.504920,convex
hanoi,0,61,0.499410,bellman
hanoi,0,62,0.506430,bellman
hanoi,0,63,0.005040,convex
hanoi,0,64,0.024260,convex
hanoi,0,65,0.502390,convex
hanoi,0,66,0.005320,convex
hanoi,0,67,0.598350,convex
hanoi,0,68,0.501920,convex
hanoi,0,69,0.991990,bellman
hanoi,0,70,0.991990,bellman
hanoi,0,71,0.991990,bellman
hanoi,0,72,0.991990,convex
hanoi,0,73,0.991990,bellman
hanoi,0,74,0.991990,convex
hanoi,0,75,0.598490,bellman
hanoi,0,76,0.991990,bellman
hanoi,0,77,0.990900,bellman
hanoi,0,78,0.997390,bellman
hanoi,0,79,0.997370,bellman
hanoi,0,80,0.000000,convex
hanoi,0,81,0.498740,convex
hanoi,0,82,0.991990,convex
hanoi,0,83,0.986530,convex
hanoi,0,84,0.997390,convex
hanoi,0,85,0.997300,convex
hanoi,1,0,0.598490,bellman
hanoi,1,1,0.000000,convex
hanoi,1,2,0.598490,bellman
hanoi,1,3,0.498740,convex
hanoi,1,4,0.913390,bellman
hanoi,1,5,0.913390,convex
hanoi,1,6,0.928790,bellman
hanoi,1,7,0.913390,convex
hanoi,1,8,0.977410,bellman
hanoi,1,9,0.977410,convex
hanoi,1,10,0.980970,bellman
hanoi,1,11,0.977410,convex
hanoi,1,12,0.728420,bellman
hanoi,1,13,0.008850,convex
hanoi,1,14,0.808030,bellman
hanoi,1,15,0.531010,convex
hanoi,1,16,0.531710,bellman
hanoi,1,17,0.555500,convex
hanoi,1,18,0.006490,convex
hanoi,1,19,0.200360,convex
hanoi,1,20,0.558880,convex
hanoi,1,21,0.007870,convex
hanoi,1,22,0.306670,convex
hanoi,1,23,0.531710,bellman
hanoi,1,24,0.558030,convex
hanoi,1,25,0.595480,bellman
hanoi,1,26,0.926040,bellman
hanoi,1,27,0.005010,convex
hanoi,1,28,0.488380,bellman
hanoi,1,29,0.150620,convex
hanoi,1,30,0.577480,bellman
hanoi,1,31,0.559350,convex
hanoi,1,32,0.008080,convex
hanoi,1,33,0.336030,convex
hanoi,1,34,0.557960,convex
hanoi,1,35,0.008780,convex
hanoi,1,36,0.502820,convex
hanoi,1,37,0.556150,convex
hanoi,1,38,0.006040,convex
hanoi,1,39,0.181220,convex
hanoi,1,40,0.559230,convex
hanoi,1,41,0.928790,bellman
hanoi,1,42,0.913380,convex
hanoi,1,43,0.977410,bellman
hanoi,1,44,0.977390,convex
hanoi,1,45,0.980970,bellman
hanoi,1,46,0.977280,convex
hanoi,1,47,0.598490,bellman
hanoi,1,48,0.598490,bellman
hanoi,1,49,0.913390,convex
hanoi,1,50,0.904480,bellman
hanoi,1,51,0.878980,bellman
hanoi,1,52,0.005000,convex
hanoi,1,53,0.150320,convex
hanoi,1,54,0.559180,convex
hanoi,1,55,0.008700,convex
hanoi,1,56,0.475230,convex
hanoi,1,57,0.556260,convex
hanoi,1,58,0.008370,convex
hanoi,1,59,0.388140,convex
hanoi,1,60,0.557370,convex
hanoi,1,61,0.488380,bellman
hanoi,1,62,0.577480,bellman
hanoi,1,63,0.005090,convex
hanoi,1,64,0.152440,convex
hanoi,1,65,0.557000,convex
hanoi,1,66,0.009070,convex
hanoi,1,67,0.642740,convex
hanoi,1,68,0.550980,convex
hanoi,1,69,0.913390,bellman
hanoi,1,70,0.913390,bellman
hanoi,1,71,0.913390,bellman
hanoi,1,72,0.913390,convex
hanoi,1,73,0.913390,bellman
hanoi,1,74,0.913390,convex
hanoi,1,75,0.598490,bellman
hanoi,1,76,0.913390,bellman
hanoi,1,77,0.897990,bellman
hanoi,1,78,0.977410,bellman
hanoi,1,79,0.973840,bellman
hanoi,1,80,0.000000,convex
hanoi,1,81,0.498740,convex
hanoi,1,82,0.913390,convex
hanoi,1,83,0.836390,convex
hanoi,1,84,0.977410,convex
hanoi,1,85,0.959570,convex
hanoi,2,0,0.280000,bellman
hanoi,2,1,0.000000,convex
hanoi,2,2,0.280000,bellman
hanoi,2,3,0.233330,convex
hanoi,2,4,0.464100,bellman
hanoi,2,5,0.464100,convex
hanoi,2,6,0.464610,bellman
hanoi,2,7,0.464100,convex
hanoi,2,8,0.466620,bellman
hanoi,2,9,0.466620,convex
hanoi,2,10,0.466630,bellman
hanoi,2,11,0.466620,convex
hanoi,2,12,0.497160,bellman
hanoi,2,13,0.495140,convex
hanoi,2,14,0.499500,bellman
hanoi,2,15,0.498270,convex
hanoi,2,16,0.499950,bellman
hanoi,2,17,0.499800,convex
hanoi,2,18,0.495100,convex
hanoi,2,19,0.497540,convex
hanoi,2,20,0.499790,convex
hanoi,2,21,0.495150,convex
hanoi,2,22,0.497830,convex
hanoi,2,23,0.499950,bellman
hanoi,2,24,0.499790,convex
hanoi,2,25,0.299910,bellman
hanoi,2,26,0.484410,bellman
hanoi,2,27,0.495050,convex
hanoi,2,28,0.497800,bellman
hanoi,2,29,0.497410,convex
hanoi,2,30,0.499740,bellman
hanoi,2,31,0.499780,convex
hanoi,2,32,0.495150,convex
hanoi,2,33,0.497910,convex
hanoi,2,34,0.499790,convex
hanoi,2,35,0.495180,convex
hanoi,2,36,0.498360,convex
hanoi,2,37,0.499820,convex
hanoi,2,38,0.495090,convex
hanoi,2,39,0.497490,convex
hanoi,2,40,0.499780,convex
hanoi,2,41,0.464610,bellman
hanoi,2,42,0.464100,convex
hanoi,2,43,0.466620,bellman
hanoi,2,44,0.466620,convex
hanoi,2,45,0.466630,bellman
hanoi,2,46,0.466620,convex
hanoi,2,47,0.280000,bellman
hanoi,2,48,0.280000,bellman
hanoi,2,49,0.464100,convex
hanoi,2,50,0.463600,bellman
hanoi,2,51,0.462590,bellman
hanoi,2,52,0.495050,convex
hanoi,2,53,0.497410,convex
hanoi,2,54,0.499780,convex
hanoi,2,55,0.495180,convex
hanoi,2,56,0.498280,convex
hanoi,2,57,0.499820,convex
hanoi,2,58,0.495160,convex
hanoi,2,59,0.498050,convex
hanoi,2,60,0.499790,convex
hanoi,2,61,0.497800,bellman
hanoi,2,62,0.499740,bellman
hanoi,2,63,0.495060,convex
hanoi,2,64,0.497410,convex
hanoi,2,65,0.499780,convex
hanoi,2,66,0.495040,convex
hanoi,2,67,0.497930,convex
hanoi,2,68,0.499700,convex
hanoi,2,69,0.464100,bellman
hanoi,2,70,0.464100,bellman
hanoi,2,71,0.464100,bellman
hanoi,2,72,0.464100,convex
hanoi,2,73,0.464100,bellman
hanoi,2,74,0.464100,convex
hanoi,2,75,0.280000,bellman
hanoi,2,76,0.464100,bellman
hanoi,2,77,0.463590,bellman
hanoi,2,78,0.466620,bellman
hanoi,2,79,0.466620,bellman
hanoi,2,80,0.000000,convex
hanoi,2,81,0.233330,convex
hanoi,2,82,0.464100,convex
hanoi,2,83,0.461550,convex
hanoi,2,84,0.466620,convex
hanoi,2,85,0.466580,convex
hanoi,3,0,0.280000,bellman
hanoi,3,1,0.000000,convex
hanoi,3,2,0.280000,bellman
hanoi,3,3,0.233330,convex
hanoi,3,4,0.427330,bellman
hanoi,3,5,0.427330,convex
hanoi,3,6,0.434530,bellman
hanoi,3,7,0.427330,convex
hanoi,3,8,0.457280,bellman
hanoi,3,9,0.457280,convex
hanoi,3,10,0.458950,bellman
hanoi,3,11,0.457280,convex
hanoi,3,12,0.457770,bellman
hanoi,3,13,0.454060,convex
hanoi,3,14,0.485150,bellman
hanoi,3,15,0.469850,convex
hanoi,3,16,0.489930,bellman
hanoi,3,17,0.487990,convex
hanoi,3,18,0.456090,convex
hanoi,3,19,0.482920,convex
hanoi,3,20,0.489510,convex
hanoi,3,21,0.454910,convex
hanoi,3,22,0.478720,convex
hanoi,3,23,0.489930,bellman
hanoi,3,24,0.489220,convex
hanoi,3,25,0.299910,bellman
hanoi,3,26,0.452760,bellman
hanoi,3,27,0.456000,convex
hanoi,3,28,0.465560,bellman
hanoi,3,29,0.483410,convex
hanoi,3,30,0.488770,bellman
hanoi,3,31,0.489530,convex
hanoi,3,32,0.454720,convex
hanoi,3,33,0.477560,convex
hanoi,3,34,0.489150,convex
hanoi,3,35,0.454120,convex
hanoi,3,36,0.470960,convex
hanoi,3,37,0.488220,convex
hanoi,3,38,0.456480,convex
hanoi,3,39,0.483680,convex
hanoi,3,40,0.489650,convex
hanoi,3,41,0.434530,bellman
hanoi,3,42,0.427320,convex
hanoi,3,43,0.457280,bellman
hanoi,3,44,0.457270,convex
hanoi,3,45,0.458950,bellman
hanoi,3,46,0.457220,convex
hanoi,3,47,0.280000,bellman
hanoi,3,48,0.280000,bellman
hanoi,3,49,0.427330,convex
hanoi,3,50,0.423160,bellman
hanoi,3,51,0.411230,bellman
hanoi,3,52,0.456000,convex
hanoi,3,53,0.483410,convex
hanoi,3,54,0.489530,convex
hanoi,3,55,0.454190,convex
hanoi,3,56,0.472050,convex
hanoi,3,57,0.488420,convex
hanoi,3,58,0.454470,convex
hanoi,3,59,0.475500,convex
hanoi,3,60,0.488710,convex
hanoi,3,61,0.465560,bellman
hanoi,3,62,0.488770,bellman
hanoi,3,63,0.456040,convex
hanoi,3,64,0.483430,convex
hanoi,3,65,0.489540,convex
hanoi,3,66,0.453870,convex
hanoi,3,67,0.465430,convex
hanoi,3,68,0.486840,convex
hanoi,3,69,0.427330,bellman
hanoi,3,70,0.427330,bellman
hanoi,3,71,0.427330,bellman
hanoi,3,72,0.427330,convex
hanoi,3,73,0.427330,bellman
hanoi,3,74,0.427330,convex
hanoi,3,75,0.280000,bellman
hanoi,3,76,0.427330,bellman
hanoi,3,77,0.420120,bellman
hanoi,3,78,0.457280,bellman
hanoi,3,79,0.455610,bellman
hanoi,3,80,0.000000,convex
hanoi,3,81,0.233330,convex
hanoi,3,82,0.427330,convex
hanoi,3,83,0.391300,convex
hanoi,3,84,0.457280,convex
hanoi,3,85,0.448930,convex
jakarta,0,0,0.597560,bellman
jakarta,0,1,0.000000,convex
jakarta,0,2,0.597560,bellman
jakarta,0,3,0.497970,convex
jakarta,0,4,0.980000,bellman
jakarta,0,5,0.980000,convex
jakarta,0,6,0.983140,bellman
jakarta,0,7,0.980000,convex
jakarta,0,8,0.995180,bellman
jakarta,0,9,0.995180,convex
jakarta,0,10,0.995330,bellman
jakarta,0,11,0.995180,convex
jakarta,0,12,0.780060,bellman
jakarta,0,13,0.008820,convex
jakarta,0,14,0.798440,bellman
jakarta,0,15,0.477550,convex
jakarta,0,16,0.508690,bellman
jakarta,0,17,0.513640,convex
jakarta,0,18,0.008340,convex
jakarta,0,19,0.101400,convex
jakarta,0,20,0.514460,convex
jakarta,0,21,0.008620,convex
jakarta,0,22,0.222330,convex
jakarta,0,23,0.508690,bellman
jakarta,0,24,0.514260,convex
jakarta,0,25,0.592750,bellman
jakarta,0,26,0.978400,bellman
jakarta,0,27,0.008040,convex
jakarta,0,28,0.498180,bellman
jakarta,0,29,0.044810,convex
jakarta,0,30,0.518060,bellman
jakarta,0,31,0.514560,convex
jakarta,0,32,0.008670,convex
jakarta,0,33,0.255740,convex
jakarta,0,34,0.514320,convex
jakarta,0,35,0.008810,convex
jakarta,0,36,0.445480,convex
jakarta,0,37,0.513960,convex
jakarta,0,38,0.008250,convex
jakarta,0,39,0.079620,convex
jakarta,0,40,0.514690,convex
jakarta,0,41,0.983140,bellman
jakarta,0,42,0.980000,convex
jakarta,0,43,0.995180,bellman
jakarta,0,44,0.995180,convex
jakarta,0,45,0.995330,bellman
jakarta,0,46,0.995180,convex
jakarta,0,47,0.597560,bellman
jakarta,0,48,0.597560,bellman
jakarta,0,49,0.980000,convex
jakarta,0,50,0.977120,bellman
jakarta,0,51,0.971050,bellman
jakarta,0,52,0.008040,convex
jakarta,0,53,0.044470,convex
jakarta,0,54,0.514370,convex
jakarta,0,55,0.008790,convex
jakarta,0,56,0.414090,convex
jakarta,0,57,0.513720,convex
jakarta,0,58,0.008730,convex
jakarta,0,59,0.315020,convex
jakarta,0,60,0.514140,convex
jakarta,0,61,0.498180,bellman
jakarta,0,62,0.518060,bellman
jakarta,0,63,0.008060,convex
jakarta,0,64,0.046880,convex
jakarta,0,65,0.511890,convex
jakarta,0,66,0.008870,convex
jakarta,0,67,0.604650,convex
jakarta,0,68,0.510560,convex
jakarta,0,69,0.980000,bellman
jakarta,0,70,0.980000,bellman
jakarta,0,71,0.980000,bellman
jakarta,0,72,0.980000,convex
jakarta,0,73,0.980000,bellman
jakarta,0,74,0.980000,convex
jakarta,0,75,0.597560,bellman
jakarta,0,76,0.980000,bellman
jakarta,0,77,0.976870,bellman
jakarta,0,78,0.995180,bellman
jakarta,0,79,0.995030,bellman
jakarta,0,80,0.000000,convex
jakarta,0,81,0.497970,convex
jakarta,0,82,0.980000,convex
jakarta,0,83,0.964320,convex
jakarta,0,84,0.995180,convex
jakarta,0,85,0.994440,convex
jakarta,1,0,0.594630,bellman
jakarta,1,1,0.000000,convex
jakarta,1,2,0.594630,bellman
jakarta,1,3,0.495530,convex
jakarta,1,4,0.975200,bellman
jakarta,1,5,0.975200,convex
jakarta,1,6,0.978320,bellman
jakarta,1,7,0.975200,convex
jakarta,1,8,0.990300,bellman
jakarta,1,9,0.990300,convex
jakarta,1,10,0.990450,bellman
jakarta,1,11,0.990300,convex
jakarta,1,12,0.771640,bellman
jakarta,1,13,0.018310,convex
jakarta,1,14,0.790000,bellman
jakarta,1,15,0.475950,convex
jakarta,1,16,0.508430,bellman
jakarta,1,17,0.513250,convex
jakarta,1,18,0.017830,convex
jakarta,1,19,0.109050,convex
jakarta,1,20,0.514080,convex
jakarta,1,21,0.018110,convex
jakarta,1,22,0.227010,convex
jakarta,1,23,0.508430,bellman
jakarta,1,24,0.513870,convex
jakarta,1,25,0.584180,bellman
jakarta,1,26,0.968030,bellman
jakarta,1,27,0.017530,convex
jakarta,1,28,0.498050,bellman
jakarta,1,29,0.053850,convex
jakarta,1,30,0.517700,bellman
jakarta,1,31,0.514170,convex
jakarta,1,32,0.018150,convex
jakarta,1,33,0.259600,convex
jakarta,1,34,0.513930,convex
jakarta,1,35,0.018290,convex
jakarta,1,36,0.444680,convex
jakarta,1,37,0.513570,convex
jakarta,1,38,0.017740,convex
jakarta,1,39,0.087800,convex
jakarta,1,40,0.514290,convex
jakarta,1,41,0.978320,bellman
jakarta,1,42,0.975190,convex
jakarta,1,43,0.990300,bellman
jakarta,1,44,0.990300,convex
jakarta,1,45,0.990450,bellman
jakarta,1,46,0.990300,convex
jakarta,1,47,0.594630,bellman
jakarta,1,48,0.594630,bellman
jakarta,1,49,0.975200,convex
jakarta,1,50,0.972330,bellman
jakarta,1,51,0.966280,bellman
jakarta,1,52,0.017530,convex
jakarta,1,53,0.053520,convex
jakarta,1,54,0.513970,convex
jakarta,1,55,0.018280,convex
jakarta,1,56,0.414060,convex
jakarta,1,57,0.513330,convex
jakarta,1,58,0.018210,convex
jakarta,1,59,0.317420,convex
jakarta,1,60,0.513770,convex
jakarta,1,61,0.498050,bellman
jakarta,1,62,0.517700,bellman
jakarta,1,63,0.017550,convex
jakarta,1,64,0.055870,convex
jakarta,1,65,0.511540,convex
jakarta,1,66,0.018350,convex
jakarta,1,67,0.599930,convex
jakarta,1,68,0.510230,convex
jakarta,1,69,0.975200,bellman
jakarta,1,70,0.975200,bellman
jakarta,1,71,0.975200,bellman
jakarta,1,72,0.975200,convex
jakarta,1,73,0.975200,bellman
jakarta,1,74,0.975200,convex
jakarta,1,75,0.594630,bellman
jakarta,1,76,0.975200,bellman
jakarta,1,77,0.972080,bellman
jakarta,1,78,0.990300,bellman
jakarta,1,79,0.990150,bellman
jakarta,1,80,0.000000,convex
jakarta,1,81,0.495530,convex
jakarta,1,82,0.975200,convex
jakarta,1,83,0.959590,convex
jakarta,1,84,0.990300,convex
jakarta,1,85,0.989560,convex
johannesburg,0,0,0.594620,bellman
johannesburg,0,1,0.000000,convex
johannesburg,0,2,0.594620,bellman
johannesburg,0,3,0.495520,convex
johannesburg,0,4,0.973690,bellman
johannesburg,0,5,0.973690,convex
johannesburg,0,6,0.977100,bellman
johannesburg,0,7,0.973690,convex
johannesburg,0,8,0.990130,bellman
johannesburg,0,9,0.990130,convex
johannesburg,0,10,0.990310,bellman
johannesburg,0,11,0.990130,convex
johannesburg,0,12,0.770420,bellman
johannesburg,0,13,0.018400,convex
johannesburg,0,14,0.790420,bellman
johannesburg,0,15,0.477370,convex
johannesburg,0,16,0.509150,bellman
johannesburg,0,17,0.514610,convex
johannesburg,0,18,0.017880,convex
johannesburg,0,19,0.111620,convex
johannesburg,0,20,0.515510,convex
johannesburg,0,21,0.018190,convex
johannesburg,0,22,0.229210,convex
johannesburg,0,23,0.509150,bellman
johannesburg,0,24,0.515170,convex
johannesburg,0,25,0.584140,bellman
johannesburg,0,26,0.966800,bellman
johannesburg,0,27,0.017560,convex
johannesburg,0,28,0.497850,bellman
johannesburg,0,29,0.056590,convex
johannesburg,0,30,0.519280,bellman
johannesburg,0,31,0.515490,convex
johannesburg,0,32,0.018230,convex
johannesburg,0,33,0.261700,convex
johannesburg,0,34,0.515040,convex
johannesburg,0,35,0.018390,convex
johannesburg,0,36,0.446200,convex
johannesburg,0,37,0.514570,convex
johannesburg,0,38,0.017780,convex
johannesburg,0,39,0.090440,convex
johannesburg,0,40,0.515360,convex
johannesburg,0,41,0.977100,bellman
johannesburg,0,42,0.973690,convex
johannesburg,0,43,0.990130,bellman
johannesburg,0,44,0.990130,convex
johannesburg,0,45,0.990310,bellman
johannesburg,0,46,0.990120,convex
johannesburg,0,47,0.594620,bellman
johannesburg,0,48,0.594620,bellman
johannesburg,0,49,0.973690,convex
johannesburg,0,50,0.970580,bellman
johannesburg,0,51,0.964000,bellman
johannesburg,0,52,0.017550,convex
johannesburg,0,53,0.056260,convex
johannesburg,0,54,0.515410,convex
johannesburg,0,55,0.018370,convex
johannesburg,0,56,0.415670,convex
johannesburg,0,57,0.514710,convex
johannesburg,0,58,0.018300,convex
johannesburg,0,59,0.319340,convex
johannesburg,0,60,0.515170,convex
johannesburg,0,61,0.497850,bellman
johannesburg,0,62,0.519280,bellman
johannesburg,0,63,0.017570,convex
johannesburg,0,64,0.058610,convex
johannesburg,0,65,0.512990,convex
johannesburg,0,66,0.018450,convex
johannesburg,0,67,0.600970,convex
johannesburg,0,68,0.511560,convex
johannesburg,0,69,0.973690,bellman
johannesburg,0,70,0.973690,bellman
johannesburg,0,71,0.973690,bellman
johannesburg,0,72,0.973690,convex
johannesburg,0,73,0.973690,bellman
johannesburg,0,74,0.973690,convex
johannesburg,0,75,0.594620,bellman
johannesburg,0,76,0.973690,bellman
johannesburg,0,77,0.970280,bellman
johannesburg,0,78,0.990130,bellman
johannesburg,0,79,0.989960,bellman
johannesburg,0,80,0.000000,convex
johannesburg,0,81,0.495520,convex
johannesburg,0,82,0.973690,convex
johannesburg,0,83,0.956650,convex
johannesburg,0,84,0.990130,convex
johannesburg,0,85,0.989250,convex
johannesburg,1,0,0.594620,bellman
johannesburg,1,1,0.000000,convex
johannesburg,1,2,0.594620,bellman
johannesburg,1,3,0.495520,convex
johannesburg,1,4,0.819880,bellman
johannesburg,1,5,0.819880,convex
johannesburg,1,6,0.848200,bellman
johannesburg,1,7,0.819880,convex
johannesburg,1,8,0.912570,bellman
johannesburg,1,9,0.912570,convex
johannesburg,1,10,0.924700,bellman
johannesburg,1,11,0.912570,convex
johannesburg,1,12,0.648720,bellman
johannesburg,1,13,0.022510,convex
johannesburg,1,14,0.770970,bellman
johannesburg,1,15,0.559170,convex
johannesburg,1,16,0.527580,bellman
johannesburg,1,17,0.566060,convex
johannesburg,1,18,0.018170,convex
johannesburg,1,19,0.291130,convex
johannesburg,1,20,0.570880,convex
johannesburg,1,21,0.020700,convex
johannesburg,1,22,0.377310,convex
johannesburg,1,23,0.527580,bellman
johannesburg,1,24,0.570070,convex
johannesburg,1,25,0.584140,bellman
johannesburg,1,26,0.839530,bellman
johannesburg,1,27,0.015450,convex
johannesburg,1,28,0.468530,bellman
johannesburg,1,29,0.250810,convex
johannesburg,1,30,0.609370,bellman
johannesburg,1,31,0.572120,convex
johannesburg,1,32,0.021080,convex
johannesburg,1,33,0.401110,convex
johannesburg,1,34,0.569750,convex
johannesburg,1,35,0.022370,convex
johannesburg,1,36,0.536320,convex
johannesburg,1,37,0.566700,convex
johannesburg,1,38,0.017330,convex
johannesburg,1,39,0.275610,convex
johannesburg,1,40,0.571280,convex
johannesburg,1,41,0.848200,bellman
johannesburg,1,42,0.819870,convex
johannesburg,1,43,0.912570,bellman
johannesburg,1,44,0.912540,convex
johannesburg,1,45,0.924700,bellman
johannesburg,1,46,0.912140,convex
johannesburg,1,47,0.594620,bellman
johannesburg,1,48,0.594620,bellman
johannesburg,1,49,0.819880,convex
johannesburg,1,50,0.816010,bellman
johannesburg,1,51,0.779780,bellman
johannesburg,1,52,0.015420,convex
johannesburg,1,53,0.250570,convex
johannesburg,1,54,0.572070,convex
johannesburg,1,55,0.022230,convex
johannesburg,1,56,0.513950,convex
johannesburg,1,57,0.567380,convex
johannesburg,1,58,0.021620,convex
johannesburg,1,59,0.443350,convex
johannesburg,1,60,0.568240,convex
johannesburg,1,61,0.468530,bellman
johannesburg,1,62,0.609370,bellman
johannesburg,1,63,0.015590,convex
johannesburg,1,64,0.252280,convex
johannesburg,1,65,0.570300,convex
johannesburg,1,66,0.022910,convex
johannesburg,1,67,0.649740,convex
johannesburg,1,68,0.560550,convex
johannesburg,1,69,0.819880,bellman
johannesburg,1,70,0.819880,bellman
johannesburg,1,71,0.819880,bellman
johannesburg,1,72,0.819880,convex
johannesburg,1,73,0.819880,bellman
johannesburg,1,74,0.819880,convex
johannesburg,1,75,0.594620,bellman
johannesburg,1,76,0.819880,bellman
johannesburg,1,77,0.791560,bellman
johannesburg,1,78,0.912570,bellman
johannesburg,1,79,0.900430,bellman
johannesburg,1,80,0.000000,convex
johannesburg,1,81,0.495520,convex
johannesburg,1,82,0.819880,convex
johannesburg,1,83,0.678290,convex
johannesburg,1,84,0.912570,convex
johannesburg,1,85,0.851880,convex
johannesburg,2,0,0.576470,bellman
johannesburg,2,1,0.000000,convex
johannesburg,2,2,0.576470,bellman
johannesburg,2,3,0.480390,convex
johannesburg,2,4,0.943960,bellman
johannesburg,2,5,0.943960,convex
johannesburg,2,6,0.947270,bellman
johannesburg,2,7,0.943960,convex
johannesburg,2,8,0.959900,bellman
johannesburg,2,9,0.959900,convex
johannesburg,2,10,0.960070,bellman
johannesburg,2,11,0.959900,convex
johannesburg,2,12,0.721930,bellman
johannesburg,2,13,0.074960,convex
johannesburg,2,14,0.741760,bellman
johannesburg,2,15,0.469090,convex
johannesburg,2,16,0.507480,bellman
johannesburg,2,17,0.511920,convex
johannesburg,2,18,0.074460,convex
johannesburg,2,19,0.157210,convex
johannesburg,2,20,0.512820,convex
johannesburg,2,21,0.074750,convex
johannesburg,2,22,0.257480,convex
johannesburg,2,23,0.507480,bellman
johannesburg,2,24,0.512410,convex
johannesburg,2,25,0.534790,bellman
johannesburg,2,26,0.906320,bellman
johannesburg,2,27,0.074140,convex
johannesburg,2,28,0.497010,bellman
johannesburg,2,29,0.110290,convex
johannesburg,2,30,0.516990,bellman
johannesburg,2,31,0.512720,convex
johannesburg,2,32,0.074800,convex
johannesburg,2,33,0.285190,convex
johannesburg,2,34,0.512300,convex
johannesburg,2,35,0.074950,convex
johannesburg,2,36,0.442510,convex
johannesburg,2,37,0.511870,convex
johannesburg,2,38,0.074360,convex
johannesburg,2,39,0.139160,convex
johannesburg,2,40,0.512640,convex
johannesburg,2,41,0.947270,bellman
johannesburg,2,42,0.943960,convex
johannesburg,2,43,0.959900,bellman
johannesburg,2,44,0.959900,convex
johannesburg,2,45,0.960070,bellman
johannesburg,2,46,0.959900,convex
johannesburg,2,47,0.576470,bellman
johannesburg,2,48,0.576470,bellman
johannesburg,2,49,0.943960,convex
johannesburg,2,50,0.940950,bellman
johannesburg,2,51,0.934570,bellman
johannesburg,2,52,0.074140,convex
johannesburg,2,53,0.110010,convex
johannesburg,2,54,0.512660,convex
johannesburg,2,55,0.074930,convex
johannesburg,2,56,0.416480,convex
johannesburg,2,57,0.512010,convex
johannesburg,2,58,0.074860,convex
johannesburg,2,59,0.334340,convex
johannesburg,2,60,0.512530,convex
johannesburg,2,61,0.497010,bellman
johannesburg,2,62,0.516990,bellman
johannesburg,2,63,0.074160,convex
johannesburg,2,64,0.112010,convex
johannesburg,2,65,0.510540,convex
johannesburg,2,66,0.075010,convex
johannesburg,2,67,0.574480,convex
johannesburg,2,68,0.509220,convex
johannesburg,2,69,0.943960,bellman
johannesburg,2,70,0.943960,bellman
johannesburg,2,71,0.943960,bellman
johannesburg,2,72,0.943960,convex
johannesburg,2,73,0.943960,bellman
johannesburg,2,74,0.943960,convex
johannesburg,2,75,0.576470,bellman
johannesburg,2,76,0.943960,bellman
johannesburg,2,77,0.940660,bellman
johannesburg,2,78,0.959900,bellman
johannesburg,2,79,0.959730,bellman
johannesburg,2,80,0.000000,convex
johannesburg,2,81,0.480390,convex
johannesburg,2,82,0.943960,convex
johannesburg,2,83,0.927440,convex
johannesburg,2,84,0.959900,convex
johannesburg,2,85,0.959050,convex
johannesburg,3,0,0.576470,bellman
johannesburg,3,1,0.000000,convex
johannesburg,3,2,0.576470,bellman
johannesburg,3,3,0.480390,convex
johannesburg,3,4,0.794850,bellman
johannesburg,3,5,0.794850,convex
johannesburg,3,6,0.822300,bellman
johannesburg,3,7,0.794850,convex
johannesburg,3,8,0.884710,bellman
johannesburg,3,9,0.884710,convex
johannesburg,3,10,0.896470,bellman
johannesburg,3,11,0.884710,convex
johannesburg,3,12,0.607890,bellman
johannesburg,3,13,0.069920,convex
johannesburg,3,14,0.730040,bellman
johannesburg,3,15,0.543380,convex
johannesburg,3,16,0.515920,bellman
johannesburg,3,17,0.547160,convex
johannesburg,3,18,0.065710,convex
johannesburg,3,19,0.316530,convex
johannesburg,3,20,0.551990,convex
johannesburg,3,21,0.068160,convex
johannesburg,3,22,0.389470,convex
johannesburg,3,23,0.515920,bellman
johannesburg,3,24,0.550810,convex
johannesburg,3,25,0.534790,bellman
johannesburg,3,26,0.787830,bellman
johannesburg,3,27,0.063070,convex
johannesburg,3,28,0.461480,bellman
johannesburg,3,29,0.282410,convex
johannesburg,3,30,0.593040,bellman
johannesburg,3,31,0.552750,convex
johannesburg,3,32,0.068540,convex
johannesburg,3,33,0.409620,convex
johannesburg,3,34,0.550530,convex
johannesburg,3,35,0.069790,convex
johannesburg,3,36,0.524050,convex
johannesburg,3,37,0.547730,convex
johannesburg,3,38,0.064900,convex
johannesburg,3,39,0.303400,convex
johannesburg,3,40,0.552200,convex
johannesburg,3,41,0.822300,bellman
johannesburg,3,42,0.794840,convex
johannesburg,3,43,0.884710,bellman
johannesburg,3,44,0.884680,convex
johannesburg,3,45,0.896470,bellman
johannesburg,3,46,0.884290,convex
johannesburg,3,47,0.576470,bellman
johannesburg,3,48,0.576470,bellman
johannesburg,3,49,0.794850,convex
johannesburg,3,50,0.791100,bellman
johannesburg,3,51,0.755980,bellman
johannesburg,3,52,0.063050,convex
johannesburg,3,53,0.282200,convex
johannesburg,3,54,0.552710,convex
johannesburg,3,55,0.069640,convex
johannesburg,3,56,0.505110,convex
johannesburg,3,57,0.548370,convex
johannesburg,3,58,0.069050,convex
johannesburg,3,59,0.445370,convex
johannesburg,3,60,0.549670,convex
johannesburg,3,61,0.461480,bellman
johannesburg,3,62,0.593040,bellman
johannesburg,3,63,0.063210,convex
johannesburg,3,64,0.283650,convex
johannesburg,3,65,0.551170,convex
johannesburg,3,66,0.070310,convex
johannesburg,3,67,0.620040,convex
johannesburg,3,68,0.542180,convex
johannesburg,3,69,0.794850,bellman
johannesburg,3,70,0.794850,bellman
johannesburg,3,71,0.794850,bellman
johannesburg,3,72,0.794850,convex
johannesburg,3,73,0.794850,bellman
johannesburg,3,74,0.794850,convex
johannesburg,3,75,0.576470,bellman
johannesburg,3,76,0.794850,bellman
johannesburg,3,77,0.767400,bellman
johannesburg,3,78,0.884710,bellman
johannesburg,3,79,0.872940,bellman
johannesburg,3,80,0.000000,convex
johannesburg,3,81,0.480390,convex
johannesburg,3,82,0.794850,convex
johannesburg,3,83,0.657580,convex
johannesburg,3,84,0.884710,convex
johannesburg,3,85,0.825870,convex
kolkata,0,0,0.598000,bellman
kolkata,0,1,0.000000,convex
kolkata,0,2,0.598000,bellman
kolkata,0,3,0.498330,convex
kolkata,0,4,0.950520,bellman
kolkata,0,5,0.950520,convex
kolkata,0,6,0.959320,bellman
kolkata,0,7,0.950520,convex
kolkata,0,8,0.990450,bellman
kolkata,0,9,0.990450,convex
kolkata,0,10,0.991620,bellman
kolkata,0,11,0.990450,convex
kolkata,0,12,0.757270,bellman
kolkata,0,13,0.008770,convex
kolkata,0,14,0.806150,bellman
kolkata,0,15,0.504500,convex
kolkata,0,16,0.521650,bellman
kolkata,0,17,0.535630,convex
kolkata,0,18,0.007420,convex
kolkata,0,19,0.149220,convex
kolkata,0,20,0.537770,convex
kolkata,0,21,0.008210,convex
kolkata,0,22,0.263450,convex
kolkata,0,23,0.521650,bellman
kolkata,0,24,0.537170,convex
kolkata,0,25,0.594030,bellman
kolkata,0,26,0.955540,bellman
kolkata,0,27,0.006580,convex
kolkata,0,28,0.494250,bellman
kolkata,0,29,0.095780,convex
kolkata,0,30,0.547910,bellman
kolkata,0,31,0.537970,convex
kolkata,0,32,0.008330,convex
kolkata,0,33,0.295000,convex
kolkata,0,34,0.537170,convex
kolkata,0,35,0.008730,convex
kolkata,0,36,0.474210,convex
kolkata,0,37,0.536110,convex
kolkata,0,38,0.007160,convex
kolkata,0,39,0.128660,convex
kolkata,0,40,0.538030,convex
kolkata,0,41,0.959320,bellman
kolkata,0,42,0.950510,convex
kolkata,0,43,0.990450,bellman
kolkata,0,44,0.990440,convex
kolkata,0,45,0.991620,bellman
kolkata,0,46,0.990410,convex
kolkata,0,47,0.598000,bellman
kolkata,0,48,0.598000,bellman
kolkata,0,49,0.950520,convex
kolkata,0,50,0.943750,bellman
kolkata,0,51,0.927800,bellman
kolkata,0,52,0.006570,convex
kolkata,0,53,0.095460,convex
kolkata,0,54,0.537790,convex
kolkata,0,55,0.008680,convex
kolkata,0,56,0.444560,convex
kolkata,0,57,0.536040,convex
kolkata,0,58,0.008490,convex
kolkata,0,59,0.350990,convex
kolkata,0,60,0.536900,convex
kolkata,0,61,0.494250,bellman
kolkata,0,62,0.547910,bellman
kolkata,0,63,0.006620,convex
kolkata,0,64,0.097730,convex
kolkata,0,65,0.535450,convex
kolkata,0,66,0.008900,convex
kolkata,0,67,0.624550,convex
kolkata,0,68,0.531850,convex
kolkata,0,69,0.950520,bellman
kolkata,0,70,0.950520,bellman
kolkata,0,71,0.950520,bellman
kolkata,0,72,0.950520,convex
kolkata,0,73,0.950520,bellman
kolkata,0,74,0.950520,convex
kolkata,0,75,0.598000,bellman
kolkata,0,76,0.950520,bellman
kolkata,0,77,0.941710,bellman
kolkata,0,78,0.990450,bellman
kolkata,0,79,0.989280,bellman
kolkata,0,80,0.000000,convex
kolkata,0,81,0.498330,convex
kolkata,0,82,0.950520,convex
kolkata,0,83,0.906510,convex
kolkata,0,84,0.990450,convex
kolkata,0,85,0.984620,convex
kolkata,1,0,0.598000,bellman
kolkata,1,1,0.000000,convex
kolkata,1,2,0.598000,bellman
kolkata,1,3,0.498330,convex
kolkata,1,4,0.991780,bellman
kolkata,1,5,0.991780,convex
kolkata,1,6,0.992750,bellman
kolkata,1,7,0.991780,convex
kolkata,1,8,0.996590,bellman
kolkata,1,9,0.996590,convex
kolkata,1,10,0.996600,bellman
kolkata,1,11,0.996590,convex
kolkata,1,12,0.790140,bellman
kolkata,1,13,0.006890,convex
kolkata,1,14,0.795940,bellman
kolkata,1,15,0.466650,convex
kolkata,1,16,0.502820,bellman
kolkata,1,17,0.504180,convex
kolkata,1,18,0.006740,convex
kolkata,1,19,0.080620,convex
kolkata,1,20,0.504450,convex
kolkata,1,21,0.006830,convex
kolkata,1,22,0.204730,convex
kolkata,1,23,0.502820,bellman
kolkata,1,24,0.504450,convex
kolkata,1,25,0.594030,bellman
kolkata,1,26,0.988800,bellman
kolkata,1,27,0.006650,convex
kolkata,1,28,0.499470,bellman
kolkata,1,29,0.022540,convex
kolkata,1,30,0.505720,bellman
kolkata,1,31,0.504540,convex
kolkata,1,32,0.006840,convex
kolkata,1,33,0.239020,convex
kolkata,1,34,0.504530,convex
kolkata,1,35,0.006890,convex
kolkata,1,36,0.433740,convex
kolkata,1,37,0.504440,convex
kolkata,1,38,0.006710,convex
kolkata,1,39,0.058270,convex
kolkata,1,40,0.504670,convex
kolkata,1,41,0.992750,bellman
kolkata,1,42,0.991780,convex
kolkata,1,43,0.996590,bellman
kolkata,1,44,0.996590,convex
kolkata,1,45,0.996600,bellman
kolkata,1,46,0.996590,convex
kolkata,1,47,0.598000,bellman
kolkata,1,48,0.598000,bellman
kolkata,1,49,0.991780,convex
kolkata,1,50,0.990830,bellman
kolkata,1,51,0.988900,bellman
kolkata,1,52,0.006650,convex
kolkata,1,53,0.022190,convex
kolkata,1,54,0.504340,convex
kolkata,1,55,0.006880,convex
kolkata,1,56,0.401530,convex
kolkata,1,57,0.504130,convex
kolkata,1,58,0.006860,convex
kolkata,1,59,0.299850,convex
kolkata,1,60,0.504340,convex
kolkata,1,61,0.499470,bellman
kolkata,1,62,0.505720,bellman
kolkata,1,63,0.006650,convex
kolkata,1,64,0.024670,convex
kolkata,1,65,0.501800,convex
kolkata,1,66,0.006900,convex
kolkata,1,67,0.597090,convex
kolkata,1,68,0.501380,convex
kolkata,1,69,0.991780,bellman
kolkata,1,70,0.991780,bellman
kolkata,1,71,0.991780,bellman
kolkata,1,72,0.991780,convex
kolkata,1,73,0.991780,bellman
kolkata,1,74,0.991780,convex
kolkata,1,75,0.598000,bellman
kolkata,1,76,0.991780,bellman
kolkata,1,77,0.990810,bellman
kolkata,1,78,0.996590,bellman
kolkata,1,79,0.996580,bellman
kolkata,1,80,0.000000,convex
kolkata,1,81,0.498330,convex
kolkata,1,82,0.991780,convex
kolkata,1,83,0.986920,convex
kolkata,1,84,0.996590,convex
kolkata,1,85,0.996520,convex
kolkata,2,0,0.574880,bellman
kolkata,2,1,0.000000,convex
kolkata,2,2,0.574880,bellman
kolkata,2,3,0.479070,convex
kolkata,2,4,0.953440,bellman
kolkata,2,5,0.953440,convex
kolkata,2,6,0.954380,bellman
kolkata,2,7,0.953440,convex
kolkata,2,8,0.958070,bellman
kolkata,2,9,0.958070,convex
kolkata,2,10,0.958080,bellman
kolkata,2,11,0.958070,convex
kolkata,2,12,0.727200,bellman
kolkata,2,13,0.080090,convex
kolkata,2,14,0.732930,bellman
kolkata,2,15,0.456990,convex
kolkata,2,16,0.502200,bellman
kolkata,2,17,0.502990,convex
kolkata,2,18,0.079940,convex
kolkata,2,19,0.141360,convex
kolkata,2,20,0.503250,convex
kolkata,2,21,0.080030,convex
kolkata,2,22,0.242840,convex
kolkata,2,23,0.502200,bellman
kolkata,2,24,0.503060,convex
kolkata,2,25,0.530780,bellman
kolkata,2,26,0.910490,bellman
kolkata,2,27,0.079850,convex
kolkata,2,28,0.499160,bellman
kolkata,2,29,0.093870,convex
kolkata,2,30,0.504880,bellman
kolkata,2,31,0.503150,convex
kolkata,2,32,0.080040,convex
kolkata,2,33,0.270870,convex
kolkata,2,34,0.502970,convex
kolkata,2,35,0.080080,convex
kolkata,2,36,0.430090,convex
kolkata,2,37,0.502820,convex
kolkata,2,38,0.079920,convex
kolkata,2,39,0.123080,convex
kolkata,2,40,0.503050,convex
kolkata,2,41,0.954380,bellman
kolkata,2,42,0.953440,convex
kolkata,2,43,0.958070,bellman
kolkata,2,44,0.958070,convex
kolkata,2,45,0.958080,bellman
kolkata,2,46,0.958070,convex
kolkata,2,47,0.574880,bellman
kolkata,2,48,0.574880,bellman
kolkata,2,49,0.953440,convex
kolkata,2,50,0.952530,bellman
kolkata,2,51,0.950680,bellman
kolkata,2,52,0.079850,convex
kolkata,2,53,0.093590,convex
kolkata,2,54,0.503320,convex
kolkata,2,55,0.080080,convex
kolkata,2,56,0.403750,convex
kolkata,2,57,0.503130,convex
kolkata,2,58,0.080060,convex
kolkata,2,59,0.320610,convex
kolkata,2,60,0.503180,convex
kolkata,2,61,0.499160,bellman
kolkata,2,62,0.504880,bellman
kolkata,2,63,0.079860,convex
kolkata,2,64,0.095610,convex
kolkata,2,65,0.501930,convex
kolkata,2,66,0.080100,convex
kolkata,2,67,0.563650,convex
kolkata,2,68,0.501550,convex
kolkata,2,69,0.953440,bellman
kolkata,2,70,0.953440,bellman
kolkata,2,71,0.953440,bellman
kolkata,2,72,0.953440,convex
kolkata,2,73,0.953440,bellman
kolkata,2,74,0.953440,convex
kolkata,2,75,0.574880,bellman
kolkata,2,76,0.953440,bellman
kolkata,2,77,0.952510,bellman
kolkata,2,78,0.958070,bellman
kolkata,2,79,0.958050,bellman
kolkata,2,80,0.000000,convex
kolkata,2,81,0.479070,convex
kolkata,2,82,0.953440,convex
kolkata,2,83,0.948770,convex
kolkata,2,84,0.958070,convex
kolkata,2,85,0.958000,convex
lagos,0,0,0.596700,bellman
lagos,0,1,0.000000,convex
lagos,0,2,0.596700,bellman
lagos,0,3,0.497250,convex
lagos,0,4,0.533250,bellman
lagos,0,5,0.533250,convex
lagos,0,6,0.582710,bellman
lagos,0,7,0.533250,convex
lagos,0,8,0.551150,bellman
lagos,0,9,0.551150,convex
lagos,0,10,0.588060,bellman
lagos,0,11,0.551150,convex
lagos,0,12,0.423700,bellman
lagos,0,13,0.019500,convex
lagos,0,14,0.492410,bellman
lagos,0,15,0.449530,convex
lagos,0,16,0.354500,bellman
lagos,0,17,0.286480,convex
lagos,0,18,0.011920,convex
lagos,0,19,0.294260,convex
lagos,0,20,0.290670,convex
lagos,0,21,0.016330,convex
lagos,0,22,0.344180,convex
lagos,0,23,0.354500,bellman
lagos,0,24,0.290560,convex
lagos,0,25,0.590190,bellman
lagos,0,26,0.579230,bellman
lagos,0,27,0.007170,convex
lagos,0,28,0.365140,bellman
lagos,0,29,0.270900,convex
lagos,0,30,0.470530,bellman
lagos,0,31,0.286430,convex
lagos,0,32,0.017010,convex
lagos,0,33,0.357970,convex
lagos,0,34,0.291090,convex
lagos,0,35,0.019260,convex
lagos,0,36,0.436300,convex
lagos,0,37,0.287050,convex
lagos,0,38,0.010460,convex
lagos,0,39,0.285270,convex
lagos,0,40,0.288970,convex
lagos,0,41,0.582710,bellman
lagos,0,42,0.533220,convex
lagos,0,43,0.551150,bellman
lagos,0,44,0.551130,convex
lagos,0,45,0.588060,bellman
lagos,0,46,0.549860,convex
lagos,0,47,0.596700,bellman
lagos,0,48,0.596700,bellman
lagos,0,49,0.533250,convex
lagos,0,50,0.598490,bellman
lagos,0,51,0.601970,bellman
lagos,0,52,0.007130,convex
lagos,0,53,0.270760,convex
lagos,0,54,0.286410,convex
lagos,0,55,0.019010,convex
lagos,0,56,0.423340,convex
lagos,0,57,0.287730,convex
lagos,0,58,0.017940,convex
lagos,0,59,0.382440,convex
lagos,0,60,0.296760,convex
lagos,0,61,0.365140,bellman
lagos,0,62,0.470530,bellman
lagos,0,63,0.007410,convex
lagos,0,64,0.271760,convex
lagos,0,65,0.286580,convex
lagos,0,66,0.020210,convex
lagos,0,67,0.468940,convex
lagos,0,68,0.285090,convex
lagos,0,69,0.533250,bellman
lagos,0,70,0.533250,bellman
lagos,0,71,0.533250,bellman
lagos,0,72,0.533250,convex
lagos,0,73,0.533250,bellman
lagos,0,74,0.533250,convex
lagos,0,75,0.596700,bellman
lagos,0,76,0.533250,bellman
lagos,0,77,0.483780,bellman
lagos,0,78,0.551150,bellman
lagos,0,79,0.514250,bellman
lagos,0,80,0.000000,convex
lagos,0,81,0.497250,convex
lagos,0,82,0.533250,convex
lagos,0,83,0.285930,convex
lagos,0,84,0.551150,convex
lagos,0,85,0.366640,convex
lagos,1,0,0.596700,bellman
lagos,1,1,0.000000,convex
lagos,1,2,0.596700,bellman
lagos,1,3,0.497250,convex
lagos,1,4,0.977880,bellman
lagos,1,5,0.977880,convex
lagos,1,6,0.981150,bellman
lagos,1,7,0.977880,convex
lagos,1,8,0.993670,bellman
lagos,1,9,0.993670,convex
lagos,1,10,0.993830,bellman
lagos,1,11,0.993670,convex
lagos,1,12,0.777000,bellman
lagos,1,13,0.011670,convex
lagos,1,14,0.796140,bellman
lagos,1,15,0.477740,convex
lagos,1,16,0.508960,bellman
lagos,1,17,0.514120,convex
lagos,1,18,0.011170,convex
lagos,1,19,0.104870,convex
lagos,1,20,0.514980,convex
lagos,1,21,0.011460,convex
lagos,1,22,0.224750,convex
lagos,1,23,0.508960,bellman
lagos,1,24,0.514770,convex
lagos,1,25,0.590190,bellman
lagos,1,26,0.974760,bellman
lagos,1,27,0.010860,convex
lagos,1,28,0.498060,bellman
lagos,1,29,0.048770,convex
lagos,1,30,0.518700,bellman
lagos,1,31,0.515080,convex
lagos,1,32,0.011510,convex
lagos,1,33,0.257870,convex
lagos,1,34,0.514820,convex
lagos,1,35,0.011660,convex
lagos,1,36,0.445960,convex
lagos,1,37,0.514440,convex
lagos,1,38,0.011070,convex
lagos,1,39,0.083280,convex
lagos,1,40,0.515200,convex
lagos,1,41,0.981150,bellman
lagos,1,42,0.977880,convex
lagos,1,43,0.993670,bellman
lagos,1,44,0.993670,convex
lagos,1,45,0.993830,bellman
lagos,1,46,0.993660,convex
lagos,1,47,0.596700,bellman
lagos,1,48,0.596700,bellman
lagos,1,49,0.977880,convex
lagos,1,50,0.974890,bellman
lagos,1,51,0.968580,bellman
lagos,1,52,0.010850,convex
lagos,1,53,0.048440,convex
lagos,1,54,0.514880,convex
lagos,1,55,0.011640,convex
lagos,1,56,0.414840,convex
lagos,1,57,0.514210,convex
lagos,1,58,0.011570,convex
lagos,1,59,0.316630,convex
lagos,1,60,0.514650,convex
lagos,1,61,0.498060,bellman
lagos,1,62,0.518700,bellman
lagos,1,63,0.010870,convex
lagos,1,64,0.050830,convex
lagos,1,65,0.512420,convex
lagos,1,66,0.011720,convex
lagos,1,67,0.603740,convex
lagos,1,68,0.511040,convex
lagos,1,69,0.977880,bellman
lagos,1,70,0.977880,bellman
lagos,1,71,0.977880,bellman
lagos,1,72,0.977880,convex
lagos,1,73,0.977880,bellman
lagos,1,74,0.977880,convex
lagos,1,75,0.596700,bellman
lagos,1,76,0.977880,bellman
lagos,1,77,0.974620,bellman
lagos,1,78,0.993670,bellman
lagos,1,79,0.993510,bellman
lagos,1,80,0.000000,convex
lagos,1,81,0.497250,convex
lagos,1,82,0.977880,convex
lagos,1,83,0.961550,convex
lagos,1,84,0.993670,convex
lagos,1,85,0.992860,convex
lagos,2,0,0.588410,bellman
lagos,2,1,0.000000,convex
lagos,2,2,0.588410,bellman
lagos,2,3,0.490340,convex
lagos,2,4,0.525840,bellman
lagos,2,5,0.525840,convex
lagos,2,6,0.574620,bellman
lagos,2,7,0.525840,convex
lagos,2,8,0.543500,bellman
lagos,2,9,0.543500,convex
lagos,2,10,0.579890,bellman
lagos,2,11,0.543500,convex
lagos,2,12,0.411030,bellman
lagos,2,13,0.033750,convex
lagos,2,14,0.481930,bellman
lagos,2,15,0.441090,convex
lagos,2,16,0.348190,bellman
lagos,2,17,0.282840,convex
lagos,2,18,0.026280,convex
lagos,2,19,0.296540,convex
lagos,2,20,0.286460,convex
lagos,2,21,0.030630,convex
lagos,2,22,0.343010,convex
lagos,2,23,0.348190,bellman
lagos,2,24,0.286280,convex
lagos,2,25,0.566550,bellman
lagos,2,26,0.562900,bellman
lagos,2,27,0.021590,convex
lagos,2,28,0.359260,bellman
lagos,2,29,0.274790,convex
lagos,2,30,0.461500,bellman
lagos,2,31,0.282280,convex
lagos,2,32,0.031300,convex
lagos,2,33,0.355850,convex
lagos,2,34,0.286800,convex
lagos,2,35,0.033520,convex
lagos,2,36,0.428770,convex
lagos,2,37,0.283300,convex
lagos,2,38,0.024840,convex
lagos,2,39,0.288170,convex
lagos,2,40,0.284780,convex
lagos,2,41,0.574620,bellman
lagos,2,42,0.525820,convex
lagos,2,43,0.543500,bellman
lagos,2,44,0.543470,convex
lagos,2,45,0.579890,bellman
lagos,2,46,0.542220,convex
lagos,2,47,0.588410,bellman
lagos,2,48,0.588410,bellman
lagos,2,49,0.525840,convex
lagos,2,50,0.590180,bellman
lagos,2,51,0.593610,bellman
lagos,2,52,0.021550,convex
lagos,2,53,0.274660,convex
lagos,2,54,0.282260,convex
lagos,2,55,0.033270,convex
lagos,2,56,0.416700,convex
lagos,2,57,0.283880,convex
lagos,2,58,0.032220,convex
lagos,2,59,0.378630,convex
lagos,2,60,0.292400,convex
lagos,2,61,0.359260,bellman
lagos,2,62,0.461500,bellman
lagos,2,63,0.021830,convex
lagos,2,64,0.275580,convex
lagos,2,65,0.282420,convex
lagos,2,66,0.034450,convex
lagos,2,67,0.455020,convex
lagos,2,68,0.281860,convex
lagos,2,69,0.525840,bellman
lagos,2,70,0.525840,bellman
lagos,2,71,0.525840,bellman
lagos,2,72,0.525840,convex
lagos,2,73,0.525840,bellman
lagos,2,74,0.525840,convex
lagos,2,75,0.588410,bellman
lagos,2,76,0.525840,bellman
lagos,2,77,0.477060,bellman
lagos,2,78,0.543500,bellman
lagos,2,79,0.507110,bellman
lagos,2,80,0.000000,convex
lagos,2,81,0.490340,convex
lagos,2,82,0.525840,convex
lagos,2,83,0.281960,convex
lagos,2,84,0.543500,convex
lagos,2,85,0.361540,convex
lima,0,0,0.597620,bellman
lima,0,1,0.000000,convex
lima,0,2,0.597620,bellman
lima,0,3,0.498010,convex
lima,0,4,0.938750,bellman
lima,0,5,0.938750,convex
lima,0,6,0.949550,bellman
lima,0,7,0.938750,convex
lima,0,8,0.986520,bellman
lima,0,9,0.986520,convex
lima,0,10,0.988280,bellman
lima,0,11,0.986520,convex
lima,0,12,0.747310,bellman
lima,0,13,0.010440,convex
lima,0,14,0.806090,bellman
lima,0,15,0.512760,convex
lima,0,16,0.525150,bellman
lima,0,17,0.542090,convex
lima,0,18,0.008780,convex
lima,0,19,0.166510,convex
lima,0,20,0.544640,convex
lima,0,21,0.009750,convex
lima,0,22,0.277830,convex
lima,0,23,0.525150,bellman
lima,0,24,0.543940,convex
lima,0,25,0.592900,bellman
lima,0,26,0.945110,bellman
lima,0,27,0.007740,convex
lima,0,28,0.492540,bellman
lima,0,29,0.114420,convex
lima,0,30,0.557310,bellman
lima,0,31,0.544900,convex
lima,0,32,0.009890,convex
lima,0,33,0.308590,convex
lima,0,34,0.543920,convex
lima,0,35,0.010380,convex
lima,0,36,0.483250,convex
lima,0,37,0.542630,convex
lima,0,38,0.008460,convex
lima,0,39,0.146460,convex
lima,0,40,0.544920,convex
lima,0,41,0.949550,bellman
lima,0,42,0.938750,convex
lima,0,43,0.986520,bellman
lima,0,44,0.986510,convex
lima,0,45,0.988280,bellman
lima,0,46,0.986460,convex
lima,0,47,0.597620,bellman
lima,0,48,0.597620,bellman
lima,0,49,0.938750,convex
lima,0,50,0.931060,bellman
lima,0,51,0.911990,bellman
lima,0,52,0.007740,convex
lima,0,53,0.114100,convex
lima,0,54,0.544720,convex
lima,0,55,0.010330,convex
lima,0,56,0.454350,convex
lima,0,57,0.542610,convex
lima,0,58,0.010100,convex
lima,0,59,0.363150,convex
lima,0,60,0.543590,convex
lima,0,61,0.492540,bellman
lima,0,62,0.557310,bellman
lima,0,63,0.007800,convex
lima,0,64,0.116320,convex
lima,0,65,0.542440,convex
lima,0,66,0.010590,convex
lima,0,67,0.629770,convex
lima,0,68,0.538090,convex
lima,0,69,0.938750,bellman
lima,0,70,0.938750,bellman
lima,0,71,0.938750,bellman
lima,0,72,0.938750,convex
lima,0,73,0.938750,bellman
lima,0,74,0.938750,convex
lima,0,75,0.597620,bellman
lima,0,76,0.938750,bellman
lima,0,77,0.927960,bellman
lima,0,78,0.986520,bellman
lima,0,79,0.984770,bellman
lima,0,80,0.000000,convex
lima,0,81,0.498010,convex
lima,0,82,0.938750,convex
lima,0,83,0.884780,convex
lima,0,84,0.986520,convex
lima,0,85,0.977750,convex
lima,1,0,0.591830,bellman
lima,1,1,0.000000,convex
lima,1,2,0.591830,bellman
lima,1,3,0.493190,convex
lima,1,4,0.970000,bellman
lima,1,5,0.970000,convex
lima,1,6,0.973220,bellman
lima,1,7,0.970000,convex
lima,1,8,0.985570,bellman
lima,1,9,0.985570,convex
lima,1,10,0.985730,bellman
lima,1,11,0.985570,convex
lima,1,12,0.763260,bellman
lima,1,13,0.027320,convex
lima,1,14,0.782260,bellman
lima,1,15,0.475070,convex
lima,1,16,0.508460,bellman
lima,1,17,0.513360,convex
lima,1,18,0.026820,convex
lima,1,19,0.117300,convex
lima,1,20,0.514210,convex
lima,1,21,0.027110,convex
lima,1,22,0.232330,convex
lima,1,23,0.508460,bellman
lima,1,24,0.513990,convex
lima,1,25,0.576140,bellman
lima,1,26,0.957800,bellman
lima,1,27,0.026510,convex
lima,1,28,0.497840,bellman
lima,1,29,0.063480,convex
lima,1,30,0.517980,bellman
lima,1,31,0.514290,convex
lima,1,32,0.027150,convex
lima,1,33,0.264100,convex
lima,1,34,0.514020,convex
lima,1,35,0.027300,convex
lima,1,36,0.444570,convex
lima,1,37,0.513580,convex
lima,1,38,0.026730,convex
lima,1,39,0.096590,convex
lima,1,40,0.514330,convex
lima,1,41,0.973220,bellman
lima,1,42,0.970000,convex
lima,1,43,0.985570,bellman
lima,1,44,0.985570,convex
lima,1,45,0.985730,bellman
lima,1,46,0.985560,convex
lima,1,47,0.591830,bellman
lima,1,48,0.591830,bellman
lima,1,49,0.970000,convex
lima,1,50,0.967050,bellman
lima,1,51,0.960820,bellman
lima,1,52,0.026510,convex
lima,1,53,0.063160,convex
lima,1,54,0.514100,convex
lima,1,55,0.027280,convex
lima,1,56,0.414710,convex
lima,1,57,0.513440,convex
lima,1,58,0.027210,convex
lima,1,59,0.320480,convex
lima,1,60,0.513900,convex
lima,1,61,0.497840,bellman
lima,1,62,0.517980,bellman
lima,1,63,0.026530,convex
lima,1,64,0.065450,convex
lima,1,65,0.511720,convex
lima,1,66,0.027360,convex
lima,1,67,0.595960,convex
lima,1,68,0.510380,convex
lima,1,69,0.970000,bellman
lima,1,70,0.970000,bellman
lima,1,71,0.970000,bellman
lima,1,72,0.970000,convex
lima,1,73,0.970000,bellman
lima,1,74,0.970000,convex
lima,1,75,0.591830,bellman
lima,1,76,0.970000,bellman
lima,1,77,0.966780,bellman
lima,1,78,0.985570,bellman
lima,1,79,0.985410,bellman
lima,1,80,0.000000,convex
lima,1,81,0.493190,convex
lima,1,82,0.970000,convex
lima,1,83,0.953900,convex
lima,1,84,0.985570,convex
lima,1,85,0.984780,convex
london,0,0,0.596630,bellman
london,0,1,0.000000,convex
london,0,2,0.596630,bellman
london,0,3,0.497200,convex
london,0,4,0.977820,bellman
london,0,5,0.977820,convex
london,0,6,0.981080,bellman
london,0,7,0.977820,convex
london,0,8,0.993570,bellman
london,0,9,0.993570,convex
london,0,10,0.993730,bellman
london,0,11,0.993570,convex
london,0,12,0.776850,bellman
london,0,13,0.011870,convex
london,0,14,0.795950,bellman
london,0,15,0.477680,convex
london,0,16,0.508940,bellman
london,0,17,0.514130,convex
london,0,18,0.011370,convex
london,0,19,0.104970,convex
london,0,20,0.514980,convex
london,0,21,0.011660,convex
london,0,22,0.224800,convex
london,0,23,0.508940,bellman
london,0,24,0.514770,convex
london,0,25,0.590020,bellman
london,0,26,0.974570,bellman
london,0,27,0.011050,convex
london,0,28,0.498060,bellman
london,0,29,0.048900,convex
london,0,30,0.518660,bellman
london,0,31,0.515080,convex
london,0,32,0.011700,convex
london,0,33,0.257900,convex
london,0,34,0.514820,convex
london,0,35,0.011850,convex
london,0,36,0.445910,convex
london,0,37,0.514360,convex
london,0,38,0.011270,convex
london,0,39,0.083390,convex
london,0,40,0.515120,convex
london,0,41,0.981080,bellman
london,0,42,0.977820,convex
london,0,43,0.993570,bellman
london,0,44,0.993570,convex
london,0,45,0.993730,bellman
london,0,46,0.993570,convex
london,0,47,0.596630,bellman
london,0,48,0.596630,bellman
london,0,49,0.977820,convex
london,0,50,0.974830,bellman
london,0,51,0.968530,bellman
london,0,52,0.011050,convex
london,0,53,0.048570,convex
london,0,54,0.514890,convex
london,0,55,0.011830,convex
london,0,56,0.414800,convex
london,0,57,0.514210,convex
london,0,58,0.011760,convex
london,0,59,0.316640,convex
london,0,60,0.514660,convex
london,0,61,0.498060,bellman
london,0,62,0.518660,bellman
london,0,63,0.011070,convex
london,0,64,0.050950,convex
london,0,65,0.512430,convex
london,0,66,0.011910,convex
london,0,67,0.603620,convex
london,0,68,0.511050,convex
london,0,69,0.977820,bellman
london,0,70,0.977820,bellman
london,0,71,0.977820,bellman
london,0,72,0.977820,convex
london,0,73,0.977820,bellman
london,0,74,0.977820,convex
london,0,75,0.596630,bellman
london,0,76,0.977820,bellman
london,0,77,0.974560,bellman
london,0,78,0.993570,bellman
london,0,79,0.993410,bellman
london,0,80,0.000000,convex
london,0,81,0.497200,convex
london,0,82,0.977820,convex
london,0,83,0.961520,convex
london,0,84,0.993570,convex
london,0,85,0.992770,convex
london,1,0,0.591590,bellman
london,1,1,0.000000,convex
london,1,2,0.591590,bellman
london,1,3,0.492990,convex
london,1,4,0.823290,bellman
london,1,5,0.823290,convex
london,1,6,0.850460,bellman
london,1,7,0.823290,convex
london,1,8,0.914310,bellman
london,1,9,0.914310,convex
london,1,10,0.925540,bellman
london,1,11,0.914310,convex
london,1,12,0.647510,bellman
london,1,13,0.030570,convex
london,1,14,0.767530,bellman
london,1,15,0.555160,convex
london,1,16,0.527030,bellman
london,1,17,0.563160,convex
london,1,18,0.026410,convex
london,1,19,0.290290,convex
london,1,20,0.567920,convex
london,1,21,0.028830,convex
london,1,22,0.375450,convex
london,1,23,0.527030,bellman
london,1,24,0.567070,convex
london,1,25,0.575460,bellman
london,1,26,0.836990,bellman
london,1,27,0.023800,convex
london,1,28,0.469230,bellman
london,1,29,0.250450,convex
london,1,30,0.605350,bellman
london,1,31,0.569060,convex
london,1,32,0.029210,convex
london,1,33,0.398980,convex
london,1,34,0.566860,convex
london,1,35,0.030440,convex
london,1,36,0.532590,convex
london,1,37,0.563940,convex
london,1,38,0.025610,convex
london,1,39,0.274960,convex
london,1,40,0.568420,convex
london,1,41,0.850460,bellman
london,1,42,0.823280,convex
london,1,43,0.914310,bellman
london,1,44,0.914280,convex
london,1,45,0.925540,bellman
london,1,46,0.913910,convex
london,1,47,0.591590,bellman
london,1,48,0.591590,bellman
london,1,49,0.823290,convex
london,1,50,0.818540,bellman
london,1,51,0.782870,bellman
london,1,52,0.023780,convex
london,1,53,0.250210,convex
london,1,54,0.568930,convex
london,1,55,0.030300,convex
london,1,56,0.510480,convex
london,1,57,0.564420,convex
london,1,58,0.029720,convex
london,1,59,0.440720,convex
london,1,60,0.565420,convex
london,1,61,0.469230,bellman
london,1,62,0.605350,bellman
london,1,63,0.023930,convex
london,1,64,0.251900,convex
london,1,65,0.567180,convex
london,1,66,0.030960,convex
london,1,67,0.644660,convex
london,1,68,0.557800,convex
london,1,69,0.823290,bellman
london,1,70,0.823290,bellman
london,1,71,0.823290,bellman
london,1,72,0.823290,convex
london,1,73,0.823290,bellman
london,1,74,0.823290,convex
london,1,75,0.591590,bellman
london,1,76,0.823290,bellman
london,1,77,0.796120,bellman
london,1,78,0.914310,bellman
london,1,79,0.903080,bellman
london,1,80,0.000000,convex
london,1,81,0.492990,convex
london,1,82,0.823290,convex
london,1,83,0.687450,convex
london,1,84,0.914310,convex
london,1,85,0.858160,convex
melbourne,0,0,0.594110,bellman
melbourne,0,1,0.000000,convex
melbourne,0,2,0.594110,bellman
melbourne,0,3,0.495090,convex
melbourne,0,4,0.963940,bellman
melbourne,0,5,0.963940,convex
melbourne,0,6,0.969050,bellman
melbourne,0,7,0.963940,convex
melbourne,0,8,0.988130,bellman
melbourne,0,9,0.988130,convex
melbourne,0,10,0.988520,bellman
melbourne,0,11,0.988130,convex
melbourne,0,12,0.761920,bellman
melbourne,0,13,0.020340,convex
melbourne,0,14,0.791470,bellman
melbourne,0,15,0.485390,convex
melbourne,0,16,0.513160,bellman
melbourne,0,17,0.521260,convex
melbourne,0,18,0.019560,convex
melbourne,0,19,0.127790,convex
melbourne,0,20,0.522570,convex
melbourne,0,21,0.020020,convex
melbourne,0,22,0.242760,convex
melbourne,0,23,0.513160,bellman
melbourne,0,24,0.522100,convex
melbourne,0,25,0.582660,bellman
melbourne,0,26,0.957910,bellman
melbourne,0,27,0.019070,convex
melbourne,0,28,0.496620,bellman
melbourne,0,29,0.073990,convex
melbourne,0,30,0.528330,bellman
melbourne,0,31,0.522580,convex
melbourne,0,32,0.020090,convex
melbourne,0,33,0.274520,convex
melbourne,0,34,0.521960,convex
melbourne,0,35,0.020320,convex
melbourne,0,36,0.454910,convex
melbourne,0,37,0.521280,convex
melbourne,0,38,0.019410,convex
melbourne,0,39,0.107080,convex
melbourne,0,40,0.522450,convex
melbourne,0,41,0.969050,bellman
melbourne,0,42,0.963940,convex
melbourne,0,43,0.988130,bellman
melbourne,0,44,0.988120,convex
melbourne,0,45,0.988520,bellman
melbourne,0,46,0.988110,convex
melbourne,0,47,0.594110,bellman
melbourne,0,48,0.594110,bellman
melbourne,0,49,0.963940,convex
melbourne,0,50,0.959510,bellman
melbourne,0,51,0.949830,bellman
melbourne,0,52,0.019070,convex
melbourne,0,53,0.073670,convex
melbourne,0,54,0.522480,convex
melbourne,0,55,0.020290,convex
melbourne,0,56,0.425070,convex
melbourne,0,57,0.521450,convex
melbourne,0,58,0.020180,convex
melbourne,0,59,0.330880,convex
melbourne,0,60,0.522080,convex
melbourne,0,61,0.496620,bellman
melbourne,0,62,0.528330,bellman
melbourne,0,63,0.019090,convex
melbourne,0,64,0.075960,convex
melbourne,0,65,0.520120,convex
melbourne,0,66,0.020420,convex
melbourne,0,67,0.606230,convex
melbourne,0,68,0.518000,convex
melbourne,0,69,0.963940,bellman
melbourne,0,70,0.963940,bellman
melbourne,0,71,0.963940,bellman
melbourne,0,72,0.963940,convex
melbourne,0,73,0.963940,bellman
melbourne,0,74,0.963940,convex
melbourne,0,75,0.594110,bellman
melbourne,0,76,0.963940,bellman
melbourne,0,77,0.958830,bellman
melbourne,0,78,0.988130,bellman
melbourne,0,79,0.987730,bellman
melbourne,0,80,0.000000,convex
melbourne,0,81,0.495090,convex
melbourne,0,82,0.963940,convex
melbourne,0,83,0.938390,convex
melbourne,0,84,0.988130,convex
melbourne,0,85,0.986150,convex
melbourne,1,0,0.594110,bellman
melbourne,1,1,0.000000,convex
melbourne,1,2,0.594110,bellman
melbourne,1,3,0.495090,convex
melbourne,1,4,0.805410,bellman
melbourne,1,5,0.805410,convex
melbourne,1,6,0.835470,bellman
melbourne,1,7,0.805410,convex
melbourne,1,8,0.899610,bellman
melbourne,1,9,0.899610,convex
melbourne,1,10,0.913300,bellman
melbourne,1,11,0.899610,convex
melbourne,1,12,0.636620,bellman
melbourne,1,13,0.024100,convex
melbourne,1,14,0.762320,bellman
melbourne,1,15,0.560210,convex
melbourne,1,16,0.524060,bellman
melbourne,1,17,0.564020,convex
melbourne,1,18,0.019490,convex
melbourne,1,19,0.300640,convex
melbourne,1,20,0.568920,convex
melbourne,1,21,0.022180,convex
melbourne,1,22,0.384090,convex
melbourne,1,23,0.524060,bellman
melbourne,1,24,0.568200,convex
melbourne,1,25,0.582660,bellman
melbourne,1,26,0.826160,bellman
melbourne,1,27,0.016610,convex
melbourne,1,28,0.464780,bellman
melbourne,1,29,0.261580,convex
melbourne,1,30,0.610370,bellman
melbourne,1,31,0.570330,convex
melbourne,1,32,0.022590,convex
melbourne,1,33,0.407150,convex
melbourne,1,34,0.567880,convex
melbourne,1,35,0.023960,convex
melbourne,1,36,0.538080,convex
melbourne,1,37,0.564710,convex
melbourne,1,38,0.018610,convex
melbourne,1,39,0.285610,convex
melbourne,1,40,0.569390,convex
melbourne,1,41,0.835470,bellman
melbourne,1,42,0.805400,convex
melbourne,1,43,0.899610,bellman
melbourne,1,44,0.899590,convex
melbourne,1,45,0.913300,bellman
melbourne,1,46,0.899130,convex
melbourne,1,47,0.594110,bellman
melbourne,1,48,0.594110,bellman
melbourne,1,49,0.805410,convex
melbourne,1,50,0.803400,bellman
melbourne,1,51,0.766760,bellman
melbourne,1,52,0.016580,convex
melbourne,1,53,0.261350,convex
melbourne,1,54,0.570270,convex
melbourne,1,55,0.023800,convex
melbourne,1,56,0.516420,convex
melbourne,1,57,0.565400,convex
melbourne,1,58,0.023150,convex
melbourne,1,59,0.448050,convex
melbourne,1,60,0.566130,convex
melbourne,1,61,0.464780,bellman
melbourne,1,62,0.610370,bellman
melbourne,1,63,0.016750,convex
melbourne,1,64,0.263010,convex
melbourne,1,65,0.568560,convex
melbourne,1,66,0.024530,convex
melbourne,1,67,0.647920,convex
melbourne,1,68,0.558420,convex
melbourne,1,69,0.805410,bellman
melbourne,1,70,0.805410,bellman
melbourne,1,71,0.805410,bellman
melbourne,1,72,0.805410,convex
melbourne,1,73,0.805410,bellman
melbourne,1,74,0.805410,convex
melbourne,1,75,0.594110,bellman
melbourne,1,76,0.805410,bellman
melbourne,1,77,0.775350,bellman
melbourne,1,78,0.899610,bellman
melbourne,1,79,0.885930,bellman
melbourne,1,80,0.000000,convex
melbourne,1,81,0.495090,convex
melbourne,1,82,0.805410,convex
melbourne,1,83,0.655120,convex
melbourne,1,84,0.899610,convex
melbourne,1,85,0.831180,convex
melbourne,2,0,0.577760,bellman
melbourne,2,1,0.000000,convex
melbourne,2,2,0.577760,bellman
melbourne,2,3,0.481470,convex
melbourne,2,4,0.937410,bellman
melbourne,2,5,0.937410,convex
melbourne,2,6,0.942380,bellman
melbourne,2,7,0.937410,convex
melbourne,2,8,0.960940,bellman
melbourne,2,9,0.960940,convex
melbourne,2,10,0.961320,bellman
melbourne,2,11,0.960940,convex
melbourne,2,12,0.718540,bellman
melbourne,2,13,0.070870,convex
melbourne,2,14,0.747870,bellman
melbourne,2,15,0.477350,convex
melbourne,2,16,0.510920,bellman
melbourne,2,17,0.517630,convex
melbourne,2,18,0.070110,convex
melbourne,2,19,0.167650,convex
melbourne,2,20,0.518940,convex
melbourne,2,21,0.070550,convex
melbourne,2,22,0.267220,convex
melbourne,2,23,0.510920,bellman
melbourne,2,24,0.518410,convex
melbourne,2,25,0.538100,bellman
melbourne,2,26,0.903770,bellman
melbourne,2,27,0.069630,convex
melbourne,2,28,0.495470,bellman
melbourne,2,29,0.121060,convex
melbourne,2,30,0.525260,bellman
melbourne,2,31,0.518870,convex
melbourne,2,32,0.070620,convex
melbourne,2,33,0.294730,convex
melbourne,2,34,0.518290,convex
melbourne,2,35,0.070840,convex
melbourne,2,36,0.450950,convex
melbourne,2,37,0.517660,convex
melbourne,2,38,0.069960,convex
melbourne,2,39,0.149720,convex
melbourne,2,40,0.518800,convex
melbourne,2,41,0.942380,bellman
melbourne,2,42,0.937410,convex
melbourne,2,43,0.960940,bellman
melbourne,2,44,0.960930,convex
melbourne,2,45,0.961320,bellman
melbourne,2,46,0.960920,convex
melbourne,2,47,0.577760,bellman
melbourne,2,48,0.577760,bellman
melbourne,2,49,0.937410,convex
melbourne,2,50,0.933100,bellman
melbourne,2,51,0.923700,bellman
melbourne,2,52,0.069620,convex
melbourne,2,53,0.120780,convex
melbourne,2,54,0.518780,convex
melbourne,2,55,0.070820,convex
melbourne,2,56,0.425110,convex
melbourne,2,57,0.517810,convex
melbourne,2,58,0.070710,convex
melbourne,2,59,0.343540,convex
melbourne,2,60,0.518510,convex
melbourne,2,61,0.495470,bellman
melbourne,2,62,0.525260,bellman
melbourne,2,63,0.069650,convex
melbourne,2,64,0.122770,convex
melbourne,2,65,0.516680,convex
melbourne,2,66,0.070940,convex
melbourne,2,67,0.582000,convex
melbourne,2,68,0.514700,convex
melbourne,2,69,0.937410,bellman
melbourne,2,70,0.937410,bellman
melbourne,2,71,0.937410,bellman
melbourne,2,72,0.937410,convex
melbourne,2,73,0.937410,bellman
melbourne,2,74,0.937410,convex
melbourne,2,75,0.577760,bellman
melbourne,2,76,0.937410,bellman
melbourne,2,77,0.932440,bellman
melbourne,2,78,0.960940,bellman
melbourne,2,79,0.960550,bellman
melbourne,2,80,0.000000,convex
melbourne,2,81,0.481470,convex
melbourne,2,82,0.937410,convex
melbourne,2,83,0.912570,convex
melbourne,2,84,0.960940,convex
melbourne,2,85,0.959020,convex
melbourne,3,0,0.577760,bellman
melbourne,3,1,0.000000,convex
melbourne,3,2,0.577760,bellman
melbourne,3,3,0.481470,convex
melbourne,3,4,0.783250,bellman
melbourne,3,5,0.783250,convex
melbourne,3,6,0.812480,bellman
melbourne,3,7,0.783250,convex
melbourne,3,8,0.874860,bellman
melbourne,3,9,0.874860,convex
melbourne,3,10,0.888170,bellman
melbourne,3,11,0.874860,convex
melbourne,3,12,0.600370,bellman
melbourne,3,13,0.066120,convex
melbourne,3,14,0.726100,bellman
melbourne,3,15,0.545560,convex
melbourne,3,16,0.513060,bellman
melbourne,3,17,0.546190,convex
melbourne,3,18,0.061640,convex
melbourne,3,19,0.322230,convex
melbourne,3,20,0.551100,convex
melbourne,3,21,0.064250,convex
melbourne,3,22,0.394030,convex
melbourne,3,23,0.513060,bellman
melbourne,3,24,0.550050,convex
melbourne,3,25,0.538100,bellman
melbourne,3,26,0.780220,bellman
melbourne,3,27,0.058830,convex
melbourne,3,28,0.458020,bellman
melbourne,3,29,0.288630,convex
melbourne,3,30,0.594950,bellman
melbourne,3,31,0.552060,convex
melbourne,3,32,0.064650,convex
melbourne,3,33,0.413870,convex
melbourne,3,34,0.549750,convex
melbourne,3,35,0.065980,convex
melbourne,3,36,0.526530,convex
melbourne,3,37,0.546820,convex
melbourne,3,38,0.060780,convex
melbourne,3,39,0.309300,convex
melbourne,3,40,0.551410,convex
melbourne,3,41,0.812480,bellman
melbourne,3,42,0.783230,convex
melbourne,3,43,0.874860,bellman
melbourne,3,44,0.874830,convex
melbourne,3,45,0.888170,bellman
melbourne,3,46,0.874390,convex
melbourne,3,47,0.577760,bellman
melbourne,3,48,0.577760,bellman
melbourne,3,49,0.783250,convex
melbourne,3,50,0.781290,bellman
melbourne,3,51,0.745660,bellman
melbourne,3,52,0.058810,convex
melbourne,3,53,0.288430,convex
melbourne,3,54,0.552010,convex
melbourne,3,55,0.065830,convex
melbourne,3,56,0.507890,convex
melbourne,3,57,0.547460,convex
melbourne,3,58,0.065200,convex
melbourne,3,59,0.449070,convex
melbourne,3,60,0.548630,convex
melbourne,3,61,0.458020,bellman
melbourne,3,62,0.594950,bellman
melbourne,3,63,0.058980,convex
melbourne,3,64,0.289860,convex
melbourne,3,65,0.550500,convex
melbourne,3,66,0.066540,convex
melbourne,3,67,0.621030,convex
melbourne,3,68,0.541070,convex
melbourne,3,69,0.783250,bellman
melbourne,3,70,0.783250,bellman
melbourne,3,71,0.783250,bellman
melbourne,3,72,0.783250,convex
melbourne,3,73,0.783250,bellman
melbourne,3,74,0.783250,convex
melbourne,3,75,0.577760,bellman
melbourne,3,76,0.783250,bellman
melbourne,3,77,0.754020,bellman
melbourne,3,78,0.874860,bellman
melbourne,3,79,0.861550,bellman
melbourne,3,80,0.000000,convex
melbourne,3,81,0.481470,convex
melbourne,3,82,0.783250,convex
melbourne,3,83,0.637090,convex
melbourne,3,84,0.874860,convex
melbourne,3,85,0.808310,convex
manhattan,0,0,0.597020,bellman
manhattan,0,1,0.000000,convex
manhattan,0,2,0.597020,bellman
manhattan,0,3,0.497520,convex
manhattan,0,4,0.593340,bellman
manhattan,0,5,0.593340,convex
manhattan,0,6,0.641240,bellman
manhattan,0,7,0.593340,convex
manhattan,0,8,0.639470,bellman
manhattan,0,9,0.639470,convex
manhattan,0,10,0.674070,bellman
manhattan,0,11,0.639470,convex
manhattan,0,12,0.471760,bellman
manhattan,0,13,0.019090,convex
manhattan,0,14,0.566970,bellman
manhattan,0,15,0.493220,convex
manhattan,0,16,0.404920,bellman
manhattan,0,17,0.350470,convex
manhattan,0,18,0.011750,convex
manhattan,0,19,0.318340,convex
manhattan,0,20,0.357790,convex
manhattan,0,21,0.016030,convex
manhattan,0,22,0.374560,convex
manhattan,0,23,0.404920,bellman
manhattan,0,24,0.357840,convex
manhattan,0,25,0.591140,bellman
manhattan,0,26,0.637740,bellman
manhattan,0,27,0.007150,convex
manhattan,0,28,0.392310,bellman
manhattan,0,29,0.292030,convex
manhattan,0,30,0.524780,bellman
manhattan,0,31,0.353820,convex
manhattan,0,32,0.016680,convex
manhattan,0,33,0.390090,convex
manhattan,0,34,0.358360,convex
manhattan,0,35,0.018870,convex
manhattan,0,36,0.478310,convex
manhattan,0,37,0.351600,convex
manhattan,0,38,0.010340,convex
manhattan,0,39,0.308210,convex
manhattan,0,40,0.356200,convex
manhattan,0,41,0.641240,bellman
manhattan,0,42,0.593310,convex
manhattan,0,43,0.639470,bellman
manhattan,0,44,0.639440,convex
manhattan,0,45,0.674070,bellman
manhattan,0,46,0.638260,convex
manhattan,0,47,0.597020,bellman
manhattan,0,48,0.597020,bellman
manhattan,0,49,0.593340,convex
manhattan,0,50,0.642130,bellman
manhattan,0,51,0.631480,bellman
manhattan,0,52,0.007110,convex
manhattan,0,53,0.291870,convex
manhattan,0,54,0.353800,convex
manhattan,0,55,0.018620,convex
manhattan,0,56,0.463720,convex
manhattan,0,57,0.352820,convex
manhattan,0,58,0.017580,convex
manhattan,0,59,0.417660,convex
manhattan,0,60,0.363660,convex
manhattan,0,61,0.392310,bellman
manhattan,0,62,0.524780,bellman
manhattan,0,63,0.007380,convex
manhattan,0,64,0.292990,convex
manhattan,0,65,0.353960,convex
manhattan,0,66,0.019780,convex
manhattan,0,67,0.550790,convex
manhattan,0,68,0.346600,convex
manhattan,0,69,0.593340,bellman
manhattan,0,70,0.593340,bellman
manhattan,0,71,0.593340,bellman
manhattan,0,72,0.593340,convex
manhattan,0,73,0.593340,bellman
manhattan,0,74,0.593340,convex
manhattan,0,75,0.597020,bellman
manhattan,0,76,0.593340,bellman
manhattan,0,77,0.545430,bellman
manhattan,0,78,0.639470,bellman
manhattan,0,79,0.604870,bellman
manhattan,0,80,0.000000,convex
manhattan,0,81,0.497520,convex
manhattan,0,82,0.593340,convex
manhattan,0,83,0.353810,convex
manhattan,0,84,0.639470,convex
manhattan,0,85,0.466490,convex
manhattan,1,0,0.597020,bellman
manhattan,1,1,0.000000,convex
manhattan,1,2,0.597020,bellman
manhattan,1,3,0.497520,convex
manhattan,1,4,0.988760,bellman
manhattan,1,5,0.988760,convex
manhattan,1,6,0.990010,bellman
manhattan,1,7,0.988760,convex
manhattan,1,8,0.994910,bellman
manhattan,1,9,0.994910,convex
manhattan,1,10,0.994940,bellman
manhattan,1,11,0.994910,convex
manhattan,1,12,0.786160,bellman
manhattan,1,13,0.010170,convex
manhattan,1,14,0.793590,bellman
manhattan,1,15,0.467580,convex
manhattan,1,16,0.503560,bellman
manhattan,1,17,0.505410,convex
manhattan,1,18,0.009980,convex
manhattan,1,19,0.085790,convex
manhattan,1,20,0.505750,convex
manhattan,1,21,0.010090,convex
manhattan,1,22,0.208540,convex
manhattan,1,23,0.503560,bellman
manhattan,1,24,0.505720,convex
manhattan,1,25,0.591140,bellman
manhattan,1,26,0.984170,bellman
manhattan,1,27,0.009860,convex
manhattan,1,28,0.499300,bellman
manhattan,1,29,0.028360,convex
manhattan,1,30,0.507280,bellman
manhattan,1,31,0.505840,convex
manhattan,1,32,0.010110,convex
manhattan,1,33,0.242450,convex
manhattan,1,34,0.505800,convex
manhattan,1,35,0.010160,convex
manhattan,1,36,0.435040,convex
manhattan,1,37,0.505680,convex
manhattan,1,38,0.009940,convex
manhattan,1,39,0.063690,convex
manhattan,1,40,0.505970,convex
manhattan,1,41,0.990010,bellman
manhattan,1,42,0.988760,convex
manhattan,1,43,0.994910,bellman
manhattan,1,44,0.994910,convex
manhattan,1,45,0.994940,bellman
manhattan,1,46,0.994910,convex
manhattan,1,47,0.597020,bellman
manhattan,1,48,0.597020,bellman
manhattan,1,49,0.988760,convex
manhattan,1,50,0.987560,bellman
manhattan,1,51,0.985100,bellman
manhattan,1,52,0.009860,convex
manhattan,1,53,0.028010,convex
manhattan,1,54,0.505640,convex
manhattan,1,55,0.010160,convex
manhattan,1,56,0.403180,convex
manhattan,1,57,0.505380,convex
manhattan,1,58,0.010130,convex
manhattan,1,59,0.302620,convex
manhattan,1,60,0.505610,convex
manhattan,1,61,0.499300,bellman
manhattan,1,62,0.507280,bellman
manhattan,1,63,0.009870,convex
manhattan,1,64,0.030460,convex
manhattan,1,65,0.503120,convex
manhattan,1,66,0.010190,convex
manhattan,1,67,0.596590,convex
manhattan,1,68,0.502590,convex
manhattan,1,69,0.988760,bellman
manhattan,1,70,0.988760,bellman
manhattan,1,71,0.988760,bellman
manhattan,1,72,0.988760,convex
manhattan,1,73,0.988760,bellman
manhattan,1,74,0.988760,convex
manhattan,1,75,0.597020,bellman
manhattan,1,76,0.988760,bellman
manhattan,1,77,0.987520,bellman
manhattan,1,78,0.994910,bellman
manhattan,1,79,0.994890,bellman
manhattan,1,80,0.000000,convex
manhattan,1,81,0.497520,convex
manhattan,1,82,0.988760,convex
manhattan,1,83,0.982530,convex
manhattan,1,84,0.994910,convex
manhattan,1,85,0.994800,convex
manhattan,2,0,0.280000,bellman
manhattan,2,1,0.000000,convex
manhattan,2,2,0.280000,bellman
manhattan,2,3,0.233330,convex
manhattan,2,4,0.278270,bellman
manhattan,2,5,0.278270,convex
manhattan,2,6,0.300740,bellman
manhattan,2,7,0.278270,convex
manhattan,2,8,0.299910,bellman
manhattan,2,9,0.299910,convex
manhattan,2,10,0.316140,bellman
manhattan,2,11,0.299910,convex
manhattan,2,12,0.298100,bellman
manhattan,2,13,0.290780,convex
manhattan,2,14,0.311730,bellman
manhattan,2,15,0.280730,convex
manhattan,2,16,0.321310,bellman
manhattan,2,17,0.317380,convex
manhattan,2,18,0.294830,convex
manhattan,2,19,0.307280,convex
manhattan,2,20,0.318740,convex
manhattan,2,21,0.292470,convex
manhattan,2,22,0.298740,convex
manhattan,2,23,0.321310,bellman
manhattan,2,24,0.319880,convex
manhattan,2,25,0.299910,bellman
manhattan,2,26,0.312610,bellman
manhattan,2,27,0.297370,convex
manhattan,2,28,0.322200,bellman
manhattan,2,29,0.311280,convex
manhattan,2,30,0.331790,bellman
manhattan,2,31,0.320930,convex
manhattan,2,32,0.292110,convex
manhattan,2,33,0.296390,convex
manhattan,2,34,0.319720,convex
manhattan,2,35,0.290910,convex
manhattan,2,36,0.282990,convex
manhattan,2,37,0.317840,convex
manhattan,2,38,0.295610,convex
manhattan,2,39,0.308820,convex
manhattan,2,40,0.319610,convex
manhattan,2,41,0.300740,bellman
manhattan,2,42,0.278260,convex
manhattan,2,43,0.299910,bellman
manhattan,2,44,0.299900,convex
manhattan,2,45,0.316140,bellman
manhattan,2,46,0.299340,convex
manhattan,2,47,0.280000,bellman
manhattan,2,48,0.280000,bellman
manhattan,2,49,0.278270,convex
manhattan,2,50,0.301160,bellman
manhattan,2,51,0.296160,bellman
manhattan,2,52,0.297390,convex
manhattan,2,53,0.311300,convex
manhattan,2,54,0.320940,convex
manhattan,2,55,0.291050,convex
manhattan,2,56,0.285210,convex
manhattan,2,57,0.318240,convex
manhattan,2,58,0.291610,convex
manhattan,2,59,0.292200,convex
manhattan,2,60,0.316670,convex
manhattan,2,61,0.322200,bellman
manhattan,2,62,0.331790,bellman
manhattan,2,63,0.297240,convex
manhattan,2,64,0.311130,convex
manhattan,2,65,0.320850,convex
manhattan,2,66,0.290400,convex
manhattan,2,67,0.271750,convex
manhattan,2,68,0.315050,convex
manhattan,2,69,0.278270,bellman
manhattan,2,70,0.278270,bellman
manhattan,2,71,0.278270,bellman
manhattan,2,72,0.278270,convex
manhattan,2,73,0.278270,bellman
manhattan,2,74,0.278270,convex
manhattan,2,75,0.280000,bellman
manhattan,2,76,0.278270,bellman
manhattan,2,77,0.255810,bellman
manhattan,2,78,0.299910,bellman
manhattan,2,79,0.283680,bellman
manhattan,2,80,0.000000,convex
manhattan,2,81,0.233330,convex
manhattan,2,82,0.278270,convex
manhattan,2,83,0.165930,convex
manhattan,2,84,0.299910,convex
manhattan,2,85,0.218780,convex
manhattan,3,0,0.280000,bellman
manhattan,3,1,0.000000,convex
manhattan,3,2,0.280000,bellman
manhattan,3,3,0.233330,convex
manhattan,3,4,0.463730,bellman
manhattan,3,5,0.463730,convex
manhattan,3,6,0.464310,bellman
manhattan,3,7,0.463730,convex
manhattan,3,8,0.466610,bellman
manhattan,3,9,0.466610,convex
manhattan,3,10,0.466620,bellman
manhattan,3,11,0.466610,convex
manhattan,3,12,0.496760,bellman
manhattan,3,13,0.494730,convex
manhattan,3,14,0.499440,bellman
manhattan,3,15,0.498040,convex
manhattan,3,16,0.499940,bellman
manhattan,3,17,0.499770,convex
manhattan,3,18,0.494710,convex
manhattan,3,19,0.497480,convex
manhattan,3,20,0.499770,convex
manhattan,3,21,0.494770,convex
manhattan,3,22,0.497770,convex
manhattan,3,23,0.499940,bellman
manhattan,3,24,0.499780,convex
manhattan,3,25,0.299910,bellman
manhattan,3,26,0.484100,bellman
manhattan,3,27,0.494660,convex
manhattan,3,28,0.497480,bellman
manhattan,3,29,0.497350,convex
manhattan,3,30,0.499700,bellman
manhattan,3,31,0.499770,convex
manhattan,3,32,0.494770,convex
manhattan,3,33,0.497850,convex
manhattan,3,34,0.499780,convex
manhattan,3,35,0.494760,convex
manhattan,3,36,0.498140,convex
manhattan,3,37,0.499790,convex
manhattan,3,38,0.494700,convex
manhattan,3,39,0.497430,convex
manhattan,3,40,0.499770,convex
manhattan,3,41,0.464310,bellman
manhattan,3,42,0.463730,convex
manhattan,3,43,0.466610,bellman
manhattan,3,44,0.466610,convex
manhattan,3,45,0.466620,bellman
manhattan,3,46,0.466610,convex
manhattan,3,47,0.280000,bellman
manhattan,3,48,0.280000,bellman
manhattan,3,49,0.463730,convex
manhattan,3,50,0.463160,bellman
manhattan,3,51,0.462010,bellman
manhattan,3,52,0.494660,convex
manhattan,3,53,0.497350,convex
manhattan,3,54,0.499770,convex
manhattan,3,55,0.494800,convex
manhattan,3,56,0.498230,convex
manhattan,3,57,0.499810,convex
manhattan,3,58,0.494780,convex
manhattan,3,59,0.497990,convex
manhattan,3,60,0.499780,convex
manhattan,3,61,0.497480,bellman
manhattan,3,62,0.499700,bellman
manhattan,3,63,0.494660,convex
manhattan,3,64,0.497350,convex
manhattan,3,65,0.499770,convex
manhattan,3,66,0.494620,convex
manhattan,3,67,0.497650,convex
manhattan,3,68,0.499660,convex
manhattan,3,69,0.463730,bellman
manhattan,3,70,0.463730,bellman
manhattan,3,71,0.463730,bellman
manhattan,3,72,0.463730,convex
manhattan,3,73,0.463730,bellman
manhattan,3,74,0.463730,convex
manhattan,3,75,0.280000,bellman
manhattan,3,76,0.463730,bellman
manhattan,3,77,0.463140,bellman
manhattan,3,78,0.466610,bellman
manhattan,3,79,0.466600,bellman
manhattan,3,80,0.000000,convex
manhattan,3,81,0.233330,convex
manhattan,3,82,0.463730,convex
manhattan,3,83,0.460810,convex
manhattan,3,84,0.466610,convex
manhattan,3,85,0.466560,convex
manila,0,0,0.597720,bellman
manila,0,1,0.000000,convex
manila,0,2,0.597720,bellman
manila,0,3,0.498100,convex
manila,0,4,0.900170,bellman
manila,0,5,0.900170,convex
manila,0,6,0.917520,bellman
manila,0,7,0.900170,convex
manila,0,8,0.970210,bellman
manila,0,9,0.970210,convex
manila,0,10,0.974750,bellman
manila,0,11,0.970210,convex
manila,0,12,0.716750,bellman
manila,0,13,0.011620,convex
manila,0,14,0.804480,bellman
manila,0,15,0.537080,convex
manila,0,16,0.533110,bellman
manila,0,17,0.559480,convex
manila,0,18,0.008960,convex
manila,0,19,0.216450,convex
manila,0,20,0.563160,convex
manila,0,21,0.010510,convex
manila,0,22,0.319540,convex
manila,0,23,0.533110,bellman
manila,0,24,0.562270,convex
manila,0,25,0.593220,bellman
manila,0,26,0.913450,bellman
manila,0,27,0.007290,convex
manila,0,28,0.486050,bellman
manila,0,29,0.168220,convex
manila,0,30,0.584520,bellman
manila,0,31,0.563720,convex
manila,0,32,0.010740,convex
manila,0,33,0.348020,convex
manila,0,34,0.562180,convex
manila,0,35,0.011530,convex
manila,0,36,0.509750,convex
manila,0,37,0.560120,convex
manila,0,38,0.008450,convex
manila,0,39,0.197890,convex
manila,0,40,0.563490,convex
manila,0,41,0.917520,bellman
manila,0,42,0.900160,convex
manila,0,43,0.970210,bellman
manila,0,44,0.970200,convex
manila,0,45,0.974750,bellman
manila,0,46,0.970060,convex
manila,0,47,0.597720,bellman
manila,0,48,0.597720,bellman
manila,0,49,0.900170,convex
manila,0,50,0.891180,bellman
manila,0,51,0.863320,bellman
manila,0,52,0.007280,convex
manila,0,53,0.167930,convex
manila,0,54,0.563560,convex
manila,0,55,0.011450,convex
manila,0,56,0.482990,convex
manila,0,57,0.560330,convex
manila,0,58,0.011070,convex
manila,0,59,0.398540,convex
manila,0,60,0.561480,convex
manila,0,61,0.486050,bellman
manila,0,62,0.584520,bellman
manila,0,63,0.007380,convex
manila,0,64,0.169980,convex
manila,0,65,0.561450,convex
manila,0,66,0.011870,convex
manila,0,67,0.645420,convex
manila,0,68,0.554780,convex
manila,0,69,0.900170,bellman
manila,0,70,0.900170,bellman
manila,0,71,0.900170,bellman
manila,0,72,0.900170,convex
manila,0,73,0.900170,bellman
manila,0,74,0.900170,convex
manila,0,75,0.597720,bellman
manila,0,76,0.900170,bellman
manila,0,77,0.882810,bellman
manila,0,78,0.970210,bellman
manila,0,79,0.965680,bellman
manila,0,80,0.000000,convex
manila,0,81,0.498100,convex
manila,0,82,0.900170,convex
manila,0,83,0.813390,convex
manila,0,84,0.970210,convex
manila,0,85,0.947540,convex
manila,1,0,0.594420,bellman
manila,1,1,0.000000,convex
manila,1,2,0.594420,bellman
manila,1,3,0.495350,convex
manila,1,4,0.976440,bellman
manila,1,5,0.976440,convex
manila,1,6,0.979250,bellman
manila,1,7,0.976440,convex
manila,1,8,0.990100,bellman
manila,1,9,0.990100,convex
manila,1,10,0.990220,bellman
manila,1,11,0.990100,convex
manila,1,12,0.772300,bellman
manila,1,13,0.018920,convex
manila,1,14,0.788890,bellman
manila,1,15,0.474300,convex
manila,1,16,0.507630,bellman
manila,1,17,0.512000,convex
manila,1,18,0.018490,convex
manila,1,19,0.106860,convex
manila,1,20,0.512750,convex
manila,1,21,0.018740,convex
manila,1,22,0.225000,convex
manila,1,23,0.507630,bellman
manila,1,24,0.512570,convex
manila,1,25,0.583580,bellman
manila,1,26,0.968570,bellman
manila,1,27,0.018220,convex
manila,1,28,0.498240,bellman
manila,1,29,0.051580,convex
manila,1,30,0.515980,bellman
manila,1,31,0.512830,convex
manila,1,32,0.018780,convex
manila,1,33,0.257630,convex
manila,1,34,0.512610,convex
manila,1,35,0.018910,convex
manila,1,36,0.442980,convex
manila,1,37,0.512210,convex
manila,1,38,0.018410,convex
manila,1,39,0.085590,convex
manila,1,40,0.512870,convex
manila,1,41,0.979250,bellman
manila,1,42,0.976440,convex
manila,1,43,0.990100,bellman
manila,1,44,0.990090,convex
manila,1,45,0.990220,bellman
manila,1,46,0.990090,convex
manila,1,47,0.594420,bellman
manila,1,48,0.594420,bellman
manila,1,49,0.976440,convex
manila,1,50,0.973830,bellman
manila,1,51,0.968370,bellman
manila,1,52,0.018220,convex
manila,1,53,0.051250,convex
manila,1,54,0.512640,convex
manila,1,55,0.018900,convex
manila,1,56,0.412320,convex
manila,1,57,0.512060,convex
manila,1,58,0.018840,convex
manila,1,59,0.315540,convex
manila,1,60,0.512470,convex
manila,1,61,0.498240,bellman
manila,1,62,0.515980,bellman
manila,1,63,0.018240,convex
manila,1,64,0.053610,convex
manila,1,65,0.510210,convex
manila,1,66,0.018960,convex
manila,1,67,0.598460,convex
manila,1,68,0.509030,convex
manila,1,69,0.976440,bellman
manila,1,70,0.976440,bellman
manila,1,71,0.976440,bellman
manila,1,72,0.976440,convex
manila,1,73,0.976440,bellman
manila,1,74,0.976440,convex
manila,1,75,0.594420,bellman
manila,1,76,0.976440,bellman
manila,1,77,0.973630,bellman
manila,1,78,0.990100,bellman
manila,1,79,0.989980,bellman
manila,1,80,0.000000,convex
manila,1,81,0.495350,convex
manila,1,82,0.976440,convex
manila,1,83,0.962380,convex
manila,1,84,0.990100,convex
manila,1,85,0.989500,convex
montreal,0,0,0.597770,bellman
montreal,0,1,0.000000,convex
montreal,0,2,0.597770,bellman
montreal,0,3,0.498140,convex
montreal,0,4,0.989200,bellman
montreal,0,5,0.989200,convex
montreal,0,6,0.990610,bellman
montreal,0,7,0.989200,convex
montreal,0,8,0.996130,bellman
montreal,0,9,0.996130,convex
montreal,0,10,0.996160,bellman
montreal,0,11,0.996130,convex
montreal,0,12,0.787710,bellman
montreal,0,13,0.007750,convex
montreal,0,14,0.796070,bellman
montreal,0,15,0.468790,convex
montreal,0,16,0.504030,bellman
montreal,0,17,0.506130,convex
montreal,0,18,0.007540,convex
montreal,0,19,0.085210,convex
montreal,0,20,0.506510,convex
montreal,0,21,0.007670,convex
montreal,0,22,0.208530,convex
montreal,0,23,0.504030,bellman
montreal,0,24,0.506470,convex
montreal,0,25,0.593350,bellman
montreal,0,26,0.986220,bellman
montreal,0,27,0.007400,convex
montreal,0,28,0.499220,bellman
montreal,0,29,0.027500,convex
montreal,0,30,0.508230,bellman
montreal,0,31,0.506600,convex
montreal,0,32,0.007680,convex
montreal,0,33,0.242610,convex
montreal,0,34,0.506550,convex
montreal,0,35,0.007750,convex
montreal,0,36,0.436100,convex
montreal,0,37,0.506400,convex
montreal,0,38,0.007500,convex
montreal,0,39,0.063000,convex
montreal,0,40,0.506740,convex
montreal,0,41,0.990610,bellman
montreal,0,42,0.989200,convex
montreal,0,43,0.996130,bellman
montreal,0,44,0.996120,convex
montreal,0,45,0.996160,bellman
montreal,0,46,0.996120,convex
montreal,0,47,0.597770,bellman
montreal,0,48,0.597770,bellman
montreal,0,49,0.989200,convex
montreal,0,50,0.987850,bellman
montreal,0,51,0.985080,bellman
montreal,0,52,0.007400,convex
montreal,0,53,0.027160,convex
montreal,0,54,0.506400,convex
montreal,0,55,0.007740,convex
montreal,0,56,0.404080,convex
montreal,0,57,0.506110,convex
montreal,0,58,0.007710,convex
montreal,0,59,0.303050,convex
montreal,0,60,0.506360,convex
montreal,0,61,0.499220,bellman
montreal,0,62,0.508230,bellman
montreal,0,63,0.007410,convex
montreal,0,64,0.029610,convex
montreal,0,65,0.503880,convex
montreal,0,66,0.007780,convex
montreal,0,67,0.598410,convex
montreal,0,68,0.503270,convex
montreal,0,69,0.989200,bellman
montreal,0,70,0.989200,bellman
montreal,0,71,0.989200,bellman
montreal,0,72,0.989200,convex
montreal,0,73,0.989200,bellman
montreal,0,74,0.989200,convex
montreal,0,75,0.597770,bellman
montreal,0,76,0.989200,bellman
montreal,0,77,0.987800,bellman
montreal,0,78,0.996130,bellman
montreal,0,79,0.996100,bellman
montreal,0,80,0.000000,convex
montreal,0,81,0.498140,convex
montreal,0,82,0.989200,convex
montreal,0,83,0.982180,convex
montreal,0,84,0.996130,convex
montreal,0,85,0.995980,convex
montreal,1,0,0.597770,bellman
montreal,1,1,0.000000,convex
montreal,1,2,0.597770,bellman
montreal,1,3,0.498140,convex
montreal,1,4,0.899940,bellman
montreal,1,5,0.899940,convex
montreal,1,6,0.917340,bellman
montreal,1,7,0.899940,convex
montreal,1,8,0.970130,bellman
montreal,1,9,0.970130,convex
montreal,1,10,0.974690,bellman
montreal,1,11,0.970130,convex
montreal,1,12,0.716630,bellman
montreal,1,13,0.011500,convex
montreal,1,14,0.804550,bellman
montreal,1,15,0.537270,convex
montreal,1,16,0.533170,bellman
montreal,1,17,0.559560,convex
montreal,1,18,0.008830,convex
montreal,1,19,0.216710,convex
montreal,1,20,0.563250,convex
montreal,1,21,0.010380,convex
montreal,1,22,0.319770,convex
montreal,1,23,0.533170,bellman
montreal,1,24,0.562360,convex
montreal,1,25,0.593350,bellman
montreal,1,26,0.913350,bellman
montreal,1,27,0.007160,convex
montreal,1,28,0.486010,bellman
montreal,1,29,0.168490,convex
montreal,1,30,0.584720,bellman
montreal,1,31,0.563810,convex
montreal,1,32,0.010620,convex
montreal,1,33,0.348250,convex
montreal,1,34,0.562270,convex
montreal,1,35,0.011410,convex
montreal,1,36,0.509950,convex
montreal,1,37,0.560250,convex
montreal,1,38,0.008320,convex
montreal,1,39,0.198150,convex
montreal,1,40,0.563630,convex
montreal,1,41,0.917340,bellman
montreal,1,42,0.899930,convex
montreal,1,43,0.970130,bellman
montreal,1,44,0.970110,convex
montreal,1,45,0.974690,bellman
montreal,1,46,0.969970,convex
montreal,1,47,0.597770,bellman
montreal,1,48,0.597770,bellman
montreal,1,49,0.899940,convex
montreal,1,50,0.890950,bellman
montreal,1,51,0.863030,bellman
montreal,1,52,0.007140,convex
montreal,1,53,0.168200,convex
montreal,1,54,0.563650,convex
montreal,1,55,0.011320,convex
montreal,1,56,0.483190,convex
montreal,1,57,0.560410,convex
montreal,1,58,0.010950,convex
montreal,1,59,0.398760,convex
montreal,1,60,0.561560,convex
montreal,1,61,0.486010,bellman
montreal,1,62,0.584720,bellman
montreal,1,63,0.007240,convex
montreal,1,64,0.170250,convex
montreal,1,65,0.561540,convex
montreal,1,66,0.011750,convex
montreal,1,67,0.645590,convex
montreal,1,68,0.554850,convex
montreal,1,69,0.899940,bellman
montreal,1,70,0.899940,bellman
montreal,1,71,0.899940,bellman
montreal,1,72,0.899940,convex
montreal,1,73,0.899940,bellman
montreal,1,74,0.899940,convex
montreal,1,75,0.597770,bellman
montreal,1,76,0.899940,bellman
montreal,1,77,0.882530,bellman
montreal,1,78,0.970130,bellman
montreal,1,79,0.965570,bellman
montreal,1,80,0.000000,convex
montreal,1,81,0.498140,convex
montreal,1,82,0.899940,convex
montreal,1,83,0.812910,convex
montreal,1,84,0.970130,convex
montreal,1,85,0.947320,convex
montreal,2,0,0.588850,bellman
montreal,2,1,0.000000,convex
montreal,2,2,0.588850,bellman
montreal,2,3,0.490710,convex
montreal,2,4,0.974450,bellman
montreal,2,5,0.974450,convex
montreal,2,6,0.975840,bellman
montreal,2,7,0.974450,convex
montreal,2,8,0.981270,bellman
montreal,2,9,0.981270,convex
montreal,2,10,0.981300,bellman
montreal,2,11,0.981270,convex
montreal,2,12,0.762330,bellman
montreal,2,13,0.036590,convex
montreal,2,14,0.770660,bellman
montreal,2,15,0.464460,convex
montreal,2,16,0.503670,bellman
montreal,2,17,0.505650,convex
montreal,2,18,0.036380,convex
montreal,2,19,0.108960,convex
montreal,2,20,0.506020,convex
montreal,2,21,0.036500,convex
montreal,2,22,0.223250,convex
montreal,2,23,0.503670,bellman
montreal,2,24,0.505970,convex
montreal,2,25,0.567780,bellman
montreal,2,26,0.954920,bellman
montreal,2,27,0.036250,convex
montreal,2,28,0.499040,bellman
montreal,2,29,0.055480,convex
montreal,2,30,0.507750,bellman
montreal,2,31,0.506100,convex
montreal,2,32,0.036520,convex
montreal,2,33,0.254830,convex
montreal,2,34,0.506020,convex
montreal,2,35,0.036580,convex
montreal,2,36,0.434160,convex
montreal,2,37,0.505800,convex
montreal,2,38,0.036340,convex
montreal,2,39,0.088380,convex
montreal,2,40,0.506130,convex
montreal,2,41,0.975840,bellman
montreal,2,42,0.974450,convex
montreal,2,43,0.981270,bellman
montreal,2,44,0.981270,convex
montreal,2,45,0.981300,bellman
montreal,2,46,0.981270,convex
montreal,2,47,0.588850,bellman
montreal,2,48,0.588850,bellman
montreal,2,49,0.974450,convex
montreal,2,50,0.973120,bellman
montreal,2,51,0.970390,bellman
montreal,2,52,0.036240,convex
montreal,2,53,0.055160,convex
montreal,2,54,0.505910,convex
montreal,2,55,0.036580,convex
montreal,2,56,0.404490,convex
montreal,2,57,0.505630,convex
montreal,2,58,0.036550,convex
montreal,2,59,0.310850,convex
montreal,2,60,0.505880,convex
montreal,2,61,0.499040,bellman
montreal,2,62,0.507750,bellman
montreal,2,63,0.036250,convex
montreal,2,64,0.057430,convex
montreal,2,65,0.503530,convex
montreal,2,66,0.036610,convex
montreal,2,67,0.584590,convex
montreal,2,68,0.502960,convex
montreal,2,69,0.974450,bellman
montreal,2,70,0.974450,bellman
montreal,2,71,0.974450,bellman
montreal,2,72,0.974450,convex
montreal,2,73,0.974450,bellman
montreal,2,74,0.974450,convex
montreal,2,75,0.588850,bellman
montreal,2,76,0.974450,bellman
montreal,2,77,0.973070,bellman
montreal,2,78,0.981270,bellman
montreal,2,79,0.981240,bellman
montreal,2,80,0.000000,convex
montreal,2,81,0.490710,convex
montreal,2,82,0.974450,convex
montreal,2,83,0.967530,convex
montreal,2,84,0.981270,convex
montreal,2,85,0.981130,convex
montreal,3,0,0.588850,bellman
montreal,3,1,0.000000,convex
montreal,3,2,0.588850,bellman
montreal,3,3,0.490710,convex
montreal,3,4,0.886520,bellman
montreal,3,5,0.886520,convex
montreal,3,6,0.903660,bellman
montreal,3,7,0.886520,convex
montreal,3,8,0.955660,bellman
montreal,3,9,0.955660,convex
montreal,3,10,0.960160,bellman
montreal,3,11,0.955660,convex
montreal,3,12,0.693540,bellman
montreal,3,13,0.037660,convex
montreal,3,14,0.781350,bellman
montreal,3,15,0.530410,convex
montreal,3,16,0.529140,bellman
montreal,3,17,0.553100,convex
montreal,3,18,0.035040,convex
montreal,3,19,0.234040,convex
montreal,3,20,0.556790,convex
montreal,3,21,0.036570,convex
montreal,3,22,0.329320,convex
montreal,3,23,0.529140,bellman
montreal,3,24,0.555780,convex
montreal,3,25,0.567780,bellman
montreal,3,26,0.884630,bellman
montreal,3,27,0.033390,convex
montreal,3,28,0.483780,bellman
montreal,3,29,0.189450,convex
montreal,3,30,0.579210,bellman
montreal,3,31,0.557190,convex
montreal,3,32,0.036800,convex
montreal,3,33,0.355650,convex
montreal,3,34,0.555670,convex
montreal,3,35,0.037580,convex
montreal,3,36,0.505150,convex
montreal,3,37,0.553680,convex
montreal,3,38,0.034530,convex
montreal,3,39,0.216880,convex
montreal,3,40,0.557020,convex
montreal,3,41,0.903660,bellman
montreal,3,42,0.886510,convex
montreal,3,43,0.955660,bellman
montreal,3,44,0.955650,convex
montreal,3,45,0.960160,bellman
montreal,3,46,0.955510,convex
montreal,3,47,0.588850,bellman
montreal,3,48,0.588850,bellman
montreal,3,49,0.886520,convex
montreal,3,50,0.877660,bellman
montreal,3,51,0.850160,bellman
montreal,3,52,0.033380,convex
montreal,3,53,0.189180,convex
montreal,3,54,0.557040,convex
montreal,3,55,0.037490,convex
montreal,3,56,0.480410,convex
montreal,3,57,0.553920,convex
montreal,3,58,0.037120,convex
montreal,3,59,0.402350,convex
montreal,3,60,0.555210,convex
montreal,3,61,0.483780,bellman
montreal,3,62,0.579210,bellman
montreal,3,63,0.033470,convex
montreal,3,64,0.191080,convex
montreal,3,65,0.555060,convex
montreal,3,66,0.037910,convex
montreal,3,67,0.630550,convex
montreal,3,68,0.548630,convex
montreal,3,69,0.886520,bellman
montreal,3,70,0.886520,bellman
montreal,3,71,0.886520,bellman
montreal,3,72,0.886520,convex
montreal,3,73,0.886520,bellman
montreal,3,74,0.886520,convex
montreal,3,75,0.588850,bellman
montreal,3,76,0.886520,bellman
montreal,3,77,0.869370,bellman
montreal,3,78,0.955660,bellman
montreal,3,79,0.951170,bellman
montreal,3,80,0.000000,convex
montreal,3,81,0.490710,convex
montreal,3,82,0.886520,convex
montreal,3,83,0.800790,convex
montreal,3,84,0.955660,convex
montreal,3,85,0.933200,convex
mumbai,0,0,0.598140,bellman
mumbai,0,1,0.000000,convex
mumbai,0,2,0.598140,bellman
mumbai,0,3,0.498450,convex
mumbai,0,4,0.983930,bellman
mumbai,0,5,0.983930,convex
mumbai,0,6,0.986490,bellman
mumbai,0,7,0.983930,convex
mumbai,0,8,0.996390,bellman
mumbai,0,9,0.996390,convex
mumbai,0,10,0.996490,bellman
mumbai,0,11,0.996390,convex
mumbai,0,12,0.784110,bellman
mumbai,0,13,0.006820,convex
mumbai,0,14,0.799170,bellman
mumbai,0,15,0.474930,convex
mumbai,0,16,0.507210,bellman
mumbai,0,17,0.511220,convex
mumbai,0,18,0.006430,convex
mumbai,0,19,0.094680,convex
mumbai,0,20,0.511900,convex
mumbai,0,21,0.006660,convex
mumbai,0,22,0.216930,convex
mumbai,0,23,0.507210,bellman
mumbai,0,24,0.511750,convex
mumbai,0,25,0.594440,bellman
mumbai,0,26,0.982840,bellman
mumbai,0,27,0.006180,convex
mumbai,0,28,0.498560,bellman
mumbai,0,29,0.037470,convex
mumbai,0,30,0.514860,bellman
mumbai,0,31,0.512000,convex
mumbai,0,32,0.006690,convex
mumbai,0,33,0.250710,convex
mumbai,0,34,0.511820,convex
mumbai,0,35,0.006810,convex
mumbai,0,36,0.442520,convex
mumbai,0,37,0.511530,convex
mumbai,0,38,0.006350,convex
mumbai,0,39,0.072660,convex
mumbai,0,40,0.512130,convex
mumbai,0,41,0.986490,bellman
mumbai,0,42,0.983930,convex
mumbai,0,43,0.996390,bellman
mumbai,0,44,0.996390,convex
mumbai,0,45,0.996490,bellman
mumbai,0,46,0.996390,convex
mumbai,0,47,0.598140,bellman
mumbai,0,48,0.598140,bellman
mumbai,0,49,0.983930,convex
mumbai,0,50,0.981540,bellman
mumbai,0,51,0.976560,bellman
mumbai,0,52,0.006180,convex
mumbai,0,53,0.037130,convex
mumbai,0,54,0.511800,convex
mumbai,0,55,0.006800,convex
mumbai,0,56,0.410780,convex
mumbai,0,57,0.511270,convex
mumbai,0,58,0.006740,convex
mumbai,0,59,0.310630,convex
mumbai,0,60,0.511640,convex
mumbai,0,61,0.498560,bellman
mumbai,0,62,0.514860,bellman
mumbai,0,63,0.006200,convex
mumbai,0,64,0.039570,convex
mumbai,0,65,0.509300,convex
mumbai,0,66,0.006860,convex
mumbai,0,67,0.603420,convex
mumbai,0,68,0.508210,convex
mumbai,0,69,0.983930,bellman
mumbai,0,70,0.983930,bellman
mumbai,0,71,0.983930,bellman
mumbai,0,72,0.983930,convex
mumbai,0,73,0.983930,bellman
mumbai,0,74,0.983930,convex
mumbai,0,75,0.598140,bellman
mumbai,0,76,0.983930,bellman
mumbai,0,77,0.981370,bellman
mumbai,0,78,0.996390,bellman
mumbai,0,79,0.996290,bellman
mumbai,0,80,0.000000,convex
mumbai,0,81,0.498450,convex
mumbai,0,82,0.983930,convex
mumbai,0,83,0.971140,convex
mumbai,0,84,0.996390,convex
mumbai,0,85,0.995900,convex
mumbai,1,0,0.598140,bellman
mumbai,1,1,0.000000,convex
mumbai,1,2,0.598140,bellman
mumbai,1,3,0.498450,convex
mumbai,1,4,0.896010,bellman
mumbai,1,5,0.896010,convex
mumbai,1,6,0.914140,bellman
mumbai,1,7,0.896010,convex
mumbai,1,8,0.968330,bellman
mumbai,1,9,0.968330,convex
mumbai,1,10,0.973280,bellman
mumbai,1,11,0.968330,convex
mumbai,1,12,0.714040,bellman
mumbai,1,13,0.010560,convex
mumbai,1,14,0.804780,bellman
mumbai,1,15,0.539850,convex
mumbai,1,16,0.533820,bellman
mumbai,1,17,0.561270,convex
mumbai,1,18,0.007790,convex
mumbai,1,19,0.221140,convex
mumbai,1,20,0.565060,convex
mumbai,1,21,0.009400,convex
mumbai,1,22,0.323610,convex
mumbai,1,23,0.533820,bellman
mumbai,1,24,0.564170,convex
mumbai,1,25,0.594440,bellman
mumbai,1,26,0.910820,bellman
mumbai,1,27,0.006040,convex
mumbai,1,28,0.485280,bellman
mumbai,1,29,0.173190,convex
mumbai,1,30,0.587510,bellman
mumbai,1,31,0.565680,convex
mumbai,1,32,0.009650,convex
mumbai,1,33,0.351920,convex
mumbai,1,34,0.564080,convex
mumbai,1,35,0.010480,convex
mumbai,1,36,0.512680,convex
mumbai,1,37,0.561980,convex
mumbai,1,38,0.007250,convex
mumbai,1,39,0.202690,convex
mumbai,1,40,0.565470,convex
mumbai,1,41,0.914140,bellman
mumbai,1,42,0.896000,convex
mumbai,1,43,0.968330,bellman
mumbai,1,44,0.968310,convex
mumbai,1,45,0.973280,bellman
mumbai,1,46,0.968160,convex
mumbai,1,47,0.598140,bellman
mumbai,1,48,0.598140,bellman
mumbai,1,49,0.896010,convex
mumbai,1,50,0.887050,bellman
mumbai,1,51,0.858300,bellman
mumbai,1,52,0.006030,convex
mumbai,1,53,0.172900,convex
mumbai,1,54,0.565510,convex
mumbai,1,55,0.010380,convex
mumbai,1,56,0.486090,convex
mumbai,1,57,0.562160,convex
mumbai,1,58,0.009990,convex
mumbai,1,59,0.402140,convex
mumbai,1,60,0.563300,convex
mumbai,1,61,0.485280,bellman
mumbai,1,62,0.587510,bellman
mumbai,1,63,0.006130,convex
mumbai,1,64,0.174940,convex
mumbai,1,65,0.563420,convex
mumbai,1,66,0.010820,convex
mumbai,1,67,0.647550,convex
mumbai,1,68,0.556490,convex
mumbai,1,69,0.896010,bellman
mumbai,1,70,0.896010,bellman
mumbai,1,71,0.896010,bellman
mumbai,1,72,0.896010,convex
mumbai,1,73,0.896010,bellman
mumbai,1,74,0.896010,convex
mumbai,1,75,0.598140,bellman
mumbai,1,76,0.896010,bellman
mumbai,1,77,0.877870,bellman
mumbai,1,78,0.968330,bellman
mumbai,1,79,0.963380,bellman
mumbai,1,80,0.000000,convex
mumbai,1,81,0.498450,convex
mumbai,1,82,0.896010,convex
mumbai,1,83,0.805330,convex
mumbai,1,84,0.968330,convex
mumbai,1,85,0.943590,convex
mumbai,2,0,0.586320,bellman
mumbai,2,1,0.000000,convex
mumbai,2,2,0.586320,bellman
mumbai,2,3,0.488600,convex
mumbai,2,4,0.964490,bellman
mumbai,2,5,0.964490,convex
mumbai,2,6,0.967000,bellman
mumbai,2,7,0.964490,convex
mumbai,2,8,0.976710,bellman
mumbai,2,9,0.976710,convex
mumbai,2,10,0.976800,bellman
mumbai,2,11,0.976710,convex
mumbai,2,12,0.750910,bellman
mumbai,2,13,0.044680,convex
mumbai,2,14,0.765900,bellman
mumbai,2,15,0.469040,convex
mumbai,2,16,0.506350,bellman
mumbai,2,17,0.509970,convex
mumbai,2,18,0.044290,convex
mumbai,2,19,0.125450,convex
mumbai,2,20,0.510650,convex
mumbai,2,21,0.044510,convex
mumbai,2,22,0.235910,convex
mumbai,2,23,0.506350,bellman
mumbai,2,24,0.510470,convex
mumbai,2,25,0.560800,bellman
mumbai,2,26,0.941810,bellman
mumbai,2,27,0.044050,convex
mumbai,2,28,0.498130,bellman
mumbai,2,29,0.073750,convex
mumbai,2,30,0.513700,bellman
mumbai,2,31,0.510710,convex
mumbai,2,32,0.044550,convex
mumbai,2,33,0.266430,convex
mumbai,2,34,0.510470,convex
mumbai,2,35,0.044660,convex
mumbai,2,36,0.439750,convex
mumbai,2,37,0.510120,convex
mumbai,2,38,0.044220,convex
mumbai,2,39,0.105550,convex
mumbai,2,40,0.510710,convex
mumbai,2,41,0.967000,bellman
mumbai,2,42,0.964490,convex
mumbai,2,43,0.976710,bellman
mumbai,2,44,0.976700,convex
mumbai,2,45,0.976800,bellman
mumbai,2,46,0.976700,convex
mumbai,2,47,0.586320,bellman
mumbai,2,48,0.586320,bellman
mumbai,2,49,0.964490,convex
mumbai,2,50,0.962150,bellman
mumbai,2,51,0.957270,bellman
mumbai,2,52,0.044050,convex
mumbai,2,53,0.073440,convex
mumbai,2,54,0.510520,convex
mumbai,2,55,0.044650,convex
mumbai,2,56,0.411080,convex
mumbai,2,57,0.510020,convex
mumbai,2,58,0.044600,convex
mumbai,2,59,0.320580,convex
mumbai,2,60,0.510410,convex
mumbai,2,61,0.498130,bellman
mumbai,2,62,0.513700,bellman
mumbai,2,63,0.044060,convex
mumbai,2,64,0.075650,convex
mumbai,2,65,0.508220,convex
mumbai,2,66,0.044710,convex
mumbai,2,67,0.585140,convex
mumbai,2,68,0.507180,convex
mumbai,2,69,0.964490,bellman
mumbai,2,70,0.964490,bellman
mumbai,2,71,0.964490,bellman
mumbai,2,72,0.964490,convex
mumbai,2,73,0.964490,bellman
mumbai,2,74,0.964490,convex
mumbai,2,75,0.586320,bellman
mumbai,2,76,0.964490,bellman
mumbai,2,77,0.961990,bellman
mumbai,2,78,0.976710,bellman
mumbai,2,79,0.976610,bellman
mumbai,2,80,0.000000,convex
mumbai,2,81,0.488600,convex
mumbai,2,82,0.964490,convex
mumbai,2,83,0.951960,convex
mumbai,2,84,0.976710,convex
mumbai,2,85,0.976220,convex
mumbai,3,0,0.586320,bellman
mumbai,3,1,0.000000,convex
mumbai,3,2,0.586320,bellman
mumbai,3,3,0.488600,convex
mumbai,3,4,0.878310,bellman
mumbai,3,5,0.878310,convex
mumbai,3,6,0.896080,bellman
mumbai,3,7,0.878310,convex
mumbai,3,8,0.949200,bellman
mumbai,3,9,0.949200,convex
mumbai,3,10,0.954050,bellman
mumbai,3,11,0.949200,convex
mumbai,3,12,0.683810,bellman
mumbai,3,13,0.044950,convex
mumbai,3,14,0.774380,bellman
mumbai,3,15,0.530730,convex
mumbai,3,16,0.528320,bellman
mumbai,3,17,0.552460,convex
mumbai,3,18,0.042230,convex
mumbai,3,19,0.243640,convex
mumbai,3,20,0.556260,convex
mumbai,3,21,0.043810,convex
mumbai,3,22,0.335940,convex
mumbai,3,23,0.528320,bellman
mumbai,3,24,0.555200,convex
mumbai,3,25,0.560800,bellman
mumbai,3,26,0.873150,bellman
mumbai,3,27,0.040520,convex
mumbai,3,28,0.482220,bellman
mumbai,3,29,0.200450,convex
mumbai,3,30,0.579980,bellman
mumbai,3,31,0.556650,convex
mumbai,3,32,0.044060,convex
mumbai,3,33,0.361440,convex
mumbai,3,34,0.555050,convex
mumbai,3,35,0.044870,convex
mumbai,3,36,0.506260,convex
mumbai,3,37,0.553020,convex
mumbai,3,38,0.041700,convex
mumbai,3,39,0.227020,convex
mumbai,3,40,0.556450,convex
mumbai,3,41,0.896080,bellman
mumbai,3,42,0.878300,convex
mumbai,3,43,0.949200,bellman
mumbai,3,44,0.949180,convex
mumbai,3,45,0.954050,bellman
mumbai,3,46,0.949030,convex
mumbai,3,47,0.586320,bellman
mumbai,3,48,0.586320,bellman
mumbai,3,49,0.878310,convex
mumbai,3,50,0.869520,bellman
mumbai,3,51,0.841350,bellman
mumbai,3,52,0.040500,convex
mumbai,3,53,0.200190,convex
mumbai,3,54,0.556500,convex
mumbai,3,55,0.044770,convex
mumbai,3,56,0.482300,convex
mumbai,3,57,0.553300,convex
mumbai,3,58,0.044390,convex
mumbai,3,59,0.406680,convex
mumbai,3,60,0.554650,convex
mumbai,3,61,0.482220,bellman
mumbai,3,62,0.579980,bellman
mumbai,3,63,0.040610,convex
mumbai,3,64,0.202030,convex
mumbai,3,65,0.554570,convex
mumbai,3,66,0.045200,convex
mumbai,3,67,0.627740,convex
mumbai,3,68,0.547990,convex
mumbai,3,69,0.878310,bellman
mumbai,3,70,0.878310,bellman
mumbai,3,71,0.878310,bellman
mumbai,3,72,0.878310,convex
mumbai,3,73,0.878310,bellman
mumbai,3,74,0.878310,convex
mumbai,3,75,0.586320,bellman
mumbai,3,76,0.878310,bellman
mumbai,3,77,0.860530,bellman
mumbai,3,78,0.949200,bellman
mumbai,3,79,0.944350,bellman
mumbai,3,80,0.000000,convex
mumbai,3,81,0.488600,convex
mumbai,3,82,0.878310,convex
mumbai,3,83,0.789420,convex
mumbai,3,84,0.949200,convex
mumbai,3,85,0.924950,convex
nairobi,0,0,0.597280,bellman
nairobi,0,1,0.000000,convex
nairobi,0,2,0.597280,bellman
nairobi,0,3,0.497740,convex
nairobi,0,4,0.937740,bellman
nairobi,0,5,0.937740,convex
nairobi,0,6,0.948610,bellman
nairobi,0,7,0.937740,convex
nairobi,0,8,0.985810,bellman
nairobi,0,9,0.985810,convex
nairobi,0,10,0.987600,bellman
nairobi,0,11,0.985810,convex
nairobi,0,12,0.745990,bellman
nairobi,0,13,0.011490,convex
nairobi,0,14,0.805190,bellman
nairobi,0,15,0.512900,convex
nairobi,0,16,0.525200,bellman
nairobi,0,17,0.542310,convex
nairobi,0,18,0.009820,convex
nairobi,0,19,0.167970,convex
nairobi,0,20,0.544880,convex
nairobi,0,21,0.010790,convex
nairobi,0,22,0.278870,convex
nairobi,0,23,0.525200,bellman
nairobi,0,24,0.544170,convex
nairobi,0,25,0.591920,bellman
nairobi,0,26,0.943560,bellman
nairobi,0,27,0.008780,convex
nairobi,0,28,0.492410,bellman
nairobi,0,29,0.116080,convex
nairobi,0,30,0.557580,bellman
nairobi,0,31,0.545130,convex
nairobi,0,32,0.010940,convex
nairobi,0,33,0.309500,convex
nairobi,0,34,0.544110,convex
nairobi,0,35,0.011440,convex
nairobi,0,36,0.483490,convex
nairobi,0,37,0.542740,convex
nairobi,0,38,0.009500,convex
nairobi,0,39,0.148000,convex
nairobi,0,40,0.545050,convex
nairobi,0,41,0.948610,bellman
nairobi,0,42,0.937730,convex
nairobi,0,43,0.985810,bellman
nairobi,0,44,0.985800,convex
nairobi,0,45,0.987600,bellman
nairobi,0,46,0.985750,convex
nairobi,0,47,0.597280,bellman
nairobi,0,48,0.597280,bellman
nairobi,0,49,0.937740,convex
nairobi,0,50,0.930010,bellman
nairobi,0,51,0.910820,bellman
nairobi,0,52,0.008770,convex
nairobi,0,53,0.115770,convex
nairobi,0,54,0.544950,convex
nairobi,0,55,0.011380,convex
nairobi,0,56,0.454710,convex
nairobi,0,57,0.542820,convex
nairobi,0,58,0.011140,convex
nairobi,0,59,0.363860,convex
nairobi,0,60,0.543810,convex
nairobi,0,61,0.492410,bellman
nairobi,0,62,0.557580,bellman
nairobi,0,63,0.008830,convex
nairobi,0,64,0.117980,convex
nairobi,0,65,0.542680,convex
nairobi,0,66,0.011640,convex
nairobi,0,67,0.629450,convex
nairobi,0,68,0.538310,convex
nairobi,0,69,0.937740,bellman
nairobi,0,70,0.937740,bellman
nairobi,0,71,0.937740,bellman
nairobi,0,72,0.937740,convex
nairobi,0,73,0.937740,bellman
nairobi,0,74,0.937740,convex
nairobi,0,75,0.597280,bellman
nairobi,0,76,0.937740,bellman
nairobi,0,77,0.926860,bellman
nairobi,0,78,0.985810,bellman
nairobi,0,79,0.984030,bellman
nairobi,0,80,0.000000,convex
nairobi,0,81,0.497740,convex
nairobi,0,82,0.937740,convex
nairobi,0,83,0.883350,convex
nairobi,0,84,0.985810,convex
nairobi,0,85,0.976900,convex
nairobi,1,0,0.597280,bellman
nairobi,1,1,0.000000,convex
nairobi,1,2,0.597280,bellman
nairobi,1,3,0.497740,convex
nairobi,1,4,0.977260,bellman
nairobi,1,5,0.977260,convex
nairobi,1,6,0.980830,bellman
nairobi,1,7,0.977260,convex
nairobi,1,8,0.994480,bellman
nairobi,1,9,0.994480,convex
nairobi,1,10,0.994680,bellman
nairobi,1,11,0.994480,convex
nairobi,1,12,0.777430,bellman
nairobi,1,13,0.009830,convex
nairobi,1,14,0.798320,bellman
nairobi,1,15,0.479600,convex
nairobi,1,16,0.509800,bellman
nairobi,1,17,0.515550,convex
nairobi,1,18,0.009290,convex
nairobi,1,19,0.106070,convex
nairobi,1,20,0.516490,convex
nairobi,1,21,0.009610,convex
nairobi,1,22,0.226160,convex
nairobi,1,23,0.509800,bellman
nairobi,1,24,0.516250,convex
nairobi,1,25,0.591920,bellman
nairobi,1,26,0.975570,bellman
nairobi,1,27,0.008940,convex
nairobi,1,28,0.497890,bellman
nairobi,1,29,0.049880,convex
nairobi,1,30,0.520480,bellman
nairobi,1,31,0.516590,convex
nairobi,1,32,0.009650,convex
nairobi,1,33,0.259340,convex
nairobi,1,34,0.516270,convex
nairobi,1,35,0.009820,convex
nairobi,1,36,0.447760,convex
nairobi,1,37,0.515770,convex
nairobi,1,38,0.009180,convex
nairobi,1,39,0.084450,convex
nairobi,1,40,0.516600,convex
nairobi,1,41,0.980830,bellman
nairobi,1,42,0.977250,convex
nairobi,1,43,0.994480,bellman
nairobi,1,44,0.994480,convex
nairobi,1,45,0.994680,bellman
nairobi,1,46,0.994480,convex
nairobi,1,47,0.597280,bellman
nairobi,1,48,0.597280,bellman
nairobi,1,49,0.977260,convex
nairobi,1,50,0.974010,bellman
nairobi,1,51,0.967120,bellman
nairobi,1,52,0.008940,convex
nairobi,1,53,0.049540,convex
nairobi,1,54,0.516390,convex
nairobi,1,55,0.009800,convex
nairobi,1,56,0.416590,convex
nairobi,1,57,0.515660,convex
nairobi,1,58,0.009720,convex
nairobi,1,59,0.318210,convex
nairobi,1,60,0.516130,convex
nairobi,1,61,0.497890,bellman
nairobi,1,62,0.520480,bellman
nairobi,1,63,0.008960,convex
nairobi,1,64,0.051930,convex
nairobi,1,65,0.513930,convex
nairobi,1,66,0.009890,convex
nairobi,1,67,0.605820,convex
nairobi,1,68,0.512420,convex
nairobi,1,69,0.977260,bellman
nairobi,1,70,0.977260,bellman
nairobi,1,71,0.977260,bellman
nairobi,1,72,0.977260,convex
nairobi,1,73,0.977260,bellman
nairobi,1,74,0.977260,convex
nairobi,1,75,0.597280,bellman
nairobi,1,76,0.977260,bellman
nairobi,1,77,0.973680,bellman
nairobi,1,78,0.994480,bellman
nairobi,1,79,0.994290,bellman
nairobi,1,80,0.000000,convex
nairobi,1,81,0.497740,convex
nairobi,1,82,0.977260,convex
nairobi,1,83,0.959370,convex
nairobi,1,84,0.994480,convex
nairobi,1,85,0.993520,convex
nairobi,2,0,0.594970,bellman
nairobi,2,1,0.000000,convex
nairobi,2,2,0.594970,bellman
nairobi,2,3,0.495810,convex
nairobi,2,4,0.934100,bellman
nairobi,2,5,0.934100,convex
nairobi,2,6,0.944940,bellman
nairobi,2,7,0.934100,convex
nairobi,2,8,0.982000,bellman
nairobi,2,9,0.982000,convex
nairobi,2,10,0.983770,bellman
nairobi,2,11,0.982000,convex
nairobi,2,12,0.739630,bellman
nairobi,2,13,0.018640,convex
nairobi,2,14,0.798800,bellman
nairobi,2,15,0.511310,convex
nairobi,2,16,0.524500,bellman
nairobi,2,17,0.541180,convex
nairobi,2,18,0.016980,convex
nairobi,2,19,0.173190,convex
nairobi,2,20,0.543750,convex
nairobi,2,21,0.017950,convex
nairobi,2,22,0.281900,convex
nairobi,2,23,0.524500,bellman
nairobi,2,24,0.543020,convex
nairobi,2,25,0.585160,bellman
nairobi,2,26,0.935700,bellman
nairobi,2,27,0.015940,convex
nairobi,2,28,0.492040,bellman
nairobi,2,29,0.122320,convex
nairobi,2,30,0.556640,bellman
nairobi,2,31,0.543980,convex
nairobi,2,32,0.018100,convex
nairobi,2,33,0.311930,convex
nairobi,2,34,0.542960,convex
nairobi,2,35,0.018590,convex
nairobi,2,36,0.482490,convex
nairobi,2,37,0.541610,convex
nairobi,2,38,0.016660,convex
nairobi,2,39,0.153620,convex
nairobi,2,40,0.543910,convex
nairobi,2,41,0.944940,bellman
nairobi,2,42,0.934100,convex
nairobi,2,43,0.982000,bellman
nairobi,2,44,0.981990,convex
nairobi,2,45,0.983770,bellman
nairobi,2,46,0.981940,convex
nairobi,2,47,0.594970,bellman
nairobi,2,48,0.594970,bellman
nairobi,2,49,0.934100,convex
nairobi,2,50,0.926410,bellman
nairobi,2,51,0.907290,bellman
nairobi,2,52,0.015930,convex
nairobi,2,53,0.122020,convex
nairobi,2,54,0.543800,convex
nairobi,2,55,0.018540,convex
nairobi,2,56,0.454270,convex
nairobi,2,57,0.541690,convex
nairobi,2,58,0.018300,convex
nairobi,2,59,0.365220,convex
nairobi,2,60,0.542710,convex
nairobi,2,61,0.492040,bellman
nairobi,2,62,0.556640,bellman
nairobi,2,63,0.015990,convex
nairobi,2,64,0.124180,convex
nairobi,2,65,0.541570,convex
nairobi,2,66,0.018800,convex
nairobi,2,67,0.625570,convex
nairobi,2,68,0.537230,convex
nairobi,2,69,0.934100,bellman
nairobi,2,70,0.934100,bellman
nairobi,2,71,0.934100,bellman
nairobi,2,72,0.934100,convex
nairobi,2,73,0.934100,bellman
nairobi,2,74,0.934100,convex
nairobi,2,75,0.594970,bellman
nairobi,2,76,0.934100,bellman
nairobi,2,77,0.923270,bellman
nairobi,2,78,0.982000,bellman
nairobi,2,79,0.980220,bellman
nairobi,2,80,0.000000,convex
nairobi,2,81,0.495810,convex
nairobi,2,82,0.934100,convex
nairobi,2,83,0.879930,convex
nairobi,2,84,0.982000,convex
nairobi,2,85,0.973120,convex
nairobi,3,0,0.594970,bellman
nairobi,3,1,0.000000,convex
nairobi,3,2,0.594970,bellman
nairobi,3,3,0.495810,convex
nairobi,3,4,0.973470,bellman
nairobi,3,5,0.973470,convex
nairobi,3,6,0.977030,bellman
nairobi,3,7,0.973470,convex
nairobi,3,8,0.990630,bellman
nairobi,3,9,0.990630,convex
nairobi,3,10,0.990830,bellman
nairobi,3,11,0.990630,convex
nairobi,3,12,0.770800,bellman
nairobi,3,13,0.017300,convex
nairobi,3,14,0.791670,bellman
nairobi,3,15,0.478320,convex
nairobi,3,16,0.509560,bellman
nairobi,3,17,0.515170,convex
nairobi,3,18,0.016750,convex
nairobi,3,19,0.112060,convex
nairobi,3,20,0.516100,convex
nairobi,3,21,0.017070,convex
nairobi,3,22,0.229810,convex
nairobi,3,23,0.509560,bellman
nairobi,3,24,0.515860,convex
nairobi,3,25,0.585160,bellman
nairobi,3,26,0.967410,bellman
nairobi,3,27,0.016410,convex
nairobi,3,28,0.497770,bellman
nairobi,3,29,0.056960,convex
nairobi,3,30,0.520160,bellman
nairobi,3,31,0.516200,convex
nairobi,3,32,0.017120,convex
nairobi,3,33,0.262350,convex
nairobi,3,34,0.515880,convex
nairobi,3,35,0.017280,convex
nairobi,3,36,0.447100,convex
nairobi,3,37,0.515390,convex
nairobi,3,38,0.016650,convex
nairobi,3,39,0.090850,convex
nairobi,3,40,0.516210,convex
nairobi,3,41,0.977030,bellman
nairobi,3,42,0.973470,convex
nairobi,3,43,0.990630,bellman
nairobi,3,44,0.990630,convex
nairobi,3,45,0.990830,bellman
nairobi,3,46,0.990630,convex
nairobi,3,47,0.594970,bellman
nairobi,3,48,0.594970,bellman
nairobi,3,49,0.973470,convex
nairobi,3,50,0.970230,bellman
nairobi,3,51,0.963370,bellman
nairobi,3,52,0.016410,convex
nairobi,3,53,0.056630,convex
nairobi,3,54,0.516000,convex
nairobi,3,55,0.017260,convex
nairobi,3,56,0.416540,convex
nairobi,3,57,0.515270,convex
nairobi,3,58,0.017190,convex
nairobi,3,59,0.320070,convex
nairobi,3,60,0.515750,convex
nairobi,3,61,0.497770,bellman
nairobi,3,62,0.520160,bellman
nairobi,3,63,0.016430,convex
nairobi,3,64,0.058970,convex
nairobi,3,65,0.513580,convex
nairobi,3,66,0.017350,convex
nairobi,3,67,0.602090,convex
nairobi,3,68,0.512090,convex
nairobi,3,69,0.973470,bellman
nairobi,3,70,0.973470,bellman
nairobi,3,71,0.973470,bellman
nairobi,3,72,0.973470,convex
nairobi,3,73,0.973470,bellman
nairobi,3,74,0.973470,convex
nairobi,3,75,0.594970,bellman
nairobi,3,76,0.973470,bellman
nairobi,3,77,0.969910,bellman
nairobi,3,78,0.990630,bellman
nairobi,3,79,0.990440,bellman
nairobi,3,80,0.000000,convex
nairobi,3,81,0.495810,convex
nairobi,3,82,0.973470,convex
nairobi,3,83,0.955660,convex
nairobi,3,84,0.990630,convex
nairobi,3,85,0.989670,convex
oslo,0,0,0.597340,bellman
oslo,0,1,0.000000,convex
oslo,0,2,0.597340,bellman
oslo,0,3,0.497780,convex
oslo,0,4,0.987900,bellman
oslo,0,5,0.987900,convex
oslo,0,6,0.989420,bellman
oslo,0,7,0.987900,convex
oslo,0,8,0.995380,bellman
oslo,0,9,0.995380,convex
oslo,0,10,0.995420,bellman
oslo,0,11,0.995380,convex
oslo,0,12,0.785980,bellman
oslo,0,13,0.009190,convex
oslo,0,14,0.795030,bellman
oslo,0,15,0.469180,convex
oslo,0,16,0.504340,bellman
oslo,0,17,0.506690,convex
oslo,0,18,0.008960,convex
oslo,0,19,0.087440,convex
oslo,0,20,0.507100,convex
oslo,0,21,0.009090,convex
oslo,0,22,0.210170,convex
oslo,0,23,0.504340,bellman
oslo,0,24,0.507050,convex
oslo,0,25,0.592080,bellman
oslo,0,26,0.984200,bellman
oslo,0,27,0.008810,convex
oslo,0,28,0.499150,bellman
oslo,0,29,0.030010,convex
oslo,0,30,0.508880,bellman
oslo,0,31,0.507190,convex
oslo,0,32,0.009110,convex
oslo,0,33,0.244080,convex
oslo,0,34,0.507120,convex
oslo,0,35,0.009180,convex
oslo,0,36,0.436640,convex
oslo,0,37,0.506900,convex
oslo,0,38,0.008910,convex
oslo,0,39,0.065340,convex
oslo,0,40,0.507260,convex
oslo,0,41,0.989420,bellman
oslo,0,42,0.987890,convex
oslo,0,43,0.995380,bellman
oslo,0,44,0.995380,convex
oslo,0,45,0.995420,bellman
oslo,0,46,0.995380,convex
oslo,0,47,0.597340,bellman
oslo,0,48,0.597340,bellman
oslo,0,49,0.987900,convex
oslo,0,50,0.986430,bellman
oslo,0,51,0.983440,bellman
oslo,0,52,0.008810,convex
oslo,0,53,0.029670,convex
oslo,0,54,0.506990,convex
oslo,0,55,0.009170,convex
oslo,0,56,0.404780,convex
oslo,0,57,0.506670,convex
oslo,0,58,0.009140,convex
oslo,0,59,0.304240,convex
oslo,0,60,0.506940,convex
oslo,0,61,0.499150,bellman
oslo,0,62,0.508880,bellman
oslo,0,63,0.008820,convex
oslo,0,64,0.032110,convex
oslo,0,65,0.504480,convex
oslo,0,66,0.009210,convex
oslo,0,67,0.598170,convex
oslo,0,68,0.503830,convex
oslo,0,69,0.987900,bellman
oslo,0,70,0.987900,bellman
oslo,0,71,0.987900,bellman
oslo,0,72,0.987900,convex
oslo,0,73,0.987900,bellman
oslo,0,74,0.987900,convex
oslo,0,75,0.597340,bellman
oslo,0,76,0.987900,bellman
oslo,0,77,0.986370,bellman
oslo,0,78,0.995380,bellman
oslo,0,79,0.995350,bellman
oslo,0,80,0.000000,convex
oslo,0,81,0.497780,convex
oslo,0,82,0.987900,convex
oslo,0,83,0.980290,convex
oslo,0,84,0.995380,convex
oslo,0,85,0.995210,convex
oslo,1,0,0.597340,bellman
oslo,1,1,0.000000,convex
oslo,1,2,0.597340,bellman
oslo,1,3,0.497780,convex
oslo,1,4,0.966290,bellman
oslo,1,5,0.966290,convex
oslo,1,6,0.971970,bellman
oslo,1,7,0.966290,convex
oslo,1,8,0.993030,bellman
oslo,1,9,0.993030,convex
oslo,1,10,0.993520,bellman
oslo,1,11,0.993030,convex
oslo,1,12,0.768790,bellman
oslo,1,13,0.010140,convex
oslo,1,14,0.801340,bellman
oslo,1,15,0.489860,convex
oslo,1,16,0.514910,bellman
oslo,1,17,0.524020,convex
oslo,1,18,0.009270,convex
oslo,1,19,0.124400,convex
oslo,1,20,0.525460,convex
oslo,1,21,0.009780,convex
oslo,1,22,0.241900,convex
oslo,1,23,0.514910,bellman
oslo,1,24,0.525060,convex
oslo,1,25,0.592080,bellman
oslo,1,26,0.966870,bellman
oslo,1,27,0.008730,convex
oslo,1,28,0.496490,bellman
oslo,1,29,0.069420,convex
oslo,1,30,0.531870,bellman
oslo,1,31,0.525590,convex
oslo,1,32,0.009860,convex
oslo,1,33,0.274360,convex
oslo,1,34,0.525090,convex
oslo,1,35,0.010120,convex
oslo,1,36,0.458710,convex
oslo,1,37,0.524350,convex
oslo,1,38,0.009110,convex
oslo,1,39,0.103240,convex
oslo,1,40,0.525630,convex
oslo,1,41,0.971970,bellman
oslo,1,42,0.966290,convex
oslo,1,43,0.993030,bellman
oslo,1,44,0.993020,convex
oslo,1,45,0.993520,bellman
oslo,1,46,0.993010,convex
oslo,1,47,0.597340,bellman
oslo,1,48,0.597340,bellman
oslo,1,49,0.966290,convex
oslo,1,50,0.961440,bellman
oslo,1,51,0.950750,bellman
oslo,1,52,0.008720,convex
oslo,1,53,0.069090,convex
oslo,1,54,0.525400,convex
oslo,1,55,0.010090,convex
oslo,1,56,0.428210,convex
oslo,1,57,0.524240,convex
oslo,1,58,0.009970,convex
oslo,1,59,0.331950,convex
oslo,1,60,0.524900,convex
oslo,1,61,0.496490,bellman
oslo,1,62,0.531870,bellman
oslo,1,63,0.008760,convex
oslo,1,64,0.071430,convex
oslo,1,65,0.522990,convex
oslo,1,66,0.010230,convex
oslo,1,67,0.613350,convex
oslo,1,68,0.520630,convex
oslo,1,69,0.966290,bellman
oslo,1,70,0.966290,bellman
oslo,1,71,0.966290,bellman
oslo,1,72,0.966290,convex
oslo,1,73,0.966290,bellman
oslo,1,74,0.966290,convex
oslo,1,75,0.597340,bellman
oslo,1,76,0.966290,bellman
oslo,1,77,0.960610,bellman
oslo,1,78,0.993030,bellman
oslo,1,79,0.992540,bellman
oslo,1,80,0.000000,convex
oslo,1,81,0.497780,convex
oslo,1,82,0.966290,convex
oslo,1,83,0.937880,convex
oslo,1,84,0.993030,convex
oslo,1,85,0.990600,convex
oslo,2,0,0.596200,bellman
oslo,2,1,0.000000,convex
oslo,2,2,0.596200,bellman
oslo,2,3,0.496830,convex
oslo,2,4,0.986020,bellman
oslo,2,5,0.986020,convex
oslo,2,6,0.987540,bellman
oslo,2,7,0.986020,convex
oslo,2,8,0.993490,bellman
oslo,2,9,0.993490,convex
oslo,2,10,0.993530,bellman
oslo,2,11,0.993490,convex
oslo,2,12,0.782670,bellman
oslo,2,13,0.012900,convex
oslo,2,14,0.791720,bellman
oslo,2,15,0.468590,convex
oslo,2,16,0.504290,bellman
oslo,2,17,0.506610,convex
oslo,2,18,0.012670,convex
oslo,2,19,0.090490,convex
oslo,2,20,0.507020,convex
oslo,2,21,0.012810,convex
oslo,2,22,0.212050,convex
oslo,2,23,0.504290,bellman
oslo,2,24,0.506960,convex
oslo,2,25,0.588750,bellman
oslo,2,26,0.980140,bellman
oslo,2,27,0.012520,convex
oslo,2,28,0.499120,bellman
oslo,2,29,0.033610,convex
oslo,2,30,0.508820,bellman
oslo,2,31,0.507110,convex
oslo,2,32,0.012830,convex
oslo,2,33,0.245630,convex
oslo,2,34,0.507040,convex
oslo,2,35,0.012900,convex
oslo,2,36,0.436360,convex
oslo,2,37,0.506820,convex
oslo,2,38,0.012630,convex
oslo,2,39,0.068600,convex
oslo,2,40,0.507180,convex
oslo,2,41,0.987540,bellman
oslo,2,42,0.986020,convex
oslo,2,43,0.993490,bellman
oslo,2,44,0.993490,convex
oslo,2,45,0.993530,bellman
oslo,2,46,0.993490,convex
oslo,2,47,0.596200,bellman
oslo,2,48,0.596200,bellman
oslo,2,49,0.986020,convex
oslo,2,50,0.984560,bellman
oslo,2,51,0.981570,bellman
oslo,2,52,0.012520,convex
oslo,2,53,0.033270,convex
oslo,2,54,0.506910,convex
oslo,2,55,0.012890,convex
oslo,2,56,0.404810,convex
oslo,2,57,0.506590,convex
oslo,2,58,0.012860,convex
oslo,2,59,0.305220,convex
oslo,2,60,0.506860,convex
oslo,2,61,0.499120,bellman
oslo,2,62,0.508820,bellman
oslo,2,63,0.012530,convex
oslo,2,64,0.035690,convex
oslo,2,65,0.504410,convex
oslo,2,66,0.012920,convex
oslo,2,67,0.596350,convex
oslo,2,68,0.503770,convex
oslo,2,69,0.986020,bellman
oslo,2,70,0.986020,bellman
oslo,2,71,0.986020,bellman
oslo,2,72,0.986020,convex
oslo,2,73,0.986020,bellman
oslo,2,74,0.986020,convex
oslo,2,75,0.596200,bellman
oslo,2,76,0.986020,bellman
oslo,2,77,0.984500,bellman
oslo,2,78,0.993490,bellman
oslo,2,79,0.993460,bellman
oslo,2,80,0.000000,convex
oslo,2,81,0.496830,convex
oslo,2,82,0.986020,convex
oslo,2,83,0.978430,convex
oslo,2,84,0.993490,convex
oslo,2,85,0.993320,convex
ourense,0,0,0.597780,bellman
ourense,0,1,0.000000,convex
ourense,0,2,0.597780,bellman
ourense,0,3,0.498150,convex
ourense,0,4,0.941910,bellman
ourense,0,5,0.941910,convex
ourense,0,6,0.952190,bellman
ourense,0,7,0.941910,convex
ourense,0,8,0.987720,bellman
ourense,0,9,0.987720,convex
ourense,0,10,0.989310,bellman
ourense,0,11,0.987720,convex
ourense,0,12,0.750080,bellman
ourense,0,13,0.009790,convex
ourense,0,14,0.806370,bellman
ourense,0,15,0.510740,convex
ourense,0,16,0.524330,bellman
ourense,0,17,0.540600,convex
ourense,0,18,0.008210,convex
ourense,0,19,0.161960,convex
ourense,0,20,0.543050,convex
ourense,0,21,0.009130,convex
ourense,0,22,0.274100,convex
ourense,0,23,0.524330,bellman
ourense,0,24,0.542370,convex
ourense,0,25,0.593400,bellman
ourense,0,26,0.948050,bellman
ourense,0,27,0.007230,convex
ourense,0,28,0.493010,bellman
ourense,0,29,0.109490,convex
ourense,0,30,0.554980,bellman
ourense,0,31,0.543290,convex
ourense,0,32,0.009270,convex
ourense,0,33,0.305080,convex
ourense,0,34,0.542350,convex
ourense,0,35,0.009740,convex
ourense,0,36,0.481010,convex
ourense,0,37,0.541080,convex
ourense,0,38,0.007910,convex
ourense,0,39,0.141770,convex
ourense,0,40,0.543280,convex
ourense,0,41,0.952190,bellman
ourense,0,42,0.941900,convex
ourense,0,43,0.987720,bellman
ourense,0,44,0.987710,convex
ourense,0,45,0.989310,bellman
ourense,0,46,0.987670,convex
ourense,0,47,0.597780,bellman
ourense,0,48,0.597780,bellman
ourense,0,49,0.941910,convex
ourense,0,50,0.934430,bellman
ourense,0,51,0.916140,bellman
ourense,0,52,0.007220,convex
ourense,0,53,0.109180,convex
ourense,0,54,0.543110,convex
ourense,0,55,0.009690,convex
ourense,0,56,0.451900,convex
ourense,0,57,0.541090,convex
ourense,0,58,0.009470,convex
ourense,0,59,0.360040,convex
ourense,0,60,0.542040,convex
ourense,0,61,0.493010,bellman
ourense,0,62,0.554980,bellman
ourense,0,63,0.007280,convex
ourense,0,64,0.111410,convex
ourense,0,65,0.540810,convex
ourense,0,66,0.009940,convex
ourense,0,67,0.628600,convex
ourense,0,68,0.536650,convex
ourense,0,69,0.941910,bellman
ourense,0,70,0.941910,bellman
ourense,0,71,0.941910,bellman
ourense,0,72,0.941910,convex
ourense,0,73,0.941910,bellman
ourense,0,74,0.941910,convex
ourense,0,75,0.597780,bellman
ourense,0,76,0.941910,bellman
ourense,0,77,0.931620,bellman
ourense,0,78,0.987720,bellman
ourense,0,79,0.986130,bellman
ourense,0,80,0.000000,convex
ourense,0,81,0.498150,convex
ourense,0,82,0.941910,convex
ourense,0,83,0.890480,convex
ourense,0,84,0.987720,convex
ourense,0,85,0.979760,convex
ourense,1,0,0.596250,bellman
ourense,1,1,0.000000,convex
ourense,1,2,0.596250,bellman
ourense,1,3,0.496870,convex
ourense,1,4,0.978640,bellman
ourense,1,5,0.978640,convex
ourense,1,6,0.981620,bellman
ourense,1,7,0.978640,convex
ourense,1,8,0.993070,bellman
ourense,1,9,0.993070,convex
ourense,1,10,0.993200,bellman
ourense,1,11,0.993070,convex
ourense,1,12,0.776900,bellman
ourense,1,13,0.013060,convex
ourense,1,14,0.794390,bellman
ourense,1,15,0.476050,convex
ourense,1,16,0.508170,bellman
ourense,1,17,0.512860,convex
ourense,1,18,0.012600,convex
ourense,1,19,0.103460,convex
ourense,1,20,0.513650,convex
ourense,1,21,0.012870,convex
ourense,1,22,0.223250,convex
ourense,1,23,0.508170,bellman
ourense,1,24,0.513460,convex
ourense,1,25,0.588890,bellman
ourense,1,26,0.974370,bellman
ourense,1,27,0.012310,convex
ourense,1,28,0.498220,bellman
ourense,1,29,0.047410,convex
ourense,1,30,0.517040,bellman
ourense,1,31,0.513740,convex
ourense,1,32,0.012910,convex
ourense,1,33,0.256350,convex
ourense,1,34,0.513520,convex
ourense,1,35,0.013040,convex
ourense,1,36,0.444290,convex
ourense,1,37,0.513130,convex
ourense,1,38,0.012510,convex
ourense,1,39,0.081890,convex
ourense,1,40,0.513830,convex
ourense,1,41,0.981620,bellman
ourense,1,42,0.978640,convex
ourense,1,43,0.993070,bellman
ourense,1,44,0.993060,convex
ourense,1,45,0.993200,bellman
ourense,1,46,0.993060,convex
ourense,1,47,0.596250,bellman
ourense,1,48,0.596250,bellman
ourense,1,49,0.978640,convex
ourense,1,50,0.975890,bellman
ourense,1,51,0.970130,bellman
ourense,1,52,0.012310,convex
ourense,1,53,0.047080,convex
ourense,1,54,0.513550,convex
ourense,1,55,0.013030,convex
ourense,1,56,0.413200,convex
ourense,1,57,0.512930,convex
ourense,1,58,0.012960,convex
ourense,1,59,0.315060,convex
ourense,1,60,0.513350,convex
ourense,1,61,0.498220,bellman
ourense,1,62,0.517040,bellman
ourense,1,63,0.012330,convex
ourense,1,64,0.049460,convex
ourense,1,65,0.511090,convex
ourense,1,66,0.013100,convex
ourense,1,67,0.601950,convex
ourense,1,68,0.509830,convex
ourense,1,69,0.978640,bellman
ourense,1,70,0.978640,bellman
ourense,1,71,0.978640,bellman
ourense,1,72,0.978640,convex
ourense,1,73,0.978640,bellman
ourense,1,74,0.978640,convex
ourense,1,75,0.596250,bellman
ourense,1,76,0.978640,bellman
ourense,1,77,0.975670,bellman
ourense,1,78,0.993070,bellman
ourense,1,79,0.992930,bellman
ourense,1,80,0.000000,convex
ourense,1,81,0.496870,convex
ourense,1,82,0.978640,convex
ourense,1,83,0.963770,convex
ourense,1,84,0.993070,convex
ourense,1,85,0.992400,convex
ourense,2,0,0.596250,bellman
ourense,2,1,0.000000,convex
ourense,2,2,0.596250,bellman
ourense,2,3,0.496870,convex
ourense,2,4,0.939490,bellman
ourense,2,5,0.939490,convex
ourense,2,6,0.949750,bellman
ourense,2,7,0.939490,convex
ourense,2,8,0.985180,bellman
ourense,2,9,0.985180,convex
ourense,2,10,0.986770,bellman
ourense,2,11,0.985180,convex
ourense,2,12,0.745810,bellman
ourense,2,13,0.014570,convex
ourense,2,14,0.802080,bellman
ourense,2,15,0.509690,convex
ourense,2,16,0.523890,bellman
ourense,2,17,0.539890,convex
ourense,2,18,0.013000,convex
ourense,2,19,0.165480,convex
ourense,2,20,0.542340,convex
ourense,2,21,0.013920,convex
ourense,2,22,0.276150,convex
ourense,2,23,0.523890,bellman
ourense,2,24,0.541640,convex
ourense,2,25,0.588890,bellman
ourense,2,26,0.942790,bellman
ourense,2,27,0.012020,convex
ourense,2,28,0.492770,bellman
ourense,2,29,0.113700,convex
ourense,2,30,0.554390,bellman
ourense,2,31,0.542560,convex
ourense,2,32,0.014060,convex
ourense,2,33,0.306720,convex
ourense,2,34,0.541620,convex
ourense,2,35,0.014520,convex
ourense,2,36,0.480350,convex
ourense,2,37,0.540360,convex
ourense,2,38,0.012700,convex
ourense,2,39,0.145550,convex
ourense,2,40,0.542560,convex
ourense,2,41,0.949750,bellman
ourense,2,42,0.939480,convex
ourense,2,43,0.985180,bellman
ourense,2,44,0.985170,convex
ourense,2,45,0.986770,bellman
ourense,2,46,0.985130,convex
ourense,2,47,0.596250,bellman
ourense,2,48,0.596250,bellman
ourense,2,49,0.939490,convex
ourense,2,50,0.932030,bellman
ourense,2,51,0.913780,bellman
ourense,2,52,0.012010,convex
ourense,2,53,0.113390,convex
ourense,2,54,0.542380,convex
ourense,2,55,0.014470,convex
ourense,2,56,0.451630,convex
ourense,2,57,0.540370,convex
ourense,2,58,0.014250,convex
ourense,2,59,0.360970,convex
ourense,2,60,0.541340,convex
ourense,2,61,0.492770,bellman
ourense,2,62,0.554390,bellman
ourense,2,63,0.012070,convex
ourense,2,64,0.115590,convex
ourense,2,65,0.540110,convex
ourense,2,66,0.014720,convex
ourense,2,67,0.626010,convex
ourense,2,68,0.535980,convex
ourense,2,69,0.939490,bellman
ourense,2,70,0.939490,bellman
ourense,2,71,0.939490,bellman
ourense,2,72,0.939490,convex
ourense,2,73,0.939490,bellman
ourense,2,74,0.939490,convex
ourense,2,75,0.596250,bellman
ourense,2,76,0.939490,bellman
ourense,2,77,0.929230,bellman
ourense,2,78,0.985180,bellman
ourense,2,79,0.983600,bellman
ourense,2,80,0.000000,convex
ourense,2,81,0.496870,convex
ourense,2,82,0.939490,convex
ourense,2,83,0.888190,convex
ourense,2,84,0.985180,convex
ourense,2,85,0.977240,convex
paris,0,0,0.596960,bellman
paris,0,1,0.000000,convex
paris,0,2,0.596960,bellman
paris,0,3,0.497470,convex
paris,0,4,0.784900,bellman
paris,0,5,0.784900,convex
paris,0,6,0.818040,bellman
paris,0,7,0.784900,convex
paris,0,8,0.880640,bellman
paris,0,9,0.880640,convex
paris,0,10,0.897200,bellman
paris,0,11,0.880640,convex
paris,0,12,0.624000,bellman
paris,0,13,0.017080,convex
paris,0,14,0.753710,bellman
paris,0,15,0.563730,convex
paris,0,16,0.519020,bellman
paris,0,17,0.562780,convex
paris,0,18,0.012000,convex
paris,0,19,0.310000,convex
paris,0,20,0.567730,convex
paris,0,21,0.014960,convex
paris,0,22,0.391580,convex
paris,0,23,0.519020,bellman
paris,0,24,0.567360,convex
paris,0,25,0.590980,bellman
paris,0,26,0.813320,bellman
paris,0,27,0.008820,convex
paris,0,28,0.459560,bellman
paris,0,29,0.271830,convex
paris,0,30,0.613610,bellman
paris,0,31,0.569600,convex
paris,0,32,0.015410,convex
paris,0,33,0.414120,convex
paris,0,34,0.567140,convex
paris,0,35,0.016920,convex
paris,0,36,0.542110,convex
paris,0,37,0.563760,convex
paris,0,38,0.011020,convex
paris,0,39,0.295310,convex
paris,0,40,0.568600,convex
paris,0,41,0.818040,bellman
paris,0,42,0.784890,convex
paris,0,43,0.880640,bellman
paris,0,44,0.880620,convex
paris,0,45,0.897200,bellman
paris,0,46,0.880060,convex
paris,0,47,0.596960,bellman
paris,0,48,0.596960,bellman
paris,0,49,0.784900,convex
paris,0,50,0.786740,bellman
paris,0,51,0.749930,bellman
paris,0,52,0.008790,convex
paris,0,53,0.271600,convex
paris,0,54,0.569490,convex
paris,0,55,0.016750,convex
paris,0,56,0.520930,convex
paris,0,57,0.564280,convex
paris,0,58,0.016030,convex
paris,0,59,0.454100,convex
paris,0,60,0.564640,convex
paris,0,61,0.459560,bellman
paris,0,62,0.613610,bellman
paris,0,63,0.008980,convex
paris,0,64,0.273230,convex
paris,0,65,0.567830,convex
paris,0,66,0.017550,convex
paris,0,67,0.649470,convex
paris,0,68,0.556950,convex
paris,0,69,0.784900,bellman
paris,0,70,0.784900,bellman
paris,0,71,0.784900,bellman
paris,0,72,0.784900,convex
paris,0,73,0.784900,bellman
paris,0,74,0.784900,convex
paris,0,75,0.596960,bellman
paris,0,76,0.784900,bellman
paris,0,77,0.751770,bellman
paris,0,78,0.880640,bellman
paris,0,79,0.864090,bellman
paris,0,80,0.000000,convex
paris,0,81,0.497470,convex
paris,0,82,0.784900,convex
paris,0,83,0.619210,convex
paris,0,84,0.880640,convex
paris,0,85,0.797860,convex
paris,1,0,0.596960,bellman
paris,1,1,0.000000,convex
paris,1,2,0.596960,bellman
paris,1,3,0.497470,convex
paris,1,4,0.988070,bellman
paris,1,5,0.988070,convex
paris,1,6,0.989430,bellman
paris,1,7,0.988070,convex
paris,1,8,0.994790,bellman
paris,1,9,0.994790,convex
paris,1,10,0.994820,bellman
paris,1,11,0.994790,convex
paris,1,12,0.785520,bellman
paris,1,13,0.010380,convex
paris,1,14,0.793640,bellman
paris,1,15,0.468170,convex
paris,1,16,0.503890,bellman
paris,1,17,0.505930,convex
paris,1,18,0.010170,convex
paris,1,19,0.087020,convex
paris,1,20,0.506300,convex
paris,1,21,0.010300,convex
paris,1,22,0.209560,convex
paris,1,23,0.503890,bellman
paris,1,24,0.506260,convex
paris,1,25,0.590980,bellman
paris,1,26,0.983490,bellman
paris,1,27,0.010040,convex
paris,1,28,0.499230,bellman
paris,1,29,0.029680,convex
paris,1,30,0.507960,bellman
paris,1,31,0.506390,convex
paris,1,32,0.010310,convex
paris,1,33,0.243420,convex
paris,1,34,0.506340,convex
paris,1,35,0.010380,convex
paris,1,36,0.435680,convex
paris,1,37,0.506200,convex
paris,1,38,0.010130,convex
paris,1,39,0.064960,convex
paris,1,40,0.506520,convex
paris,1,41,0.989430,bellman
paris,1,42,0.988070,convex
paris,1,43,0.994790,bellman
paris,1,44,0.994790,convex
paris,1,45,0.994820,bellman
paris,1,46,0.994790,convex
paris,1,47,0.596960,bellman
paris,1,48,0.596960,bellman
paris,1,49,0.988070,convex
paris,1,50,0.986750,bellman
paris,1,51,0.984060,bellman
paris,1,52,0.010040,convex
paris,1,53,0.029340,convex
paris,1,54,0.506190,convex
paris,1,55,0.010370,convex
paris,1,56,0.403870,convex
paris,1,57,0.505900,convex
paris,1,58,0.010340,convex
paris,1,59,0.303480,convex
paris,1,60,0.506150,convex
paris,1,61,0.499230,bellman
paris,1,62,0.507960,bellman
paris,1,63,0.010050,convex
paris,1,64,0.031780,convex
paris,1,65,0.503680,convex
paris,1,66,0.010400,convex
paris,1,67,0.596960,convex
paris,1,68,0.503090,convex
paris,1,69,0.988070,bellman
paris,1,70,0.988070,bellman
paris,1,71,0.988070,bellman
paris,1,72,0.988070,convex
paris,1,73,0.988070,bellman
paris,1,74,0.988070,convex
paris,1,75,0.596960,bellman
paris,1,76,0.988070,bellman
paris,1,77,0.986710,bellman
paris,1,78,0.994790,bellman
paris,1,79,0.994770,bellman
paris,1,80,0.000000,convex
paris,1,81,0.497470,convex
paris,1,82,0.988070,convex
paris,1,83,0.981250,convex
paris,1,84,0.994790,convex
paris,1,85,0.994650,convex
paris,2,0,0.573900,bellman
paris,2,1,0.000000,convex
paris,2,2,0.573900,bellman
paris,2,3,0.478250,convex
paris,2,4,0.754590,bellman
paris,2,5,0.754590,convex
paris,2,6,0.786450,bellman
paris,2,7,0.754590,convex
paris,2,8,0.846630,bellman
paris,2,9,0.846630,convex
paris,2,10,0.862550,bellman
paris,2,11,0.846630,convex
paris,2,12,0.574580,bellman
paris,2,13,0.074410,convex
paris,2,14,0.704620,bellman
paris,2,15,0.542330,convex
paris,2,16,0.502560,bellman
paris,2,17,0.536140,convex
paris,2,18,0.069530,convex
paris,2,19,0.337300,convex
paris,2,20,0.541130,convex
paris,2,21,0.072370,convex
paris,2,22,0.403220,convex
paris,2,23,0.502560,bellman
paris,2,24,0.540230,convex
paris,2,25,0.528330,bellman
paris,2,26,0.750490,bellman
paris,2,27,0.066470,convex
paris,2,28,0.449130,bellman
paris,2,29,0.306450,convex
paris,2,30,0.590450,bellman
paris,2,31,0.542320,convex
paris,2,32,0.072810,convex
paris,2,33,0.421430,convex
paris,2,34,0.540030,convex
paris,2,35,0.074260,convex
paris,2,36,0.524860,convex
paris,2,37,0.536970,convex
paris,2,38,0.068590,convex
paris,2,39,0.325430,convex
paris,2,40,0.541660,convex
paris,2,41,0.786450,bellman
paris,2,42,0.754570,convex
paris,2,43,0.846630,bellman
paris,2,44,0.846600,convex
paris,2,45,0.862550,bellman
paris,2,46,0.846070,convex
paris,2,47,0.573900,bellman
paris,2,48,0.573900,bellman
paris,2,49,0.754590,convex
paris,2,50,0.756360,bellman
paris,2,51,0.720960,bellman
paris,2,52,0.066440,convex
paris,2,53,0.306270,convex
paris,2,54,0.542220,convex
paris,2,55,0.074100,convex
paris,2,56,0.507750,convex
paris,2,57,0.537480,convex
paris,2,58,0.073410,convex
paris,2,59,0.453740,convex
paris,2,60,0.538500,convex
paris,2,61,0.449130,bellman
paris,2,62,0.590450,bellman
paris,2,63,0.066630,convex
paris,2,64,0.307580,convex
paris,2,65,0.540820,convex
paris,2,66,0.074870,convex
paris,2,67,0.611620,convex
paris,2,68,0.531000,convex
paris,2,69,0.754590,bellman
paris,2,70,0.754590,bellman
paris,2,71,0.754590,bellman
paris,2,72,0.754590,convex
paris,2,73,0.754590,bellman
paris,2,74,0.754590,convex
paris,2,75,0.573900,bellman
paris,2,76,0.754590,bellman
paris,2,77,0.722730,bellman
paris,2,78,0.846630,bellman
paris,2,79,0.830710,bellman
paris,2,80,0.000000,convex
paris,2,81,0.478250,convex
paris,2,82,0.754590,convex
paris,2,83,0.595300,convex
paris,2,84,0.846630,convex
paris,2,85,0.767040,convex
paris,3,0,0.573900,bellman
paris,3,1,0.000000,convex
paris,3,2,0.573900,bellman
paris,3,3,0.478250,convex
paris,3,4,0.949910,bellman
paris,3,5,0.949910,convex
paris,3,6,0.951220,bellman
paris,3,7,0.949910,convex
paris,3,8,0.956370,bellman
paris,3,9,0.956370,convex
paris,3,10,0.956400,bellman
paris,3,11,0.956370,convex
paris,3,12,0.723300,bellman
paris,3,13,0.082990,convex
paris,3,14,0.731330,bellman
paris,3,15,0.458570,convex
paris,3,16,0.503040,bellman
paris,3,17,0.504620,convex
paris,3,18,0.082790,convex
paris,3,19,0.147020,convex
paris,3,20,0.504990,convex
paris,3,21,0.082900,convex
paris,3,22,0.247180,convex
paris,3,23,0.503040,bellman
paris,3,24,0.504910,convex
paris,3,25,0.528330,bellman
paris,3,26,0.905950,bellman
paris,3,27,0.082660,convex
paris,3,28,0.498800,bellman
paris,3,29,0.100140,convex
paris,3,30,0.506790,bellman
paris,3,31,0.505040,convex
paris,3,32,0.082920,convex
paris,3,33,0.274850,convex
paris,3,34,0.504980,convex
paris,3,35,0.082980,convex
paris,3,36,0.432010,convex
paris,3,37,0.504790,convex
paris,3,38,0.082750,convex
paris,3,39,0.128980,convex
paris,3,40,0.505100,convex
paris,3,41,0.951220,bellman
paris,3,42,0.949910,convex
paris,3,43,0.956370,bellman
paris,3,44,0.956370,convex
paris,3,45,0.956400,bellman
paris,3,46,0.956370,convex
paris,3,47,0.573900,bellman
paris,3,48,0.573900,bellman
paris,3,49,0.949910,convex
paris,3,50,0.948640,bellman
paris,3,51,0.946060,bellman
paris,3,52,0.082660,convex
paris,3,53,0.099860,convex
paris,3,54,0.504860,convex
paris,3,55,0.082980,convex
paris,3,56,0.406010,convex
paris,3,57,0.504600,convex
paris,3,58,0.082950,convex
paris,3,59,0.323950,convex
paris,3,60,0.504870,convex
paris,3,61,0.498800,bellman
paris,3,62,0.506790,bellman
paris,3,63,0.082670,convex
paris,3,64,0.101860,convex
paris,3,65,0.502730,convex
paris,3,66,0.083010,convex
paris,3,67,0.563840,convex
paris,3,68,0.502200,convex
paris,3,69,0.949910,bellman
paris,3,70,0.949910,bellman
paris,3,71,0.949910,bellman
paris,3,72,0.949910,convex
paris,3,73,0.949910,bellman
paris,3,74,0.949910,convex
paris,3,75,0.573900,bellman
paris,3,76,0.949910,bellman
paris,3,77,0.948600,bellman
paris,3,78,0.956370,bellman
paris,3,79,0.956340,bellman
paris,3,80,0.000000,convex
paris,3,81,0.478250,convex
paris,3,82,0.949910,convex
paris,3,83,0.943350,convex
paris,3,84,0.956370,convex
paris,3,85,0.956240,convex
perth,0,0,0.598070,bellman
perth,0,1,0.000000,convex
perth,0,2,0.598070,bellman
perth,0,3,0.498390,convex
perth,0,4,0.953830,bellman
perth,0,5,0.953830,convex
perth,0,6,0.962050,bellman
perth,0,7,0.953830,convex
perth,0,8,0.991390,bellman
perth,0,9,0.991390,convex
perth,0,10,0.992410,bellman
perth,0,11,0.991390,convex
perth,0,12,0.760020,bellman
perth,0,13,0.008390,convex
perth,0,14,0.805940,bellman
perth,0,15,0.501980,convex
perth,0,16,0.520520,bellman
perth,0,17,0.533680,convex
perth,0,18,0.007130,convex
perth,0,19,0.144190,convex
perth,0,20,0.535690,convex
perth,0,21,0.007860,convex
perth,0,22,0.259220,convex
perth,0,23,0.520520,bellman
perth,0,24,0.535130,convex
perth,0,25,0.594260,bellman
perth,0,26,0.958400,bellman
perth,0,27,0.006340,convex
perth,0,28,0.494710,bellman
perth,0,29,0.090360,convex
perth,0,30,0.545060,bellman
perth,0,31,0.535880,convex
perth,0,32,0.007980,convex
perth,0,33,0.291000,convex
perth,0,34,0.535130,convex
perth,0,35,0.008350,convex
perth,0,36,0.471480,convex
perth,0,37,0.534100,convex
perth,0,38,0.006890,convex
perth,0,39,0.123470,convex
perth,0,40,0.535910,convex
perth,0,41,0.962050,bellman
perth,0,42,0.953820,convex
perth,0,43,0.991390,bellman
perth,0,44,0.991390,convex
perth,0,45,0.992410,bellman
perth,0,46,0.991360,convex
perth,0,47,0.598070,bellman
perth,0,48,0.598070,bellman
perth,0,49,0.953830,convex
perth,0,50,0.947380,bellman
perth,0,51,0.932370,bellman
perth,0,52,0.006330,convex
perth,0,53,0.090040,convex
perth,0,54,0.535690,convex
perth,0,55,0.008310,convex
perth,0,56,0.441620,convex
perth,0,57,0.534050,convex
perth,0,58,0.008130,convex
perth,0,59,0.347380,convex
perth,0,60,0.534880,convex
perth,0,61,0.494710,bellman
perth,0,62,0.545060,bellman
perth,0,63,0.006380,convex
perth,0,64,0.092330,convex
perth,0,65,0.533340,convex
perth,0,66,0.008510,convex
perth,0,67,0.622880,convex
perth,0,68,0.529960,convex
perth,0,69,0.953830,bellman
perth,0,70,0.953830,bellman
perth,0,71,0.953830,bellman
perth,0,72,0.953830,convex
perth,0,73,0.953830,bellman
perth,0,74,0.953830,convex
perth,0,75,0.598070,bellman
perth,0,76,0.953830,bellman
perth,0,77,0.945610,bellman
perth,0,78,0.991390,bellman
perth,0,79,0.990380,bellman
perth,0,80,0.000000,convex
perth,0,81,0.498390,convex
perth,0,82,0.953830,convex
perth,0,83,0.912720,convex
perth,0,84,0.991390,convex
perth,0,85,0.986310,convex
perth,1,0,0.598070,bellman
perth,1,1,0.000000,convex
perth,1,2,0.598070,bellman
perth,1,3,0.498390,convex
perth,1,4,0.977350,bellman
perth,1,5,0.977350,convex
perth,1,6,0.981160,bellman
perth,1,7,0.977350,convex
perth,1,8,0.995670,bellman
perth,1,9,0.995670,convex
perth,1,10,0.995890,bellman
perth,1,11,0.995670,convex
perth,1,12,0.778770,bellman
perth,1,13,0.007330,convex
perth,1,14,0.800960,bellman
perth,1,15,0.481190,convex
perth,1,16,0.510470,bellman
perth,1,17,0.516610,convex
perth,1,18,0.006740,convex
perth,1,19,0.106070,convex
perth,1,20,0.517600,convex
perth,1,21,0.007080,convex
perth,1,22,0.226670,convex
perth,1,23,0.510470,bellman
perth,1,24,0.517350,convex
perth,1,25,0.594260,bellman
perth,1,26,0.977420,bellman
perth,1,27,0.006380,convex
perth,1,28,0.497790,bellman
perth,1,29,0.049630,convex
perth,1,30,0.521860,bellman
perth,1,31,0.517710,convex
perth,1,32,0.007130,convex
perth,1,33,0.259990,convex
perth,1,34,0.517400,convex
perth,1,35,0.007310,convex
perth,1,36,0.449220,convex
perth,1,37,0.516910,convex
perth,1,38,0.006630,convex
perth,1,39,0.084350,convex
perth,1,40,0.517790,convex
perth,1,41,0.981160,bellman
perth,1,42,0.977350,convex
perth,1,43,0.995670,bellman
perth,1,44,0.995660,convex
perth,1,45,0.995890,bellman
perth,1,46,0.995660,convex
perth,1,47,0.598070,bellman
perth,1,48,0.598070,bellman
perth,1,49,0.977350,convex
perth,1,50,0.973910,bellman
perth,1,51,0.966590,bellman
perth,1,52,0.006370,convex
perth,1,53,0.049290,convex
perth,1,54,0.517510,convex
perth,1,55,0.007290,convex
perth,1,56,0.417910,convex
perth,1,57,0.516730,convex
perth,1,58,0.007210,convex
perth,1,59,0.319110,convex
perth,1,60,0.517220,convex
perth,1,61,0.497790,bellman
perth,1,62,0.521860,bellman
perth,1,63,0.006390,convex
perth,1,64,0.051700,convex
perth,1,65,0.515050,convex
perth,1,66,0.007380,convex
perth,1,67,0.607950,convex
perth,1,68,0.513440,convex
perth,1,69,0.977350,bellman
perth,1,70,0.977350,bellman
perth,1,71,0.977350,bellman
perth,1,72,0.977350,convex
perth,1,73,0.977350,bellman
perth,1,74,0.977350,convex
perth,1,75,0.598070,bellman
perth,1,76,0.977350,bellman
perth,1,77,0.973540,bellman
perth,1,78,0.995670,bellman
perth,1,79,0.995450,bellman
perth,1,80,0.000000,convex
perth,1,81,0.498390,convex
perth,1,82,0.977350,convex
perth,1,83,0.958290,convex
perth,1,84,0.995670,convex
perth,1,85,0.994570,convex
perth,2,0,0.593210,bellman
perth,2,1,0.000000,convex
perth,2,2,0.593210,bellman
perth,2,3,0.494340,convex
perth,2,4,0.969410,bellman
perth,2,5,0.969410,convex
perth,2,6,0.973190,bellman
perth,2,7,0.969410,convex
perth,2,8,0.987570,bellman
perth,2,9,0.987570,convex
perth,2,10,0.987790,bellman
perth,2,11,0.987570,convex
perth,2,12,0.764880,bellman
perth,2,13,0.022980,convex
perth,2,14,0.787030,bellman
perth,2,15,0.478510,convex
perth,2,16,0.509940,bellman
perth,2,17,0.515800,convex
perth,2,18,0.022400,convex
perth,2,19,0.118580,convex
perth,2,20,0.516790,convex
perth,2,21,0.022740,convex
perth,2,22,0.234300,convex
perth,2,23,0.509940,bellman
perth,2,24,0.516520,convex
perth,2,25,0.580090,bellman
perth,2,26,0.960320,bellman
perth,2,27,0.022030,convex
perth,2,28,0.497520,bellman
perth,2,29,0.064430,convex
perth,2,30,0.521150,bellman
perth,2,31,0.516880,convex
perth,2,32,0.022790,convex
perth,2,33,0.266270,convex
perth,2,34,0.516520,convex
perth,2,35,0.022960,convex
perth,2,36,0.447830,convex
perth,2,37,0.516000,convex
perth,2,38,0.022290,convex
perth,2,39,0.097740,convex
perth,2,40,0.516880,convex
perth,2,41,0.973190,bellman
perth,2,42,0.969400,convex
perth,2,43,0.987570,bellman
perth,2,44,0.987570,convex
perth,2,45,0.987790,bellman
perth,2,46,0.987570,convex
perth,2,47,0.593210,bellman
perth,2,48,0.593210,bellman
perth,2,49,0.969410,convex
perth,2,50,0.965990,bellman
perth,2,51,0.958730,bellman
perth,2,52,0.022030,convex
perth,2,53,0.064110,convex
perth,2,54,0.516690,convex
perth,2,55,0.022940,convex
perth,2,56,0.417790,convex
perth,2,57,0.515920,convex
perth,2,58,0.022860,convex
perth,2,59,0.322990,convex
perth,2,60,0.516420,convex
perth,2,61,0.497520,bellman
perth,2,62,0.521150,bellman
perth,2,63,0.022050,convex
perth,2,64,0.066410,convex
perth,2,65,0.514300,convex
perth,2,66,0.023030,convex
perth,2,67,0.600130,convex
perth,2,68,0.512730,convex
perth,2,69,0.969410,bellman
perth,2,70,0.969410,bellman
perth,2,71,0.969410,bellman
perth,2,72,0.969410,convex
perth,2,73,0.969410,bellman
perth,2,74,0.969410,convex
perth,2,75,0.593210,bellman
perth,2,76,0.969410,bellman
perth,2,77,0.965630,bellman
perth,2,78,0.987570,bellman
perth,2,79,0.987360,bellman
perth,2,80,0.000000,convex
perth,2,81,0.494340,convex
perth,2,82,0.969410,convex
perth,2,83,0.950500,convex
perth,2,84,0.987570,convex
perth,2,85,0.986490,convex
poughkeepsie,0,0,0.595120,bellman
poughkeepsie,0,1,0.000000,convex
poughkeepsie,0,2,0.595120,bellman
poughkeepsie,0,3,0.495930,convex
poughkeepsie,0,4,0.820270,bellman
poughkeepsie,0,5,0.820270,convex
poughkeepsie,0,6,0.848650,bellman
poughkeepsie,0,7,0.820270,convex
poughkeepsie,0,8,0.913080,bellman
poughkeepsie,0,9,0.913080,convex
poughkeepsie,0,10,0.925260,bellman
poughkeepsie,0,11,0.913080,convex
poughkeepsie,0,12,0.649680,bellman
poughkeepsie,0,13,0.021170,convex
poughkeepsie,0,14,0.772000,bellman
poughkeepsie,0,15,0.559680,convex
poughkeepsie,0,16,0.527870,bellman
poughkeepsie,0,17,0.566620,convex
poughkeepsie,0,18,0.016820,convex
poughkeepsie,0,19,0.290610,convex
poughkeepsie,0,20,0.571440,convex
poughkeepsie,0,21,0.019350,convex
poughkeepsie,0,22,0.377120,convex
poughkeepsie,0,23,0.527870,bellman
poughkeepsie,0,24,0.570590,convex
poughkeepsie,0,25,0.585590,bellman
poughkeepsie,0,26,0.840770,bellman
poughkeepsie,0,27,0.014090,convex
poughkeepsie,0,28,0.468670,bellman
poughkeepsie,0,29,0.250130,convex
poughkeepsie,0,30,0.609880,bellman
poughkeepsie,0,31,0.572650,convex
poughkeepsie,0,32,0.019740,convex
poughkeepsie,0,33,0.401020,convex
poughkeepsie,0,34,0.570280,convex
poughkeepsie,0,35,0.021030,convex
poughkeepsie,0,36,0.536750,convex
poughkeepsie,0,37,0.567220,convex
poughkeepsie,0,38,0.015980,convex
poughkeepsie,0,39,0.275030,convex
poughkeepsie,0,40,0.571800,convex
poughkeepsie,0,41,0.848650,bellman
poughkeepsie,0,42,0.820260,convex
poughkeepsie,0,43,0.913080,bellman
poughkeepsie,0,44,0.913050,convex
poughkeepsie,0,45,0.925260,bellman
poughkeepsie,0,46,0.912650,convex
poughkeepsie,0,47,0.595120,bellman
poughkeepsie,0,48,0.595120,bellman
poughkeepsie,0,49,0.820270,convex
poughkeepsie,0,50,0.816440,bellman
poughkeepsie,0,51,0.780160,bellman
poughkeepsie,0,52,0.014070,convex
poughkeepsie,0,53,0.249890,convex
poughkeepsie,0,54,0.572640,convex
poughkeepsie,0,55,0.020890,convex
poughkeepsie,0,56,0.514290,convex
poughkeepsie,0,57,0.567940,convex
poughkeepsie,0,58,0.020270,convex
poughkeepsie,0,59,0.443420,convex
poughkeepsie,0,60,0.568780,convex
poughkeepsie,0,61,0.468670,bellman
poughkeepsie,0,62,0.609880,bellman
poughkeepsie,0,63,0.014230,convex
poughkeepsie,0,64,0.251610,convex
poughkeepsie,0,65,0.570870,convex
poughkeepsie,0,66,0.021570,convex
poughkeepsie,0,67,0.650600,convex
poughkeepsie,0,68,0.561090,convex
poughkeepsie,0,69,0.820270,bellman
poughkeepsie,0,70,0.820270,bellman
poughkeepsie,0,71,0.820270,bellman
poughkeepsie,0,72,0.820270,convex
poughkeepsie,0,73,0.820270,bellman
poughkeepsie,0,74,0.820270,convex
poughkeepsie,0,75,0.595120,bellman
poughkeepsie,0,76,0.820270,bellman
poughkeepsie,0,77,0.791890,bellman
poughkeepsie,0,78,0.913080,bellman
poughkeepsie,0,79,0.900900,bellman
poughkeepsie,0,80,0.000000,convex
poughkeepsie,0,81,0.495930,convex
poughkeepsie,0,82,0.820270,convex
poughkeepsie,0,83,0.678360,convex
poughkeepsie,0,84,0.913080,convex
poughkeepsie,0,85,0.852170,convex
poughkeepsie,1,0,0.595120,bellman
poughkeepsie,1,1,0.000000,convex
poughkeepsie,1,2,0.595120,bellman
poughkeepsie,1,3,0.495930,convex
poughkeepsie,1,4,0.971030,bellman
poughkeepsie,1,5,0.971030,convex
poughkeepsie,1,6,0.975110,bellman
poughkeepsie,1,7,0.971030,convex
poughkeepsie,1,8,0.990570,bellman
poughkeepsie,1,9,0.990570,convex
poughkeepsie,1,10,0.990820,bellman
poughkeepsie,1,11,0.990570,convex
poughkeepsie,1,12,0.769090,bellman
poughkeepsie,1,13,0.016930,convex
poughkeepsie,1,14,0.792870,bellman
poughkeepsie,1,15,0.480940,convex
poughkeepsie,1,16,0.510840,bellman
poughkeepsie,1,17,0.517430,convex
poughkeepsie,1,18,0.016300,convex
poughkeepsie,1,19,0.116210,convex
poughkeepsie,1,20,0.518490,convex
poughkeepsie,1,21,0.016670,convex
poughkeepsie,1,22,0.233470,convex
poughkeepsie,1,23,0.510840,bellman
poughkeepsie,1,24,0.518040,convex
poughkeepsie,1,25,0.585590,bellman
poughkeepsie,1,26,0.965780,bellman
poughkeepsie,1,27,0.015910,convex
poughkeepsie,1,28,0.497430,bellman
poughkeepsie,1,29,0.061330,convex
poughkeepsie,1,30,0.522980,bellman
poughkeepsie,1,31,0.518420,convex
poughkeepsie,1,32,0.016720,convex
poughkeepsie,1,33,0.265860,convex
poughkeepsie,1,34,0.517910,convex
poughkeepsie,1,35,0.016910,convex
poughkeepsie,1,36,0.449850,convex
poughkeepsie,1,37,0.517350,convex
poughkeepsie,1,38,0.016180,convex
poughkeepsie,1,39,0.095090,convex
poughkeepsie,1,40,0.518290,convex
poughkeepsie,1,41,0.975110,bellman
poughkeepsie,1,42,0.971030,convex
poughkeepsie,1,43,0.990570,bellman
poughkeepsie,1,44,0.990560,convex
poughkeepsie,1,45,0.990820,bellman
poughkeepsie,1,46,0.990560,convex
poughkeepsie,1,47,0.595120,bellman
poughkeepsie,1,48,0.595120,bellman
poughkeepsie,1,49,0.971030,convex
poughkeepsie,1,50,0.967380,bellman
poughkeepsie,1,51,0.959570,bellman
poughkeepsie,1,52,0.015910,convex
poughkeepsie,1,53,0.061010,convex
poughkeepsie,1,54,0.518400,convex
poughkeepsie,1,55,0.016890,convex
poughkeepsie,1,56,0.419410,convex
poughkeepsie,1,57,0.517560,convex
poughkeepsie,1,58,0.016800,convex
poughkeepsie,1,59,0.323340,convex
poughkeepsie,1,60,0.518090,convex
poughkeepsie,1,61,0.497430,bellman
poughkeepsie,1,62,0.522980,bellman
poughkeepsie,1,63,0.015930,convex
poughkeepsie,1,64,0.063340,convex
poughkeepsie,1,65,0.515990,convex
poughkeepsie,1,66,0.016990,convex
poughkeepsie,1,67,0.604180,convex
poughkeepsie,1,68,0.514280,convex
poughkeepsie,1,69,0.971030,bellman
poughkeepsie,1,70,0.971030,bellman
poughkeepsie,1,71,0.971030,bellman
poughkeepsie,1,72,0.971030,convex
poughkeepsie,1,73,0.971030,bellman
poughkeepsie,1,74,0.971030,convex
poughkeepsie,1,75,0.595120,bellman
poughkeepsie,1,76,0.971030,bellman
poughkeepsie,1,77,0.966950,bellman
poughkeepsie,1,78,0.990570,bellman
poughkeepsie,1,79,0.990320,bellman
poughkeepsie,1,80,0.000000,convex
poughkeepsie,1,81,0.495930,convex
poughkeepsie,1,82,0.971030,convex
poughkeepsie,1,83,0.950640,convex
poughkeepsie,1,84,0.990570,convex
poughkeepsie,1,85,0.989310,convex
poughkeepsie,2,0,0.568640,bellman
poughkeepsie,2,1,0.000000,convex
poughkeepsie,2,2,0.568640,bellman
poughkeepsie,2,3,0.473870,convex
poughkeepsie,2,4,0.927830,bellman
poughkeepsie,2,5,0.927830,convex
poughkeepsie,2,6,0.931730,bellman
poughkeepsie,2,7,0.927830,convex
poughkeepsie,2,8,0.946500,bellman
poughkeepsie,2,9,0.946500,convex
poughkeepsie,2,10,0.946740,bellman
poughkeepsie,2,11,0.946500,convex
poughkeepsie,2,12,0.700390,bellman
poughkeepsie,2,13,0.098060,convex
poughkeepsie,2,14,0.723830,bellman
poughkeepsie,2,15,0.469330,convex
poughkeepsie,2,16,0.508020,bellman
poughkeepsie,2,17,0.512750,convex
poughkeepsie,2,18,0.097470,convex
poughkeepsie,2,19,0.181150,convex
poughkeepsie,2,20,0.513800,convex
poughkeepsie,2,21,0.097810,convex
poughkeepsie,2,22,0.273800,convex
poughkeepsie,2,23,0.508020,bellman
poughkeepsie,2,24,0.513280,convex
poughkeepsie,2,25,0.515410,bellman
poughkeepsie,2,26,0.879620,bellman
poughkeepsie,2,27,0.097090,convex
poughkeepsie,2,28,0.495980,bellman
poughkeepsie,2,29,0.137790,convex
poughkeepsie,2,30,0.519070,bellman
poughkeepsie,2,31,0.513630,convex
poughkeepsie,2,32,0.097870,convex
poughkeepsie,2,33,0.299400,convex
poughkeepsie,2,34,0.513160,convex
poughkeepsie,2,35,0.098050,convex
poughkeepsie,2,36,0.444770,convex
poughkeepsie,2,37,0.512680,convex
poughkeepsie,2,38,0.097350,convex
poughkeepsie,2,39,0.164460,convex
poughkeepsie,2,40,0.513580,convex
poughkeepsie,2,41,0.931730,bellman
poughkeepsie,2,42,0.927830,convex
poughkeepsie,2,43,0.946500,bellman
poughkeepsie,2,44,0.946490,convex
poughkeepsie,2,45,0.946740,bellman
poughkeepsie,2,46,0.946490,convex
poughkeepsie,2,47,0.568640,bellman
poughkeepsie,2,48,0.568640,bellman
poughkeepsie,2,49,0.927830,convex
poughkeepsie,2,50,0.924340,bellman
poughkeepsie,2,51,0.916880,bellman
poughkeepsie,2,52,0.097090,convex
poughkeepsie,2,53,0.137530,convex
poughkeepsie,2,54,0.513790,convex
poughkeepsie,2,55,0.098030,convex
poughkeepsie,2,56,0.420710,convex
poughkeepsie,2,57,0.513040,convex
poughkeepsie,2,58,0.097940,convex
poughkeepsie,2,59,0.344810,convex
poughkeepsie,2,60,0.513500,convex
poughkeepsie,2,61,0.495980,bellman
poughkeepsie,2,62,0.519070,bellman
poughkeepsie,2,63,0.097110,convex
poughkeepsie,2,64,0.139380,convex
poughkeepsie,2,65,0.511850,convex
poughkeepsie,2,66,0.098120,convex
poughkeepsie,2,67,0.566710,convex
poughkeepsie,2,68,0.510330,convex
poughkeepsie,2,69,0.927830,bellman
poughkeepsie,2,70,0.927830,bellman
poughkeepsie,2,71,0.927830,bellman
poughkeepsie,2,72,0.927830,convex
poughkeepsie,2,73,0.927830,bellman
poughkeepsie,2,74,0.927830,convex
poughkeepsie,2,75,0.568640,bellman
poughkeepsie,2,76,0.927830,bellman
poughkeepsie,2,77,0.923930,bellman
poughkeepsie,2,78,0.946500,bellman
poughkeepsie,2,79,0.946260,bellman
poughkeepsie,2,80,0.000000,convex
poughkeepsie,2,81,0.473870,convex
poughkeepsie,2,82,0.927830,convex
poughkeepsie,2,83,0.908350,convex
poughkeepsie,2,84,0.946500,convex
poughkeepsie,2,85,0.945290,convex
quito,0,0,0.594690,bellman
quito,0,1,0.000000,convex
quito,0,2,0.594690,bellman
quito,0,3,0.495580,convex
quito,0,4,0.881040,bellman
quito,0,5,0.881040,convex
quito,0,6,0.900610,bellman
quito,0,7,0.881040,convex
quito,0,8,0.957170,bellman
quito,0,9,0.957170,convex
quito,0,10,0.962970,bellman
quito,0,11,0.957170,convex
quito,0,12,0.697220,bellman
quito,0,13,0.020980,convex
quito,0,14,0.793770,bellman
quito,0,15,0.541630,convex
quito,0,16,0.532780,bellman
quito,0,17,0.560810,convex
quito,0,18,0.017980,convex
quito,0,19,0.238420,convex
quito,0,20,0.564820,convex
quito,0,21,0.019720,convex
quito,0,22,0.335900,convex
quito,0,23,0.532780,bellman
quito,0,24,0.563720,convex
quito,0,25,0.584360,bellman
quito,0,26,0.891430,bellman
quito,0,27,0.016100,convex
quito,0,28,0.482410,bellman
quito,0,29,0.192800,convex
quito,0,30,0.590320,bellman
quito,0,31,0.565310,convex
quito,0,32,0.019990,convex
quito,0,33,0.362840,convex
quito,0,34,0.563460,convex
quito,0,35,0.020880,convex
quito,0,36,0.515790,convex
quito,0,37,0.561180,convex
quito,0,38,0.017400,convex
quito,0,39,0.220870,convex
quito,0,40,0.564870,convex
quito,0,41,0.900610,bellman
quito,0,42,0.881030,convex
quito,0,43,0.957170,bellman
quito,0,44,0.957150,convex
quito,0,45,0.962970,bellman
quito,0,46,0.956970,convex
quito,0,47,0.594690,bellman
quito,0,48,0.594690,bellman
quito,0,49,0.881040,convex
quito,0,50,0.872340,bellman
quito,0,51,0.842120,bellman
quito,0,52,0.016080,convex
quito,0,53,0.192530,convex
quito,0,54,0.565470,convex
quito,0,55,0.020780,convex
quito,0,56,0.490480,convex
quito,0,57,0.561930,convex
quito,0,58,0.020360,convex
quito,0,59,0.410620,convex
quito,0,60,0.562980,convex
quito,0,61,0.482410,bellman
quito,0,62,0.590320,bellman
quito,0,63,0.016190,convex
quito,0,64,0.194470,convex
quito,0,65,0.564490,convex
quito,0,66,0.021260,convex
quito,0,67,0.644090,convex
quito,0,68,0.557170,convex
quito,0,69,0.881040,bellman
quito,0,70,0.881040,bellman
quito,0,71,0.881040,bellman
quito,0,72,0.881040,convex
quito,0,73,0.881040,bellman
quito,0,74,0.881040,convex
quito,0,75,0.594690,bellman
quito,0,76,0.881040,bellman
quito,0,77,0.861460,bellman
quito,0,78,0.957170,bellman
quito,0,79,0.951370,bellman
quito,0,80,0.000000,convex
quito,0,81,0.495580,convex
quito,0,82,0.881040,convex
quito,0,83,0.783150,convex
quito,0,84,0.957170,convex
quito,0,85,0.928170,convex
quito,1,0,0.577420,bellman
quito,1,1,0.000000,convex
quito,1,2,0.577420,bellman
quito,1,3,0.481180,convex
quito,1,4,0.855450,bellman
quito,1,5,0.855450,convex
quito,1,6,0.874450,bellman
quito,1,7,0.855450,convex
quito,1,8,0.929370,bellman
quito,1,9,0.929370,convex
quito,1,10,0.935000,bellman
quito,1,11,0.929370,convex
quito,1,12,0.655320,bellman
quito,1,13,0.069620,convex
quito,1,14,0.751480,bellman
quito,1,15,0.528770,convex
quito,1,16,0.524510,bellman
quito,1,17,0.547460,convex
quito,1,18,0.066710,convex
quito,1,19,0.269430,convex
quito,1,20,0.551470,convex
quito,1,21,0.068410,convex
quito,1,22,0.352810,convex
quito,1,23,0.524510,bellman
quito,1,24,0.550140,convex
quito,1,25,0.537230,bellman
quito,1,26,0.838730,bellman
quito,1,27,0.064890,convex
quito,1,28,0.477750,bellman
quito,1,29,0.230420,convex
quito,1,30,0.578840,bellman
quito,1,31,0.551640,convex
quito,1,32,0.068670,convex
quito,1,33,0.375850,convex
quito,1,34,0.549910,convex
quito,1,35,0.069530,convex
quito,1,36,0.506660,convex
quito,1,37,0.547810,convex
quito,1,38,0.066150,convex
quito,1,39,0.254420,convex
quito,1,40,0.551410,convex
quito,1,41,0.874450,bellman
quito,1,42,0.855440,convex
quito,1,43,0.929370,bellman
quito,1,44,0.929350,convex
quito,1,45,0.935000,bellman
quito,1,46,0.929170,convex
quito,1,47,0.577420,bellman
quito,1,48,0.577420,bellman
quito,1,49,0.855450,convex
quito,1,50,0.847000,bellman
quito,1,51,0.817660,bellman
quito,1,52,0.064870,convex
quito,1,53,0.230180,convex
quito,1,54,0.551780,convex
quito,1,55,0.069440,convex
quito,1,56,0.485020,convex
quito,1,57,0.548480,convex
quito,1,58,0.069030,convex
quito,1,59,0.416720,convex
quito,1,60,0.549860,convex
quito,1,61,0.477750,bellman
quito,1,62,0.578840,bellman
quito,1,63,0.064980,convex
quito,1,64,0.231840,convex
quito,1,65,0.550930,convex
quito,1,66,0.069900,convex
quito,1,67,0.616400,convex
quito,1,68,0.544150,convex
quito,1,69,0.855450,bellman
quito,1,70,0.855450,bellman
quito,1,71,0.855450,bellman
quito,1,72,0.855450,convex
quito,1,73,0.855450,bellman
quito,1,74,0.855450,convex
quito,1,75,0.577420,bellman
quito,1,76,0.855450,bellman
quito,1,77,0.836440,bellman
quito,1,78,0.929370,bellman
quito,1,79,0.923740,bellman
quito,1,80,0.000000,convex
quito,1,81,0.481180,convex
quito,1,82,0.855450,convex
quito,1,83,0.760410,convex
quito,1,84,0.929370,convex
quito,1,85,0.901210,convex
rochester,0,0,0.592350,bellman
rochester,0,1,0.000000,convex
rochester,0,2,0.592350,bellman
rochester,0,3,0.493620,convex
rochester,0,4,0.977380,bellman
rochester,0,5,0.977380,convex
rochester,0,6,0.979330,bellman
rochester,0,7,0.977380,convex
rochester,0,8,0.986950,bellman
rochester,0,9,0.986950,convex
rochester,0,10,0.987010,bellman
rochester,0,11,0.986950,convex
rochester,0,12,0.769850,bellman
rochester,0,13,0.025460,convex
rochester,0,14,0.781510,bellman
rochester,0,15,0.468960,convex
rochester,0,16,0.505290,bellman
rochester,0,17,0.508070,convex
rochester,0,18,0.025160,convex
rochester,0,19,0.104750,convex
rochester,0,20,0.508600,convex
rochester,0,21,0.025340,convex
rochester,0,22,0.221840,convex
rochester,0,23,0.505290,bellman
rochester,0,24,0.508310,convex
rochester,0,25,0.577630,bellman
rochester,0,26,0.964760,bellman
rochester,0,27,0.024980,convex
rochester,0,28,0.498740,bellman
rochester,0,29,0.049950,convex
rochester,0,30,0.511080,bellman
rochester,0,31,0.508500,convex
rochester,0,32,0.025370,convex
rochester,0,33,0.254190,convex
rochester,0,34,0.508200,convex
rochester,0,35,0.025450,convex
rochester,0,36,0.437910,convex
rochester,0,37,0.507910,convex
rochester,0,38,0.025110,convex
rochester,0,39,0.083660,convex
rochester,0,40,0.508370,convex
rochester,0,41,0.979330,bellman
rochester,0,42,0.977380,convex
rochester,0,43,0.986950,bellman
rochester,0,44,0.986950,convex
rochester,0,45,0.987010,bellman
rochester,0,46,0.986950,convex
rochester,0,47,0.592350,bellman
rochester,0,48,0.592350,bellman
rochester,0,49,0.977380,convex
rochester,0,50,0.975520,bellman
rochester,0,51,0.971690,bellman
rochester,0,52,0.024970,convex
rochester,0,53,0.049630,convex
rochester,0,54,0.508690,convex
rochester,0,55,0.025440,convex
rochester,0,56,0.407520,convex
rochester,0,57,0.508290,convex
rochester,0,58,0.025400,convex
rochester,0,59,0.311590,convex
rochester,0,60,0.508430,convex
rochester,0,61,0.498740,bellman
rochester,0,62,0.511080,bellman
rochester,0,63,0.024990,convex
rochester,0,64,0.051960,convex
rochester,0,65,0.506750,convex
rochester,0,66,0.025490,convex
rochester,0,67,0.592030,convex
rochester,0,68,0.505920,convex
rochester,0,69,0.977380,bellman
rochester,0,70,0.977380,bellman
rochester,0,71,0.977380,bellman
rochester,0,72,0.977380,convex
rochester,0,73,0.977380,bellman
rochester,0,74,0.977380,convex
rochester,0,75,0.592350,bellman
rochester,0,76,0.977380,bellman
rochester,0,77,0.975420,bellman
rochester,0,78,0.986950,bellman
rochester,0,79,0.986900,bellman
rochester,0,80,0.000000,convex
rochester,0,81,0.493620,convex
rochester,0,82,0.977380,convex
rochester,0,83,0.967600,convex
rochester,0,84,0.986950,convex
rochester,0,85,0.986660,convex
rochester,1,0,0.592350,bellman
rochester,1,1,0.000000,convex
rochester,1,2,0.592350,bellman
rochester,1,3,0.493620,convex
rochester,1,4,0.589880,bellman
rochester,1,5,0.589880,convex
rochester,1,6,0.637370,bellman
rochester,1,7,0.589880,convex
rochester,1,8,0.636180,bellman
rochester,1,9,0.636180,convex
rochester,1,10,0.670440,bellman
rochester,1,11,0.636180,convex
rochester,1,12,0.464630,bellman
rochester,1,13,0.028120,convex
rochester,1,14,0.561340,bellman
rochester,1,15,0.488990,convex
rochester,1,16,0.401990,bellman
rochester,1,17,0.348480,convex
rochester,1,18,0.020850,convex
rochester,1,19,0.320760,convex
rochester,1,20,0.355510,convex
rochester,1,21,0.025080,convex
rochester,1,22,0.374850,convex
rochester,1,23,0.401990,bellman
rochester,1,24,0.355500,convex
rochester,1,25,0.577630,bellman
rochester,1,26,0.628570,bellman
rochester,1,27,0.016280,convex
rochester,1,28,0.389570,bellman
rochester,1,29,0.295450,convex
rochester,1,30,0.520260,bellman
rochester,1,31,0.351580,convex
rochester,1,32,0.025740,convex
rochester,1,33,0.389790,convex
rochester,1,34,0.356000,convex
rochester,1,35,0.027900,convex
rochester,1,36,0.474650,convex
rochester,1,37,0.349550,convex
rochester,1,38,0.019450,convex
rochester,1,39,0.311020,convex
rochester,1,40,0.353940,convex
rochester,1,41,0.637370,bellman
rochester,1,42,0.589860,convex
rochester,1,43,0.636180,bellman
rochester,1,44,0.636150,convex
rochester,1,45,0.670440,bellman
rochester,1,46,0.634980,convex
rochester,1,47,0.592350,bellman
rochester,1,48,0.592350,bellman
rochester,1,49,0.589880,convex
rochester,1,50,0.637960,bellman
rochester,1,51,0.627130,bellman
rochester,1,52,0.016240,convex
rochester,1,53,0.295300,convex
rochester,1,54,0.351560,convex
rochester,1,55,0.027650,convex
rochester,1,56,0.460610,convex
rochester,1,57,0.350720,convex
rochester,1,58,0.026630,convex
rochester,1,59,0.416300,convex
rochester,1,60,0.361260,convex
rochester,1,61,0.389570,bellman
rochester,1,62,0.520260,bellman
rochester,1,63,0.016520,convex
rochester,1,64,0.296380,convex
rochester,1,65,0.351720,convex
rochester,1,66,0.028800,convex
rochester,1,67,0.542800,convex
rochester,1,68,0.344830,convex
rochester,1,69,0.589880,bellman
rochester,1,70,0.589880,bellman
rochester,1,71,0.589880,bellman
rochester,1,72,0.589880,convex
rochester,1,73,0.589880,bellman
rochester,1,74,0.589880,convex
rochester,1,75,0.592350,bellman
rochester,1,76,0.589880,bellman
rochester,1,77,0.542400,bellman
rochester,1,78,0.636180,bellman
rochester,1,79,0.601920,bellman
rochester,1,80,0.000000,convex
rochester,1,81,0.493620,convex
rochester,1,82,0.589880,convex
rochester,1,83,0.352450,convex
rochester,1,84,0.636180,convex
rochester,1,85,0.464880,convex
rochester,2,0,0.280000,bellman
rochester,2,1,0.000000,convex
rochester,2,2,0.280000,bellman
rochester,2,3,0.233330,convex
rochester,2,4,0.462000,bellman
rochester,2,5,0.462000,convex
rochester,2,6,0.462920,bellman
rochester,2,7,0.462000,convex
rochester,2,8,0.466530,bellman
rochester,2,9,0.466530,convex
rochester,2,10,0.466560,bellman
rochester,2,11,0.466530,convex
rochester,2,12,0.494910,bellman
rochester,2,13,0.492790,convex
rochester,2,14,0.499110,bellman
rochester,2,15,0.496940,convex
rochester,2,16,0.499850,bellman
rochester,2,17,0.499580,convex
rochester,2,18,0.492910,convex
rochester,2,19,0.497180,convex
rochester,2,20,0.499670,convex
rochester,2,21,0.493000,convex
rochester,2,22,0.497490,convex
rochester,2,23,0.499850,bellman
rochester,2,24,0.499710,convex
rochester,2,25,0.299910,bellman
rochester,2,26,0.482640,bellman
rochester,2,27,0.492820,convex
rochester,2,28,0.495990,bellman
rochester,2,29,0.497040,convex
rochester,2,30,0.499480,bellman
rochester,2,31,0.499660,convex
rochester,2,32,0.493010,convex
rochester,2,33,0.497570,convex
rochester,2,34,0.499710,convex
rochester,2,35,0.492820,convex
rochester,2,36,0.497090,convex
rochester,2,37,0.499610,convex
rochester,2,38,0.492890,convex
rochester,2,39,0.497120,convex
rochester,2,40,0.499660,convex
rochester,2,41,0.462920,bellman
rochester,2,42,0.462000,convex
rochester,2,43,0.466530,bellman
rochester,2,44,0.466530,convex
rochester,2,45,0.466560,bellman
rochester,2,46,0.466530,convex
rochester,2,47,0.280000,bellman
rochester,2,48,0.280000,bellman
rochester,2,49,0.462000,convex
rochester,2,50,0.461120,bellman
rochester,2,51,0.459310,bellman
rochester,2,52,0.492820,convex
rochester,2,53,0.497030,convex
rochester,2,54,0.499660,convex
rochester,2,55,0.492860,convex
rochester,2,56,0.497240,convex
rochester,2,57,0.499640,convex
rochester,2,58,0.493020,convex
rochester,2,59,0.497720,convex
rochester,2,60,0.499710,convex
rochester,2,61,0.495990,bellman
rochester,2,62,0.499480,bellman
rochester,2,63,0.492830,convex
rochester,2,64,0.497040,convex
rochester,2,65,0.499660,convex
rochester,2,66,0.492680,convex
rochester,2,67,0.496320,convex
rochester,2,68,0.499410,convex
rochester,2,69,0.462000,bellman
rochester,2,70,0.462000,bellman
rochester,2,71,0.462000,bellman
rochester,2,72,0.462000,convex
rochester,2,73,0.462000,bellman
rochester,2,74,0.462000,convex
rochester,2,75,0.280000,bellman
rochester,2,76,0.462000,bellman
rochester,2,77,0.461080,bellman
rochester,2,78,0.466530,bellman
rochester,2,79,0.466500,bellman
rochester,2,80,0.000000,convex
rochester,2,81,0.233330,convex
rochester,2,82,0.462000,convex
rochester,2,83,0.457380,convex
rochester,2,84,0.466530,convex
rochester,2,85,0.466390,convex
rochester,3,0,0.280000,bellman
rochester,3,1,0.000000,convex
rochester,3,2,0.280000,bellman
rochester,3,3,0.233330,convex
rochester,3,4,0.278830,bellman
rochester,3,5,0.278830,convex
rochester,3,6,0.301280,bellman
rochester,3,7,0.278830,convex
rochester,3,8,0.300720,bellman
rochester,3,9,0.300720,convex
rochester,3,10,0.316910,bellman
rochester,3,11,0.300720,convex
rochester,3,12,0.298700,bellman
rochester,3,13,0.291390,convex
rochester,3,14,0.312590,bellman
rochester,3,15,0.281550,convex
rochester,3,16,0.322170,bellman
rochester,3,17,0.318240,convex
rochester,3,18,0.295430,convex
rochester,3,19,0.308130,convex
rochester,3,20,0.319610,convex
rochester,3,21,0.293080,convex
rochester,3,22,0.299590,convex
rochester,3,23,0.322170,bellman
rochester,3,24,0.320740,convex
rochester,3,25,0.299910,bellman
rochester,3,26,0.313180,bellman
rochester,3,27,0.297970,convex
rochester,3,28,0.322780,bellman
rochester,3,29,0.312130,convex
rochester,3,30,0.332620,bellman
rochester,3,31,0.321790,convex
rochester,3,32,0.292710,convex
rochester,3,33,0.297230,convex
rochester,3,34,0.320590,convex
rochester,3,35,0.291510,convex
rochester,3,36,0.283820,convex
rochester,3,37,0.318700,convex
rochester,3,38,0.296210,convex
rochester,3,39,0.309670,convex
rochester,3,40,0.320480,convex
rochester,3,41,0.301280,bellman
rochester,3,42,0.278820,convex
rochester,3,43,0.300720,bellman
rochester,3,44,0.300700,convex
rochester,3,45,0.316910,bellman
rochester,3,46,0.300150,convex
rochester,3,47,0.280000,bellman
rochester,3,48,0.280000,bellman
rochester,3,49,0.278830,convex
rochester,3,50,0.301560,bellman
rochester,3,51,0.296440,bellman
rochester,3,52,0.297990,convex
rochester,3,53,0.312150,convex
rochester,3,54,0.321800,convex
rochester,3,55,0.291650,convex
rochester,3,56,0.286030,convex
rochester,3,57,0.319100,convex
rochester,3,58,0.292220,convex
rochester,3,59,0.293040,convex
rochester,3,60,0.317540,convex
rochester,3,61,0.322780,bellman
rochester,3,62,0.332620,bellman
rochester,3,63,0.297840,convex
rochester,3,64,0.311990,convex
rochester,3,65,0.321710,convex
rochester,3,66,0.291010,convex
rochester,3,67,0.272570,convex
rochester,3,68,0.315910,convex
rochester,3,69,0.278830,bellman
rochester,3,70,0.278830,bellman
rochester,3,71,0.278830,bellman
rochester,3,72,0.278830,convex
rochester,3,73,0.278830,bellman
rochester,3,74,0.278830,convex
rochester,3,75,0.280000,bellman
rochester,3,76,0.278830,bellman
rochester,3,77,0.256390,bellman
rochester,3,78,0.300720,bellman
rochester,3,79,0.284520,bellman
rochester,3,80,0.000000,convex
rochester,3,81,0.233330,convex
rochester,3,82,0.278830,convex
rochester,3,83,0.166600,convex
rochester,3,84,0.300720,convex
rochester,3,85,0.219750,convex
rome,0,0,0.597350,bellman
rome,0,1,0.000000,convex
rome,0,2,0.597350,bellman
rome,0,3,0.497790,convex
rome,0,4,0.974280,bellman
rome,0,5,0.974280,convex
rome,0,6,0.978450,bellman
rome,0,7,0.974280,convex
rome,0,8,0.994240,bellman
rome,0,9,0.994240,convex
rome,0,10,0.994500,bellman
rome,0,11,0.994240,convex
rome,0,12,0.775170,bellman
rome,0,13,0.009750,convex
rome,0,14,0.799390,bellman
rome,0,15,0.482570,convex
rome,0,16,0.511300,bellman
rome,0,17,0.517940,convex
rome,0,18,0.009110,convex
rome,0,19,0.111150,convex
rome,0,20,0.519020,convex
rome,0,21,0.009490,convex
rome,0,22,0.230560,convex
rome,0,23,0.511300,bellman
rome,0,24,0.518740,convex
rome,0,25,0.592120,bellman
rome,0,26,0.973330,bellman
rome,0,27,0.008710,convex
rome,0,28,0.497510,bellman
rome,0,29,0.055270,convex
rome,0,30,0.523750,bellman
rome,0,31,0.519130,convex
rome,0,32,0.009540,convex
rome,0,33,0.263550,convex
rome,0,34,0.518790,convex
rome,0,35,0.009730,convex
rome,0,36,0.450910,convex
rome,0,37,0.518290,convex
rome,0,38,0.008990,convex
rome,0,39,0.089640,convex
rome,0,40,0.519250,convex
rome,0,41,0.978450,bellman
rome,0,42,0.974280,convex
rome,0,43,0.994240,bellman
rome,0,44,0.994230,convex
rome,0,45,0.994500,bellman
rome,0,46,0.994230,convex
rome,0,47,0.597350,bellman
rome,0,48,0.597350,bellman
rome,0,49,0.974280,convex
rome,0,50,0.970560,bellman
rome,0,51,0.962570,bellman
rome,0,52,0.008710,convex
rome,0,53,0.054940,convex
rome,0,54,0.518940,convex
rome,0,55,0.009710,convex
rome,0,56,0.419910,convex
rome,0,57,0.518080,convex
rome,0,58,0.009620,convex
rome,0,59,0.322090,convex
rome,0,60,0.518610,convex
rome,0,61,0.497510,bellman
rome,0,62,0.523750,bellman
rome,0,63,0.008730,convex
rome,0,64,0.057310,convex
rome,0,65,0.516490,convex
rome,0,66,0.009810,convex
rome,0,67,0.608080,convex
rome,0,68,0.514740,convex
rome,0,69,0.974280,bellman
rome,0,70,0.974280,bellman
rome,0,71,0.974280,bellman
rome,0,72,0.974280,convex
rome,0,73,0.974280,bellman
rome,0,74,0.974280,convex
rome,0,75,0.597350,bellman
rome,0,76,0.974280,bellman
rome,0,77,0.970110,bellman
rome,0,78,0.994240,bellman
rome,0,79,0.993970,bellman
rome,0,80,0.000000,convex
rome,0,81,0.497790,convex
rome,0,82,0.974280,convex
rome,0,83,0.953430,convex
rome,0,84,0.994240,convex
rome,0,85,0.992930,convex
rome,1,0,0.593010,bellman
rome,1,1,0.000000,convex
rome,1,2,0.593010,bellman
rome,1,3,0.494180,convex
rome,1,4,0.958500,bellman
rome,1,5,0.958500,convex
rome,1,6,0.964290,bellman
rome,1,7,0.958500,convex
rome,1,8,0.985700,bellman
rome,1,9,0.985700,convex
rome,1,10,0.986210,bellman
rome,1,11,0.985700,convex
rome,1,12,0.755980,bellman
rome,1,13,0.023920,convex
rome,1,14,0.789290,bellman
rome,1,15,0.488040,convex
rome,1,16,0.514540,bellman
rome,1,17,0.523400,convex
rome,1,18,0.023040,convex
rome,1,19,0.136420,convex
rome,1,20,0.524880,convex
rome,1,21,0.023550,convex
rome,1,22,0.249470,convex
rome,1,23,0.514540,bellman
rome,1,24,0.524450,convex
rome,1,25,0.579520,bellman
rome,1,26,0.951210,bellman
rome,1,27,0.022480,convex
rome,1,28,0.496020,bellman
rome,1,29,0.083520,convex
rome,1,30,0.531690,bellman
rome,1,31,0.524990,convex
rome,1,32,0.023630,convex
rome,1,33,0.280700,convex
rome,1,34,0.524480,convex
rome,1,35,0.023900,convex
rome,1,36,0.458060,convex
rome,1,37,0.523790,convex
rome,1,38,0.022870,convex
rome,1,39,0.116060,convex
rome,1,40,0.525100,convex
rome,1,41,0.964290,bellman
rome,1,42,0.958500,convex
rome,1,43,0.985700,bellman
rome,1,44,0.985700,convex
rome,1,45,0.986210,bellman
rome,1,46,0.985680,convex
rome,1,47,0.593010,bellman
rome,1,48,0.593010,bellman
rome,1,49,0.958500,convex
rome,1,50,0.953590,bellman
rome,1,51,0.942710,bellman
rome,1,52,0.022480,convex
rome,1,53,0.083210,convex
rome,1,54,0.524800,convex
rome,1,55,0.023870,convex
rome,1,56,0.428720,convex
rome,1,57,0.523640,convex
rome,1,58,0.023740,convex
rome,1,59,0.336110,convex
rome,1,60,0.524330,convex
rome,1,61,0.496020,bellman
rome,1,62,0.531690,bellman
rome,1,63,0.022510,convex
rome,1,64,0.085460,convex
rome,1,65,0.522470,convex
rome,1,66,0.024010,convex
rome,1,67,0.606850,convex
rome,1,68,0.520090,convex
rome,1,69,0.958500,bellman
rome,1,70,0.958500,bellman
rome,1,71,0.958500,bellman
rome,1,72,0.958500,convex
rome,1,73,0.958500,bellman
rome,1,74,0.958500,convex
rome,1,75,0.593010,bellman
rome,1,76,0.958500,bellman
rome,1,77,0.952710,bellman
rome,1,78,0.985700,bellman
rome,1,79,0.985190,bellman
rome,1,80,0.000000,convex
rome,1,81,0.494180,convex
rome,1,82,0.958500,convex
rome,1,83,0.929560,convex
rome,1,84,0.985700,convex
rome,1,85,0.983160,convex
santiago,0,0,0.597920,bellman
santiago,0,1,0.000000,convex
santiago,0,2,0.597920,bellman
santiago,0,3,0.498270,convex
santiago,0,4,0.978600,bellman
santiago,0,5,0.978600,convex
santiago,0,6,0.982120,bellman
santiago,0,7,0.978600,convex
santiago,0,8,0.995580,bellman
santiago,0,9,0.995580,convex
santiago,0,10,0.995760,bellman
santiago,0,11,0.995580,convex
santiago,0,12,0.779510,bellman
santiago,0,13,0.007760,convex
santiago,0,14,0.800080,bellman
santiago,0,15,0.479670,convex
santiago,0,16,0.509720,bellman
santiago,0,17,0.515310,convex
santiago,0,18,0.007220,convex
santiago,0,19,0.103900,convex
santiago,0,20,0.516230,convex
santiago,0,21,0.007530,convex
santiago,0,22,0.224720,convex
santiago,0,23,0.509720,bellman
santiago,0,24,0.516000,convex
santiago,0,25,0.593800,bellman
santiago,0,26,0.978080,bellman
santiago,0,27,0.006880,convex
santiago,0,28,0.497960,bellman
santiago,0,29,0.047370,convex
santiago,0,30,0.520250,bellman
santiago,0,31,0.516330,convex
santiago,0,32,0.007580,convex
santiago,0,33,0.258090,convex
santiago,0,34,0.516050,convex
santiago,0,35,0.007740,convex
santiago,0,36,0.447640,convex
santiago,0,37,0.515640,convex
santiago,0,38,0.007110,convex
santiago,0,39,0.082150,convex
santiago,0,40,0.516460,convex
santiago,0,41,0.982120,bellman
santiago,0,42,0.978590,convex
santiago,0,43,0.995580,bellman
santiago,0,44,0.995570,convex
santiago,0,45,0.995760,bellman
santiago,0,46,0.995570,convex
santiago,0,47,0.597920,bellman
santiago,0,48,0.597920,bellman
santiago,0,49,0.978600,convex
santiago,0,50,0.975390,bellman
santiago,0,51,0.968600,bellman
santiago,0,52,0.006870,convex
santiago,0,53,0.047030,convex
santiago,0,54,0.516140,convex
santiago,0,55,0.007720,convex
santiago,0,56,0.416280,convex
santiago,0,57,0.515410,convex
santiago,0,58,0.007640,convex
santiago,0,59,0.317310,convex
santiago,0,60,0.515870,convex
santiago,0,61,0.497960,bellman
santiago,0,62,0.520250,bellman
santiago,0,63,0.006890,convex
santiago,0,64,0.049440,convex
santiago,0,65,0.513660,convex
santiago,0,66,0.007810,convex
santiago,0,67,0.606650,convex
santiago,0,68,0.512170,convex
santiago,0,69,0.978600,bellman
santiago,0,70,0.978600,bellman
santiago,0,71,0.978600,bellman
santiago,0,72,0.978600,convex
santiago,0,73,0.978600,bellman
santiago,0,74,0.978600,convex
santiago,0,75,0.597920,bellman
santiago,0,76,0.978600,bellman
santiago,0,77,0.975070,bellman
santiago,0,78,0.995580,bellman
santiago,0,79,0.995390,bellman
santiago,0,80,0.000000,convex
santiago,0,81,0.498270,convex
santiago,0,82,0.978600,convex
santiago,0,83,0.960980,convex
santiago,0,84,0.995580,convex
santiago,0,85,0.994640,convex
santiago,1,0,0.597250,bellman
santiago,1,1,0.000000,convex
santiago,1,2,0.597250,bellman
santiago,1,3,0.497700,convex
santiago,1,4,0.985850,bellman
santiago,1,5,0.985850,convex
santiago,1,6,0.987750,bellman
santiago,1,7,0.985850,convex
santiago,1,8,0.995140,bellman
santiago,1,9,0.995140,convex
santiago,1,10,0.995190,bellman
santiago,1,11,0.995140,convex
santiago,1,12,0.784210,bellman
santiago,1,13,0.009570,convex
santiago,1,14,0.795430,bellman
santiago,1,15,0.471050,convex
santiago,1,16,0.505360,bellman
santiago,1,17,0.508230,convex
santiago,1,18,0.009280,convex
santiago,1,19,0.091060,convex
santiago,1,20,0.508740,convex
santiago,1,21,0.009450,convex
santiago,1,22,0.213230,convex
santiago,1,23,0.505360,bellman
santiago,1,24,0.508650,convex
santiago,1,25,0.591810,bellman
santiago,1,26,0.982360,bellman
santiago,1,27,0.009100,convex
santiago,1,28,0.498930,bellman
santiago,1,29,0.033890,convex
santiago,1,30,0.511010,bellman
santiago,1,31,0.508830,convex
santiago,1,32,0.009480,convex
santiago,1,33,0.246980,convex
santiago,1,34,0.508720,convex
santiago,1,35,0.009560,convex
santiago,1,36,0.438660,convex
santiago,1,37,0.508520,convex
santiago,1,38,0.009230,convex
santiago,1,39,0.069060,convex
santiago,1,40,0.508960,convex
santiago,1,41,0.987750,bellman
santiago,1,42,0.985850,convex
santiago,1,43,0.995140,bellman
santiago,1,44,0.995130,convex
santiago,1,45,0.995190,bellman
santiago,1,46,0.995130,convex
santiago,1,47,0.597250,bellman
santiago,1,48,0.597250,bellman
santiago,1,49,0.985850,convex
santiago,1,50,0.984050,bellman
santiago,1,51,0.980340,bellman
santiago,1,52,0.009100,convex
santiago,1,53,0.033550,convex
santiago,1,54,0.508630,convex
santiago,1,55,0.009550,convex
santiago,1,56,0.406950,convex
santiago,1,57,0.508240,convex
santiago,1,58,0.009510,convex
santiago,1,59,0.306870,convex
santiago,1,60,0.508540,convex
santiago,1,61,0.498930,bellman
santiago,1,62,0.511010,bellman
santiago,1,63,0.009110,convex
santiago,1,64,0.035990,convex
santiago,1,65,0.506130,convex
santiago,1,66,0.009600,convex
santiago,1,67,0.599460,convex
santiago,1,68,0.505320,convex
santiago,1,69,0.985850,bellman
santiago,1,70,0.985850,bellman
santiago,1,71,0.985850,bellman
santiago,1,72,0.985850,convex
santiago,1,73,0.985850,bellman
santiago,1,74,0.985850,convex
santiago,1,75,0.597250,bellman
santiago,1,76,0.985850,bellman
santiago,1,77,0.983960,bellman
santiago,1,78,0.995140,bellman
santiago,1,79,0.995080,bellman
santiago,1,80,0.000000,convex
santiago,1,81,0.497700,convex
santiago,1,82,0.985850,convex
santiago,1,83,0.976390,convex
santiago,1,84,0.995140,convex
santiago,1,85,0.994870,convex
singapore,0,0,0.596920,bellman
singapore,0,1,0.000000,convex
singapore,0,2,0.596920,bellman
singapore,0,3,0.497440,convex
singapore,0,4,0.907320,bellman
singapore,0,5,0.907320,convex
singapore,0,6,0.923290,bellman
singapore,0,7,0.907320,convex
singapore,0,8,0.973120,bellman
singapore,0,9,0.973120,convex
singapore,0,10,0.976960,bellman
singapore,0,11,0.973120,convex
singapore,0,12,0.721270,bellman
singapore,0,13,0.013700,convex
singapore,0,14,0.803430,bellman
singapore,0,15,0.531910,convex
singapore,0,16,0.531640,bellman
singapore,0,17,0.555900,convex
singapore,0,18,0.011260,convex
singapore,0,19,0.208100,convex
singapore,0,20,0.559370,convex
singapore,0,21,0.012680,convex
singapore,0,22,0.312210,convex
singapore,0,23,0.531640,bellman
singapore,0,24,0.558490,convex
singapore,0,25,0.590860,bellman
singapore,0,26,0.917770,bellman
singapore,0,27,0.009720,convex
singapore,0,28,0.487370,bellman
singapore,0,29,0.159390,convex
singapore,0,30,0.578950,bellman
singapore,0,31,0.559850,convex
singapore,0,32,0.012900,convex
singapore,0,33,0.340970,convex
singapore,0,34,0.558420,convex
singapore,0,35,0.013630,convex
singapore,0,36,0.504310,convex
singapore,0,37,0.556560,convex
singapore,0,38,0.010790,convex
singapore,0,39,0.189360,convex
singapore,0,40,0.559720,convex
singapore,0,41,0.923290,bellman
singapore,0,42,0.907320,convex
singapore,0,43,0.973120,bellman
singapore,0,44,0.973100,convex
singapore,0,45,0.976960,bellman
singapore,0,46,0.972980,convex
singapore,0,47,0.596920,bellman
singapore,0,48,0.596920,bellman
singapore,0,49,0.907320,convex
singapore,0,50,0.898380,bellman
singapore,0,51,0.872190,bellman
singapore,0,52,0.009710,convex
singapore,0,53,0.159100,convex
singapore,0,54,0.559680,convex
singapore,0,55,0.013540,convex
singapore,0,56,0.477290,convex
singapore,0,57,0.556680,convex
singapore,0,58,0.013200,convex
singapore,0,59,0.392000,convex
singapore,0,60,0.557830,convex
singapore,0,61,0.487370,bellman
singapore,0,62,0.578950,bellman
singapore,0,63,0.009800,convex
singapore,0,64,0.161170,convex
singapore,0,65,0.557540,convex
singapore,0,66,0.013930,convex
singapore,0,67,0.641330,convex
singapore,0,68,0.551360,convex
singapore,0,69,0.907320,bellman
singapore,0,70,0.907320,bellman
singapore,0,71,0.907320,bellman
singapore,0,72,0.907320,convex
singapore,0,73,0.907320,bellman
singapore,0,74,0.907320,convex
singapore,0,75,0.596920,bellman
singapore,0,76,0.907320,bellman
singapore,0,77,0.891350,bellman
singapore,0,78,0.973120,bellman
singapore,0,79,0.969270,bellman
singapore,0,80,0.000000,convex
singapore,0,81,0.497440,convex
singapore,0,82,0.907320,convex
singapore,0,83,0.827480,convex
singapore,0,84,0.973120,convex
singapore,0,85,0.953890,convex
singapore,1,0,0.596920,bellman
singapore,1,1,0.000000,convex
singapore,1,2,0.596920,bellman
singapore,1,3,0.497440,convex
singapore,1,4,0.977960,bellman
singapore,1,5,0.977960,convex
singapore,1,6,0.981280,bellman
singapore,1,7,0.977960,convex
singapore,1,8,0.994020,bellman
singapore,1,9,0.994020,convex
singapore,1,10,0.994190,bellman
singapore,1,11,0.994020,convex
singapore,1,12,0.777420,bellman
singapore,1,13,0.010940,convex
singapore,1,14,0.796890,bellman
singapore,1,15,0.478160,convex
singapore,1,16,0.509130,bellman
singapore,1,17,0.514380,convex
singapore,1,18,0.010440,convex
singapore,1,19,0.104790,convex
singapore,1,20,0.515260,convex
singapore,1,21,0.010730,convex
singapore,1,22,0.224830,convex
singapore,1,23,0.509130,bellman
singapore,1,24,0.515040,convex
singapore,1,25,0.590860,bellman
singapore,1,26,0.975330,bellman
singapore,1,27,0.010120,convex
singapore,1,28,0.498030,bellman
singapore,1,29,0.048620,convex
singapore,1,30,0.519050,bellman
singapore,1,31,0.515360,convex
singapore,1,32,0.010780,convex
singapore,1,33,0.257990,convex
singapore,1,34,0.515100,convex
singapore,1,35,0.010930,convex
singapore,1,36,0.446330,convex
singapore,1,37,0.514710,convex
singapore,1,38,0.010340,convex
singapore,1,39,0.083170,convex
singapore,1,40,0.515480,convex
singapore,1,41,0.981280,bellman
singapore,1,42,0.977960,convex
singapore,1,43,0.994020,bellman
singapore,1,44,0.994020,convex
singapore,1,45,0.994190,bellman
singapore,1,46,0.994010,convex
singapore,1,47,0.596920,bellman
singapore,1,48,0.596920,bellman
singapore,1,49,0.977960,convex
singapore,1,50,0.974920,bellman
singapore,1,51,0.968490,bellman
singapore,1,52,0.010110,convex
singapore,1,53,0.048280,convex
singapore,1,54,0.515160,convex
singapore,1,55,0.010910,convex
singapore,1,56,0.415170,convex
singapore,1,57,0.514470,convex
singapore,1,58,0.010840,convex
singapore,1,59,0.316830,convex
singapore,1,60,0.514920,convex
singapore,1,61,0.498030,bellman
singapore,1,62,0.519050,bellman
singapore,1,63,0.010130,convex
singapore,1,64,0.050670,convex
singapore,1,65,0.512700,convex
singapore,1,66,0.010990,convex
singapore,1,67,0.604320,convex
singapore,1,68,0.511290,convex
singapore,1,69,0.977960,bellman
singapore,1,70,0.977960,bellman
singapore,1,71,0.977960,bellman
singapore,1,72,0.977960,convex
singapore,1,73,0.977960,bellman
singapore,1,74,0.977960,convex
singapore,1,75,0.596920,bellman
singapore,1,76,0.977960,bellman
singapore,1,77,0.974630,bellman
singapore,1,78,0.994020,bellman
singapore,1,79,0.993850,bellman
singapore,1,80,0.000000,convex
singapore,1,81,0.497440,convex
singapore,1,82,0.977960,convex
singapore,1,83,0.961330,convex
singapore,1,84,0.994020,convex
singapore,1,85,0.993190,convex
singapore,2,0,0.588840,bellman
singapore,2,1,0.000000,convex
singapore,2,2,0.588840,bellman
singapore,2,3,0.490700,convex
singapore,2,4,0.895040,bellman
singapore,2,5,0.895040,convex
singapore,2,6,0.910790,bellman
singapore,2,7,0.895040,convex
singapore,2,8,0.959940,bellman
singapore,2,9,0.959940,convex
singapore,2,10,0.963730,bellman
singapore,2,11,0.959940,convex
singapore,2,12,0.700190,bellman
singapore,2,13,0.037640,convex
singapore,2,14,0.782230,bellman
singapore,2,15,0.525900,convex
singapore,2,16,0.528260,bellman
singapore,2,17,0.550480,convex
singapore,2,18,0.035220,convex
singapore,2,19,0.224310,convex
singapore,2,20,0.553960,convex
singapore,2,21,0.036630,convex
singapore,2,22,0.321270,convex
singapore,2,23,0.528260,bellman
singapore,2,24,0.552980,convex
singapore,2,25,0.567750,bellman
singapore,2,26,0.891550,bellman
singapore,2,27,0.033710,convex
singapore,2,28,0.485510,bellman
singapore,2,29,0.178940,convex
singapore,2,30,0.574340,bellman
singapore,2,31,0.554290,convex
singapore,2,32,0.036840,convex
singapore,2,33,0.348060,convex
singapore,2,34,0.552860,convex
singapore,2,35,0.037560,convex
singapore,2,36,0.500200,convex
singapore,2,37,0.551010,convex
singapore,2,38,0.034760,convex
singapore,2,39,0.206850,convex
singapore,2,40,0.554140,convex
singapore,2,41,0.910790,bellman
singapore,2,42,0.895030,convex
singapore,2,43,0.959940,bellman
singapore,2,44,0.959920,convex
singapore,2,45,0.963730,bellman
singapore,2,46,0.959800,convex
singapore,2,47,0.588840,bellman
singapore,2,48,0.588840,bellman
singapore,2,49,0.895040,convex
singapore,2,50,0.886210,bellman
singapore,2,51,0.860380,bellman
singapore,2,52,0.033700,convex
singapore,2,53,0.178670,convex
singapore,2,54,0.554130,convex
singapore,2,55,0.037480,convex
singapore,2,56,0.475030,convex
singapore,2,57,0.551230,convex
singapore,2,58,0.037140,convex
singapore,2,59,0.395590,convex
singapore,2,60,0.552510,convex
singapore,2,61,0.485510,bellman
singapore,2,62,0.574340,bellman
singapore,2,63,0.033790,convex
singapore,2,64,0.180600,convex
singapore,2,65,0.552120,convex
singapore,2,66,0.037860,convex
singapore,2,67,0.627810,convex
singapore,2,68,0.546150,convex
singapore,2,69,0.895040,bellman
singapore,2,70,0.895040,bellman
singapore,2,71,0.895040,bellman
singapore,2,72,0.895040,convex
singapore,2,73,0.895040,bellman
singapore,2,74,0.895040,convex
singapore,2,75,0.588840,bellman
singapore,2,76,0.895040,bellman
singapore,2,77,0.879280,bellman
singapore,2,78,0.959940,bellman
singapore,2,79,0.956140,bellman
singapore,2,80,0.000000,convex
singapore,2,81,0.490700,convex
singapore,2,82,0.895040,convex
singapore,2,83,0.816270,convex
singapore,2,84,0.959940,convex
singapore,2,85,0.940970,convex
singapore,3,0,0.588840,bellman
singapore,3,1,0.000000,convex
singapore,3,2,0.588840,bellman
singapore,3,3,0.490700,convex
singapore,3,4,0.964710,bellman
singapore,3,5,0.964710,convex
singapore,3,6,0.967990,bellman
singapore,3,7,0.964710,convex
singapore,3,8,0.980560,bellman
singapore,3,9,0.980560,convex
singapore,3,10,0.980720,bellman
singapore,3,11,0.980560,convex
singapore,3,12,0.754700,bellman
singapore,3,13,0.036790,convex
singapore,3,14,0.774110,bellman
singapore,3,15,0.473960,convex
singapore,3,16,0.508370,bellman
singapore,3,17,0.513230,convex
singapore,3,18,0.036290,convex
singapore,3,19,0.125600,convex
singapore,3,20,0.514110,convex
singapore,3,21,0.036580,convex
singapore,3,22,0.237600,convex
singapore,3,23,0.508370,bellman
singapore,3,24,0.513860,convex
singapore,3,25,0.567750,bellman
singapore,3,26,0.947260,bellman
singapore,3,27,0.035980,convex
singapore,3,28,0.497650,bellman
singapore,3,29,0.073190,convex
singapore,3,30,0.518020,bellman
singapore,3,31,0.514170,convex
singapore,3,32,0.036630,convex
singapore,3,33,0.268540,convex
singapore,3,34,0.513870,convex
singapore,3,35,0.036780,convex
singapore,3,36,0.444270,convex
singapore,3,37,0.513430,convex
singapore,3,38,0.036190,convex
singapore,3,39,0.105430,convex
singapore,3,40,0.514190,convex
singapore,3,41,0.967990,bellman
singapore,3,42,0.964710,convex
singapore,3,43,0.980560,bellman
singapore,3,44,0.980550,convex
singapore,3,45,0.980720,bellman
singapore,3,46,0.980550,convex
singapore,3,47,0.588840,bellman
singapore,3,48,0.588840,bellman
singapore,3,49,0.964710,convex
singapore,3,50,0.961710,bellman
singapore,3,51,0.955380,bellman
singapore,3,52,0.035970,convex
singapore,3,53,0.072880,convex
singapore,3,54,0.513990,convex
singapore,3,55,0.036760,convex
singapore,3,56,0.415200,convex
singapore,3,57,0.513320,convex
singapore,3,58,0.036690,convex
singapore,3,59,0.323440,convex
singapore,3,60,0.513790,convex
singapore,3,61,0.497650,bellman
singapore,3,62,0.518020,bellman
singapore,3,63,0.035990,convex
singapore,3,64,0.075110,convex
singapore,3,65,0.511660,convex
singapore,3,66,0.036840,convex
singapore,3,67,0.591680,convex
singapore,3,68,0.510300,convex
singapore,3,69,0.964710,bellman
singapore,3,70,0.964710,bellman
singapore,3,71,0.964710,bellman
singapore,3,72,0.964710,convex
singapore,3,73,0.964710,bellman
singapore,3,74,0.964710,convex
singapore,3,75,0.588840,bellman
singapore,3,76,0.964710,bellman
singapore,3,77,0.961430,bellman
singapore,3,78,0.980560,bellman
singapore,3,79,0.980390,bellman
singapore,3,80,0.000000,convex
singapore,3,81,0.490700,convex
singapore,3,82,0.964710,convex
singapore,3,83,0.948310,convex
singapore,3,84,0.980560,convex
singapore,3,85,0.979740,convex
sydney,0,0,0.597770,bellman
sydney,0,1,0.000000,convex
sydney,0,2,0.597770,bellman
sydney,0,3,0.498140,convex
sydney,0,4,0.987020,bellman
sydney,0,5,0.987020,convex
sydney,0,6,0.988850,bellman
sydney,0,7,0.987020,convex
sydney,0,8,0.996030,bellman
sydney,0,9,0.996030,convex
sydney,0,10,0.996080,bellman
sydney,0,11,0.996030,convex
sydney,0,12,0.785980,bellman
sydney,0,13,0.007840,convex
sydney,0,14,0.796860,bellman
sydney,0,15,0.471030,convex
sydney,0,16,0.505230,bellman
sydney,0,17,0.508040,convex
sydney,0,18,0.007560,convex
sydney,0,19,0.089130,convex
sydney,0,20,0.508530,convex
sydney,0,21,0.007730,convex
sydney,0,22,0.211910,convex
sydney,0,23,0.505230,bellman
sydney,0,24,0.508450,convex
sydney,0,25,0.593360,bellman
sydney,0,26,0.984480,bellman
sydney,0,27,0.007390,convex
sydney,0,28,0.498970,bellman
sydney,0,29,0.031670,convex
sydney,0,30,0.510710,bellman
sydney,0,31,0.508620,convex
sydney,0,32,0.007750,convex
sydney,0,33,0.245830,convex
sydney,0,34,0.508520,convex
sydney,0,35,0.007830,convex
sydney,0,36,0.438480,convex
sydney,0,37,0.508320,convex
sydney,0,38,0.007510,convex
sydney,0,39,0.067020,convex
sydney,0,40,0.508750,convex
sydney,0,41,0.988850,bellman
sydney,0,42,0.987020,convex
sydney,0,43,0.996030,bellman
sydney,0,44,0.996020,convex
sydney,0,45,0.996080,bellman
sydney,0,46,0.996020,convex
sydney,0,47,0.597770,bellman
sydney,0,48,0.597770,bellman
sydney,0,49,0.987020,convex
sydney,0,50,0.985270,bellman
sydney,0,51,0.981660,bellman
sydney,0,52,0.007380,convex
sydney,0,53,0.031330,convex
sydney,0,54,0.508420,convex
sydney,0,55,0.007830,convex
sydney,0,56,0.406610,convex
sydney,0,57,0.508040,convex
sydney,0,58,0.007790,convex
sydney,0,59,0.306020,convex
sydney,0,60,0.508340,convex
sydney,0,61,0.498970,bellman
sydney,0,62,0.510710,bellman
sydney,0,63,0.007390,convex
sydney,0,64,0.033770,convex
sydney,0,65,0.505910,convex
sydney,0,66,0.007870,convex
sydney,0,67,0.600080,convex
sydney,0,68,0.505120,convex
sydney,0,69,0.987020,bellman
sydney,0,70,0.987020,bellman
sydney,0,71,0.987020,bellman
sydney,0,72,0.987020,convex
sydney,0,73,0.987020,bellman
sydney,0,74,0.987020,convex
sydney,0,75,0.597770,bellman
sydney,0,76,0.987020,bellman
sydney,0,77,0.985180,bellman
sydney,0,78,0.996030,bellman
sydney,0,79,0.995980,bellman
sydney,0,80,0.000000,convex
sydney,0,81,0.498140,convex
sydney,0,82,0.987020,convex
sydney,0,83,0.977840,convex
sydney,0,84,0.996030,convex
sydney,0,85,0.995770,convex
sydney,1,0,0.597770,bellman
sydney,1,1,0.000000,convex
sydney,1,2,0.597770,bellman
sydney,1,3,0.498140,convex
sydney,1,4,0.878320,bellman
sydney,1,5,0.878320,convex
sydney,1,6,0.899120,bellman
sydney,1,7,0.878320,convex
sydney,1,8,0.957690,bellman
sydney,1,9,0.957690,convex
sydney,1,10,0.964200,bellman
sydney,1,11,0.957690,convex
sydney,1,12,0.699430,bellman
sydney,1,13,0.012260,convex
sydney,1,14,0.799970,bellman
sydney,1,15,0.547290,convex
sydney,1,16,0.534620,bellman
sydney,1,17,0.565440,convex
sydney,1,18,0.009070,convex
sydney,1,19,0.240300,convex
sydney,1,20,0.569590,convex
sydney,1,21,0.010930,convex
sydney,1,22,0.339000,convex
sydney,1,23,0.534620,bellman
sydney,1,24,0.568690,convex
sydney,1,25,0.593360,bellman
sydney,1,26,0.895230,bellman
sydney,1,27,0.007070,convex
sydney,1,28,0.481860,bellman
sydney,1,29,0.194110,convex
sydney,1,30,0.595940,bellman
sydney,1,31,0.570360,convex
sydney,1,32,0.011210,convex
sydney,1,33,0.366270,convex
sydney,1,34,0.568570,convex
sydney,1,35,0.012160,convex
sydney,1,36,0.521120,convex
sydney,1,37,0.566210,convex
sydney,1,38,0.008460,convex
sydney,1,39,0.222520,convex
sydney,1,40,0.570050,convex
sydney,1,41,0.899120,bellman
sydney,1,42,0.878310,convex
sydney,1,43,0.957690,bellman
sydney,1,44,0.957670,convex
sydney,1,45,0.964200,bellman
sydney,1,46,0.957460,convex
sydney,1,47,0.597770,bellman
sydney,1,48,0.597770,bellman
sydney,1,49,0.878320,convex
sydney,1,50,0.869840,bellman
sydney,1,51,0.838380,bellman
sydney,1,52,0.007060,convex
sydney,1,53,0.193840,convex
sydney,1,54,0.570210,convex
sydney,1,55,0.012050,convex
sydney,1,56,0.495500,convex
sydney,1,57,0.566460,convex
sydney,1,58,0.011600,convex
sydney,1,59,0.414650,convex
sydney,1,60,0.567580,convex
sydney,1,61,0.481860,bellman
sydney,1,62,0.595940,bellman
sydney,1,63,0.007170,convex
sydney,1,64,0.195800,convex
sydney,1,65,0.568190,convex
sydney,1,66,0.012560,convex
sydney,1,67,0.651030,convex
sydney,1,68,0.560420,convex
sydney,1,69,0.878320,bellman
sydney,1,70,0.878320,bellman
sydney,1,71,0.878320,bellman
sydney,1,72,0.878320,convex
sydney,1,73,0.878320,bellman
sydney,1,74,0.878320,convex
sydney,1,75,0.597770,bellman
sydney,1,76,0.878320,bellman
sydney,1,77,0.857520,bellman
sydney,1,78,0.957690,bellman
sydney,1,79,0.951180,bellman
sydney,1,80,0.000000,convex
sydney,1,81,0.498140,convex
sydney,1,82,0.878320,convex
sydney,1,83,0.774330,convex
sydney,1,84,0.957690,convex
sydney,1,85,0.925130,convex
sydney,2,0,0.539170,bellman
sydney,2,1,0.000000,convex
sydney,2,2,0.539170,bellman
sydney,2,3,0.449310,convex
sydney,2,4,0.890260,bellman
sydney,2,5,0.890260,convex
sydney,2,6,0.891920,bellman
sydney,2,7,0.890260,convex
sydney,2,8,0.898390,bellman
sydney,2,9,0.898390,convex
sydney,2,10,0.898430,bellman
sydney,2,11,0.898390,convex
sydney,2,12,0.645950,bellman
sydney,2,13,0.180970,convex
sydney,2,14,0.656350,bellman
sydney,2,15,0.453930,convex
sydney,2,16,0.502650,bellman
sydney,2,17,0.504000,convex
sydney,2,18,0.180710,convex
sydney,2,19,0.232200,convex
sydney,2,20,0.504480,convex
sydney,2,21,0.180860,convex
sydney,2,22,0.303490,convex
sydney,2,23,0.502650,bellman
sydney,2,24,0.504310,convex
sydney,2,25,0.452010,bellman
sydney,2,26,0.805570,bellman
sydney,2,27,0.180550,convex
sydney,2,28,0.497670,bellman
sydney,2,29,0.198840,convex
sydney,2,30,0.507060,bellman
sydney,2,31,0.504450,convex
sydney,2,32,0.180880,convex
sydney,2,33,0.323180,convex
sydney,2,34,0.504340,convex
sydney,2,35,0.180960,convex
sydney,2,36,0.435030,convex
sydney,2,37,0.504140,convex
sydney,2,38,0.180660,convex
sydney,2,39,0.219370,convex
sydney,2,40,0.504530,convex
sydney,2,41,0.891920,bellman
sydney,2,42,0.890260,convex
sydney,2,43,0.898390,bellman
sydney,2,44,0.898390,convex
sydney,2,45,0.898430,bellman
sydney,2,46,0.898390,convex
sydney,2,47,0.539170,bellman
sydney,2,48,0.539170,bellman
sydney,2,49,0.890260,convex
sydney,2,50,0.888680,bellman
sydney,2,51,0.885430,bellman
sydney,2,52,0.180550,convex
sydney,2,53,0.198650,convex
sydney,2,54,0.504320,convex
sydney,2,55,0.180950,convex
sydney,2,56,0.416530,convex
sydney,2,57,0.504020,convex
sydney,2,58,0.180920,convex
sydney,2,59,0.358130,convex
sydney,2,60,0.504360,convex
sydney,2,61,0.497670,bellman
sydney,2,62,0.507060,bellman
sydney,2,63,0.180560,convex
sydney,2,64,0.200070,convex
sydney,2,65,0.502710,convex
sydney,2,66,0.180990,convex
sydney,2,67,0.528850,convex
sydney,2,68,0.502090,convex
sydney,2,69,0.890260,bellman
sydney,2,70,0.890260,bellman
sydney,2,71,0.890260,bellman
sydney,2,72,0.890260,convex
sydney,2,73,0.890260,bellman
sydney,2,74,0.890260,convex
sydney,2,75,0.539170,bellman
sydney,2,76,0.890260,bellman
sydney,2,77,0.888610,bellman
sydney,2,78,0.898390,bellman
sydney,2,79,0.898340,bellman
sydney,2,80,0.000000,convex
sydney,2,81,0.449310,convex
sydney,2,82,0.890260,convex
sydney,2,83,0.881980,convex
sydney,2,84,0.898390,convex
sydney,2,85,0.898160,convex
sydney,3,0,0.539170,bellman
sydney,3,1,0.000000,convex
sydney,3,2,0.539170,bellman
sydney,3,3,0.449310,convex
sydney,3,4,0.792220,bellman
sydney,3,5,0.792220,convex
sydney,3,6,0.810980,bellman
sydney,3,7,0.792220,convex
sydney,3,8,0.863810,bellman
sydney,3,9,0.863810,convex
sydney,3,10,0.869680,bellman
sydney,3,11,0.863810,convex
sydney,3,12,0.574820,bellman
sydney,3,13,0.165800,convex
sydney,3,14,0.672140,bellman
sydney,3,15,0.510440,convex
sydney,3,16,0.508610,bellman
sydney,3,17,0.523390,convex
sydney,3,18,0.162920,convex
sydney,3,19,0.336070,convex
sydney,3,20,0.527460,convex
sydney,3,21,0.164600,convex
sydney,3,22,0.392130,convex
sydney,3,23,0.508610,bellman
sydney,3,24,0.525860,convex
sydney,3,25,0.452010,bellman
sydney,3,26,0.734150,bellman
sydney,3,27,0.161120,convex
sydney,3,28,0.467110,bellman
sydney,3,29,0.309840,convex
sydney,3,30,0.558500,bellman
sydney,3,31,0.527260,convex
sydney,3,32,0.164860,convex
sydney,3,33,0.407620,convex
sydney,3,34,0.525750,convex
sydney,3,35,0.165710,convex
sydney,3,36,0.495580,convex
sydney,3,37,0.523900,convex
sydney,3,38,0.162370,convex
sydney,3,39,0.325970,convex
sydney,3,40,0.527430,convex
sydney,3,41,0.810980,bellman
sydney,3,42,0.792210,convex
sydney,3,43,0.863810,bellman
sydney,3,44,0.863790,convex
sydney,3,45,0.869680,bellman
sydney,3,46,0.863600,convex
sydney,3,47,0.539170,bellman
sydney,3,48,0.539170,bellman
sydney,3,49,0.792220,convex
sydney,3,50,0.784570,bellman
sydney,3,51,0.756200,bellman
sydney,3,52,0.161110,convex
sydney,3,53,0.309680,convex
sydney,3,54,0.527150,convex
sydney,3,55,0.165610,convex
sydney,3,56,0.481020,convex
sydney,3,57,0.524170,convex
sydney,3,58,0.165210,convex
sydney,3,59,0.435100,convex
sydney,3,60,0.526160,convex
sydney,3,61,0.467110,bellman
sydney,3,62,0.558500,bellman
sydney,3,63,0.161210,convex
sydney,3,64,0.310800,convex
sydney,3,65,0.525880,convex
sydney,3,66,0.166070,convex
sydney,3,67,0.569360,convex
sydney,3,68,0.519810,convex
sydney,3,69,0.792220,bellman
sydney,3,70,0.792220,bellman
sydney,3,71,0.792220,bellman
sydney,3,72,0.792220,convex
sydney,3,73,0.792220,bellman
sydney,3,74,0.792220,convex
sydney,3,75,0.539170,bellman
sydney,3,76,0.792220,bellman
sydney,3,77,0.773460,bellman
sydney,3,78,0.863810,bellman
sydney,3,79,0.857940,bellman
sydney,3,80,0.000000,convex
sydney,3,81,0.449310,convex
sydney,3,82,0.792220,convex
sydney,3,83,0.698420,convex
sydney,3,84,0.863810,convex
sydney,3,85,0.834440,convex
toronto,0,0,0.597710,bellman
toronto,0,1,0.000000,convex
toronto,0,2,0.597710,bellman
toronto,0,3,0.498100,convex
toronto,0,4,0.722740,bellman
toronto,0,5,0.722740,convex
toronto,0,6,0.762410,bellman
toronto,0,7,0.722740,convex
toronto,0,8,0.812210,bellman
toronto,0,9,0.812210,convex
toronto,0,10,0.835920,bellman
toronto,0,11,0.812210,convex
toronto,0,12,0.575460,bellman
toronto,0,13,0.016430,convex
toronto,0,14,0.705360,bellman
toronto,0,15,0.555190,convex
toronto,0,16,0.492380,bellman
toronto,0,17,0.510020,convex
toronto,0,18,0.010350,convex
toronto,0,19,0.329490,convex
toronto,0,20,0.525750,convex
toronto,0,21,0.013900,convex
toronto,0,22,0.402050,convex
toronto,0,23,0.492380,bellman
toronto,0,24,0.526460,convex
toronto,0,25,0.593200,bellman
toronto,0,26,0.759140,bellman
toronto,0,27,0.006540,convex
toronto,0,28,0.441050,bellman
toronto,0,29,0.295530,convex
toronto,0,30,0.602120,bellman
toronto,0,31,0.523020,convex
toronto,0,32,0.014440,convex
toronto,0,33,0.422100,convex
toronto,0,34,0.526890,convex
toronto,0,35,0.016250,convex
toronto,0,36,0.535950,convex
toronto,0,37,0.512710,convex
toronto,0,38,0.009190,convex
toronto,0,39,0.316420,convex
toronto,0,40,0.524660,convex
toronto,0,41,0.762410,bellman
toronto,0,42,0.722720,convex
toronto,0,43,0.812210,bellman
toronto,0,44,0.812180,convex
toronto,0,45,0.835920,bellman
toronto,0,46,0.811380,convex
toronto,0,47,0.597710,bellman
toronto,0,48,0.597710,bellman
toronto,0,49,0.722740,convex
toronto,0,50,0.737520,bellman
toronto,0,51,0.704720,bellman
toronto,0,52,0.006510,convex
toronto,0,53,0.295330,convex
toronto,0,54,0.523010,convex
toronto,0,55,0.016040,convex
toronto,0,56,0.517120,convex
toronto,0,57,0.515410,convex
toronto,0,58,0.015190,convex
toronto,0,59,0.457670,convex
toronto,0,60,0.530450,convex
toronto,0,61,0.441050,bellman
toronto,0,62,0.602120,bellman
toronto,0,63,0.006740,convex
toronto,0,64,0.296770,convex
toronto,0,65,0.523120,convex
toronto,0,66,0.017000,convex
toronto,0,67,0.631460,convex
toronto,0,68,0.499180,convex
toronto,0,69,0.722740,bellman
toronto,0,70,0.722740,bellman
toronto,0,71,0.722740,bellman
toronto,0,72,0.722740,convex
toronto,0,73,0.722740,bellman
toronto,0,74,0.722740,convex
toronto,0,75,0.597710,bellman
toronto,0,76,0.722740,bellman
toronto,0,77,0.683060,bellman
toronto,0,78,0.812210,bellman
toronto,0,79,0.788510,bellman
toronto,0,80,0.000000,convex
toronto,0,81,0.498100,convex
toronto,0,82,0.722740,convex
toronto,0,83,0.524350,convex
toronto,0,84,0.812210,convex
toronto,0,85,0.693680,convex
toronto,1,0,0.597710,bellman
toronto,1,1,0.000000,convex
toronto,1,2,0.597710,bellman
toronto,1,3,0.498100,convex
toronto,1,4,0.988420,bellman
toronto,1,5,0.988420,convex
toronto,1,6,0.989960,bellman
toronto,1,7,0.988420,convex
toronto,1,8,0.996010,bellman
toronto,1,9,0.996010,convex
toronto,1,10,0.996050,bellman
toronto,1,11,0.996010,convex
toronto,1,12,0.787010,bellman
toronto,1,13,0.007950,convex
toronto,1,14,0.796170,bellman
toronto,1,15,0.469480,convex
toronto,1,16,0.504410,bellman
toronto,1,17,0.506750,convex
toronto,1,18,0.007720,convex
toronto,1,19,0.086600,convex
toronto,1,20,0.507170,convex
toronto,1,21,0.007860,convex
toronto,1,22,0.209700,convex
toronto,1,23,0.504410,bellman
toronto,1,24,0.507110,convex
toronto,1,25,0.593200,bellman
toronto,1,26,0.985480,bellman
toronto,1,27,0.007570,convex
toronto,1,28,0.499140,bellman
toronto,1,29,0.029000,convex
toronto,1,30,0.509020,bellman
toronto,1,31,0.507260,convex
toronto,1,32,0.007880,convex
toronto,1,33,0.243710,convex
toronto,1,34,0.507190,convex
toronto,1,35,0.007950,convex
toronto,1,36,0.436840,convex
toronto,1,37,0.507030,convex
toronto,1,38,0.007670,convex
toronto,1,39,0.064430,convex
toronto,1,40,0.507390,convex
toronto,1,41,0.989960,bellman
toronto,1,42,0.988420,convex
toronto,1,43,0.996010,bellman
toronto,1,44,0.996010,convex
toronto,1,45,0.996050,bellman
toronto,1,46,0.996010,convex
toronto,1,47,0.597710,bellman
toronto,1,48,0.597710,bellman
toronto,1,49,0.988420,convex
toronto,1,50,0.986940,bellman
toronto,1,51,0.983900,bellman
toronto,1,52,0.007570,convex
toronto,1,53,0.028660,convex
toronto,1,54,0.507060,convex
toronto,1,55,0.007940,convex
toronto,1,56,0.404890,convex
toronto,1,57,0.506740,convex
toronto,1,58,0.007910,convex
toronto,1,59,0.304050,convex
toronto,1,60,0.507000,convex
toronto,1,61,0.499140,bellman
toronto,1,62,0.509020,bellman
toronto,1,63,0.007580,convex
toronto,1,64,0.031110,convex
toronto,1,65,0.504540,convex
toronto,1,66,0.007980,convex
toronto,1,67,0.598860,convex
toronto,1,68,0.503880,convex
toronto,1,69,0.988420,bellman
toronto,1,70,0.988420,bellman
toronto,1,71,0.988420,bellman
toronto,1,72,0.988420,convex
toronto,1,73,0.988420,bellman
toronto,1,74,0.988420,convex
toronto,1,75,0.597710,bellman
toronto,1,76,0.988420,bellman
toronto,1,77,0.986880,bellman
toronto,1,78,0.996010,bellman
toronto,1,79,0.995970,bellman
toronto,1,80,0.000000,convex
toronto,1,81,0.498100,convex
toronto,1,82,0.988420,convex
toronto,1,83,0.980710,convex
toronto,1,84,0.996010,convex
toronto,1,85,0.995830,convex
toronto,2,0,0.548810,bellman
toronto,2,1,0.000000,convex
toronto,2,2,0.548810,bellman
toronto,2,3,0.457350,convex
toronto,2,4,0.663610,bellman
toronto,2,5,0.663610,convex
toronto,2,6,0.700040,bellman
toronto,2,7,0.663610,convex
toronto,2,8,0.745760,bellman
toronto,2,9,0.745760,convex
toronto,2,10,0.767530,bellman
toronto,2,11,0.745760,convex
toronto,2,12,0.486920,bellman
toronto,2,13,0.123260,convex
toronto,2,14,0.617580,bellman
toronto,2,15,0.510840,convex
toronto,2,16,0.457120,bellman
toronto,2,17,0.452510,convex
toronto,2,18,0.117680,convex
toronto,2,19,0.369950,convex
toronto,2,20,0.461330,convex
toronto,2,21,0.120930,convex
toronto,2,22,0.415240,convex
toronto,2,23,0.457120,bellman
toronto,2,24,0.461680,convex
toronto,2,25,0.471150,bellman
toronto,2,26,0.643700,bellman
toronto,2,27,0.114180,convex
toronto,2,28,0.416750,bellman
toronto,2,29,0.348750,convex
toronto,2,30,0.550780,bellman
toronto,2,31,0.458830,convex
toronto,2,32,0.121430,convex
toronto,2,33,0.427760,convex
toronto,2,34,0.462040,convex
toronto,2,35,0.123090,convex
toronto,2,36,0.498830,convex
toronto,2,37,0.453980,convex
toronto,2,38,0.116600,convex
toronto,2,39,0.361790,convex
toronto,2,40,0.460330,convex
toronto,2,41,0.700040,bellman
toronto,2,42,0.663590,convex
toronto,2,43,0.745760,bellman
toronto,2,44,0.745730,convex
toronto,2,45,0.767530,bellman
toronto,2,46,0.745000,convex
toronto,2,47,0.548810,bellman
toronto,2,48,0.548810,bellman
toronto,2,49,0.663610,convex
toronto,2,50,0.677180,bellman
toronto,2,51,0.647060,bellman
toronto,2,52,0.114150,convex
toronto,2,53,0.348620,convex
toronto,2,54,0.458820,convex
toronto,2,55,0.122900,convex
toronto,2,56,0.487070,convex
toronto,2,57,0.455490,convex
toronto,2,58,0.122110,convex
toronto,2,59,0.449960,convex
toronto,2,60,0.465340,convex
toronto,2,61,0.416750,bellman
toronto,2,62,0.550780,bellman
toronto,2,63,0.114350,convex
toronto,2,64,0.349530,convex
toronto,2,65,0.458920,convex
toronto,2,66,0.123780,convex
toronto,2,67,0.558440,convex
toronto,2,68,0.446830,convex
toronto,2,69,0.663610,bellman
toronto,2,70,0.663610,bellman
toronto,2,71,0.663610,bellman
toronto,2,72,0.663610,convex
toronto,2,73,0.663610,bellman
toronto,2,74,0.663610,convex
toronto,2,75,0.548810,bellman
toronto,2,76,0.663610,bellman
toronto,2,77,0.627180,bellman
toronto,2,78,0.745760,bellman
toronto,2,79,0.724000,bellman
toronto,2,80,0.000000,convex
toronto,2,81,0.457350,convex
toronto,2,82,0.663610,convex
toronto,2,83,0.481450,convex
toronto,2,84,0.745760,convex
toronto,2,85,0.636930,convex
toronto,3,0,0.548810,bellman
toronto,3,1,0.000000,convex
toronto,3,2,0.548810,bellman
toronto,3,3,0.457350,convex
toronto,3,4,0.907560,bellman
toronto,3,5,0.907560,convex
toronto,3,6,0.908970,bellman
toronto,3,7,0.907560,convex
toronto,3,8,0.914520,bellman
toronto,3,9,0.914520,convex
toronto,3,10,0.914560,bellman
toronto,3,11,0.914520,convex
toronto,3,12,0.665920,bellman
toronto,3,13,0.155240,convex
toronto,3,14,0.674770,bellman
toronto,3,15,0.453740,convex
toronto,3,16,0.502540,bellman
toronto,3,17,0.501920,convex
toronto,3,18,0.155020,convex
toronto,3,19,0.208560,convex
toronto,3,20,0.502320,convex
toronto,3,21,0.155150,convex
toronto,3,22,0.287390,convex
toronto,3,23,0.502540,bellman
toronto,3,24,0.502060,convex
toronto,3,25,0.471150,bellman
toronto,3,26,0.831910,bellman
toronto,3,27,0.154880,convex
toronto,3,28,0.498200,bellman
toronto,3,29,0.171680,convex
toronto,3,30,0.506390,bellman
toronto,3,31,0.502190,convex
toronto,3,32,0.155170,convex
toronto,3,33,0.309160,convex
toronto,3,34,0.501990,convex
toronto,3,35,0.155230,convex
toronto,3,36,0.432840,convex
toronto,3,37,0.501800,convex
toronto,3,38,0.154980,convex
toronto,3,39,0.194370,convex
toronto,3,40,0.502140,convex
toronto,3,41,0.908970,bellman
toronto,3,42,0.907550,convex
toronto,3,43,0.914520,bellman
toronto,3,44,0.914520,convex
toronto,3,45,0.914560,bellman
toronto,3,46,0.914520,convex
toronto,3,47,0.548810,bellman
toronto,3,48,0.548810,bellman
toronto,3,49,0.907560,convex
toronto,3,50,0.906190,bellman
toronto,3,51,0.903410,bellman
toronto,3,52,0.154880,convex
toronto,3,53,0.171460,convex
toronto,3,54,0.502330,convex
toronto,3,55,0.155220,convex
toronto,3,56,0.412380,convex
toronto,3,57,0.502060,convex
toronto,3,58,0.155190,convex
toronto,3,59,0.347800,convex
toronto,3,60,0.502230,convex
toronto,3,61,0.498200,bellman
toronto,3,62,0.506390,bellman
toronto,3,63,0.154890,convex
toronto,3,64,0.173030,convex
toronto,3,65,0.504060,convex
toronto,3,66,0.155260,convex
toronto,3,67,0.536580,convex
toronto,3,68,0.503520,convex
toronto,3,69,0.907560,bellman
toronto,3,70,0.907560,bellman
toronto,3,71,0.907560,bellman
toronto,3,72,0.907560,convex
toronto,3,73,0.907560,bellman
toronto,3,74,0.907560,convex
toronto,3,75,0.548810,bellman
toronto,3,76,0.907560,bellman
toronto,3,77,0.906140,bellman
toronto,3,78,0.914520,bellman
toronto,3,79,0.914490,bellman
toronto,3,80,0.000000,convex
toronto,3,81,0.457350,convex
toronto,3,82,0.907560,convex
toronto,3,83,0.900480,convex
toronto,3,84,0.914520,convex
toronto,3,85,0.914360,convex
valencia,0,0,0.597070,bellman
valencia,0,1,0.000000,convex
valencia,0,2,0.597070,bellman
valencia,0,3,0.497560,convex
valencia,0,4,0.941180,bellman
valencia,0,5,0.941180,convex
valencia,0,6,0.951380,bellman
valencia,0,7,0.941180,convex
valencia,0,8,0.986660,bellman
valencia,0,9,0.986660,convex
valencia,0,10,0.988230,bellman
valencia,0,11,0.986660,convex
valencia,0,12,0.748410,bellman
valencia,0,13,0.012000,convex
valencia,0,14,0.804340,bellman
valencia,0,15,0.509950,convex
valencia,0,16,0.524000,bellman
valencia,0,17,0.540030,convex
valencia,0,18,0.010440,convex
valencia,0,19,0.163030,convex
valencia,0,20,0.542460,convex
valencia,0,21,0.011350,convex
valencia,0,22,0.274560,convex
valencia,0,23,0.524000,bellman
valencia,0,24,0.541780,convex
valencia,0,25,0.591300,bellman
valencia,0,26,0.945920,bellman
valencia,0,27,0.009460,convex
valencia,0,28,0.492960,bellman
valencia,0,29,0.110830,convex
valencia,0,30,0.554370,bellman
valencia,0,31,0.542700,convex
valencia,0,32,0.011490,convex
valencia,0,33,0.305380,convex
valencia,0,34,0.541760,convex
valencia,0,35,0.011950,convex
valencia,0,36,0.480380,convex
valencia,0,37,0.540520,convex
valencia,0,38,0.010140,convex
valencia,0,39,0.142940,convex
valencia,0,40,0.542700,convex
valencia,0,41,0.951380,bellman
valencia,0,42,0.941180,convex
valencia,0,43,0.986660,bellman
valencia,0,44,0.986650,convex
valencia,0,45,0.988230,bellman
valencia,0,46,0.986610,convex
valencia,0,47,0.597070,bellman
valencia,0,48,0.597070,bellman
valencia,0,49,0.941180,convex
valencia,0,50,0.933740,bellman
valencia,0,51,0.915580,bellman
valencia,0,52,0.009450,convex
valencia,0,53,0.110520,convex
valencia,0,54,0.542520,convex
valencia,0,55,0.011900,convex
valencia,0,56,0.451430,convex
valencia,0,57,0.540510,convex
valencia,0,58,0.011680,convex
valencia,0,59,0.360050,convex
valencia,0,60,0.541470,convex
valencia,0,61,0.492960,bellman
valencia,0,62,0.554370,bellman
valencia,0,63,0.009510,convex
valencia,0,64,0.112740,convex
valencia,0,65,0.540230,convex
valencia,0,66,0.012150,convex
valencia,0,67,0.627180,convex
valencia,0,68,0.536110,convex
valencia,0,69,0.941180,bellman
valencia,0,70,0.941180,bellman
valencia,0,71,0.941180,bellman
valencia,0,72,0.941180,convex
valencia,0,73,0.941180,bellman
valencia,0,74,0.941180,convex
valencia,0,75,0.597070,bellman
valencia,0,76,0.941180,bellman
valencia,0,77,0.930980,bellman
valencia,0,78,0.986660,bellman
valencia,0,79,0.985090,bellman
valencia,0,80,0.000000,convex
valencia,0,81,0.497560,convex
valencia,0,82,0.941180,convex
valencia,0,83,0.890170,convex
valencia,0,84,0.986660,convex
valencia,0,85,0.978820,convex
valencia,1,0,0.594820,bellman
valencia,1,1,0.000000,convex
valencia,1,2,0.594820,bellman
valencia,1,3,0.495680,convex
valencia,1,4,0.968160,bellman
valencia,1,5,0.968160,convex
valencia,1,6,0.972690,bellman
valencia,1,7,0.968160,convex
valencia,1,8,0.989760,bellman
valencia,1,9,0.989760,convex
valencia,1,10,0.990070,bellman
valencia,1,11,0.989760,convex
valencia,1,12,0.766350,bellman
valencia,1,13,0.017980,convex
valencia,1,14,0.792670,bellman
valencia,1,15,0.482980,convex
valencia,1,16,0.511900,bellman
valencia,1,17,0.519090,convex
valencia,1,18,0.017280,convex
valencia,1,19,0.120950,convex
valencia,1,20,0.520260,convex
valencia,1,21,0.017690,convex
valencia,1,22,0.237340,convex
valencia,1,23,0.511900,bellman
valencia,1,24,0.519930,convex
valencia,1,25,0.584710,bellman
valencia,1,26,0.962830,bellman
valencia,1,27,0.016850,convex
valencia,1,28,0.497090,bellman
valencia,1,29,0.066480,convex
valencia,1,30,0.525370,bellman
valencia,1,31,0.520360,convex
valencia,1,32,0.017750,convex
valencia,1,33,0.269500,convex
valencia,1,34,0.519820,convex
valencia,1,35,0.017960,convex
valencia,1,36,0.452120,convex
valencia,1,37,0.519210,convex
valencia,1,38,0.017150,convex
valencia,1,39,0.099990,convex
valencia,1,40,0.520250,convex
valencia,1,41,0.972690,bellman
valencia,1,42,0.968160,convex
valencia,1,43,0.989760,bellman
valencia,1,44,0.989750,convex
valencia,1,45,0.990070,bellman
valencia,1,46,0.989750,convex
valencia,1,47,0.594820,bellman
valencia,1,48,0.594820,bellman
valencia,1,49,0.968160,convex
valencia,1,50,0.964160,bellman
valencia,1,51,0.955530,bellman
valencia,1,52,0.016850,convex
valencia,1,53,0.066150,convex
valencia,1,54,0.520170,convex
valencia,1,55,0.017930,convex
valencia,1,56,0.421910,convex
valencia,1,57,0.519250,convex
valencia,1,58,0.017840,convex
valencia,1,59,0.326550,convex
valencia,1,60,0.519820,convex
valencia,1,61,0.497090,bellman
valencia,1,62,0.525370,bellman
valencia,1,63,0.016870,convex
valencia,1,64,0.068470,convex
valencia,1,65,0.517780,convex
valencia,1,66,0.018040,convex
valencia,1,67,0.605320,convex
valencia,1,68,0.515890,convex
valencia,1,69,0.968160,bellman
valencia,1,70,0.968160,bellman
valencia,1,71,0.968160,bellman
valencia,1,72,0.968160,convex
valencia,1,73,0.968160,bellman
valencia,1,74,0.968160,convex
valencia,1,75,0.594820,bellman
valencia,1,76,0.968160,bellman
valencia,1,77,0.963630,bellman
valencia,1,78,0.989760,bellman
valencia,1,79,0.989450,bellman
valencia,1,80,0.000000,convex
valencia,1,81,0.495680,convex
valencia,1,82,0.968160,convex
valencia,1,83,0.945510,convex
valencia,1,84,0.989760,convex
valencia,1,85,0.988200,convex
vigo,0,0,0.597360,bellman
vigo,0,1,0.000000,convex
vigo,0,2,0.597360,bellman
vigo,0,3,0.497800,convex
vigo,0,4,0.920840,bellman
vigo,0,5,0.920840,convex
vigo,0,6,0.934670,bellman
vigo,0,7,0.920840,convex
vigo,0,8,0.979600,bellman
vigo,0,9,0.979600,convex
vigo,0,10,0.982490,bellman
vigo,0,11,0.979600,convex
vigo,0,12,0.732670,bellman
vigo,0,13,0.011900,convex
vigo,0,14,0.805570,bellman
vigo,0,15,0.524550,convex
vigo,0,16,0.529500,bellman
vigo,0,17,0.550920,convex
vigo,0,18,0.009780,convex
vigo,0,19,0.191010,convex
vigo,0,20,0.554040,convex
vigo,0,21,0.011020,convex
vigo,0,22,0.298250,convex
vigo,0,23,0.529500,bellman
vigo,0,24,0.553210,convex
vigo,0,25,0.592160,bellman
vigo,0,26,0.929860,bellman
vigo,0,27,0.008450,convex
vigo,0,28,0.489690,bellman
vigo,0,29,0.140830,convex
vigo,0,30,0.570590,bellman
vigo,0,31,0.554410,convex
vigo,0,32,0.011210,convex
vigo,0,33,0.327870,convex
vigo,0,34,0.553130,convex
vigo,0,35,0.011830,convex
vigo,0,36,0.496120,convex
vigo,0,37,0.551430,convex
vigo,0,38,0.009370,convex
vigo,0,39,0.171700,convex
vigo,0,40,0.554260,convex
vigo,0,41,0.934670,bellman
vigo,0,42,0.920830,convex
vigo,0,43,0.979600,bellman
vigo,0,44,0.979590,convex
vigo,0,45,0.982490,bellman
vigo,0,46,0.979500,convex
vigo,0,47,0.597360,bellman
vigo,0,48,0.597360,bellman
vigo,0,49,0.920840,convex
vigo,0,50,0.912200,bellman
vigo,0,51,0.888770,bellman
vigo,0,52,0.008440,convex
vigo,0,53,0.140530,convex
vigo,0,54,0.554240,convex
vigo,0,55,0.011760,convex
vigo,0,56,0.468290,convex
vigo,0,57,0.551590,convex
vigo,0,58,0.011460,convex
vigo,0,59,0.380440,convex
vigo,0,60,0.552690,convex
vigo,0,61,0.489690,bellman
vigo,0,62,0.570590,bellman
vigo,0,63,0.008520,convex
vigo,0,64,0.142670,convex
vigo,0,65,0.552040,convex
vigo,0,66,0.012100,convex
vigo,0,67,0.637260,convex
vigo,0,68,0.546590,convex
vigo,0,69,0.920840,bellman
vigo,0,70,0.920840,bellman
vigo,0,71,0.920840,bellman
vigo,0,72,0.920840,convex
vigo,0,73,0.920840,bellman
vigo,0,74,0.920840,convex
vigo,0,75,0.597360,bellman
vigo,0,76,0.920840,bellman
vigo,0,77,0.907010,bellman
vigo,0,78,0.979600,bellman
vigo,0,79,0.976720,bellman
vigo,0,80,0.000000,convex
vigo,0,81,0.497800,convex
vigo,0,82,0.920840,convex
vigo,0,83,0.851680,convex
vigo,0,84,0.979600,convex
vigo,0,85,0.965190,convex
vigo,1,0,0.595200,bellman
vigo,1,1,0.000000,convex
vigo,1,2,0.595200,bellman
vigo,1,3,0.496000,convex
vigo,1,4,0.977510,bellman
vigo,1,5,0.977510,convex
vigo,1,6,0.980360,bellman
vigo,1,7,0.977510,convex
vigo,1,8,0.991360,bellman
vigo,1,9,0.991360,convex
vigo,1,10,0.991490,bellman
vigo,1,11,0.991360,convex
vigo,1,12,0.774340,bellman
vigo,1,13,0.016440,convex
vigo,1,14,0.791160,bellman
vigo,1,15,0.474900,convex
vigo,1,16,0.507790,bellman
vigo,1,17,0.512270,convex
vigo,1,18,0.016010,convex
vigo,1,19,0.105190,convex
vigo,1,20,0.513030,convex
vigo,1,21,0.016260,convex
vigo,1,22,0.224050,convex
vigo,1,23,0.507790,bellman
vigo,1,24,0.512850,convex
vigo,1,25,0.585810,bellman
vigo,1,26,0.971120,bellman
vigo,1,27,0.015730,convex
vigo,1,28,0.498250,bellman
vigo,1,29,0.049570,convex
vigo,1,30,0.516280,bellman
vigo,1,31,0.513120,convex
vigo,1,32,0.016300,convex
vigo,1,33,0.256890,convex
vigo,1,34,0.512870,convex
vigo,1,35,0.016430,convex
vigo,1,36,0.443390,convex
vigo,1,37,0.512470,convex
vigo,1,38,0.015920,convex
vigo,1,39,0.083790,convex
vigo,1,40,0.513130,convex
vigo,1,41,0.980360,bellman
vigo,1,42,0.977510,convex
vigo,1,43,0.991360,bellman
vigo,1,44,0.991360,convex
vigo,1,45,0.991490,bellman
vigo,1,46,0.991360,convex
vigo,1,47,0.595200,bellman
vigo,1,48,0.595200,bellman
vigo,1,49,0.977510,convex
vigo,1,50,0.974860,bellman
vigo,1,51,0.969320,bellman
vigo,1,52,0.015730,convex
vigo,1,53,0.049240,convex
vigo,1,54,0.512920,convex
vigo,1,55,0.016410,convex
vigo,1,56,0.412530,convex
vigo,1,57,0.512340,convex
vigo,1,58,0.016350,convex
vigo,1,59,0.315160,convex
vigo,1,60,0.512740,convex
vigo,1,61,0.498250,bellman
vigo,1,62,0.516280,bellman
vigo,1,63,0.015740,convex
vigo,1,64,0.051600,convex
vigo,1,65,0.510480,convex
vigo,1,66,0.016480,convex
vigo,1,67,0.599830,convex
vigo,1,68,0.509280,convex
vigo,1,69,0.977510,bellman
vigo,1,70,0.977510,bellman
vigo,1,71,0.977510,bellman
vigo,1,72,0.977510,convex
vigo,1,73,0.977510,bellman
vigo,1,74,0.977510,convex
vigo,1,75,0.595200,bellman
vigo,1,76,0.977510,bellman
vigo,1,77,0.974650,bellman
vigo,1,78,0.991360,bellman
vigo,1,79,0.991240,bellman
vigo,1,80,0.000000,convex
vigo,1,81,0.496000,convex
vigo,1,82,0.977510,convex
vigo,1,83,0.963240,convex
vigo,1,84,0.991360,convex
vigo,1,85,0.990750,convex
washington,0,0,0.597900,bellman
washington,0,1,0.000000,convex
washington,0,2,0.597900,bellman
washington,0,3,0.498250,convex
washington,0,4,0.674830,bellman
washington,0,5,0.674830,convex
washington,0,6,0.718400,bellman
washington,0,7,0.674830,convex
washington,0,8,0.752040,bellman
washington,0,9,0.752040,convex
washington,0,10,0.780610,bellman
washington,0,11,0.752040,convex
washington,0,12,0.537530,bellman
washington,0,13,0.016710,convex
washington,0,14,0.659050,bellman
washington,0,15,0.538480,convex
washington,0,16,0.464310,bellman
washington,0,17,0.447360,convex
washington,0,18,0.010040,convex
washington,0,19,0.332560,convex
washington,0,20,0.459710,convex
washington,0,21,0.013930,convex
washington,0,22,0.398760,convex
washington,0,23,0.464310,bellman
washington,0,24,0.460160,convex
washington,0,25,0.593760,bellman
washington,0,26,0.715590,bellman
washington,0,27,0.005850,convex
washington,0,28,0.424680,bellman
washington,0,29,0.301580,convex
washington,0,30,0.581080,bellman
washington,0,31,0.456430,convex
washington,0,32,0.014520,convex
washington,0,33,0.417050,convex
washington,0,34,0.460620,convex
washington,0,35,0.016510,convex
washington,0,36,0.520930,convex
washington,0,37,0.449420,convex
washington,0,38,0.008750,convex
washington,0,39,0.320640,convex
washington,0,40,0.458400,convex
washington,0,41,0.718400,bellman
washington,0,42,0.674810,convex
washington,0,43,0.752040,bellman
washington,0,44,0.752010,convex
washington,0,45,0.780610,bellman
washington,0,46,0.751030,convex
washington,0,47,0.597900,bellman
washington,0,48,0.597900,bellman
washington,0,49,0.674830,convex
washington,0,50,0.701590,bellman
washington,0,51,0.675240,bellman
washington,0,52,0.005820,convex
washington,0,53,0.301400,convex
washington,0,54,0.456410,convex
washington,0,55,0.016280,convex
washington,0,56,0.503740,convex
washington,0,57,0.451520,convex
washington,0,58,0.015340,convex
washington,0,59,0.449510,convex
washington,0,60,0.464960,convex
washington,0,61,0.424680,bellman
washington,0,62,0.581080,bellman
washington,0,63,0.006070,convex
washington,0,64,0.302710,convex
washington,0,65,0.456540,convex
washington,0,66,0.017340,convex
washington,0,67,0.608060,convex
washington,0,68,0.439340,convex
washington,0,69,0.674830,bellman
washington,0,70,0.674830,bellman
washington,0,71,0.674830,bellman
washington,0,72,0.674830,convex
washington,0,73,0.674830,bellman
washington,0,74,0.674830,convex
washington,0,75,0.597900,bellman
washington,0,76,0.674830,bellman
washington,0,77,0.631270,bellman
washington,0,78,0.752040,bellman
washington,0,79,0.723460,bellman
washington,0,80,0.000000,convex
washington,0,81,0.498250,convex
washington,0,82,0.674830,convex
washington,0,83,0.457000,convex
washington,0,84,0.752040,convex
washington,0,85,0.609180,convex
washington,1,0,0.597900,bellman
washington,1,1,0.000000,convex
washington,1,2,0.597900,bellman
washington,1,3,0.498250,convex
washington,1,4,0.993720,bellman
washington,1,5,0.993720,convex
washington,1,6,0.994270,bellman
washington,1,7,0.993720,convex
washington,1,8,0.996480,bellman
washington,1,9,0.996480,convex
washington,1,10,0.996490,bellman
washington,1,11,0.996480,convex
washington,1,12,0.791530,bellman
washington,1,13,0.007090,convex
washington,1,14,0.794870,bellman
washington,1,15,0.464410,convex
washington,1,16,0.501620,bellman
washington,1,17,0.502300,convex
washington,1,18,0.007010,convex
washington,1,19,0.077050,convex
washington,1,20,0.502450,convex
washington,1,21,0.007060,convex
washington,1,22,0.201590,convex
washington,1,23,0.501620,bellman
washington,1,24,0.502490,convex
washington,1,25,0.593760,bellman
washington,1,26,0.990140,bellman
washington,1,27,0.006960,convex
washington,1,28,0.499700,bellman
washington,1,29,0.018770,convex
washington,1,30,0.503290,bellman
washington,1,31,0.502550,convex
washington,1,32,0.007070,convex
washington,1,33,0.235990,convex
washington,1,34,0.502580,convex
washington,1,35,0.007090,convex
washington,1,36,0.431390,convex
washington,1,37,0.502550,convex
washington,1,38,0.006990,convex
washington,1,39,0.054620,convex
washington,1,40,0.502680,convex
washington,1,41,0.994270,bellman
washington,1,42,0.993720,convex
washington,1,43,0.996480,bellman
washington,1,44,0.996480,convex
washington,1,45,0.996490,bellman
washington,1,46,0.996480,convex
washington,1,47,0.597900,bellman
washington,1,48,0.597900,bellman
washington,1,49,0.993720,convex
washington,1,50,0.993170,bellman
washington,1,51,0.992060,bellman
washington,1,52,0.006960,convex
washington,1,53,0.018420,convex
washington,1,54,0.502340,convex
washington,1,55,0.007090,convex
washington,1,56,0.399060,convex
washington,1,57,0.502230,convex
washington,1,58,0.007080,convex
washington,1,59,0.297040,convex
washington,1,60,0.502390,convex
washington,1,61,0.499700,bellman
washington,1,62,0.503290,bellman
washington,1,63,0.006960,convex
washington,1,64,0.020910,convex
washington,1,65,0.499800,convex
washington,1,66,0.007100,convex
washington,1,67,0.595300,convex
washington,1,68,0.499560,convex
washington,1,69,0.993720,bellman
washington,1,70,0.993720,bellman
washington,1,71,0.993720,bellman
washington,1,72,0.993720,convex
washington,1,73,0.993720,bellman
washington,1,74,0.993720,convex
washington,1,75,0.597900,bellman
washington,1,76,0.993720,bellman
washington,1,77,0.993160,bellman
washington,1,78,0.996480,bellman
washington,1,79,0.996480,bellman
washington,1,80,0.000000,convex
washington,1,81,0.498250,convex
washington,1,82,0.993720,convex
washington,1,83,0.990930,convex
washington,1,84,0.996480,convex
washington,1,85,0.996460,convex
washington,2,0,0.280000,bellman
washington,2,1,0.000000,convex
washington,2,2,0.280000,bellman
washington,2,3,0.233330,convex
washington,2,4,0.316030,bellman
washington,2,5,0.316030,convex
washington,2,6,0.336430,bellman
washington,2,7,0.316030,convex
washington,2,8,0.352180,bellman
washington,2,9,0.352180,convex
washington,2,10,0.365560,bellman
washington,2,11,0.352180,convex
washington,2,12,0.338540,bellman
washington,2,13,0.331640,convex
washington,2,14,0.367430,bellman
washington,2,15,0.335450,convex
washington,2,16,0.377310,bellman
washington,2,17,0.373250,convex
washington,2,18,0.335460,convex
washington,2,19,0.362830,convex
washington,2,20,0.375100,convex
washington,2,21,0.333230,convex
washington,2,22,0.354030,convex
washington,2,23,0.377310,bellman
washington,2,24,0.375830,convex
washington,2,25,0.299910,bellman
washington,2,26,0.349910,bellman
washington,2,27,0.337630,convex
washington,2,28,0.360440,bellman
washington,2,29,0.366710,convex
washington,2,30,0.384770,bellman
washington,2,31,0.376860,convex
washington,2,32,0.332890,convex
washington,2,33,0.351600,convex
washington,2,34,0.375670,convex
washington,2,35,0.331760,convex
washington,2,36,0.337780,convex
washington,2,37,0.373730,convex
washington,2,38,0.336190,convex
washington,2,39,0.364420,convex
washington,2,40,0.375850,convex
washington,2,41,0.336430,bellman
washington,2,42,0.316020,convex
washington,2,43,0.352180,bellman
washington,2,44,0.352170,convex
washington,2,45,0.365560,bellman
washington,2,46,0.351710,convex
washington,2,47,0.280000,bellman
washington,2,48,0.280000,bellman
washington,2,49,0.316030,convex
washington,2,50,0.328550,bellman
washington,2,51,0.316220,bellman
washington,2,52,0.337610,convex
washington,2,53,0.366700,convex
washington,2,54,0.376860,convex
washington,2,55,0.331890,convex
washington,2,56,0.340070,convex
washington,2,57,0.374140,convex
washington,2,58,0.332430,convex
washington,2,59,0.347280,convex
washington,2,60,0.373090,convex
washington,2,61,0.360440,bellman
washington,2,62,0.384770,bellman
washington,2,63,0.337730,convex
washington,2,64,0.366800,convex
washington,2,65,0.376920,convex
washington,2,66,0.331290,convex
washington,2,67,0.326190,convex
washington,2,68,0.370860,convex
washington,2,69,0.316030,bellman
washington,2,70,0.316030,bellman
washington,2,71,0.316030,bellman
washington,2,72,0.316030,convex
washington,2,73,0.316030,bellman
washington,2,74,0.316030,convex
washington,2,75,0.280000,bellman
washington,2,76,0.316030,bellman
washington,2,77,0.295620,bellman
washington,2,78,0.352180,bellman
washington,2,79,0.338800,bellman
washington,2,80,0.000000,convex
washington,2,81,0.233330,convex
washington,2,82,0.316030,convex
washington,2,83,0.214010,convex
washington,2,84,0.352180,convex
washington,2,85,0.285280,convex
washington,3,0,0.280000,bellman
washington,3,1,0.000000,convex
washington,3,2,0.280000,bellman
washington,3,3,0.233330,convex
washington,3,4,0.465360,bellman
washington,3,5,0.465360,convex
washington,3,6,0.465620,bellman
washington,3,7,0.465360,convex
washington,3,8,0.466660,bellman
washington,3,9,0.466660,convex
washington,3,10,0.466660,bellman
washington,3,11,0.466660,convex
washington,3,12,0.498510,bellman
washington,3,13,0.496460,convex
washington,3,14,0.499710,bellman
washington,3,15,0.498590,convex
washington,3,16,0.499990,bellman
washington,3,17,0.499850,convex
washington,3,18,0.496420,convex
washington,3,19,0.497740,convex
washington,3,20,0.499830,convex
washington,3,21,0.496440,convex
washington,3,22,0.498010,convex
washington,3,23,0.499990,bellman
washington,3,24,0.499810,convex
washington,3,25,0.299910,bellman
washington,3,26,0.485480,bellman
washington,3,27,0.496390,convex
washington,3,28,0.498880,bellman
washington,3,29,0.497610,convex
washington,3,30,0.499880,bellman
washington,3,31,0.499830,convex
washington,3,32,0.496440,convex
washington,3,33,0.498090,convex
washington,3,34,0.499810,convex
washington,3,35,0.496450,convex
washington,3,36,0.498520,convex
washington,3,37,0.499850,convex
washington,3,38,0.496410,convex
washington,3,39,0.497690,convex
washington,3,40,0.499830,convex
washington,3,41,0.465620,bellman
washington,3,42,0.465360,convex
washington,3,43,0.466660,bellman
washington,3,44,0.466660,convex
washington,3,45,0.466660,bellman
washington,3,46,0.466660,convex
washington,3,47,0.280000,bellman
washington,3,48,0.280000,bellman
washington,3,49,0.465360,convex
washington,3,50,0.465100,bellman
washington,3,51,0.464580,bellman
washington,3,52,0.496390,convex
washington,3,53,0.497610,convex
washington,3,54,0.499830,convex
washington,3,55,0.496450,convex
washington,3,56,0.498450,convex
washington,3,57,0.499840,convex
washington,3,58,0.496450,convex
washington,3,59,0.498220,convex
washington,3,60,0.499810,convex
washington,3,61,0.498880,bellman
washington,3,62,0.499880,bellman
washington,3,63,0.496390,convex
washington,3,64,0.497610,convex
washington,3,65,0.499830,convex
washington,3,66,0.496460,convex
washington,3,67,0.498880,convex
washington,3,68,0.499870,convex
washington,3,69,0.465360,bellman
washington,3,70,0.465360,bellman
washington,3,71,0.465360,bellman
washington,3,72,0.465360,convex
washington,3,73,0.465360,bellman
washington,3,74,0.465360,convex
washington,3,75,0.280000,bellman
washington,3,76,0.465360,bellman
washington,3,77,0.465100,bellman
washington,3,78,0.466660,bellman
washington,3,79,0.466650,bellman
washington,3,80,0.000000,convex
washington,3,81,0.233330,convex
washington,3,82,0.465360,convex
washington,3,83,0.464060,convex
washington,3,84,0.466660,convex
washington,3,85,0.466640,convex
yorktown,0,0,0.584220,bellman
yorktown,0,1,0.000000,convex
yorktown,0,2,0.584220,bellman
yorktown,0,3,0.486850,convex
yorktown,0,4,0.946730,bellman
yorktown,0,5,0.946730,convex
yorktown,0,6,0.951980,bellman
yorktown,0,7,0.946730,convex
yorktown,0,8,0.971500,bellman
yorktown,0,9,0.971500,convex
yorktown,0,10,0.971930,bellman
yorktown,0,11,0.971500,convex
yorktown,0,12,0.734190,bellman
yorktown,0,13,0.051240,convex
yorktown,0,14,0.764850,bellman
yorktown,0,15,0.481280,convex
yorktown,0,16,0.512230,bellman
yorktown,0,17,0.519760,convex
yorktown,0,18,0.050430,convex
yorktown,0,19,0.153980,convex
yorktown,0,20,0.521120,convex
yorktown,0,21,0.050900,convex
yorktown,0,22,0.259210,convex
yorktown,0,23,0.512230,bellman
yorktown,0,24,0.520640,convex
yorktown,0,25,0.555110,bellman
yorktown,0,26,0.923670,bellman
yorktown,0,27,0.049930,convex
yorktown,0,28,0.495710,bellman
yorktown,0,29,0.104730,convex
yorktown,0,30,0.527540,bellman
yorktown,0,31,0.521120,convex
yorktown,0,32,0.050970,convex
yorktown,0,33,0.288280,convex
yorktown,0,34,0.520510,convex
yorktown,0,35,0.051210,convex
yorktown,0,36,0.453380,convex
yorktown,0,37,0.519830,convex
yorktown,0,38,0.050280,convex
yorktown,0,39,0.135030,convex
yorktown,0,40,0.521030,convex
yorktown,0,41,0.951980,bellman
yorktown,0,42,0.946730,convex
yorktown,0,43,0.971500,bellman
yorktown,0,44,0.971500,convex
yorktown,0,45,0.971930,bellman
yorktown,0,46,0.971490,convex
yorktown,0,47,0.584220,bellman
yorktown,0,48,0.584220,bellman
yorktown,0,49,0.946730,convex
yorktown,0,50,0.942210,bellman
yorktown,0,51,0.932310,bellman
yorktown,0,52,0.049930,convex
yorktown,0,53,0.104440,convex
yorktown,0,54,0.520990,convex
yorktown,0,55,0.051180,convex
yorktown,0,56,0.426070,convex
yorktown,0,57,0.519960,convex
yorktown,0,58,0.051070,convex
yorktown,0,59,0.339860,convex
yorktown,0,60,0.520650,convex
yorktown,0,61,0.495710,bellman
yorktown,0,62,0.527540,bellman
yorktown,0,63,0.049950,convex
yorktown,0,64,0.106540,convex
yorktown,0,65,0.518790,convex
yorktown,0,66,0.051310,convex
yorktown,0,67,0.591880,convex
yorktown,0,68,0.516680,convex
yorktown,0,69,0.946730,bellman
yorktown,0,70,0.946730,bellman
yorktown,0,71,0.946730,bellman
yorktown,0,72,0.946730,convex
yorktown,0,73,0.946730,bellman
yorktown,0,74,0.946730,convex
yorktown,0,75,0.584220,bellman
yorktown,0,76,0.946730,bellman
yorktown,0,77,0.941490,bellman
yorktown,0,78,0.971500,bellman
yorktown,0,79,0.971080,bellman
yorktown,0,80,0.000000,convex
yorktown,0,81,0.486850,convex
yorktown,0,82,0.946730,convex
yorktown,0,83,0.920510,convex
yorktown,0,84,0.971500,convex
yorktown,0,85,0.969380,convex
perfect_hardware,0,0,0.600000,bellman
perfect_hardware,0,1,0.000000,convex
perfect_hardware,0,2,0.600000,bellman
perfect_hardware,0,3,0.500000,convex
perfect_hardware,0,4,1.000000,bellman
perfect_hardware,0,5,1.000000,convex
perfect_hardware,0,6,1.000000,bellman
perfect_hardware,0,7,1.000000,convex
perfect_hardware,0,8,1.000000,bellman
perfect_hardware,0,9,1.000000,convex
perfect_hardware,0,10,1.000000,bellman
perfect_hardware,0,11,1.000000,convex
perfect_hardware,0,12,0.800000,bellman
perfect_hardware,0,13,0.000000,convex
perfect_hardware,0,14,0.800000,bellman
perfect_hardware,0,15,0.462520,convex
perfect_hardware,0,16,0.500000,bellman
perfect_hardware,0,17,0.499620,convex
perfect_hardware,0,18,0.000000,convex
perfect_hardware,0,19,0.066090,convex
perfect_hardware,0,20,0.499620,convex
perfect_hardware,0,21,0.000000,convex
perfect_hardware,0,22,0.193540,convex
perfect_hardware,0,23,0.500000,bellman
perfect_hardware,0,24,0.499720,convex
perfect_hardware,0,25,0.600000,bellman
perfect_hardware,0,26,1.000000,bellman
perfect_hardware,0,27,0.000000,convex
perfect_hardware,0,28,0.500000,bellman
perfect_hardware,0,29,0.006450,convex
perfect_hardware,0,30,0.500000,bellman
perfect_hardware,0,31,0.499720,convex
perfect_hardware,0,32,0.000000,convex
perfect_hardware,0,33,0.228750,convex
perfect_hardware,0,34,0.499810,convex
perfect_hardware,0,35,0.000000,convex
perfect_hardware,0,36,0.428720,convex
perfect_hardware,0,37,0.499850,convex
perfect_hardware,0,38,0.000000,convex
perfect_hardware,0,39,0.043140,convex
perfect_hardware,0,40,0.499850,convex
perfect_hardware,0,41,1.000000,bellman
perfect_hardware,0,42,1.000000,convex
perfect_hardware,0,43,1.000000,bellman
perfect_hardware,0,44,1.000000,convex
perfect_hardware,0,45,1.000000,bellman
perfect_hardware,0,46,1.000000,convex
perfect_hardware,0,47,0.600000,bellman
perfect_hardware,0,48,0.600000,bellman
perfect_hardware,0,49,1.000000,convex
perfect_hardware,0,50,1.000000,bellman
perfect_hardware,0,51,1.000000,bellman
perfect_hardware,0,52,0.000000,convex
perfect_hardware,0,53,0.006090,convex
perfect_hardware,0,54,0.499510,convex
perfect_hardware,0,55,0.000000,convex
perfect_hardware,0,56,0.395640,convex
perfect_hardware,0,57,0.499510,convex
perfect_hardware,0,58,0.000000,convex
perfect_hardware,0,59,0.291230,convex
perfect_hardware,0,60,0.499610,convex
perfect_hardware,0,61,0.500000,bellman
perfect_hardware,0,62,0.500000,bellman
perfect_hardware,0,63,0.000000,convex
perfect_hardware,0,64,0.008630,convex
perfect_hardware,0,65,0.496910,convex
perfect_hardware,0,66,0.000000,convex
perfect_hardware,0,67,0.596470,convex
perfect_hardware,0,68,0.496910,convex
perfect_hardware,0,69,1.000000,bellman
perfect_hardware,0,70,1.000000,bellman
perfect_hardware,0,71,1.000000,bellman
perfect_hardware,0,72,1.000000,convex
perfect_hardware,0,73,1.000000,bellman
perfect_hardware,0,74,1.000000,convex
perfect_hardware,0,75,0.600000,bellman
perfect_hardware,0,76,1.000000,bellman
perfect_hardware,0,77,1.000000,bellman
perfect_hardware,0,78,1.000000,bellman
perfect_hardware,0,79,1.000000,bellman
perfect_hardware,0,80,0.000000,convex
perfect_hardware,0,81,0.500000,convex
perfect_hardware,0,82,1.000000,convex
perfect_hardware,0,83,1.000000,convex
perfect_hardware,0,84,1.000000,convex
perfect_hardware,0,85,1.000000,convex
