benchmark,horizon,total_time,0.0,5e-06,9e-05,0.0001,0.000135,0.00024,0.000241,0.001672,0.00271,0.004599,0.004695,0.004699,0.004996,0.005099,0.005135,0.005179,0.005215,0.005234,0.005239,0.005279,0.005559,0.005611,0.005679,0.005699,0.005719,0.00572,0.005733,0.00579,0.006159,0.00638,0.008201,0.008869,0.009,0.01,0.010124,0.010592,0.010657,0.010987,0.01593,0.0177,0.018979,0.020398,0.021117,0.02353,0.023733,0.029781,0.033362,0.035855,0.039595,0.041855,0.044519,0.044894,0.054379,0.054964,0.05706,0.057703,0.057943,0.058062,0.05822,0.058322,0.058477,0.05911,0.060956,0.062779,0.062817,0.06292,0.063019,0.063177,0.064845,0.065162,0.06566,0.065956,0.06602,0.066234,0.069944,0.080113,0.082247,0.132984,0.20606,0.245361,0.274026,0.274243,0.275622,0.280943,0.283536,0.283859,0.293408,0.294539,0.305259,0.305782,0.306825,0.307001,0.307265,0.307405,0.307885,0.308439,0.317788,0.318409,0.319778,0.360271,0.360351,0.360447,0.360666,0.360686,0.362956,0.36543,0.381255,0.383022,0.388136,0.38856,0.394015,0.425439,0.425478,0.425539,0.425638,0.425804,0.428498,0.434824,0.451222,0.46579,0.521683,0.528869,0.637768,0.652241,0.71081,0.71289,0.71577,0.7943,0.801,0.884011,0.89,0.895666,0.906333,0.938894,0.94163,0.966725,0.96921,0.987306,0.9879,0.989815,0.995168,0.995723,0.998669,0.99934,0.999441,0.999854,0.999984,1.467944,1.631274,1.631319,1.631694,1.650738,1.782093,1.799511,1.801674,1.884998,1.939408,2.625939,2.639779,2.63978,2.639832,2.650253,2.686185,2.73978,2.739799,2.739831,5.88,6.842176,7.68,7.706794,8.444011,8.786443,9.058086,9.30276,9.400574,9.516244,9.522464,9.551119,9.5574,9.559193,9.562029,9.5621,9.562426,9.562636,9.562645,9.56266,9.922561,10.335019,10.366268,10.406565,10.407664,10.409824,10.410011,10.410062,10.41008,10.410096
cit.POMDP_1,2,timeout,timeout,timeout,timeout,timeout,timeout,timeout,timeout,timeout,1036.496869,1036.496869,1036.496869,1036.496869,1036.496869,1036.496869,1036.496869,1036.496869,1036.496869,1036.496869,1036.496869,1036.496869,1036.496869,1036.496869,1036.496869,1036.496869,1036.496869,1036.496869,1036.496869,1036.496869,1036.496869,1036.496869,1036.496869,1036.496869,1036.496869,298.317198,298.317198,298.317198,298.317198,298.317198,298.317198,298.317198,298.317198,298.317198,298.317198,298.317198,298.317198,298.317198,298.317198,298.317198,298.317198,298.317198,298.317198,298.317198,298.317198,298.317198,298.317198,298.317198,298.317198,298.317198,298.317198,298.317198,298.317198,298.317198,298.317198,298.317198,298.317198,298.317198,298.317198,298.317198,298.317198,298.317198,298.317198,298.317198,298.317198,298.317198,298.317198,298.317198,298.317198,298.317198,298.317198,298.317198,298.317198,298.317198,298.317198,298.317198,298.317198,298.317198,298.317198,298.317198,298.317198,298.317198,298.317198,298.317198,298.317198,298.317198,298.317198,298.317198,298.317198,298.317198,298.317198,298.317198,298.317198,298.317198,298.317198,298.317198,298.317198,298.317198,298.317198,298.317198,298.317198,298.317198,298.317198,298.317198,298.317198,298.317198,298.317198,298.317198,298.317198,298.317198,298.317198,298.317198,298.317198,298.317198,298.317198,298.317198,298.317198,298.317198,298.317198,298.317198,298.317198,298.317198,298.317198,298.317198,298.317198,298.317198,298.317198,298.317198,298.317198,298.317198,298.317198,298.317198,298.317198,298.317198,298.317198,298.317198,298.317198,298.317198,298.317198,298.317198,298.317198,298.317198,298.317198,298.317198,298.317198,298.317198,298.317198,298.317198,298.317198,298.317198,298.317198,298.317198,298.317198,298.317198,298.317198,298.317198,298.317198,298.317198,298.317198,298.317198,298.317198,298.317198,298.317198,298.317198,298.317198,298.317198,298.317198,298.317198,298.317198,298.317198,298.317198,298.317198,298.317198,298.317198,298.317198,298.317198,298.317198,298.317198,298.317198,298.317198,298.317198,298.317198,298.317198,298.317198,298.317198,298.317198,298.317198,298.317198
cit.POMDP_1,3,timeout,timeout,timeout,timeout,timeout,timeout,timeout,timeout,timeout,timeout,timeout,timeout,timeout,timeout,timeout,timeout,timeout,timeout,timeout,timeout,timeout,timeout,timeout,timeout,timeout,timeout,timeout,timeout,timeout,timeout,timeout,timeout,timeout,timeout,timeout,timeout,timeout,timeout,timeout,timeout,timeout,timeout,timeout,timeout,timeout,timeout,timeout,timeout,timeout,timeout,timeout,timeout,timeout,timeout,2651.807021,2651.807021,2651.807021,2651.807021,2651.807021,2651.807021,2651.807021,2651.807021,2651.807021,2651.807021,2651.807021,2651.807021,2651.807021,2651.807021,2651.807021,2651.807021,2651.807021,2651.807021,2651.807021,2651.807021,2651.807021,2651.807021,2651.807021,2651.807021,2651.807021,2651.807021,2651.807021,2651.807021,2651.807021,2651.807021,2651.807021,2651.807021,2651.807021,2651.807021,2651.807021,2651.807021,2651.807021,2651.807021,2651.807021,2651.807021,2651.807021,2651.807021,2651.807021,2651.807021,2651.807021,2651.807021,2651.807021,2651.807021,2651.807021,2651.807021,2651.807021,2651.807021,2651.807021,2651.807021,2651.807021,2651.807021,2651.807021,2651.807021,2651.807021,2651.807021,2651.807021,2651.807021,2651.807021,2651.807021,2651.807021,2651.807021,2651.807021,2651.807021,2651.807021,2651.807021,2651.807021,2651.807021,2651.807021,2651.807021,447.394049,447.394049,447.394049,447.394049,447.394049,447.394049,447.394049,447.394049,447.394049,447.394049,447.394049,447.394049,447.394049,447.394049,447.394049,447.394049,447.394049,447.394049,447.394049,447.394049,447.394049,447.394049,447.394049,447.394049,447.394049,447.394049,447.394049,447.394049,447.394049,447.394049,447.394049,447.394049,447.394049,447.394049,447.394049,447.394049,447.394049,447.394049,447.394049,447.394049,447.394049,447.394049,447.394049,447.394049,447.394049,447.394049,447.394049,447.394049,447.394049,447.394049,447.394049,447.394049,447.394049,447.394049,447.394049,447.394049,447.394049,447.394049,447.394049,447.394049,447.394049,447.394049,447.394049,447.394049,447.394049,447.394049,447.394049,447.394049,447.394049
cit.POMDP_1,4,timeout,timeout,timeout,timeout,timeout,timeout,timeout,timeout,timeout,timeout,timeout,timeout,timeout,timeout,timeout,timeout,timeout,timeout,timeout,timeout,timeout,timeout,timeout,timeout,timeout,timeout,timeout,timeout,timeout,timeout,timeout,timeout,timeout,timeout,timeout,timeout,timeout,3560.988061,3560.988061,3560.988061,3560.988061,3560.988061,3560.988061,3560.988061,3560.988061,3560.988061,3560.988061,3560.988061,3560.988061,3560.988061,3560.988061,3560.988061,3560.988061,3560.988061,3560.988061,3560.988061,3560.988061,3560.988061,3560.988061,3560.988061,3560.988061,3560.988061,3560.988061,3560.988061,3560.988061,3560.988061,3560.988061,3560.988061,3560.988061,3560.988061,3560.988061,3560.988061,3560.988061,3560.988061,3560.988061,3560.988061,3560.988061,3560.988061,3560.988061,3560.988061,3560.988061,3560.988061,3560.988061,3560.988061,3560.988061,3560.988061,3560.988061,3560.988061,3560.988061,3560.988061,3560.988061,3560.988061,3560.988061,3560.988061,3560.988061,3560.988061,3560.988061,3560.988061,3560.988061,3560.988061,3560.988061,3560.988061,3560.988061,3560.988061,3560.988061,3560.988061,3560.988061,3560.988061,3560.988061,3560.988061,3560.988061,3560.988061,3560.988061,3560.988061,3560.988061,3560.988061,3560.988061,3560.988061,3560.988061,3560.988061,3560.988061,3560.988061,3560.988061,3560.988061,3560.988061,3560.988061,3560.988061,3560.988061,3560.988061,3560.988061,3560.988061,3560.988061,3560.988061,3560.988061,3560.988061,3560.988061,583.901878,583.901878,583.901878,583.901878,583.901878,583.901878,583.901878,583.901878,583.901878,583.901878,583.901878,583.901878,583.901878,583.901878,583.901878,583.901878,583.901878,583.901878,583.901878,583.901878,583.901878,583.901878,583.901878,583.901878,583.901878,583.901878,583.901878,583.901878,583.901878,583.901878,583.901878,583.901878,583.901878,583.901878,583.901878,583.901878,583.901878,583.901878,583.901878,583.901878,583.901878,583.901878,583.901878,583.901878,583.901878,583.901878,583.901878,583.901878,583.901878,583.901878,583.901878,583.901878,583.901878,583.901878,583.901878,583.901878,583.901878,583.901878,583.901878,583.901878,583.901878
cit.POMDP_1,5,timeout,timeout,timeout,timeout,timeout,timeout,timeout,timeout,timeout,timeout,timeout,timeout,timeout,timeout,timeout,timeout,timeout,timeout,timeout,timeout,timeout,timeout,timeout,timeout,timeout,timeout,timeout,timeout,timeout,timeout,timeout,timeout,timeout,timeout,timeout,timeout,timeout,timeout,timeout,timeout,timeout,timeout,timeout,timeout,timeout,timeout,timeout,timeout,timeout,timeout,timeout,timeout,timeout,timeout,timeout,timeout,timeout,timeout,timeout,timeout,timeout,timeout,timeout,timeout,timeout,timeout,timeout,timeout,timeout,timeout,timeout,timeout,timeout,timeout,timeout,timeout,timeout,timeout,timeout,timeout,timeout,timeout,timeout,timeout,timeout,timeout,timeout,timeout,timeout,timeout,timeout,timeout,timeout,timeout,timeout,timeout,timeout,timeout,timeout,timeout,timeout,timeout,timeout,timeout,timeout,timeout,timeout,timeout,timeout,timeout,timeout,timeout,timeout,timeout,timeout,timeout,timeout,timeout,timeout,timeout,timeout,timeout,timeout,timeout,timeout,timeout,timeout,timeout,timeout,timeout,timeout,timeout,timeout,timeout,timeout,timeout,timeout,timeout,timeout,timeout,timeout,738.250707,738.250707,738.250707,738.250707,738.250707,738.250707,738.250707,738.250707,738.250707,738.250707,738.250707,738.250707,738.250707,738.250707,738.250707,738.250707,738.250707,738.250707,738.250707,738.250707,738.250707,738.250707,738.250707,738.250707,738.250707,738.250707,738.250707,738.250707,738.250707,738.250707,738.250707,738.250707,738.250707,738.250707,738.250707,738.250707,738.250707,738.250707,738.250707,738.250707,738.250707,738.250707,738.250707,738.250707,738.250707,738.250707,738.250707,738.250707,738.250707,738.250707,738.250707,738.250707,738.250707,738.250707,738.250707,738.250707
cit.POMDP_1,6,timeout,timeout,timeout,timeout,timeout,timeout,timeout,timeout,timeout,timeout,timeout,timeout,timeout,timeout,timeout,timeout,timeout,timeout,timeout,timeout,timeout,timeout,timeout,timeout,timeout,timeout,timeout,timeout,timeout,timeout,timeout,timeout,timeout,timeout,timeout,timeout,timeout,timeout,timeout,timeout,timeout,timeout,timeout,timeout,timeout,timeout,timeout,timeout,timeout,timeout,timeout,timeout,timeout,timeout,timeout,timeout,timeout,timeout,timeout,timeout,timeout,timeout,timeout,timeout,timeout,timeout,timeout,timeout,timeout,timeout,timeout,timeout,timeout,timeout,timeout,timeout,timeout,timeout,timeout,timeout,timeout,timeout,timeout,timeout,timeout,timeout,timeout,timeout,timeout,timeout,timeout,timeout,timeout,timeout,timeout,timeout,timeout,timeout,timeout,timeout,timeout,timeout,timeout,timeout,timeout,timeout,timeout,timeout,timeout,timeout,timeout,timeout,timeout,timeout,timeout,timeout,timeout,timeout,timeout,timeout,timeout,timeout,timeout,timeout,timeout,timeout,timeout,timeout,timeout,timeout,timeout,timeout,timeout,timeout,timeout,timeout,timeout,timeout,timeout,timeout,timeout,timeout,timeout,timeout,886.562422,886.562422,886.562422,886.562422,886.562422,886.562422,886.562422,886.562422,886.562422,886.562422,886.562422,886.562422,886.562422,886.562422,886.562422,886.562422,886.562422,886.562422,886.562422,886.562422,886.562422,886.562422,886.562422,886.562422,886.562422,886.562422,886.562422,886.562422,886.562422,886.562422,886.562422,886.562422,886.562422,886.562422,886.562422,886.562422,886.562422,886.562422,886.562422,886.562422,886.562422,886.562422,886.562422,886.562422,886.562422,886.562422,886.562422,886.562422,886.562422,886.562422,886.562422,886.562422,886.562422
cit.POMDP_2,3,timeout,timeout,timeout,timeout,timeout,timeout,timeout,timeout,timeout,timeout,timeout,timeout,timeout,timeout,timeout,timeout,timeout,timeout,timeout,timeout,timeout,timeout,timeout,timeout,timeout,timeout,3386.211035,3386.211035,3386.211035,3386.211035,3386.211035,3386.211035,3386.211035,446.538798,446.538798,446.538798,446.538798,446.538798,446.538798,446.538798,446.538798,446.538798,446.538798,446.538798,446.538798,446.538798,446.538798,446.538798,446.538798,446.538798,446.538798,446.538798,446.538798,446.538798,446.538798,446.538798,446.538798,446.538798,446.538798,446.538798,446.538798,446.538798,446.538798,446.538798,446.538798,446.538798,446.538798,446.538798,446.538798,446.538798,446.538798,446.538798,446.538798,446.538798,446.538798,446.538798,446.538798,446.538798,446.538798,446.538798,446.538798,446.538798,446.538798,446.538798,446.538798,446.538798,446.538798,446.538798,446.538798,446.538798,446.538798,446.538798,446.538798,446.538798,446.538798,446.538798,446.538798,446.538798,446.538798,446.538798,446.538798,446.538798,446.538798,446.538798,446.538798,446.538798,446.538798,446.538798,446.538798,446.538798,446.538798,446.538798,446.538798,446.538798,446.538798,446.538798,446.538798,446.538798,446.538798,446.538798,446.538798,446.538798,446.538798,446.538798,446.538798,446.538798,446.538798,446.538798,446.538798,446.538798,446.538798,446.538798,446.538798,446.538798,446.538798,446.538798,446.538798,446.538798,446.538798,446.538798,446.538798,446.538798,446.538798,446.538798,446.538798,446.538798,446.538798,446.538798,446.538798,446.538798,446.538798,446.538798,446.538798,446.538798,446.538798,446.538798,446.538798,446.538798,446.538798,446.538798,446.538798,446.538798,446.538798,446.538798,446.538798,446.538798,446.538798,446.538798,446.538798,446.538798,446.538798,446.538798,446.538798,446.538798,446.538798,446.538798,446.538798,446.538798,446.538798,446.538798,446.538798,446.538798,446.538798,446.538798,446.538798,446.538798,446.538798,446.538798,446.538798,446.538798,446.538798,446.538798,446.538798,446.538798,446.538798,446.538798,446.538798
cit.POMDP_2,4,timeout,timeout,timeout,timeout,timeout,timeout,timeout,timeout,timeout,timeout,timeout,timeout,timeout,timeout,timeout,timeout,timeout,timeout,timeout,timeout,timeout,timeout,timeout,timeout,timeout,timeout,timeout,timeout,timeout,timeout,timeout,timeout,timeout,timeout,timeout,timeout,timeout,timeout,timeout,timeout,timeout,timeout,timeout,timeout,timeout,timeout,timeout,timeout,timeout,timeout,timeout,timeout,timeout,timeout,timeout,timeout,timeout,timeout,timeout,timeout,timeout,timeout,timeout,timeout,timeout,timeout,timeout,timeout,timeout,timeout,timeout,timeout,timeout,timeout,timeout,timeout,timeout,timeout,timeout,timeout,timeout,timeout,timeout,timeout,timeout,timeout,timeout,timeout,timeout,timeout,timeout,timeout,timeout,timeout,timeout,timeout,timeout,timeout,timeout,timeout,timeout,timeout,timeout,timeout,timeout,timeout,timeout,timeout,timeout,timeout,timeout,timeout,timeout,timeout,timeout,timeout,timeout,timeout,timeout,timeout,timeout,timeout,timeout,timeout,timeout,timeout,timeout,595.991563,595.991563,595.991563,595.991563,595.991563,595.991563,595.991563,595.991563,595.991563,595.991563,595.991563,595.991563,595.991563,595.991563,595.991563,595.991563,595.991563,595.991563,595.991563,595.991563,595.991563,595.991563,595.991563,595.991563,595.991563,595.991563,595.991563,595.991563,595.991563,595.991563,595.991563,595.991563,595.991563,595.991563,595.991563,595.991563,595.991563,595.991563,595.991563,595.991563,595.991563,595.991563,595.991563,595.991563,595.991563,595.991563,595.991563,595.991563,595.991563,595.991563,595.991563,595.991563,595.991563,595.991563,595.991563,595.991563,595.991563,595.991563,595.991563,595.991563,595.991563,595.991563,595.991563,595.991563,595.991563,595.991563,595.991563,595.991563,595.991563,595.991563
cit.POMDP_2,5,timeout,timeout,timeout,timeout,timeout,timeout,timeout,timeout,timeout,timeout,timeout,timeout,timeout,timeout,timeout,timeout,timeout,timeout,timeout,timeout,timeout,timeout,timeout,timeout,timeout,timeout,timeout,timeout,timeout,timeout,timeout,timeout,timeout,timeout,timeout,timeout,timeout,timeout,timeout,timeout,timeout,timeout,timeout,timeout,timeout,timeout,timeout,timeout,timeout,timeout,timeout,timeout,timeout,timeout,timeout,timeout,timeout,timeout,timeout,timeout,timeout,timeout,timeout,timeout,timeout,timeout,timeout,timeout,timeout,timeout,timeout,timeout,timeout,timeout,timeout,timeout,timeout,timeout,timeout,timeout,timeout,timeout,timeout,timeout,timeout,timeout,timeout,timeout,timeout,timeout,timeout,timeout,timeout,timeout,timeout,timeout,timeout,timeout,timeout,timeout,timeout,timeout,timeout,timeout,timeout,timeout,timeout,timeout,timeout,timeout,timeout,timeout,timeout,timeout,timeout,timeout,timeout,timeout,timeout,timeout,timeout,timeout,timeout,timeout,timeout,timeout,timeout,timeout,timeout,timeout,timeout,timeout,timeout,timeout,timeout,744.955149,744.955149,744.955149,744.955149,744.955149,744.955149,744.955149,744.955149,744.955149,744.955149,744.955149,744.955149,744.955149,744.955149,744.955149,744.955149,744.955149,744.955149,744.955149,744.955149,744.955149,744.955149,744.955149,744.955149,744.955149,744.955149,744.955149,744.955149,744.955149,744.955149,744.955149,744.955149,744.955149,744.955149,744.955149,744.955149,744.955149,744.955149,744.955149,744.955149,744.955149,744.955149,744.955149,744.955149,744.955149,744.955149,744.955149,744.955149,744.955149,744.955149,744.955149,744.955149,744.955149,744.955149,744.955149,744.955149,744.955149,744.955149,744.955149,744.955149,744.955149,744.955149
cit.POMDP_2,6,timeout,timeout,timeout,timeout,timeout,timeout,timeout,timeout,timeout,timeout,timeout,timeout,timeout,timeout,timeout,timeout,timeout,timeout,timeout,timeout,timeout,timeout,timeout,timeout,timeout,timeout,timeout,timeout,timeout,timeout,timeout,timeout,timeout,timeout,timeout,timeout,timeout,timeout,timeout,timeout,timeout,timeout,timeout,timeout,timeout,timeout,timeout,timeout,timeout,timeout,timeout,timeout,timeout,timeout,timeout,timeout,timeout,timeout,timeout,timeout,timeout,timeout,timeout,timeout,timeout,timeout,timeout,timeout,timeout,timeout,timeout,timeout,timeout,timeout,timeout,timeout,timeout,timeout,timeout,timeout,timeout,timeout,timeout,timeout,timeout,timeout,timeout,timeout,timeout,timeout,timeout,timeout,timeout,timeout,timeout,timeout,timeout,timeout,timeout,timeout,timeout,timeout,timeout,timeout,timeout,timeout,timeout,timeout,timeout,timeout,timeout,timeout,timeout,timeout,timeout,timeout,timeout,timeout,timeout,timeout,timeout,timeout,timeout,timeout,timeout,timeout,timeout,timeout,timeout,timeout,timeout,timeout,timeout,timeout,timeout,timeout,timeout,timeout,timeout,timeout,896.749649,896.749649,896.749649,896.749649,896.749649,896.749649,896.749649,896.749649,896.749649,896.749649,896.749649,896.749649,896.749649,896.749649,896.749649,896.749649,896.749649,896.749649,896.749649,896.749649,896.749649,896.749649,896.749649,896.749649,896.749649,896.749649,896.749649,896.749649,896.749649,896.749649,896.749649,896.749649,896.749649,896.749649,896.749649,896.749649,896.749649,896.749649,896.749649,896.749649,896.749649,896.749649,896.749649,896.749649,896.749649,896.749649,896.749649,896.749649,896.749649,896.749649,896.749649,896.749649,896.749649,896.749649,896.749649,896.749649,896.749649
cit.POMDP_3,4,timeout,timeout,timeout,3548.543892,3548.543892,3548.543892,3548.543892,3548.543892,3548.543892,3548.543892,3548.543892,3548.543892,3548.543892,3548.543892,3548.543892,3548.543892,3548.543892,3548.543892,3548.543892,3548.543892,3548.543892,3548.543892,3548.543892,3548.543892,3548.543892,3548.543892,3548.543892,3548.543892,3548.543892,3548.543892,3548.543892,3548.543892,3548.543892,3548.543892,3548.543892,3548.543892,3548.543892,3548.543892,3548.543892,3548.543892,3548.543892,3548.543892,3548.543892,3548.543892,3548.543892,3548.543892,3548.543892,3548.543892,3548.543892,3548.543892,3548.543892,3548.543892,3548.543892,3548.543892,3548.543892,3548.543892,3548.543892,3548.543892,3548.543892,3548.543892,3548.543892,3548.543892,3548.543892,3548.543892,3548.543892,3548.543892,3548.543892,3548.543892,3548.543892,3548.543892,3548.543892,3548.543892,3548.543892,3548.543892,3548.543892,3548.543892,3548.543892,3548.543892,3548.543892,3548.543892,3548.543892,3548.543892,3548.543892,3548.543892,3548.543892,3548.543892,3548.543892,3548.543892,3548.543892,3548.543892,3548.543892,3548.543892,3548.543892,3548.543892,3548.543892,3548.543892,3548.543892,3548.543892,3548.543892,3548.543892,3548.543892,3548.543892,3548.543892,3548.543892,3548.543892,3548.543892,3548.543892,3548.543892,3548.543892,3548.543892,3548.543892,3548.543892,3548.543892,3548.543892,3548.543892,3548.543892,3548.543892,3548.543892,3548.543892,3548.543892,3548.543892,3548.543892,3548.543892,3548.543892,3548.543892,3548.543892,594.832288,594.832288,594.832288,594.832288,594.832288,594.832288,594.832288,594.832288,594.832288,594.832288,594.832288,594.832288,594.832288,594.832288,594.832288,594.832288,594.832288,594.832288,594.832288,594.832288,594.832288,594.832288,594.832288,594.832288,594.832288,594.832288,594.832288,594.832288,594.832288,594.832288,594.832288,594.832288,594.832288,594.832288,594.832288,594.832288,594.832288,594.832288,594.832288,594.832288,594.832288,594.832288,594.832288,594.832288,594.832288,594.832288,594.832288,594.832288,594.832288,594.832288,594.832288,594.832288,594.832288,594.832288,594.832288,594.832288,594.832288,594.832288,594.832288,594.832288,594.832288,594.832288,594.832288,594.832288,594.832288,594.832288,594.832288,594.832288,594.832288,594.832288,594.832288
cit.POMDP_3,5,timeout,timeout,timeout,timeout,timeout,timeout,timeout,timeout,timeout,timeout,timeout,timeout,timeout,timeout,timeout,timeout,timeout,timeout,timeout,timeout,timeout,timeout,timeout,timeout,timeout,timeout,timeout,timeout,timeout,timeout,timeout,timeout,timeout,timeout,timeout,timeout,timeout,timeout,timeout,timeout,timeout,timeout,timeout,timeout,timeout,timeout,timeout,timeout,timeout,timeout,timeout,timeout,timeout,timeout,timeout,timeout,timeout,timeout,timeout,timeout,timeout,timeout,timeout,timeout,timeout,timeout,timeout,timeout,timeout,timeout,timeout,timeout,timeout,timeout,timeout,timeout,timeout,timeout,timeout,timeout,timeout,timeout,timeout,timeout,timeout,timeout,timeout,timeout,timeout,timeout,timeout,timeout,timeout,timeout,timeout,timeout,timeout,timeout,timeout,timeout,timeout,timeout,timeout,timeout,timeout,timeout,timeout,timeout,timeout,timeout,timeout,timeout,timeout,timeout,timeout,timeout,timeout,timeout,timeout,timeout,timeout,timeout,timeout,timeout,timeout,timeout,timeout,timeout,timeout,timeout,timeout,timeout,timeout,timeout,timeout,747.89824,747.89824,747.89824,747.89824,747.89824,747.89824,747.89824,747.89824,747.89824,747.89824,747.89824,747.89824,747.89824,747.89824,747.89824,747.89824,747.89824,747.89824,747.89824,747.89824,747.89824,747.89824,747.89824,747.89824,747.89824,747.89824,747.89824,747.89824,747.89824,747.89824,747.89824,747.89824,747.89824,747.89824,747.89824,747.89824,747.89824,747.89824,747.89824,747.89824,747.89824,747.89824,747.89824,747.89824,747.89824,747.89824,747.89824,747.89824,747.89824,747.89824,747.89824,747.89824,747.89824,747.89824,747.89824,747.89824,747.89824,747.89824,747.89824,747.89824,747.89824,747.89824
cit.POMDP_3,6,timeout,timeout,timeout,timeout,timeout,timeout,timeout,timeout,timeout,timeout,timeout,timeout,timeout,timeout,timeout,timeout,timeout,timeout,timeout,timeout,timeout,timeout,timeout,timeout,timeout,timeout,timeout,timeout,timeout,timeout,timeout,timeout,timeout,timeout,timeout,timeout,timeout,timeout,timeout,timeout,timeout,timeout,timeout,timeout,timeout,timeout,timeout,timeout,timeout,timeout,timeout,timeout,timeout,timeout,timeout,timeout,timeout,timeout,timeout,timeout,timeout,timeout,timeout,timeout,timeout,timeout,timeout,timeout,timeout,timeout,timeout,timeout,timeout,timeout,timeout,timeout,timeout,timeout,timeout,timeout,timeout,timeout,timeout,timeout,timeout,timeout,timeout,timeout,timeout,timeout,timeout,timeout,timeout,timeout,timeout,timeout,timeout,timeout,timeout,timeout,timeout,timeout,timeout,timeout,timeout,timeout,timeout,timeout,timeout,timeout,timeout,timeout,timeout,timeout,timeout,timeout,timeout,timeout,timeout,timeout,timeout,timeout,timeout,timeout,timeout,timeout,timeout,timeout,timeout,timeout,timeout,timeout,timeout,timeout,timeout,timeout,timeout,timeout,timeout,timeout,893.299766,893.299766,893.299766,893.299766,893.299766,893.299766,893.299766,893.299766,893.299766,893.299766,893.299766,893.299766,893.299766,893.299766,893.299766,893.299766,893.299766,893.299766,893.299766,893.299766,893.299766,893.299766,893.299766,893.299766,893.299766,893.299766,893.299766,893.299766,893.299766,893.299766,893.299766,893.299766,893.299766,893.299766,893.299766,893.299766,893.299766,893.299766,893.299766,893.299766,893.299766,893.299766,893.299766,893.299766,893.299766,893.299766,893.299766,893.299766,893.299766,893.299766,893.299766,893.299766,893.299766,893.299766,893.299766,893.299766,893.299766
mit.POMDP_1,2,timeout,timeout,timeout,timeout,timeout,timeout,timeout,timeout,timeout,518.342156,518.342156,518.342156,518.342156,518.342156,518.342156,518.342156,518.342156,518.342156,518.342156,518.342156,518.342156,518.342156,518.342156,518.342156,518.342156,518.342156,518.342156,518.342156,518.342156,518.342156,518.342156,518.342156,518.342156,518.342156,150.553949,150.553949,150.553949,150.553949,150.553949,150.553949,150.553949,150.553949,150.553949,150.553949,150.553949,150.553949,150.553949,150.553949,150.553949,150.553949,150.553949,150.553949,150.553949,150.553949,150.553949,150.553949,150.553949,150.553949,150.553949,150.553949,150.553949,150.553949,150.553949,150.553949,150.553949,150.553949,150.553949,150.553949,150.553949,150.553949,150.553949,150.553949,150.553949,150.553949,150.553949,150.553949,150.553949,150.553949,150.553949,150.553949,150.553949,150.553949,150.553949,150.553949,150.553949,150.553949,150.553949,150.553949,150.553949,150.553949,150.553949,150.553949,150.553949,150.553949,150.553949,150.553949,150.553949,150.553949,150.553949,150.553949,150.553949,150.553949,150.553949,150.553949,150.553949,150.553949,150.553949,150.553949,150.553949,150.553949,150.553949,150.553949,150.553949,150.553949,150.553949,150.553949,150.553949,150.553949,150.553949,150.553949,150.553949,150.553949,150.553949,150.553949,150.553949,150.553949,150.553949,150.553949,150.553949,150.553949,150.553949,150.553949,150.553949,150.553949,150.553949,150.553949,150.553949,150.553949,150.553949,150.553949,150.553949,150.553949,150.553949,150.553949,150.553949,150.553949,150.553949,150.553949,150.553949,150.553949,150.553949,150.553949,150.553949,150.553949,150.553949,150.553949,150.553949,150.553949,150.553949,150.553949,150.553949,150.553949,150.553949,150.553949,150.553949,150.553949,150.553949,150.553949,150.553949,150.553949,150.553949,150.553949,150.553949,150.553949,150.553949,150.553949,150.553949,150.553949,150.553949,150.553949,150.553949,150.553949,150.553949,150.553949,150.553949,150.553949,150.553949,150.553949,150.553949,150.553949,150.553949,150.553949,150.553949,150.553949,150.553949,150.553949,150.553949
mit.POMDP_1,3,timeout,timeout,timeout,timeout,timeout,timeout,timeout,timeout,timeout,timeout,timeout,timeout,timeout,timeout,timeout,timeout,timeout,timeout,timeout,timeout,timeout,timeout,timeout,timeout,timeout,timeout,timeout,timeout,timeout,timeout,timeout,timeout,timeout,timeout,timeout,timeout,timeout,timeout,timeout,timeout,timeout,timeout,timeout,timeout,timeout,timeout,timeout,timeout,timeout,timeout,timeout,timeout,timeout,2503.895705,1369.080751,1369.080751,1369.080751,1369.080751,1369.080751,1369.080751,1369.080751,1369.080751,1369.080751,1369.080751,1369.080751,1369.080751,1369.080751,1369.080751,1369.080751,1369.080751,1369.080751,1369.080751,1369.080751,1369.080751,1369.080751,1369.080751,1369.080751,1369.080751,1369.080751,1369.080751,1369.080751,1369.080751,1369.080751,1369.080751,1369.080751,1369.080751,1369.080751,1369.080751,1369.080751,1369.080751,1369.080751,1369.080751,1369.080751,1369.080751,1369.080751,1369.080751,1369.080751,1369.080751,1369.080751,1369.080751,1369.080751,1369.080751,1369.080751,1369.080751,1369.080751,1369.080751,1369.080751,1369.080751,1369.080751,1369.080751,1369.080751,1369.080751,1369.080751,1369.080751,1369.080751,1369.080751,1369.080751,1369.080751,1369.080751,1369.080751,1369.080751,1369.080751,1369.080751,1369.080751,1369.080751,1369.080751,1369.080751,1369.080751,230.148927,230.148927,230.148927,230.148927,230.148927,230.148927,230.148927,230.148927,230.148927,230.148927,230.148927,230.148927,230.148927,230.148927,230.148927,230.148927,230.148927,230.148927,230.148927,230.148927,230.148927,230.148927,230.148927,230.148927,230.148927,230.148927,230.148927,230.148927,230.148927,230.148927,230.148927,230.148927,230.148927,230.148927,230.148927,230.148927,230.148927,230.148927,230.148927,230.148927,230.148927,230.148927,230.148927,230.148927,230.148927,230.148927,230.148927,230.148927,230.148927,230.148927,230.148927,230.148927,230.148927,230.148927,230.148927,230.148927,230.148927,230.148927,230.148927,230.148927,230.148927,230.148927,230.148927,230.148927,230.148927,230.148927,230.148927,230.148927,230.148927
mit.POMDP_1,4,timeout,timeout,timeout,timeout,timeout,timeout,timeout,timeout,timeout,timeout,timeout,timeout,timeout,timeout,timeout,timeout,timeout,timeout,timeout,timeout,timeout,timeout,timeout,timeout,timeout,timeout,timeout,timeout,timeout,timeout,timeout,timeout,timeout,timeout,timeout,timeout,3373.050409,1862.766506,1862.766506,1862.766506,1862.766506,1862.766506,1862.766506,1862.766506,1862.766506,1862.766506,1862.766506,1862.766506,1862.766506,1862.766506,1862.766506,1862.766506,1862.766506,1862.766506,1862.766506,1862.766506,1862.766506,1862.766506,1862.766506,1862.766506,1862.766506,1862.766506,1862.766506,1862.766506,1862.766506,1862.766506,1862.766506,1862.766506,1862.766506,1862.766506,1862.766506,1862.766506,1862.766506,1862.766506,1862.766506,1862.766506,1862.766506,1862.766506,1862.766506,1862.766506,1862.766506,1862.766506,1862.766506,1862.766506,1862.766506,1862.766506,1862.766506,1862.766506,1862.766506,1862.766506,1862.766506,1862.766506,1862.766506,1862.766506,1862.766506,1862.766506,1862.766506,1862.766506,1862.766506,1862.766506,1862.766506,1862.766506,1862.766506,1862.766506,1862.766506,1862.766506,1862.766506,1862.766506,1862.766506,1862.766506,1862.766506,1862.766506,1862.766506,1862.766506,1862.766506,1862.766506,1862.766506,1862.766506,1862.766506,1862.766506,1862.766506,1862.766506,1862.766506,1862.766506,1862.766506,1862.766506,1862.766506,1862.766506,1862.766506,1862.766506,1862.766506,1862.766506,1862.766506,1862.766506,1862.766506,1862.766506,311.284316,311.284316,311.284316,311.284316,311.284316,311.284316,311.284316,311.284316,311.284316,311.284316,311.284316,311.284316,311.284316,311.284316,311.284316,311.284316,311.284316,311.284316,311.284316,311.284316,311.284316,311.284316,311.284316,311.284316,311.284316,311.284316,311.284316,311.284316,311.284316,311.284316,311.284316,311.284316,311.284316,311.284316,311.284316,311.284316,311.284316,311.284316,311.284316,311.284316,311.284316,311.284316,311.284316,311.284316,311.284316,311.284316,311.284316,311.284316,311.284316,311.284316,311.284316,311.284316,311.284316,311.284316,311.284316,311.284316,311.284316,311.284316,311.284316,311.284316,311.284316
mit.POMDP_1,5,timeout,timeout,timeout,timeout,timeout,timeout,timeout,timeout,timeout,timeout,timeout,timeout,timeout,timeout,timeout,timeout,timeout,timeout,timeout,timeout,timeout,timeout,timeout,timeout,timeout,timeout,timeout,timeout,timeout,timeout,timeout,2329.608765,2329.608765,2329.608765,2329.608765,2329.608765,2329.608765,2329.608765,2329.608765,2329.608765,2329.608765,2329.608765,2329.608765,2329.608765,2329.608765,2329.608765,2329.608765,2329.608765,2329.608765,2329.608765,2329.608765,2329.608765,2329.608765,2329.608765,2329.608765,2329.608765,2329.608765,2329.608765,2329.608765,2329.608765,2329.608765,2329.608765,2329.608765,2329.608765,2329.608765,2329.608765,2329.608765,2329.608765,2329.608765,2329.608765,2329.608765,2329.608765,2329.608765,2329.608765,2329.608765,2329.608765,2329.608765,2329.608765,2329.608765,2329.608765,2329.608765,2329.608765,2329.608765,2329.608765,2329.608765,2329.608765,2329.608765,2329.608765,2329.608765,2329.608765,2329.608765,2329.608765,2329.608765,2329.608765,2329.608765,2329.608765,2329.608765,2329.608765,2329.608765,2329.608765,2329.608765,2329.608765,2329.608765,2329.608765,2329.608765,2329.608765,2329.608765,2329.608765,2329.608765,2329.608765,2329.608765,2329.608765,2329.608765,2329.608765,2329.608765,2329.608765,2329.608765,2329.608765,2329.608765,2329.608765,2329.608765,2329.608765,2329.608765,2329.608765,2329.608765,2329.608765,2329.608765,2329.608765,2329.608765,2329.608765,2329.608765,2329.608765,2329.608765,2329.608765,2329.608765,2329.608765,2329.608765,2329.608765,2329.608765,2329.608765,2329.608765,383.502956,383.502956,383.502956,383.502956,383.502956,383.502956,383.502956,383.502956,383.502956,383.502956,383.502956,383.502956,383.502956,383.502956,383.502956,383.502956,383.502956,383.502956,383.502956,383.502956,383.502956,383.502956,383.502956,383.502956,383.502956,383.502956,383.502956,383.502956,383.502956,383.502956,383.502956,383.502956,383.502956,383.502956,383.502956,383.502956,383.502956,383.502956,383.502956,383.502956,383.502956,383.502956,383.502956,383.502956,383.502956,383.502956,383.502956,383.502956,383.502956,383.502956,383.502956,383.502956,383.502956,383.502956,383.502956,383.502956
mit.POMDP_1,6,timeout,timeout,timeout,timeout,timeout,timeout,timeout,timeout,timeout,timeout,timeout,timeout,timeout,timeout,timeout,timeout,timeout,timeout,timeout,timeout,timeout,timeout,timeout,timeout,timeout,timeout,timeout,timeout,timeout,timeout,timeout,timeout,2814.605176,2814.605176,2814.605176,2814.605176,2814.605176,2814.605176,2814.605176,2814.605176,2814.605176,2814.605176,2814.605176,2814.605176,2814.605176,2814.605176,2814.605176,2814.605176,2814.605176,2814.605176,2814.605176,2814.605176,2814.605176,2814.605176,2814.605176,2814.605176,2814.605176,2814.605176,2814.605176,2814.605176,2814.605176,2814.605176,2814.605176,2814.605176,2814.605176,2814.605176,2814.605176,2814.605176,2814.605176,2814.605176,2814.605176,2814.605176,2814.605176,2814.605176,2814.605176,2814.605176,2814.605176,2814.605176,2814.605176,2814.605176,2814.605176,2814.605176,2814.605176,2814.605176,2814.605176,2814.605176,2814.605176,2814.605176,2814.605176,2814.605176,2814.605176,2814.605176,2814.605176,2814.605176,2814.605176,2814.605176,2814.605176,2814.605176,2814.605176,2814.605176,2814.605176,2814.605176,2814.605176,2814.605176,2814.605176,2814.605176,2814.605176,2814.605176,2814.605176,2814.605176,2814.605176,2814.605176,2814.605176,2814.605176,2814.605176,2814.605176,2814.605176,2814.605176,2814.605176,2814.605176,2814.605176,2814.605176,2814.605176,2814.605176,2814.605176,2814.605176,2814.605176,2814.605176,2814.605176,2814.605176,2814.605176,2814.605176,2814.605176,2814.605176,2814.605176,2814.605176,2814.605176,2814.605176,2814.605176,2814.605176,2814.605176,2814.605176,2814.605176,2814.605176,460.80324,460.80324,460.80324,460.80324,460.80324,460.80324,460.80324,460.80324,460.80324,460.80324,460.80324,460.80324,460.80324,460.80324,460.80324,460.80324,460.80324,460.80324,460.80324,460.80324,460.80324,460.80324,460.80324,460.80324,460.80324,460.80324,460.80324,460.80324,460.80324,460.80324,460.80324,460.80324,460.80324,460.80324,460.80324,460.80324,460.80324,460.80324,460.80324,460.80324,460.80324,460.80324,460.80324,460.80324,460.80324,460.80324,460.80324,460.80324,460.80324,460.80324,460.80324,460.80324,460.80324
mit.POMDP_2,3,timeout,timeout,timeout,timeout,229.338591,229.338591,229.338591,229.338591,229.338591,229.338591,229.338591,229.338591,229.338591,229.338591,229.338591,229.338591,229.338591,229.338591,229.338591,229.338591,229.338591,229.338591,229.338591,229.338591,229.338591,229.338591,229.338591,229.338591,229.338591,229.338591,229.338591,229.338591,229.338591,229.338591,229.338591,229.338591,229.338591,229.338591,229.338591,229.338591,229.338591,229.338591,229.338591,229.338591,229.338591,229.338591,229.338591,229.338591,229.338591,229.338591,229.338591,229.338591,229.338591,229.338591,229.338591,229.338591,229.338591,229.338591,229.338591,229.338591,229.338591,229.338591,229.338591,229.338591,229.338591,229.338591,229.338591,229.338591,229.338591,229.338591,229.338591,229.338591,229.338591,229.338591,229.338591,229.338591,229.338591,229.338591,229.338591,229.338591,229.338591,229.338591,229.338591,229.338591,229.338591,229.338591,229.338591,229.338591,229.338591,229.338591,229.338591,229.338591,229.338591,229.338591,229.338591,229.338591,229.338591,229.338591,229.338591,229.338591,229.338591,229.338591,229.338591,229.338591,229.338591,229.338591,229.338591,229.338591,229.338591,229.338591,229.338591,229.338591,229.338591,229.338591,229.338591,229.338591,229.338591,229.338591,229.338591,229.338591,229.338591,229.338591,229.338591,229.338591,229.338591,229.338591,229.338591,229.338591,229.338591,229.338591,229.338591,229.338591,229.338591,229.338591,229.338591,229.338591,229.338591,229.338591,229.338591,229.338591,229.338591,229.338591,229.338591,229.338591,229.338591,229.338591,229.338591,229.338591,229.338591,229.338591,229.338591,229.338591,229.338591,229.338591,229.338591,229.338591,229.338591,229.338591,229.338591,229.338591,229.338591,229.338591,229.338591,229.338591,229.338591,229.338591,229.338591,229.338591,229.338591,229.338591,229.338591,229.338591,229.338591,229.338591,229.338591,229.338591,229.338591,229.338591,229.338591,229.338591,229.338591,229.338591,229.338591,229.338591,229.338591,229.338591,229.338591,229.338591,229.338591,229.338591,229.338591,229.338591,229.338591,229.338591,229.338591,229.338591,229.338591
mit.POMDP_2,4,timeout,timeout,timeout,timeout,timeout,timeout,timeout,timeout,timeout,timeout,timeout,timeout,timeout,timeout,timeout,timeout,timeout,timeout,timeout,timeout,timeout,timeout,timeout,timeout,timeout,timeout,timeout,timeout,timeout,timeout,timeout,timeout,timeout,timeout,timeout,timeout,timeout,timeout,timeout,timeout,timeout,timeout,timeout,timeout,305.037775,305.037775,305.037775,305.037775,305.037775,305.037775,305.037775,305.037775,305.037775,305.037775,305.037775,305.037775,305.037775,305.037775,305.037775,305.037775,305.037775,305.037775,305.037775,305.037775,305.037775,305.037775,305.037775,305.037775,305.037775,305.037775,305.037775,305.037775,305.037775,305.037775,305.037775,305.037775,305.037775,305.037775,305.037775,305.037775,305.037775,305.037775,305.037775,305.037775,305.037775,305.037775,305.037775,305.037775,305.037775,305.037775,305.037775,305.037775,305.037775,305.037775,305.037775,305.037775,305.037775,305.037775,305.037775,305.037775,305.037775,305.037775,305.037775,305.037775,305.037775,305.037775,305.037775,305.037775,305.037775,305.037775,305.037775,305.037775,305.037775,305.037775,305.037775,305.037775,305.037775,305.037775,305.037775,305.037775,305.037775,305.037775,305.037775,305.037775,305.037775,305.037775,305.037775,305.037775,305.037775,305.037775,305.037775,305.037775,305.037775,305.037775,305.037775,305.037775,305.037775,305.037775,305.037775,305.037775,305.037775,305.037775,305.037775,305.037775,305.037775,305.037775,305.037775,305.037775,305.037775,305.037775,305.037775,305.037775,305.037775,305.037775,305.037775,305.037775,305.037775,305.037775,305.037775,305.037775,305.037775,305.037775,305.037775,305.037775,305.037775,305.037775,305.037775,305.037775,305.037775,305.037775,305.037775,305.037775,305.037775,305.037775,305.037775,305.037775,305.037775,305.037775,305.037775,305.037775,305.037775,305.037775,305.037775,305.037775,305.037775,305.037775,305.037775,305.037775,305.037775,305.037775,305.037775,305.037775,305.037775,305.037775,305.037775,305.037775,305.037775
mit.POMDP_2,5,timeout,timeout,timeout,timeout,timeout,timeout,timeout,timeout,timeout,timeout,timeout,timeout,timeout,timeout,timeout,timeout,timeout,timeout,timeout,timeout,timeout,timeout,timeout,timeout,timeout,timeout,timeout,timeout,timeout,timeout,timeout,timeout,timeout,timeout,timeout,timeout,timeout,timeout,timeout,timeout,timeout,timeout,timeout,timeout,timeout,timeout,timeout,timeout,timeout,timeout,timeout,timeout,timeout,timeout,timeout,timeout,timeout,timeout,timeout,timeout,timeout,timeout,timeout,timeout,timeout,timeout,timeout,timeout,timeout,timeout,timeout,timeout,timeout,timeout,timeout,timeout,timeout,timeout,timeout,timeout,timeout,timeout,timeout,timeout,timeout,timeout,timeout,timeout,timeout,timeout,timeout,timeout,timeout,timeout,timeout,timeout,timeout,timeout,timeout,timeout,timeout,timeout,timeout,timeout,timeout,timeout,timeout,timeout,timeout,timeout,timeout,timeout,timeout,timeout,timeout,timeout,timeout,timeout,timeout,timeout,timeout,timeout,timeout,380.863921,380.863921,380.863921,380.863921,380.863921,380.863921,380.863921,380.863921,380.863921,380.863921,380.863921,380.863921,380.863921,380.863921,380.863921,380.863921,380.863921,380.863921,380.863921,380.863921,380.863921,380.863921,380.863921,380.863921,380.863921,380.863921,380.863921,380.863921,380.863921,380.863921,380.863921,380.863921,380.863921,380.863921,380.863921,380.863921,380.863921,380.863921,380.863921,380.863921,380.863921,380.863921,380.863921,380.863921,380.863921,380.863921,380.863921,380.863921,380.863921,380.863921,380.863921,380.863921,380.863921,380.863921,380.863921,380.863921,380.863921,380.863921,380.863921,380.863921,380.863921,380.863921,380.863921,380.863921,380.863921,380.863921,380.863921,380.863921,380.863921,380.863921,380.863921,380.863921,380.863921,380.863921
mit.POMDP_2,6,timeout,timeout,timeout,timeout,timeout,timeout,timeout,timeout,timeout,timeout,timeout,timeout,timeout,timeout,timeout,timeout,timeout,timeout,timeout,timeout,timeout,timeout,timeout,timeout,timeout,timeout,timeout,timeout,timeout,timeout,timeout,timeout,timeout,timeout,timeout,timeout,timeout,timeout,timeout,timeout,timeout,timeout,timeout,timeout,timeout,timeout,timeout,timeout,timeout,timeout,timeout,timeout,timeout,timeout,timeout,timeout,timeout,timeout,timeout,timeout,timeout,timeout,timeout,timeout,timeout,timeout,timeout,timeout,timeout,timeout,timeout,timeout,timeout,timeout,timeout,timeout,timeout,timeout,timeout,timeout,timeout,timeout,timeout,timeout,timeout,timeout,timeout,timeout,timeout,timeout,timeout,timeout,timeout,timeout,timeout,timeout,timeout,timeout,timeout,timeout,timeout,timeout,timeout,timeout,timeout,timeout,timeout,timeout,timeout,timeout,timeout,timeout,timeout,timeout,timeout,timeout,timeout,timeout,timeout,timeout,timeout,timeout,timeout,timeout,timeout,timeout,timeout,timeout,timeout,timeout,timeout,timeout,timeout,464.074201,464.074201,464.074201,464.074201,464.074201,464.074201,464.074201,464.074201,464.074201,464.074201,464.074201,464.074201,464.074201,464.074201,464.074201,464.074201,464.074201,464.074201,464.074201,464.074201,464.074201,464.074201,464.074201,464.074201,464.074201,464.074201,464.074201,464.074201,464.074201,464.074201,464.074201,464.074201,464.074201,464.074201,464.074201,464.074201,464.074201,464.074201,464.074201,464.074201,464.074201,464.074201,464.074201,464.074201,464.074201,464.074201,464.074201,464.074201,464.074201,464.074201,464.074201,464.074201,464.074201,464.074201,464.074201,464.074201,464.074201,464.074201,464.074201,464.074201,464.074201,464.074201,464.074201,464.074201
mit.POMDP_3,4,timeout,timeout,307.057073,307.057073,307.057073,307.057073,307.057073,307.057073,307.057073,307.057073,307.057073,307.057073,307.057073,307.057073,307.057073,307.057073,307.057073,307.057073,307.057073,307.057073,307.057073,307.057073,307.057073,307.057073,307.057073,307.057073,307.057073,307.057073,307.057073,307.057073,307.057073,307.057073,307.057073,307.057073,307.057073,307.057073,307.057073,307.057073,307.057073,307.057073,307.057073,307.057073,307.057073,307.057073,307.057073,307.057073,307.057073,307.057073,307.057073,307.057073,307.057073,307.057073,307.057073,307.057073,307.057073,307.057073,307.057073,307.057073,307.057073,307.057073,307.057073,307.057073,307.057073,307.057073,307.057073,307.057073,307.057073,307.057073,307.057073,307.057073,307.057073,307.057073,307.057073,307.057073,307.057073,307.057073,307.057073,307.057073,307.057073,307.057073,307.057073,307.057073,307.057073,307.057073,307.057073,307.057073,307.057073,307.057073,307.057073,307.057073,307.057073,307.057073,307.057073,307.057073,307.057073,307.057073,307.057073,307.057073,307.057073,307.057073,307.057073,307.057073,307.057073,307.057073,307.057073,307.057073,307.057073,307.057073,307.057073,307.057073,307.057073,307.057073,307.057073,307.057073,307.057073,307.057073,307.057073,307.057073,307.057073,307.057073,307.057073,307.057073,307.057073,307.057073,307.057073,307.057073,307.057073,307.057073,307.057073,307.057073,307.057073,307.057073,307.057073,307.057073,307.057073,307.057073,307.057073,307.057073,307.057073,307.057073,307.057073,307.057073,307.057073,307.057073,307.057073,307.057073,307.057073,307.057073,307.057073,307.057073,307.057073,307.057073,307.057073,307.057073,307.057073,307.057073,307.057073,307.057073,307.057073,307.057073,307.057073,307.057073,307.057073,307.057073,307.057073,307.057073,307.057073,307.057073,307.057073,307.057073,307.057073,307.057073,307.057073,307.057073,307.057073,307.057073,307.057073,307.057073,307.057073,307.057073,307.057073,307.057073,307.057073,307.057073,307.057073,307.057073,307.057073,307.057073,307.057073,307.057073,307.057073,307.057073,307.057073,307.057073,307.057073,307.057073,307.057073
mit.POMDP_3,5,timeout,timeout,timeout,timeout,timeout,timeout,timeout,timeout,timeout,timeout,timeout,timeout,timeout,timeout,timeout,timeout,timeout,timeout,timeout,timeout,timeout,timeout,timeout,timeout,timeout,timeout,timeout,timeout,timeout,timeout,timeout,timeout,timeout,timeout,timeout,timeout,timeout,timeout,timeout,timeout,timeout,timeout,timeout,timeout,timeout,timeout,timeout,timeout,timeout,timeout,timeout,timeout,timeout,timeout,timeout,timeout,timeout,timeout,timeout,timeout,timeout,timeout,timeout,timeout,timeout,timeout,timeout,timeout,timeout,timeout,timeout,timeout,timeout,timeout,timeout,timeout,timeout,timeout,timeout,timeout,timeout,timeout,timeout,timeout,timeout,timeout,timeout,timeout,timeout,timeout,timeout,timeout,timeout,timeout,timeout,timeout,timeout,timeout,timeout,timeout,timeout,timeout,timeout,timeout,timeout,timeout,timeout,timeout,timeout,timeout,timeout,timeout,timeout,timeout,timeout,timeout,timeout,timeout,timeout,timeout,timeout,timeout,timeout,376.473354,376.473354,376.473354,376.473354,376.473354,376.473354,376.473354,376.473354,376.473354,376.473354,376.473354,376.473354,376.473354,376.473354,376.473354,376.473354,376.473354,376.473354,376.473354,376.473354,376.473354,376.473354,376.473354,376.473354,376.473354,376.473354,376.473354,376.473354,376.473354,376.473354,376.473354,376.473354,376.473354,376.473354,376.473354,376.473354,376.473354,376.473354,376.473354,376.473354,376.473354,376.473354,376.473354,376.473354,376.473354,376.473354,376.473354,376.473354,376.473354,376.473354,376.473354,376.473354,376.473354,376.473354,376.473354,376.473354,376.473354,376.473354,376.473354,376.473354,376.473354,376.473354,376.473354,376.473354,376.473354,376.473354,376.473354,376.473354,376.473354,376.473354,376.473354,376.473354,376.473354,376.473354
mit.POMDP_3,6,timeout,timeout,timeout,timeout,timeout,timeout,timeout,timeout,timeout,timeout,timeout,timeout,timeout,timeout,timeout,timeout,timeout,timeout,timeout,timeout,timeout,timeout,timeout,timeout,timeout,timeout,timeout,timeout,timeout,timeout,timeout,timeout,timeout,timeout,timeout,timeout,timeout,timeout,timeout,timeout,timeout,timeout,timeout,timeout,timeout,timeout,timeout,timeout,timeout,timeout,timeout,timeout,timeout,timeout,timeout,timeout,timeout,timeout,timeout,timeout,timeout,timeout,timeout,timeout,timeout,timeout,timeout,timeout,timeout,timeout,timeout,timeout,timeout,timeout,timeout,timeout,timeout,timeout,timeout,timeout,timeout,timeout,timeout,timeout,timeout,timeout,timeout,timeout,timeout,timeout,timeout,timeout,timeout,timeout,timeout,timeout,timeout,timeout,timeout,timeout,timeout,timeout,timeout,timeout,timeout,timeout,timeout,timeout,timeout,timeout,timeout,timeout,timeout,timeout,timeout,timeout,timeout,timeout,timeout,timeout,timeout,timeout,timeout,timeout,timeout,timeout,timeout,timeout,timeout,timeout,timeout,timeout,timeout,454.903188,454.903188,454.903188,454.903188,454.903188,454.903188,454.903188,454.903188,454.903188,454.903188,454.903188,454.903188,454.903188,454.903188,454.903188,454.903188,454.903188,454.903188,454.903188,454.903188,454.903188,454.903188,454.903188,454.903188,454.903188,454.903188,454.903188,454.903188,454.903188,454.903188,454.903188,454.903188,454.903188,454.903188,454.903188,454.903188,454.903188,454.903188,454.903188,454.903188,454.903188,454.903188,454.903188,454.903188,454.903188,454.903188,454.903188,454.903188,454.903188,454.903188,454.903188,454.903188,454.903188,454.903188,454.903188,454.903188,454.903188,454.903188,454.903188,454.903188,454.903188,454.903188,454.903188,454.903188
pentagon.POMDP_1,2,timeout,timeout,timeout,timeout,timeout,timeout,timeout,timeout,timeout,1858.005867,1858.005867,1858.005867,1858.005867,1858.005867,1858.005867,1858.005867,1858.005867,1858.005867,1858.005867,1858.005867,1858.005867,1858.005867,1858.005867,1858.005867,1858.005867,1858.005867,1858.005867,1858.005867,1858.005867,1858.005867,1858.005867,1858.005867,1858.005867,1858.005867,999.201917,999.201917,999.201917,999.201917,999.201917,999.201917,999.201917,999.201917,999.201917,999.201917,999.201917,999.201917,999.201917,999.201917,999.201917,999.201917,999.201917,999.201917,999.201917,999.201917,999.201917,999.201917,999.201917,999.201917,999.201917,999.201917,999.201917,999.201917,999.201917,999.201917,999.201917,999.201917,999.201917,999.201917,999.201917,999.201917,999.201917,999.201917,999.201917,999.201917,999.201917,999.201917,999.201917,999.201917,999.201917,999.201917,999.201917,999.201917,999.201917,999.201917,999.201917,999.201917,999.201917,999.201917,999.201917,999.201917,999.201917,999.201917,999.201917,999.201917,999.201917,999.201917,999.201917,999.201917,999.201917,999.201917,999.201917,999.201917,999.201917,999.201917,999.201917,999.201917,999.201917,999.201917,999.201917,999.201917,999.201917,999.201917,999.201917,999.201917,999.201917,999.201917,999.201917,999.201917,999.201917,999.201917,999.201917,999.201917,999.201917,999.201917,999.201917,999.201917,999.201917,999.201917,999.201917,999.201917,999.201917,164.502555,164.502555,164.502555,164.502555,164.502555,164.502555,164.502555,164.502555,164.502555,164.502555,164.502555,164.502555,164.502555,164.502555,164.502555,164.502555,164.502555,164.502555,164.502555,164.502555,164.502555,164.502555,164.502555,164.502555,164.502555,164.502555,164.502555,164.502555,164.502555,164.502555,164.502555,164.502555,164.502555,164.502555,164.502555,164.502555,164.502555,164.502555,164.502555,164.502555,164.502555,164.502555,164.502555,164.502555,164.502555,164.502555,164.502555,164.502555,164.502555,164.502555,164.502555,164.502555,164.502555,164.502555,164.502555,164.502555,164.502555,164.502555,164.502555,164.502555,164.502555,164.502555,164.502555,164.502555,164.502555,164.502555
pentagon.POMDP_1,3,timeout,timeout,timeout,timeout,timeout,timeout,timeout,timeout,timeout,timeout,timeout,timeout,timeout,timeout,timeout,timeout,timeout,timeout,timeout,timeout,timeout,timeout,timeout,timeout,timeout,timeout,timeout,timeout,timeout,timeout,timeout,timeout,timeout,timeout,timeout,timeout,timeout,timeout,timeout,timeout,timeout,timeout,timeout,timeout,timeout,timeout,timeout,timeout,timeout,timeout,timeout,timeout,timeout,2777.488685,1513.262795,1513.262795,1513.262795,1513.262795,1513.262795,1513.262795,1513.262795,1513.262795,1513.262795,1513.262795,1513.262795,1513.262795,1513.262795,1513.262795,1513.262795,1513.262795,1513.262795,1513.262795,1513.262795,1513.262795,1513.262795,1513.262795,1513.262795,1513.262795,1513.262795,1513.262795,1513.262795,1513.262795,1513.262795,1513.262795,1513.262795,1513.262795,1513.262795,1513.262795,1513.262795,1513.262795,1513.262795,1513.262795,1513.262795,1513.262795,1513.262795,1513.262795,1513.262795,1513.262795,1513.262795,1513.262795,1513.262795,1513.262795,1513.262795,1513.262795,1513.262795,1513.262795,1513.262795,1513.262795,1513.262795,1513.262795,1513.262795,1513.262795,1513.262795,1513.262795,1513.262795,1513.262795,1513.262795,1513.262795,1513.262795,1513.262795,1513.262795,1513.262795,1513.262795,1513.262795,1513.262795,1513.262795,1513.262795,1513.262795,1513.262795,1513.262795,1513.262795,1513.262795,1513.262795,1513.262795,1513.262795,1513.262795,1513.262795,1513.262795,1513.262795,250.414842,250.414842,250.414842,250.414842,250.414842,250.414842,250.414842,250.414842,250.414842,250.414842,250.414842,250.414842,250.414842,250.414842,250.414842,250.414842,250.414842,250.414842,250.414842,250.414842,250.414842,250.414842,250.414842,250.414842,250.414842,250.414842,250.414842,250.414842,250.414842,250.414842,250.414842,250.414842,250.414842,250.414842,250.414842,250.414842,250.414842,250.414842,250.414842,250.414842,250.414842,250.414842,250.414842,250.414842,250.414842,250.414842,250.414842,250.414842,250.414842,250.414842,250.414842,250.414842,250.414842,250.414842,250.414842,250.414842,250.414842,250.414842
pentagon.POMDP_1,4,timeout,timeout,timeout,timeout,timeout,timeout,timeout,timeout,timeout,timeout,timeout,timeout,timeout,timeout,timeout,timeout,timeout,timeout,timeout,timeout,timeout,timeout,timeout,timeout,timeout,timeout,timeout,timeout,timeout,timeout,timeout,timeout,timeout,timeout,timeout,timeout,timeout,timeout,timeout,timeout,timeout,timeout,timeout,timeout,timeout,timeout,timeout,timeout,timeout,timeout,timeout,timeout,timeout,timeout,timeout,timeout,timeout,timeout,timeout,timeout,timeout,timeout,timeout,timeout,timeout,timeout,timeout,timeout,timeout,timeout,timeout,timeout,timeout,timeout,timeout,2026.016335,2026.016335,2026.016335,2026.016335,2026.016335,2026.016335,2026.016335,2026.016335,2026.016335,2026.016335,2026.016335,2026.016335,2026.016335,2026.016335,2026.016335,2026.016335,2026.016335,2026.016335,2026.016335,2026.016335,2026.016335,2026.016335,2026.016335,2026.016335,2026.016335,2026.016335,2026.016335,2026.016335,2026.016335,2026.016335,2026.016335,2026.016335,2026.016335,2026.016335,2026.016335,2026.016335,2026.016335,2026.016335,2026.016335,2026.016335,2026.016335,2026.016335,2026.016335,2026.016335,2026.016335,2026.016335,2026.016335,2026.016335,2026.016335,2026.016335,2026.016335,2026.016335,2026.016335,2026.016335,2026.016335,2026.016335,2026.016335,2026.016335,2026.016335,2026.016335,2026.016335,2026.016335,2026.016335,2026.016335,2026.016335,2026.016335,2026.016335,2026.016335,327.671769,327.671769,327.671769,327.671769,327.671769,327.671769,327.671769,327.671769,327.671769,327.671769,327.671769,327.671769,327.671769,327.671769,327.671769,327.671769,327.671769,327.671769,327.671769,327.671769,327.671769,327.671769,327.671769,327.671769,327.671769,327.671769,327.671769,327.671769,327.671769,327.671769,327.671769,327.671769,327.671769,327.671769,327.671769,327.671769,327.671769,327.671769,327.671769,327.671769,327.671769,327.671769,327.671769,327.671769,327.671769,327.671769,327.671769,327.671769,327.671769,327.671769,327.671769,327.671769,327.671769,327.671769
pentagon.POMDP_1,5,timeout,timeout,timeout,timeout,timeout,timeout,timeout,timeout,timeout,timeout,timeout,timeout,timeout,timeout,timeout,timeout,timeout,timeout,timeout,timeout,timeout,timeout,timeout,timeout,timeout,timeout,timeout,timeout,timeout,timeout,timeout,timeout,timeout,timeout,timeout,timeout,timeout,timeout,timeout,timeout,timeout,timeout,timeout,timeout,timeout,timeout,timeout,timeout,timeout,timeout,timeout,timeout,timeout,timeout,timeout,timeout,timeout,timeout,timeout,timeout,timeout,timeout,timeout,timeout,timeout,timeout,timeout,timeout,timeout,timeout,timeout,timeout,timeout,timeout,timeout,timeout,2548.471477,2548.471477,2548.471477,2548.471477,2548.471477,2548.471477,2548.471477,2548.471477,2548.471477,2548.471477,2548.471477,2548.471477,2548.471477,2548.471477,2548.471477,2548.471477,2548.471477,2548.471477,2548.471477,2548.471477,2548.471477,2548.471477,2548.471477,2548.471477,2548.471477,2548.471477,2548.471477,2548.471477,2548.471477,2548.471477,2548.471477,2548.471477,2548.471477,2548.471477,2548.471477,2548.471477,2548.471477,2548.471477,2548.471477,2548.471477,2548.471477,2548.471477,2548.471477,2548.471477,2548.471477,2548.471477,2548.471477,2548.471477,2548.471477,2548.471477,2548.471477,2548.471477,2548.471477,2548.471477,2548.471477,2548.471477,2548.471477,2548.471477,2548.471477,2548.471477,2548.471477,2548.471477,2548.471477,2548.471477,2548.471477,2548.471477,2548.471477,2548.471477,2548.471477,2548.471477,413.853363,413.853363,413.853363,413.853363,413.853363,413.853363,413.853363,413.853363,413.853363,413.853363,413.853363,413.853363,413.853363,413.853363,413.853363,413.853363,413.853363,413.853363,413.853363,413.853363,413.853363,413.853363,413.853363,413.853363,413.853363,413.853363,413.853363,413.853363,413.853363,413.853363,413.853363,413.853363,413.853363,413.853363,413.853363,413.853363,413.853363,413.853363,413.853363,413.853363,413.853363,413.853363,413.853363,413.853363,413.853363,413.853363,413.853363,413.853363,413.853363,413.853363,413.853363
pentagon.POMDP_1,6,timeout,timeout,timeout,timeout,timeout,timeout,timeout,timeout,timeout,timeout,timeout,timeout,timeout,timeout,timeout,timeout,timeout,timeout,timeout,timeout,timeout,timeout,timeout,timeout,timeout,timeout,timeout,timeout,timeout,timeout,timeout,timeout,timeout,timeout,timeout,timeout,timeout,timeout,timeout,timeout,timeout,timeout,timeout,timeout,timeout,timeout,timeout,timeout,timeout,timeout,timeout,timeout,timeout,timeout,timeout,timeout,timeout,timeout,timeout,timeout,timeout,timeout,timeout,timeout,timeout,timeout,timeout,timeout,timeout,timeout,timeout,timeout,timeout,timeout,timeout,timeout,timeout,3070.93714,3070.93714,3070.93714,3070.93714,3070.93714,3070.93714,3070.93714,3070.93714,3070.93714,3070.93714,3070.93714,3070.93714,3070.93714,3070.93714,3070.93714,3070.93714,3070.93714,3070.93714,3070.93714,3070.93714,3070.93714,3070.93714,3070.93714,3070.93714,3070.93714,3070.93714,3070.93714,3070.93714,3070.93714,3070.93714,3070.93714,3070.93714,3070.93714,3070.93714,3070.93714,3070.93714,3070.93714,3070.93714,3070.93714,3070.93714,3070.93714,3070.93714,3070.93714,3070.93714,3070.93714,3070.93714,3070.93714,3070.93714,3070.93714,3070.93714,3070.93714,3070.93714,3070.93714,3070.93714,3070.93714,3070.93714,3070.93714,3070.93714,3070.93714,3070.93714,3070.93714,3070.93714,3070.93714,3070.93714,3070.93714,3070.93714,3070.93714,3070.93714,3070.93714,3070.93714,498.117854,498.117854,498.117854,498.117854,498.117854,498.117854,498.117854,498.117854,498.117854,498.117854,498.117854,498.117854,498.117854,498.117854,498.117854,498.117854,498.117854,498.117854,498.117854,498.117854,498.117854,498.117854,498.117854,498.117854,498.117854,498.117854,498.117854,498.117854,498.117854,498.117854,498.117854,498.117854,498.117854,498.117854,498.117854,498.117854,498.117854,498.117854,498.117854,498.117854,498.117854,498.117854,498.117854,498.117854,498.117854,498.117854,498.117854,498.117854,498.117854,498.117854
pentagon.POMDP_2,3,timeout,timeout,timeout,timeout,timeout,timeout,timeout,timeout,timeout,timeout,timeout,timeout,timeout,timeout,timeout,timeout,timeout,timeout,timeout,timeout,timeout,timeout,timeout,timeout,timeout,timeout,timeout,timeout,timeout,timeout,timeout,timeout,timeout,timeout,timeout,timeout,timeout,timeout,timeout,timeout,1492.731108,1492.731108,1492.731108,1492.731108,1492.731108,1492.731108,1492.731108,1492.731108,1492.731108,1492.731108,1492.731108,1492.731108,1492.731108,1492.731108,1492.731108,1492.731108,1492.731108,1492.731108,1492.731108,1492.731108,1492.731108,1492.731108,1492.731108,1492.731108,1492.731108,1492.731108,1492.731108,1492.731108,1492.731108,1492.731108,1492.731108,1492.731108,1492.731108,1492.731108,1492.731108,1492.731108,1492.731108,1492.731108,1492.731108,1492.731108,1492.731108,1492.731108,1492.731108,1492.731108,1492.731108,1492.731108,1492.731108,1492.731108,1492.731108,1492.731108,1492.731108,1492.731108,1492.731108,1492.731108,1492.731108,1492.731108,1492.731108,1492.731108,1492.731108,1492.731108,1492.731108,1492.731108,1492.731108,1492.731108,1492.731108,1492.731108,1492.731108,1492.731108,1492.731108,1492.731108,1492.731108,1492.731108,1492.731108,1492.731108,1492.731108,1492.731108,1492.731108,1492.731108,1492.731108,1492.731108,1492.731108,1492.731108,1492.731108,1492.731108,1492.731108,1492.731108,1492.731108,1492.731108,1492.731108,251.091594,251.091594,251.091594,251.091594,251.091594,251.091594,251.091594,251.091594,251.091594,251.091594,251.091594,251.091594,251.091594,251.091594,251.091594,251.091594,251.091594,251.091594,251.091594,251.091594,251.091594,251.091594,251.091594,251.091594,251.091594,251.091594,251.091594,251.091594,251.091594,251.091594,251.091594,251.091594,251.091594,251.091594,251.091594,251.091594,251.091594,251.091594,251.091594,251.091594,251.091594,251.091594,251.091594,251.091594,251.091594,251.091594,251.091594,251.091594,251.091594,251.091594,251.091594,251.091594,251.091594,251.091594,251.091594,251.091594,251.091594,251.091594,251.091594,251.091594,251.091594,251.091594,251.091594,251.091594,251.091594,251.091594,251.091594,251.091594
pentagon.POMDP_2,4,timeout,timeout,timeout,timeout,timeout,timeout,timeout,timeout,timeout,timeout,timeout,timeout,timeout,timeout,timeout,timeout,timeout,timeout,timeout,timeout,timeout,timeout,timeout,timeout,timeout,timeout,timeout,timeout,timeout,timeout,timeout,timeout,timeout,timeout,timeout,timeout,timeout,timeout,timeout,timeout,timeout,timeout,timeout,timeout,timeout,timeout,timeout,timeout,timeout,timeout,timeout,timeout,timeout,timeout,timeout,timeout,timeout,timeout,timeout,timeout,timeout,timeout,timeout,timeout,timeout,timeout,timeout,timeout,timeout,timeout,timeout,timeout,timeout,timeout,timeout,timeout,timeout,timeout,timeout,timeout,timeout,timeout,timeout,timeout,timeout,timeout,timeout,timeout,timeout,timeout,timeout,timeout,timeout,timeout,timeout,timeout,timeout,timeout,timeout,timeout,timeout,timeout,timeout,timeout,timeout,timeout,timeout,timeout,timeout,timeout,timeout,timeout,timeout,timeout,timeout,timeout,timeout,timeout,timeout,timeout,timeout,timeout,timeout,timeout,timeout,2023.965727,2023.965727,2023.965727,2023.965727,2023.965727,2023.965727,2023.965727,2023.965727,2023.965727,2023.965727,2023.965727,2023.965727,335.280305,335.280305,335.280305,335.280305,335.280305,335.280305,335.280305,335.280305,335.280305,335.280305,335.280305,335.280305,335.280305,335.280305,335.280305,335.280305,335.280305,335.280305,335.280305,335.280305,335.280305,335.280305,335.280305,335.280305,335.280305,335.280305,335.280305,335.280305,335.280305,335.280305,335.280305,335.280305,335.280305,335.280305,335.280305,335.280305,335.280305,335.280305,335.280305,335.280305,335.280305,335.280305,335.280305,335.280305,335.280305,335.280305,335.280305,335.280305,335.280305,335.280305,335.280305,335.280305,335.280305,335.280305,335.280305,335.280305,335.280305,335.280305,335.280305,335.280305
pentagon.POMDP_2,5,timeout,timeout,timeout,timeout,timeout,timeout,timeout,timeout,timeout,timeout,timeout,timeout,timeout,timeout,timeout,timeout,timeout,timeout,timeout,timeout,timeout,timeout,timeout,timeout,timeout,timeout,timeout,timeout,timeout,timeout,timeout,timeout,timeout,timeout,timeout,timeout,timeout,timeout,timeout,timeout,timeout,timeout,timeout,timeout,timeout,timeout,timeout,timeout,timeout,timeout,timeout,timeout,timeout,timeout,timeout,timeout,timeout,timeout,timeout,timeout,timeout,timeout,timeout,timeout,timeout,timeout,timeout,timeout,timeout,timeout,timeout,timeout,timeout,timeout,timeout,timeout,timeout,timeout,timeout,timeout,timeout,timeout,timeout,timeout,timeout,timeout,timeout,timeout,timeout,timeout,timeout,timeout,timeout,timeout,timeout,timeout,timeout,timeout,timeout,timeout,timeout,timeout,timeout,timeout,timeout,timeout,timeout,timeout,timeout,timeout,timeout,timeout,timeout,timeout,timeout,timeout,timeout,timeout,timeout,timeout,timeout,timeout,timeout,timeout,timeout,timeout,timeout,timeout,timeout,timeout,timeout,timeout,timeout,timeout,2549.003754,2549.003754,2549.003754,2549.003754,2549.003754,2549.003754,2549.003754,2549.003754,418.483646,418.483646,418.483646,418.483646,418.483646,418.483646,418.483646,418.483646,418.483646,418.483646,418.483646,418.483646,418.483646,418.483646,418.483646,418.483646,418.483646,418.483646,418.483646,418.483646,418.483646,418.483646,418.483646,418.483646,418.483646,418.483646,418.483646,418.483646,418.483646,418.483646,418.483646,418.483646,418.483646,418.483646,418.483646,418.483646,418.483646,418.483646,418.483646,418.483646,418.483646,418.483646,418.483646,418.483646,418.483646,418.483646,418.483646,418.483646,418.483646,418.483646,418.483646,418.483646,418.483646,418.483646,418.483646
pentagon.POMDP_2,6,timeout,timeout,timeout,timeout,timeout,timeout,timeout,timeout,timeout,timeout,timeout,timeout,timeout,timeout,timeout,timeout,timeout,timeout,timeout,timeout,timeout,timeout,timeout,timeout,timeout,timeout,timeout,timeout,timeout,timeout,timeout,timeout,timeout,timeout,timeout,timeout,timeout,timeout,timeout,timeout,timeout,timeout,timeout,timeout,timeout,timeout,timeout,timeout,timeout,timeout,timeout,timeout,timeout,timeout,timeout,timeout,timeout,timeout,timeout,timeout,timeout,timeout,timeout,timeout,timeout,timeout,timeout,timeout,timeout,timeout,timeout,timeout,timeout,timeout,timeout,timeout,timeout,timeout,timeout,timeout,timeout,timeout,timeout,timeout,timeout,timeout,timeout,timeout,timeout,timeout,timeout,timeout,timeout,timeout,timeout,timeout,timeout,timeout,timeout,timeout,timeout,timeout,timeout,timeout,timeout,timeout,timeout,timeout,timeout,timeout,timeout,timeout,timeout,timeout,timeout,timeout,timeout,timeout,timeout,timeout,timeout,timeout,timeout,timeout,timeout,timeout,timeout,timeout,timeout,timeout,timeout,timeout,timeout,timeout,timeout,timeout,timeout,timeout,3085.625036,3085.625036,3085.625036,3085.625036,3085.625036,3085.625036,3085.625036,506.778236,506.778236,506.778236,506.778236,506.778236,506.778236,506.778236,506.778236,506.778236,506.778236,506.778236,506.778236,506.778236,506.778236,506.778236,506.778236,506.778236,506.778236,506.778236,506.778236,506.778236,506.778236,506.778236,506.778236,506.778236,506.778236,506.778236,506.778236,506.778236,506.778236,506.778236,506.778236,506.778236,506.778236,506.778236,506.778236,506.778236,506.778236,506.778236,506.778236,506.778236,506.778236,506.778236,506.778236,506.778236,506.778236,506.778236,506.778236,506.778236,506.778236,506.778236,506.778236
pentagon.POMDP_3,4,timeout,timeout,timeout,timeout,timeout,timeout,timeout,timeout,timeout,timeout,timeout,timeout,timeout,timeout,timeout,timeout,timeout,timeout,timeout,timeout,timeout,timeout,timeout,timeout,timeout,timeout,timeout,timeout,timeout,timeout,timeout,timeout,timeout,timeout,timeout,2833.602887,2833.602887,2833.602887,2833.602887,332.856869,332.856869,332.856869,332.856869,332.856869,332.856869,332.856869,332.856869,332.856869,332.856869,332.856869,332.856869,332.856869,332.856869,332.856869,332.856869,332.856869,332.856869,332.856869,332.856869,332.856869,332.856869,332.856869,332.856869,332.856869,332.856869,332.856869,332.856869,332.856869,332.856869,332.856869,332.856869,332.856869,332.856869,332.856869,332.856869,332.856869,332.856869,332.856869,332.856869,332.856869,332.856869,332.856869,332.856869,332.856869,332.856869,332.856869,332.856869,332.856869,332.856869,332.856869,332.856869,332.856869,332.856869,332.856869,332.856869,332.856869,332.856869,332.856869,332.856869,332.856869,332.856869,332.856869,332.856869,332.856869,332.856869,332.856869,332.856869,332.856869,332.856869,332.856869,332.856869,332.856869,332.856869,332.856869,332.856869,332.856869,332.856869,332.856869,332.856869,332.856869,332.856869,332.856869,332.856869,332.856869,332.856869,332.856869,332.856869,332.856869,332.856869,332.856869,332.856869,332.856869,332.856869,332.856869,332.856869,332.856869,332.856869,332.856869,332.856869,332.856869,332.856869,332.856869,332.856869,332.856869,332.856869,332.856869,332.856869,332.856869,332.856869,332.856869,332.856869,332.856869,332.856869,332.856869,332.856869,332.856869,332.856869,332.856869,332.856869,332.856869,332.856869,332.856869,332.856869,332.856869,332.856869,332.856869,332.856869,332.856869,332.856869,332.856869,332.856869,332.856869,332.856869,332.856869,332.856869,332.856869,332.856869,332.856869,332.856869,332.856869,332.856869,332.856869,332.856869,332.856869,332.856869,332.856869,332.856869,332.856869,332.856869,332.856869,332.856869,332.856869,332.856869,332.856869,332.856869,332.856869,332.856869
pentagon.POMDP_3,5,timeout,timeout,timeout,timeout,timeout,timeout,timeout,timeout,timeout,timeout,timeout,timeout,timeout,timeout,timeout,timeout,timeout,timeout,timeout,timeout,timeout,timeout,timeout,timeout,timeout,timeout,timeout,timeout,timeout,timeout,timeout,timeout,timeout,timeout,timeout,timeout,timeout,timeout,timeout,timeout,timeout,timeout,timeout,timeout,timeout,timeout,timeout,timeout,timeout,timeout,timeout,timeout,timeout,timeout,timeout,timeout,timeout,timeout,timeout,timeout,timeout,timeout,timeout,timeout,timeout,timeout,timeout,timeout,timeout,timeout,timeout,timeout,timeout,timeout,timeout,timeout,timeout,timeout,timeout,timeout,timeout,timeout,timeout,timeout,timeout,timeout,timeout,timeout,timeout,timeout,timeout,timeout,timeout,timeout,timeout,timeout,timeout,timeout,timeout,timeout,timeout,timeout,timeout,timeout,timeout,timeout,timeout,timeout,timeout,timeout,timeout,timeout,timeout,timeout,timeout,timeout,timeout,timeout,timeout,timeout,timeout,timeout,timeout,timeout,timeout,timeout,timeout,timeout,timeout,timeout,timeout,timeout,timeout,timeout,2534.264909,2534.264909,2534.264909,2534.264909,2534.264909,2534.264909,2534.264909,2534.264909,415.254808,415.254808,415.254808,415.254808,415.254808,415.254808,415.254808,415.254808,415.254808,415.254808,415.254808,415.254808,415.254808,415.254808,415.254808,415.254808,415.254808,415.254808,415.254808,415.254808,415.254808,415.254808,415.254808,415.254808,415.254808,415.254808,415.254808,415.254808,415.254808,415.254808,415.254808,415.254808,415.254808,415.254808,415.254808,415.254808,415.254808,415.254808,415.254808,415.254808,415.254808,415.254808,415.254808,415.254808,415.254808,415.254808,415.254808,415.254808,415.254808,415.254808,415.254808,415.254808,415.254808,415.254808,415.254808
pentagon.POMDP_3,6,timeout,timeout,timeout,timeout,timeout,timeout,timeout,timeout,timeout,timeout,timeout,timeout,timeout,timeout,timeout,timeout,timeout,timeout,timeout,timeout,timeout,timeout,timeout,timeout,timeout,timeout,timeout,timeout,timeout,timeout,timeout,timeout,timeout,timeout,timeout,timeout,timeout,timeout,timeout,timeout,timeout,timeout,timeout,timeout,timeout,timeout,timeout,timeout,timeout,timeout,timeout,timeout,timeout,timeout,timeout,timeout,timeout,timeout,timeout,timeout,timeout,timeout,timeout,timeout,timeout,timeout,timeout,timeout,timeout,timeout,timeout,timeout,timeout,timeout,timeout,timeout,timeout,timeout,timeout,timeout,timeout,timeout,timeout,timeout,timeout,timeout,timeout,timeout,timeout,timeout,timeout,timeout,timeout,timeout,timeout,timeout,timeout,timeout,timeout,timeout,timeout,timeout,timeout,timeout,timeout,timeout,timeout,timeout,timeout,timeout,timeout,timeout,timeout,timeout,timeout,timeout,timeout,timeout,timeout,timeout,timeout,timeout,timeout,timeout,timeout,timeout,timeout,timeout,timeout,timeout,timeout,timeout,timeout,timeout,timeout,timeout,timeout,timeout,3075.52117,3075.52117,3075.52117,3075.52117,3075.52117,3075.52117,3075.52117,503.793327,503.793327,503.793327,503.793327,503.793327,503.793327,503.793327,503.793327,503.793327,503.793327,503.793327,503.793327,503.793327,503.793327,503.793327,503.793327,503.793327,503.793327,503.793327,503.793327,503.793327,503.793327,503.793327,503.793327,503.793327,503.793327,503.793327,503.793327,503.793327,503.793327,503.793327,503.793327,503.793327,503.793327,503.793327,503.793327,503.793327,503.793327,503.793327,503.793327,503.793327,503.793327,503.793327,503.793327,503.793327,503.793327,503.793327,503.793327,503.793327,503.793327,503.793327,503.793327
sunysb.POMDP_1,2,timeout,timeout,timeout,timeout,timeout,timeout,timeout,timeout,timeout,1156.637073,1156.637073,1156.637073,1156.637073,1156.637073,1156.637073,1156.637073,1156.637073,1156.637073,1156.637073,1156.637073,1156.637073,1156.637073,1156.637073,1156.637073,1156.637073,1156.637073,1156.637073,1156.637073,1156.637073,1156.637073,1156.637073,1156.637073,1156.637073,1156.637073,331.517546,331.517546,331.517546,331.517546,331.517546,331.517546,331.517546,331.517546,331.517546,331.517546,331.517546,331.517546,331.517546,331.517546,331.517546,331.517546,331.517546,331.517546,331.517546,331.517546,331.517546,331.517546,331.517546,331.517546,331.517546,331.517546,331.517546,331.517546,331.517546,331.517546,331.517546,331.517546,331.517546,331.517546,331.517546,331.517546,331.517546,331.517546,331.517546,331.517546,331.517546,331.517546,331.517546,331.517546,331.517546,331.517546,331.517546,331.517546,331.517546,331.517546,331.517546,331.517546,331.517546,331.517546,331.517546,331.517546,331.517546,331.517546,331.517546,331.517546,331.517546,331.517546,331.517546,331.517546,331.517546,331.517546,331.517546,331.517546,331.517546,331.517546,331.517546,331.517546,331.517546,331.517546,331.517546,331.517546,331.517546,331.517546,331.517546,331.517546,331.517546,331.517546,331.517546,331.517546,331.517546,331.517546,331.517546,331.517546,331.517546,331.517546,331.517546,331.517546,331.517546,331.517546,331.517546,331.517546,331.517546,331.517546,331.517546,331.517546,331.517546,331.517546,331.517546,331.517546,331.517546,331.517546,331.517546,331.517546,331.517546,331.517546,331.517546,331.517546,331.517546,331.517546,331.517546,331.517546,331.517546,331.517546,331.517546,331.517546,331.517546,331.517546,331.517546,331.517546,331.517546,331.517546,331.517546,331.517546,331.517546,331.517546,331.517546,331.517546,331.517546,331.517546,331.517546,331.517546,331.517546,331.517546,331.517546,331.517546,331.517546,331.517546,331.517546,331.517546,331.517546,331.517546,331.517546,331.517546,331.517546,331.517546,331.517546,331.517546,331.517546,331.517546,331.517546,331.517546,331.517546,331.517546,331.517546,331.517546,331.517546,331.517546,331.517546
sunysb.POMDP_1,3,timeout,timeout,timeout,timeout,timeout,timeout,timeout,timeout,timeout,timeout,timeout,timeout,timeout,timeout,timeout,timeout,timeout,timeout,timeout,timeout,timeout,timeout,timeout,timeout,timeout,timeout,timeout,timeout,timeout,timeout,timeout,timeout,timeout,timeout,timeout,timeout,timeout,timeout,timeout,timeout,timeout,timeout,timeout,timeout,timeout,timeout,timeout,timeout,timeout,timeout,timeout,timeout,timeout,timeout,2993.939058,2993.939058,2993.939058,2993.939058,2993.939058,2993.939058,2993.939058,2993.939058,2993.939058,2993.939058,2993.939058,2993.939058,2993.939058,2993.939058,2993.939058,2993.939058,2993.939058,2993.939058,2993.939058,2993.939058,2993.939058,2993.939058,2993.939058,2993.939058,2993.939058,2993.939058,2993.939058,2993.939058,2993.939058,2993.939058,2993.939058,2993.939058,2993.939058,2993.939058,2993.939058,2993.939058,2993.939058,2993.939058,2993.939058,2993.939058,2993.939058,2993.939058,2993.939058,2993.939058,2993.939058,2993.939058,2993.939058,2993.939058,2993.939058,2993.939058,2993.939058,2993.939058,2993.939058,2993.939058,2993.939058,2993.939058,2993.939058,2993.939058,2993.939058,2993.939058,2993.939058,2993.939058,2993.939058,2993.939058,2993.939058,2993.939058,2993.939058,2993.939058,2993.939058,2993.939058,2993.939058,2993.939058,2993.939058,2993.939058,500.289369,500.289369,500.289369,500.289369,500.289369,500.289369,500.289369,500.289369,500.289369,500.289369,500.289369,500.289369,500.289369,500.289369,500.289369,500.289369,500.289369,500.289369,500.289369,500.289369,500.289369,500.289369,500.289369,500.289369,500.289369,500.289369,500.289369,500.289369,500.289369,500.289369,500.289369,500.289369,500.289369,500.289369,500.289369,500.289369,500.289369,500.289369,500.289369,500.289369,500.289369,500.289369,500.289369,500.289369,500.289369,500.289369,500.289369,500.289369,500.289369,500.289369,500.289369,500.289369,500.289369,500.289369,500.289369,500.289369,500.289369,500.289369,500.289369,500.289369,500.289369,500.289369,500.289369,500.289369,500.289369,500.289369,500.289369,500.289369,500.289369
sunysb.POMDP_1,4,timeout,timeout,timeout,timeout,timeout,timeout,timeout,timeout,timeout,timeout,timeout,timeout,timeout,timeout,timeout,timeout,timeout,timeout,timeout,timeout,timeout,timeout,timeout,timeout,timeout,timeout,timeout,timeout,timeout,timeout,timeout,timeout,timeout,timeout,timeout,timeout,timeout,timeout,timeout,timeout,timeout,timeout,timeout,timeout,timeout,timeout,timeout,timeout,timeout,timeout,timeout,timeout,timeout,timeout,timeout,timeout,timeout,timeout,timeout,timeout,timeout,timeout,timeout,timeout,timeout,timeout,timeout,timeout,timeout,timeout,timeout,timeout,timeout,timeout,timeout,timeout,timeout,timeout,timeout,timeout,timeout,timeout,timeout,timeout,timeout,timeout,timeout,timeout,timeout,timeout,timeout,timeout,timeout,timeout,timeout,timeout,timeout,timeout,timeout,timeout,timeout,timeout,timeout,timeout,timeout,timeout,timeout,timeout,timeout,timeout,timeout,timeout,timeout,timeout,timeout,timeout,timeout,timeout,timeout,timeout,timeout,timeout,timeout,timeout,timeout,timeout,timeout,timeout,timeout,timeout,timeout,timeout,timeout,timeout,timeout,timeout,665.655475,665.655475,665.655475,665.655475,665.655475,665.655475,665.655475,665.655475,665.655475,665.655475,665.655475,665.655475,665.655475,665.655475,665.655475,665.655475,665.655475,665.655475,665.655475,665.655475,665.655475,665.655475,665.655475,665.655475,665.655475,665.655475,665.655475,665.655475,665.655475,665.655475,665.655475,665.655475,665.655475,665.655475,665.655475,665.655475,665.655475,665.655475,665.655475,665.655475,665.655475,665.655475,665.655475,665.655475,665.655475,665.655475,665.655475,665.655475,665.655475,665.655475,665.655475,665.655475,665.655475,665.655475,665.655475,665.655475,665.655475,665.655475,665.655475,665.655475,665.655475
sunysb.POMDP_1,5,timeout,timeout,timeout,timeout,timeout,timeout,timeout,timeout,timeout,timeout,timeout,timeout,timeout,timeout,timeout,timeout,timeout,timeout,timeout,timeout,timeout,timeout,timeout,timeout,timeout,timeout,timeout,timeout,timeout,timeout,timeout,timeout,timeout,timeout,timeout,timeout,timeout,timeout,timeout,timeout,timeout,timeout,timeout,timeout,timeout,timeout,timeout,timeout,timeout,timeout,timeout,timeout,timeout,timeout,timeout,timeout,timeout,timeout,timeout,timeout,timeout,timeout,timeout,timeout,timeout,timeout,timeout,timeout,timeout,timeout,timeout,timeout,timeout,timeout,timeout,timeout,timeout,timeout,timeout,timeout,timeout,timeout,timeout,timeout,timeout,timeout,timeout,timeout,timeout,timeout,timeout,timeout,timeout,timeout,timeout,timeout,timeout,timeout,timeout,timeout,timeout,timeout,timeout,timeout,timeout,timeout,timeout,timeout,timeout,timeout,timeout,timeout,timeout,timeout,timeout,timeout,timeout,timeout,timeout,timeout,timeout,timeout,timeout,timeout,timeout,timeout,timeout,timeout,timeout,timeout,timeout,timeout,timeout,timeout,timeout,timeout,timeout,timeout,timeout,timeout,timeout,829.267462,829.267462,829.267462,829.267462,829.267462,829.267462,829.267462,829.267462,829.267462,829.267462,829.267462,829.267462,829.267462,829.267462,829.267462,829.267462,829.267462,829.267462,829.267462,829.267462,829.267462,829.267462,829.267462,829.267462,829.267462,829.267462,829.267462,829.267462,829.267462,829.267462,829.267462,829.267462,829.267462,829.267462,829.267462,829.267462,829.267462,829.267462,829.267462,829.267462,829.267462,829.267462,829.267462,829.267462,829.267462,829.267462,829.267462,829.267462,829.267462,829.267462,829.267462,829.267462,829.267462,829.267462,829.267462,829.267462
sunysb.POMDP_1,6,timeout,timeout,timeout,timeout,timeout,timeout,timeout,timeout,timeout,timeout,timeout,timeout,timeout,timeout,timeout,timeout,timeout,timeout,timeout,timeout,timeout,timeout,timeout,timeout,timeout,timeout,timeout,timeout,timeout,timeout,timeout,timeout,timeout,timeout,timeout,timeout,timeout,timeout,timeout,timeout,timeout,timeout,timeout,timeout,timeout,timeout,timeout,timeout,timeout,timeout,timeout,timeout,timeout,timeout,timeout,timeout,timeout,timeout,timeout,timeout,timeout,timeout,timeout,timeout,timeout,timeout,timeout,timeout,timeout,timeout,timeout,timeout,timeout,timeout,timeout,timeout,timeout,timeout,timeout,timeout,timeout,timeout,timeout,timeout,timeout,timeout,timeout,timeout,timeout,timeout,timeout,timeout,timeout,timeout,timeout,timeout,timeout,timeout,timeout,timeout,timeout,timeout,timeout,timeout,timeout,timeout,timeout,timeout,timeout,timeout,timeout,timeout,timeout,timeout,timeout,timeout,timeout,timeout,timeout,timeout,timeout,timeout,timeout,timeout,timeout,timeout,timeout,timeout,timeout,timeout,timeout,timeout,timeout,timeout,timeout,timeout,timeout,timeout,timeout,timeout,timeout,timeout,timeout,timeout,1002.776217,1002.776217,1002.776217,1002.776217,1002.776217,1002.776217,1002.776217,1002.776217,1002.776217,1002.776217,1002.776217,1002.776217,1002.776217,1002.776217,1002.776217,1002.776217,1002.776217,1002.776217,1002.776217,1002.776217,1002.776217,1002.776217,1002.776217,1002.776217,1002.776217,1002.776217,1002.776217,1002.776217,1002.776217,1002.776217,1002.776217,1002.776217,1002.776217,1002.776217,1002.776217,1002.776217,1002.776217,1002.776217,1002.776217,1002.776217,1002.776217,1002.776217,1002.776217,1002.776217,1002.776217,1002.776217,1002.776217,1002.776217,1002.776217,1002.776217,1002.776217,1002.776217,1002.776217
sunysb.POMDP_2,3,timeout,timeout,timeout,timeout,timeout,2124.813691,2124.813691,2124.813691,2124.813691,2124.813691,2124.813691,2124.813691,2124.813691,2124.813691,2124.813691,2124.813691,2124.813691,2124.813691,2124.813691,2124.813691,2124.813691,2124.813691,2124.813691,2124.813691,2124.813691,2124.813691,2124.813691,2124.813691,2124.813691,2124.813691,2124.813691,2124.813691,2124.813691,493.375661,493.375661,493.375661,493.375661,493.375661,493.375661,493.375661,493.375661,493.375661,493.375661,493.375661,493.375661,493.375661,493.375661,493.375661,493.375661,493.375661,493.375661,493.375661,493.375661,493.375661,493.375661,493.375661,493.375661,493.375661,493.375661,493.375661,493.375661,493.375661,493.375661,493.375661,493.375661,493.375661,493.375661,493.375661,493.375661,493.375661,493.375661,493.375661,493.375661,493.375661,493.375661,493.375661,493.375661,493.375661,493.375661,493.375661,493.375661,493.375661,493.375661,493.375661,493.375661,493.375661,493.375661,493.375661,493.375661,493.375661,493.375661,493.375661,493.375661,493.375661,493.375661,493.375661,493.375661,493.375661,493.375661,493.375661,493.375661,493.375661,493.375661,493.375661,493.375661,493.375661,493.375661,493.375661,493.375661,493.375661,493.375661,493.375661,493.375661,493.375661,493.375661,493.375661,493.375661,493.375661,493.375661,493.375661,493.375661,493.375661,493.375661,493.375661,493.375661,493.375661,493.375661,493.375661,493.375661,493.375661,493.375661,493.375661,493.375661,493.375661,493.375661,493.375661,493.375661,493.375661,493.375661,493.375661,493.375661,493.375661,493.375661,493.375661,493.375661,493.375661,493.375661,493.375661,493.375661,493.375661,493.375661,493.375661,493.375661,493.375661,493.375661,493.375661,493.375661,493.375661,493.375661,493.375661,493.375661,493.375661,493.375661,493.375661,493.375661,493.375661,493.375661,493.375661,493.375661,493.375661,493.375661,493.375661,493.375661,493.375661,493.375661,493.375661,493.375661,493.375661,493.375661,493.375661,493.375661,493.375661,493.375661,493.375661,493.375661,493.375661,493.375661,493.375661,493.375661,493.375661,493.375661,493.375661,493.375661,493.375661,493.375661,493.375661,493.375661
sunysb.POMDP_2,4,timeout,timeout,timeout,timeout,timeout,timeout,timeout,timeout,timeout,timeout,timeout,timeout,timeout,timeout,timeout,timeout,timeout,timeout,timeout,timeout,timeout,timeout,timeout,timeout,timeout,timeout,timeout,timeout,timeout,timeout,timeout,timeout,timeout,timeout,timeout,timeout,timeout,timeout,timeout,timeout,timeout,timeout,timeout,timeout,timeout,timeout,timeout,timeout,timeout,timeout,timeout,timeout,timeout,timeout,timeout,timeout,timeout,timeout,timeout,timeout,timeout,timeout,timeout,timeout,timeout,timeout,timeout,timeout,timeout,timeout,timeout,timeout,timeout,timeout,timeout,timeout,timeout,timeout,timeout,timeout,timeout,timeout,timeout,timeout,timeout,timeout,timeout,timeout,timeout,timeout,timeout,timeout,timeout,timeout,timeout,timeout,timeout,timeout,timeout,timeout,timeout,timeout,timeout,timeout,timeout,timeout,timeout,timeout,timeout,timeout,timeout,timeout,timeout,timeout,timeout,timeout,timeout,timeout,timeout,timeout,timeout,timeout,timeout,timeout,timeout,timeout,timeout,656.915308,656.915308,656.915308,656.915308,656.915308,656.915308,656.915308,656.915308,656.915308,656.915308,656.915308,656.915308,656.915308,656.915308,656.915308,656.915308,656.915308,656.915308,656.915308,656.915308,656.915308,656.915308,656.915308,656.915308,656.915308,656.915308,656.915308,656.915308,656.915308,656.915308,656.915308,656.915308,656.915308,656.915308,656.915308,656.915308,656.915308,656.915308,656.915308,656.915308,656.915308,656.915308,656.915308,656.915308,656.915308,656.915308,656.915308,656.915308,656.915308,656.915308,656.915308,656.915308,656.915308,656.915308,656.915308,656.915308,656.915308,656.915308,656.915308,656.915308,656.915308,656.915308,656.915308,656.915308,656.915308,656.915308,656.915308,656.915308,656.915308,656.915308
sunysb.POMDP_2,5,timeout,timeout,timeout,timeout,timeout,timeout,timeout,timeout,timeout,timeout,timeout,timeout,timeout,timeout,timeout,timeout,timeout,timeout,timeout,timeout,timeout,timeout,timeout,timeout,timeout,timeout,timeout,timeout,timeout,timeout,timeout,timeout,timeout,timeout,timeout,timeout,timeout,timeout,timeout,timeout,timeout,timeout,timeout,timeout,timeout,timeout,timeout,timeout,timeout,timeout,timeout,timeout,timeout,timeout,timeout,timeout,timeout,timeout,timeout,timeout,timeout,timeout,timeout,timeout,timeout,timeout,timeout,timeout,timeout,timeout,timeout,timeout,timeout,timeout,timeout,timeout,timeout,timeout,timeout,timeout,timeout,timeout,timeout,timeout,timeout,timeout,timeout,timeout,timeout,timeout,timeout,timeout,timeout,timeout,timeout,timeout,timeout,timeout,timeout,timeout,timeout,timeout,timeout,timeout,timeout,timeout,timeout,timeout,timeout,timeout,timeout,timeout,timeout,timeout,timeout,timeout,timeout,timeout,timeout,timeout,timeout,timeout,timeout,timeout,timeout,timeout,timeout,timeout,timeout,timeout,timeout,timeout,timeout,timeout,timeout,820.201884,820.201884,820.201884,820.201884,820.201884,820.201884,820.201884,820.201884,820.201884,820.201884,820.201884,820.201884,820.201884,820.201884,820.201884,820.201884,820.201884,820.201884,820.201884,820.201884,820.201884,820.201884,820.201884,820.201884,820.201884,820.201884,820.201884,820.201884,820.201884,820.201884,820.201884,820.201884,820.201884,820.201884,820.201884,820.201884,820.201884,820.201884,820.201884,820.201884,820.201884,820.201884,820.201884,820.201884,820.201884,820.201884,820.201884,820.201884,820.201884,820.201884,820.201884,820.201884,820.201884,820.201884,820.201884,820.201884,820.201884,820.201884,820.201884,820.201884,820.201884,820.201884
sunysb.POMDP_2,6,timeout,timeout,timeout,timeout,timeout,timeout,timeout,timeout,timeout,timeout,timeout,timeout,timeout,timeout,timeout,timeout,timeout,timeout,timeout,timeout,timeout,timeout,timeout,timeout,timeout,timeout,timeout,timeout,timeout,timeout,timeout,timeout,timeout,timeout,timeout,timeout,timeout,timeout,timeout,timeout,timeout,timeout,timeout,timeout,timeout,timeout,timeout,timeout,timeout,timeout,timeout,timeout,timeout,timeout,timeout,timeout,timeout,timeout,timeout,timeout,timeout,timeout,timeout,timeout,timeout,timeout,timeout,timeout,timeout,timeout,timeout,timeout,timeout,timeout,timeout,timeout,timeout,timeout,timeout,timeout,timeout,timeout,timeout,timeout,timeout,timeout,timeout,timeout,timeout,timeout,timeout,timeout,timeout,timeout,timeout,timeout,timeout,timeout,timeout,timeout,timeout,timeout,timeout,timeout,timeout,timeout,timeout,timeout,timeout,timeout,timeout,timeout,timeout,timeout,timeout,timeout,timeout,timeout,timeout,timeout,timeout,timeout,timeout,timeout,timeout,timeout,timeout,timeout,timeout,timeout,timeout,timeout,timeout,timeout,timeout,timeout,timeout,timeout,timeout,timeout,990.95414,990.95414,990.95414,990.95414,990.95414,990.95414,990.95414,990.95414,990.95414,990.95414,990.95414,990.95414,990.95414,990.95414,990.95414,990.95414,990.95414,990.95414,990.95414,990.95414,990.95414,990.95414,990.95414,990.95414,990.95414,990.95414,990.95414,990.95414,990.95414,990.95414,990.95414,990.95414,990.95414,990.95414,990.95414,990.95414,990.95414,990.95414,990.95414,990.95414,990.95414,990.95414,990.95414,990.95414,990.95414,990.95414,990.95414,990.95414,990.95414,990.95414,990.95414,990.95414,990.95414,990.95414,990.95414,990.95414,990.95414
sunysb.POMDP_3,4,timeout,timeout,666.785434,666.785434,666.785434,666.785434,666.785434,666.785434,666.785434,666.785434,666.785434,666.785434,666.785434,666.785434,666.785434,666.785434,666.785434,666.785434,666.785434,666.785434,666.785434,666.785434,666.785434,666.785434,666.785434,666.785434,666.785434,666.785434,666.785434,666.785434,666.785434,666.785434,666.785434,666.785434,666.785434,666.785434,666.785434,666.785434,666.785434,666.785434,666.785434,666.785434,666.785434,666.785434,666.785434,666.785434,666.785434,666.785434,666.785434,666.785434,666.785434,666.785434,666.785434,666.785434,666.785434,666.785434,666.785434,666.785434,666.785434,666.785434,666.785434,666.785434,666.785434,666.785434,666.785434,666.785434,666.785434,666.785434,666.785434,666.785434,666.785434,666.785434,666.785434,666.785434,666.785434,666.785434,666.785434,666.785434,666.785434,666.785434,666.785434,666.785434,666.785434,666.785434,666.785434,666.785434,666.785434,666.785434,666.785434,666.785434,666.785434,666.785434,666.785434,666.785434,666.785434,666.785434,666.785434,666.785434,666.785434,666.785434,666.785434,666.785434,666.785434,666.785434,666.785434,666.785434,666.785434,666.785434,666.785434,666.785434,666.785434,666.785434,666.785434,666.785434,666.785434,666.785434,666.785434,666.785434,666.785434,666.785434,666.785434,666.785434,666.785434,666.785434,666.785434,666.785434,666.785434,666.785434,666.785434,666.785434,666.785434,666.785434,666.785434,666.785434,666.785434,666.785434,666.785434,666.785434,666.785434,666.785434,666.785434,666.785434,666.785434,666.785434,666.785434,666.785434,666.785434,666.785434,666.785434,666.785434,666.785434,666.785434,666.785434,666.785434,666.785434,666.785434,666.785434,666.785434,666.785434,666.785434,666.785434,666.785434,666.785434,666.785434,666.785434,666.785434,666.785434,666.785434,666.785434,666.785434,666.785434,666.785434,666.785434,666.785434,666.785434,666.785434,666.785434,666.785434,666.785434,666.785434,666.785434,666.785434,666.785434,666.785434,666.785434,666.785434,666.785434,666.785434,666.785434,666.785434,666.785434,666.785434,666.785434,666.785434,666.785434,666.785434,666.785434
sunysb.POMDP_3,5,timeout,timeout,timeout,timeout,timeout,timeout,timeout,timeout,timeout,timeout,timeout,timeout,timeout,timeout,timeout,timeout,timeout,timeout,timeout,timeout,timeout,timeout,timeout,timeout,timeout,timeout,timeout,timeout,timeout,timeout,timeout,timeout,timeout,timeout,timeout,timeout,timeout,timeout,timeout,timeout,timeout,timeout,timeout,timeout,timeout,timeout,timeout,timeout,timeout,timeout,timeout,timeout,timeout,timeout,timeout,timeout,timeout,timeout,timeout,timeout,timeout,timeout,timeout,timeout,timeout,timeout,timeout,timeout,timeout,timeout,timeout,timeout,timeout,timeout,timeout,timeout,timeout,timeout,timeout,timeout,timeout,timeout,timeout,timeout,timeout,timeout,timeout,timeout,timeout,timeout,timeout,timeout,timeout,timeout,timeout,timeout,timeout,timeout,timeout,timeout,timeout,timeout,timeout,timeout,timeout,timeout,timeout,timeout,timeout,timeout,timeout,timeout,timeout,timeout,timeout,timeout,timeout,timeout,timeout,timeout,timeout,timeout,timeout,timeout,timeout,timeout,timeout,timeout,timeout,timeout,timeout,timeout,timeout,timeout,timeout,844.059895,844.059895,844.059895,844.059895,844.059895,844.059895,844.059895,844.059895,844.059895,844.059895,844.059895,844.059895,844.059895,844.059895,844.059895,844.059895,844.059895,844.059895,844.059895,844.059895,844.059895,844.059895,844.059895,844.059895,844.059895,844.059895,844.059895,844.059895,844.059895,844.059895,844.059895,844.059895,844.059895,844.059895,844.059895,844.059895,844.059895,844.059895,844.059895,844.059895,844.059895,844.059895,844.059895,844.059895,844.059895,844.059895,844.059895,844.059895,844.059895,844.059895,844.059895,844.059895,844.059895,844.059895,844.059895,844.059895,844.059895,844.059895,844.059895,844.059895,844.059895,844.059895
sunysb.POMDP_3,6,timeout,timeout,timeout,timeout,timeout,timeout,timeout,timeout,timeout,timeout,timeout,timeout,timeout,timeout,timeout,timeout,timeout,timeout,timeout,timeout,timeout,timeout,timeout,timeout,timeout,timeout,timeout,timeout,timeout,timeout,timeout,timeout,timeout,timeout,timeout,timeout,timeout,timeout,timeout,timeout,timeout,timeout,timeout,timeout,timeout,timeout,timeout,timeout,timeout,timeout,timeout,timeout,timeout,timeout,timeout,timeout,timeout,timeout,timeout,timeout,timeout,timeout,timeout,timeout,timeout,timeout,timeout,timeout,timeout,timeout,timeout,timeout,timeout,timeout,timeout,timeout,timeout,timeout,timeout,timeout,timeout,timeout,timeout,timeout,timeout,timeout,timeout,timeout,timeout,timeout,timeout,timeout,timeout,timeout,timeout,timeout,timeout,timeout,timeout,timeout,timeout,timeout,timeout,timeout,timeout,timeout,timeout,timeout,timeout,timeout,timeout,timeout,timeout,timeout,timeout,timeout,timeout,timeout,timeout,timeout,timeout,timeout,timeout,timeout,timeout,timeout,timeout,timeout,timeout,timeout,timeout,timeout,timeout,timeout,timeout,timeout,timeout,timeout,timeout,timeout,1011.869196,1011.869196,1011.869196,1011.869196,1011.869196,1011.869196,1011.869196,1011.869196,1011.869196,1011.869196,1011.869196,1011.869196,1011.869196,1011.869196,1011.869196,1011.869196,1011.869196,1011.869196,1011.869196,1011.869196,1011.869196,1011.869196,1011.869196,1011.869196,1011.869196,1011.869196,1011.869196,1011.869196,1011.869196,1011.869196,1011.869196,1011.869196,1011.869196,1011.869196,1011.869196,1011.869196,1011.869196,1011.869196,1011.869196,1011.869196,1011.869196,1011.869196,1011.869196,1011.869196,1011.869196,1011.869196,1011.869196,1011.869196,1011.869196,1011.869196,1011.869196,1011.869196,1011.869196,1011.869196,1011.869196,1011.869196,1011.869196
iff_1_2_0_2,1,timeout,timeout,timeout,timeout,timeout,timeout,timeout,timeout,timeout,timeout,timeout,timeout,timeout,timeout,timeout,timeout,timeout,timeout,timeout,timeout,timeout,timeout,timeout,timeout,timeout,timeout,timeout,timeout,timeout,timeout,timeout,timeout,timeout,timeout,timeout,timeout,timeout,timeout,timeout,timeout,timeout,timeout,timeout,timeout,timeout,timeout,timeout,timeout,timeout,timeout,timeout,timeout,timeout,timeout,timeout,timeout,timeout,timeout,timeout,timeout,timeout,timeout,timeout,timeout,timeout,timeout,timeout,timeout,timeout,timeout,timeout,timeout,timeout,timeout,timeout,timeout,timeout,timeout,timeout,timeout,timeout,timeout,timeout,timeout,timeout,timeout,timeout,timeout,timeout,timeout,timeout,timeout,timeout,timeout,timeout,timeout,timeout,timeout,timeout,timeout,timeout,timeout,timeout,timeout,timeout,timeout,timeout,timeout,timeout,timeout,timeout,timeout,timeout,timeout,timeout,timeout,timeout,timeout,timeout,timeout,timeout,timeout,timeout,timeout,timeout,timeout,timeout,timeout,timeout,timeout,timeout,timeout,timeout,timeout,timeout,timeout,timeout,timeout,timeout,timeout,timeout,timeout,timeout,timeout,timeout,timeout,timeout,timeout,timeout,timeout,timeout,timeout,timeout,timeout,timeout,timeout,timeout,timeout,timeout,timeout,timeout,timeout,timeout,timeout,timeout,timeout,timeout,timeout,timeout,6.013027,6.013027,6.013027,6.013027,6.013027,6.013027,6.013027,6.013027,6.013027,6.013027,6.013027,6.013027,6.013027,6.013027,6.013027,6.013027,6.013027,6.013027,6.013027,6.013027,6.013027,6.013027,6.013027,6.013027,6.013027,6.013027,6.013027,6.013027
iff_1_2_0_2,2,error,error,error,error,error,error,error,error,error,error,error,error,error,error,error,error,error,error,error,error,error,error,error,error,error,error,error,error,error,error,error,error,error,error,error,error,error,error,error,error,error,error,error,error,error,error,error,error,error,error,error,error,error,error,error,error,error,error,error,error,error,error,error,error,error,error,error,error,error,error,error,error,error,error,error,error,error,error,error,error,error,error,error,error,error,error,error,error,error,error,error,error,error,error,error,error,error,error,error,error,error,error,error,error,error,error,error,error,error,error,error,error,error,error,error,error,error,error,error,76.474819,76.474819,76.474819,76.474819,76.474819,76.474819,76.474819,76.474819,76.474819,76.474819,76.474819,76.474819,76.474819,76.474819,76.474819,76.474819,76.474819,76.474819,76.474819,76.474819,76.474819,76.474819,76.474819,76.474819,76.474819,76.474819,76.474819,76.474819,76.474819,76.474819,76.474819,76.474819,76.474819,76.474819,76.474819,76.474819,76.474819,76.474819,76.474819,76.474819,76.474819,76.474819,76.474819,76.474819,76.474819,76.474819,76.474819,76.474819,76.474819,76.474819,76.474819,76.474819,76.474819,76.474819,76.474819,76.474819,76.474819,76.474819,76.474819,76.474819,76.474819,76.474819,76.474819,76.474819,76.474819,76.474819,76.474819,76.474819,11.986798,11.986798,11.986798,11.986798,11.986798,11.986798,11.986798,11.986798,11.986798,11.986798
iff_1_2_0_2,3,timeout,timeout,timeout,timeout,timeout,timeout,timeout,timeout,timeout,timeout,timeout,timeout,timeout,timeout,timeout,timeout,timeout,timeout,timeout,timeout,timeout,timeout,timeout,timeout,timeout,timeout,timeout,timeout,timeout,timeout,timeout,timeout,timeout,timeout,timeout,timeout,timeout,timeout,timeout,timeout,timeout,timeout,timeout,timeout,timeout,timeout,timeout,timeout,timeout,timeout,timeout,timeout,timeout,timeout,timeout,timeout,timeout,timeout,timeout,timeout,timeout,timeout,timeout,timeout,timeout,timeout,timeout,timeout,timeout,304.878326,304.878326,304.878326,208.809091,208.809091,208.809091,208.809091,208.809091,208.809091,208.809091,208.809091,208.809091,208.809091,208.809091,208.809091,208.809091,208.809091,208.809091,208.809091,208.809091,208.809091,208.809091,208.809091,208.809091,208.809091,208.809091,208.809091,208.809091,208.809091,208.809091,208.809091,208.809091,208.809091,208.809091,208.809091,208.809091,208.809091,208.809091,208.809091,208.809091,208.809091,208.809091,208.809091,208.809091,208.809091,208.809091,208.809091,208.809091,208.809091,113.755056,113.755056,113.755056,113.755056,113.755056,113.755056,113.755056,113.755056,113.755056,113.755056,113.755056,113.755056,113.755056,113.755056,113.755056,113.755056,113.755056,113.755056,113.755056,113.755056,113.755056,113.755056,113.755056,113.755056,113.755056,113.755056,113.755056,113.755056,113.755056,113.755056,113.755056,113.755056,113.755056,113.755056,113.755056,113.755056,113.755056,113.755056,113.755056,113.755056,113.755056,113.755056,113.755056,113.755056,113.755056,113.755056,113.755056,113.755056,113.755056,113.755056,113.755056,113.755056,113.755056,113.755056,113.755056,113.755056,113.755056,113.755056,113.755056,113.755056,113.755056,113.755056,113.755056,113.755056,113.755056,113.755056,113.755056,113.755056,113.755056,113.755056,113.755056,18.006563,18.006563,18.006563,18.006563,18.006563,18.006563,18.006563,18.006563
iff_1_2_0_2,4,timeout,timeout,timeout,timeout,timeout,timeout,timeout,timeout,timeout,timeout,timeout,timeout,timeout,timeout,timeout,timeout,timeout,timeout,timeout,timeout,timeout,timeout,timeout,timeout,timeout,timeout,timeout,timeout,timeout,timeout,timeout,timeout,timeout,timeout,timeout,timeout,timeout,timeout,timeout,timeout,timeout,timeout,timeout,timeout,timeout,timeout,timeout,timeout,timeout,timeout,timeout,timeout,timeout,timeout,timeout,timeout,372.86874,372.86874,372.86874,372.86874,372.86874,372.86874,372.86874,372.86874,245.994885,245.994885,245.994885,245.994885,245.994885,245.994885,245.994885,245.994885,245.994885,245.994885,245.994885,245.994885,245.994885,245.994885,245.994885,245.994885,245.994885,245.994885,245.994885,245.994885,245.994885,245.994885,245.994885,245.994885,245.994885,245.994885,245.994885,245.994885,245.994885,245.994885,245.994885,245.994885,245.994885,245.994885,245.994885,245.994885,245.994885,245.994885,245.994885,245.994885,245.994885,245.994885,245.994885,245.994885,245.994885,245.994885,245.994885,245.994885,245.994885,245.994885,245.994885,245.994885,119.642974,119.642974,119.642974,119.642974,119.642974,119.642974,119.642974,119.642974,119.642974,119.642974,119.642974,119.642974,119.642974,119.642974,119.642974,119.642974,119.642974,119.642974,119.642974,119.642974,119.642974,119.642974,119.642974,119.642974,119.642974,119.642974,119.642974,119.642974,119.642974,119.642974,119.642974,119.642974,119.642974,119.642974,119.642974,119.642974,119.642974,119.642974,119.642974,119.642974,119.642974,119.642974,119.642974,119.642974,119.642974,119.642974,119.642974,119.642974,119.642974,119.642974,119.642974,119.642974,119.642974,119.642974,119.642974,119.642974,119.642974,119.642974,119.642974,119.642974,119.642974,119.642974,119.642974,119.642974,119.642974,119.642974,119.642974,119.642974,119.642974,119.642974,119.642974,119.642974,119.642974,119.642974,23.824224,23.824224,23.824224,23.824224,23.824224,23.824224,23.824224
iff_1_2_0_2,5,timeout,timeout,timeout,timeout,timeout,timeout,timeout,timeout,timeout,timeout,timeout,timeout,timeout,timeout,timeout,timeout,timeout,timeout,timeout,timeout,timeout,timeout,timeout,timeout,timeout,timeout,timeout,timeout,timeout,timeout,timeout,timeout,timeout,timeout,timeout,timeout,timeout,timeout,timeout,timeout,timeout,timeout,timeout,timeout,timeout,timeout,timeout,timeout,timeout,timeout,timeout,timeout,timeout,timeout,timeout,timeout,timeout,timeout,timeout,timeout,timeout,timeout,timeout,timeout,timeout,timeout,timeout,timeout,timeout,timeout,timeout,timeout,timeout,timeout,timeout,timeout,timeout,timeout,timeout,timeout,timeout,timeout,timeout,timeout,timeout,timeout,timeout,timeout,timeout,timeout,timeout,timeout,timeout,timeout,timeout,timeout,timeout,timeout,timeout,timeout,timeout,timeout,timeout,timeout,timeout,timeout,timeout,timeout,timeout,timeout,timeout,timeout,timeout,timeout,126.517056,126.517056,126.517056,126.517056,126.517056,126.517056,126.517056,126.517056,126.517056,126.517056,126.517056,126.517056,126.517056,126.517056,126.517056,126.517056,126.517056,126.517056,126.517056,126.517056,126.517056,126.517056,126.517056,126.517056,126.517056,126.517056,126.517056,126.517056,126.517056,126.517056,126.517056,126.517056,126.517056,126.517056,126.517056,126.517056,126.517056,126.517056,126.517056,126.517056,126.517056,126.517056,126.517056,126.517056,126.517056,126.517056,126.517056,126.517056,126.517056,126.517056,126.517056,126.517056,126.517056,126.517056,126.517056,126.517056,126.517056,126.517056,126.517056,126.517056,126.517056,126.517056,126.517056,126.517056,126.517056,126.517056,126.517056,126.517056,126.517056,126.517056,126.517056,126.517056,126.517056,126.517056,126.517056,126.517056,126.517056,126.517056,29.661885,29.661885,29.661885,29.661885,29.661885
iff_1_2_0_2,6,timeout,timeout,timeout,timeout,timeout,timeout,timeout,timeout,timeout,timeout,timeout,timeout,timeout,timeout,timeout,timeout,timeout,timeout,timeout,timeout,timeout,timeout,timeout,timeout,timeout,timeout,timeout,timeout,timeout,timeout,timeout,timeout,timeout,timeout,timeout,timeout,timeout,timeout,timeout,timeout,timeout,timeout,timeout,timeout,timeout,timeout,timeout,timeout,timeout,timeout,timeout,timeout,timeout,timeout,timeout,418.433589,418.433589,418.433589,418.433589,418.433589,418.433589,418.433589,418.433589,418.433589,418.433589,418.433589,418.433589,418.433589,418.433589,418.433589,418.433589,418.433589,418.433589,323.31635,323.31635,323.31635,323.31635,323.31635,323.31635,323.31635,323.31635,323.31635,323.31635,323.31635,323.31635,323.31635,323.31635,323.31635,323.31635,323.31635,323.31635,323.31635,323.31635,323.31635,323.31635,323.31635,323.31635,323.31635,323.31635,323.31635,323.31635,323.31635,323.31635,323.31635,323.31635,323.31635,323.31635,323.31635,323.31635,323.31635,323.31635,323.31635,323.31635,323.31635,323.31635,323.31635,323.31635,228.396439,228.396439,228.396439,228.396439,228.396439,228.396439,228.396439,228.396439,228.396439,228.396439,228.396439,228.396439,228.396439,228.396439,228.396439,228.396439,228.396439,228.396439,228.396439,228.396439,228.396439,228.396439,228.396439,228.396439,228.396439,228.396439,228.396439,228.396439,228.396439,228.396439,228.396439,228.396439,228.396439,228.396439,228.396439,228.396439,228.396439,228.396439,228.396439,228.396439,228.396439,228.396439,228.396439,228.396439,228.396439,228.396439,228.396439,228.396439,228.396439,228.396439,228.396439,228.396439,228.396439,228.396439,228.396439,228.396439,228.396439,228.396439,228.396439,228.396439,228.396439,228.396439,228.396439,228.396439,228.396439,228.396439,228.396439,228.396439,228.396439,228.396439,228.396439,228.396439,228.396439,228.396439,228.396439,228.396439,228.396439,35.603996,35.603996,35.603996
iff_1_2_0_4,1,timeout,timeout,timeout,timeout,timeout,timeout,timeout,timeout,timeout,timeout,timeout,timeout,timeout,timeout,timeout,timeout,timeout,timeout,timeout,timeout,timeout,timeout,timeout,timeout,timeout,timeout,timeout,timeout,timeout,timeout,timeout,timeout,timeout,timeout,timeout,timeout,timeout,timeout,timeout,timeout,timeout,timeout,timeout,timeout,timeout,timeout,timeout,timeout,timeout,timeout,timeout,timeout,timeout,timeout,timeout,timeout,timeout,timeout,timeout,timeout,timeout,timeout,timeout,timeout,timeout,timeout,timeout,timeout,timeout,timeout,timeout,timeout,timeout,timeout,timeout,timeout,timeout,timeout,timeout,timeout,timeout,timeout,timeout,timeout,timeout,timeout,timeout,timeout,timeout,timeout,timeout,timeout,timeout,timeout,timeout,timeout,timeout,timeout,timeout,timeout,timeout,timeout,timeout,timeout,timeout,timeout,timeout,timeout,timeout,timeout,timeout,timeout,timeout,timeout,timeout,timeout,timeout,timeout,timeout,timeout,timeout,timeout,timeout,timeout,timeout,timeout,timeout,timeout,timeout,timeout,timeout,timeout,timeout,timeout,timeout,timeout,timeout,timeout,timeout,timeout,timeout,timeout,timeout,timeout,timeout,timeout,timeout,timeout,timeout,timeout,timeout,timeout,timeout,timeout,timeout,timeout,timeout,timeout,timeout,timeout,timeout,timeout,timeout,timeout,timeout,timeout,timeout,timeout,timeout,timeout,timeout,timeout,6.040812,6.040812,6.040812,6.040812,6.040812,6.040812,6.040812,6.040812,6.040812,6.040812,6.040812,6.040812,6.040812,6.040812,6.040812,6.040812,6.040812,6.040812,6.040812,6.040812,6.040812,6.040812,6.040812,6.040812,6.040812
iff_1_2_0_4,2,timeout,timeout,timeout,timeout,timeout,timeout,timeout,timeout,timeout,timeout,timeout,timeout,timeout,timeout,timeout,timeout,timeout,timeout,timeout,timeout,timeout,timeout,timeout,timeout,timeout,timeout,timeout,timeout,timeout,timeout,timeout,timeout,timeout,timeout,timeout,timeout,timeout,timeout,timeout,timeout,timeout,timeout,timeout,timeout,timeout,timeout,timeout,timeout,timeout,timeout,timeout,timeout,timeout,timeout,timeout,timeout,timeout,timeout,timeout,timeout,timeout,timeout,timeout,timeout,timeout,timeout,timeout,timeout,timeout,timeout,timeout,timeout,timeout,timeout,timeout,timeout,timeout,timeout,timeout,timeout,timeout,timeout,timeout,timeout,timeout,timeout,timeout,timeout,timeout,timeout,timeout,timeout,timeout,timeout,timeout,timeout,timeout,timeout,timeout,timeout,timeout,timeout,timeout,timeout,timeout,timeout,timeout,timeout,timeout,timeout,timeout,timeout,timeout,timeout,timeout,timeout,timeout,timeout,timeout,timeout,timeout,timeout,timeout,timeout,timeout,timeout,timeout,timeout,timeout,timeout,timeout,timeout,timeout,timeout,timeout,timeout,timeout,timeout,timeout,timeout,timeout,timeout,timeout,timeout,timeout,timeout,timeout,timeout,timeout,timeout,timeout,timeout,timeout,timeout,timeout,timeout,timeout,timeout,timeout,timeout,timeout,timeout,timeout,75.570873,75.570873,75.570873,75.570873,75.570873,75.570873,75.570873,75.570873,75.570873,75.570873,75.570873,75.570873,75.570873,75.570873,75.570873,75.570873,75.570873,75.570873,75.570873,75.570873,75.570873,75.570873,75.570873,75.570873,75.570873,11.990939,11.990939,11.990939,11.990939,11.990939,11.990939,11.990939,11.990939,11.990939
iff_1_2_0_4,3,timeout,timeout,timeout,timeout,timeout,timeout,timeout,timeout,timeout,timeout,timeout,timeout,timeout,timeout,timeout,timeout,timeout,timeout,timeout,timeout,timeout,timeout,timeout,timeout,timeout,timeout,timeout,timeout,timeout,timeout,timeout,timeout,timeout,timeout,timeout,timeout,timeout,timeout,timeout,timeout,timeout,timeout,timeout,timeout,timeout,timeout,timeout,timeout,timeout,timeout,timeout,timeout,timeout,timeout,timeout,timeout,timeout,timeout,timeout,timeout,timeout,timeout,timeout,timeout,timeout,timeout,timeout,timeout,timeout,timeout,timeout,timeout,timeout,timeout,timeout,timeout,timeout,timeout,timeout,timeout,timeout,timeout,timeout,timeout,timeout,timeout,timeout,timeout,timeout,timeout,timeout,timeout,timeout,timeout,timeout,timeout,timeout,timeout,timeout,timeout,timeout,timeout,timeout,timeout,timeout,timeout,timeout,timeout,timeout,timeout,timeout,timeout,timeout,timeout,timeout,timeout,timeout,timeout,timeout,timeout,timeout,timeout,timeout,timeout,timeout,timeout,timeout,timeout,timeout,timeout,timeout,timeout,timeout,timeout,timeout,timeout,timeout,timeout,timeout,timeout,timeout,timeout,timeout,timeout,timeout,timeout,timeout,timeout,timeout,timeout,timeout,timeout,timeout,timeout,timeout,timeout,timeout,timeout,177.047695,177.047695,177.047695,177.047695,113.646608,113.646608,113.646608,113.646608,113.646608,113.646608,113.646608,113.646608,113.646608,113.646608,113.646608,113.646608,113.646608,113.646608,113.646608,113.646608,113.646608,113.646608,113.646608,113.646608,113.646608,113.646608,113.646608,113.646608,113.646608,113.646608,113.646608,113.646608,113.646608,17.965753,17.965753,17.965753,17.965753,17.965753,17.965753
iff_1_2_0_4,4,timeout,timeout,timeout,timeout,timeout,timeout,timeout,timeout,timeout,timeout,timeout,timeout,timeout,timeout,timeout,timeout,timeout,timeout,timeout,timeout,timeout,timeout,timeout,timeout,timeout,timeout,timeout,timeout,timeout,timeout,timeout,timeout,timeout,timeout,timeout,timeout,timeout,timeout,timeout,timeout,timeout,timeout,timeout,timeout,timeout,timeout,timeout,timeout,timeout,timeout,timeout,timeout,timeout,timeout,timeout,timeout,timeout,timeout,timeout,timeout,timeout,timeout,timeout,timeout,timeout,timeout,timeout,timeout,timeout,timeout,timeout,timeout,timeout,timeout,timeout,timeout,timeout,timeout,timeout,timeout,timeout,timeout,timeout,timeout,timeout,timeout,timeout,timeout,timeout,timeout,timeout,timeout,timeout,timeout,timeout,timeout,timeout,timeout,timeout,timeout,timeout,timeout,timeout,timeout,timeout,timeout,timeout,timeout,timeout,timeout,timeout,timeout,timeout,timeout,timeout,timeout,timeout,timeout,timeout,timeout,timeout,timeout,timeout,timeout,timeout,timeout,timeout,timeout,timeout,timeout,timeout,timeout,timeout,timeout,timeout,timeout,timeout,timeout,timeout,timeout,timeout,timeout,timeout,timeout,timeout,timeout,timeout,timeout,timeout,timeout,timeout,timeout,timeout,timeout,timeout,timeout,timeout,timeout,timeout,timeout,timeout,151.483333,151.483333,151.483333,151.483333,151.483333,88.296378,88.296378,88.296378,88.296378,88.296378,88.296378,88.296378,88.296378,88.296378,88.296378,88.296378,88.296378,88.296378,88.296378,88.296378,88.296378,88.296378,88.296378,88.296378,88.296378,88.296378,88.296378,88.296378,88.296378,88.296378,88.296378,88.296378,23.893436,23.893436,23.893436,23.893436
iff_1_2_0_4,5,timeout,timeout,timeout,timeout,timeout,timeout,timeout,timeout,timeout,timeout,timeout,timeout,timeout,timeout,timeout,timeout,timeout,timeout,timeout,timeout,timeout,timeout,timeout,timeout,timeout,timeout,timeout,timeout,timeout,timeout,timeout,timeout,timeout,timeout,timeout,timeout,timeout,timeout,timeout,timeout,timeout,timeout,timeout,timeout,timeout,timeout,timeout,timeout,timeout,timeout,timeout,timeout,timeout,timeout,timeout,timeout,timeout,timeout,timeout,timeout,timeout,timeout,timeout,timeout,timeout,timeout,timeout,timeout,timeout,timeout,timeout,timeout,timeout,timeout,timeout,timeout,timeout,timeout,timeout,timeout,timeout,timeout,timeout,timeout,timeout,timeout,timeout,timeout,timeout,timeout,timeout,timeout,timeout,timeout,timeout,timeout,timeout,timeout,timeout,timeout,timeout,timeout,timeout,timeout,timeout,timeout,timeout,timeout,timeout,timeout,timeout,timeout,timeout,timeout,timeout,timeout,timeout,timeout,timeout,timeout,timeout,timeout,timeout,timeout,timeout,timeout,timeout,timeout,timeout,timeout,timeout,timeout,timeout,timeout,timeout,timeout,timeout,timeout,timeout,timeout,timeout,timeout,timeout,timeout,timeout,timeout,timeout,timeout,timeout,timeout,timeout,timeout,timeout,timeout,timeout,timeout,timeout,timeout,timeout,157.624318,157.624318,157.624318,157.624318,157.624318,157.624318,94.745284,94.745284,94.745284,94.745284,94.745284,94.745284,94.745284,94.745284,94.745284,94.745284,94.745284,94.745284,94.745284,94.745284,94.745284,94.745284,94.745284,94.745284,94.745284,94.745284,94.745284,94.745284,94.745284,94.745284,94.745284,94.745284,94.745284,94.745284,94.745284,94.745284,94.745284,29.889675
iff_1_2_0_4,6,timeout,timeout,timeout,timeout,timeout,timeout,timeout,timeout,timeout,timeout,timeout,timeout,timeout,timeout,timeout,timeout,timeout,timeout,timeout,timeout,timeout,timeout,timeout,timeout,timeout,timeout,timeout,timeout,timeout,timeout,timeout,timeout,timeout,timeout,timeout,timeout,timeout,timeout,timeout,timeout,timeout,timeout,timeout,timeout,timeout,timeout,timeout,timeout,timeout,timeout,timeout,timeout,timeout,timeout,timeout,timeout,timeout,timeout,timeout,timeout,timeout,timeout,timeout,timeout,timeout,timeout,timeout,timeout,timeout,timeout,timeout,timeout,timeout,timeout,timeout,timeout,timeout,timeout,timeout,timeout,timeout,timeout,timeout,timeout,timeout,timeout,timeout,timeout,timeout,timeout,timeout,timeout,timeout,timeout,timeout,timeout,timeout,timeout,timeout,timeout,timeout,timeout,timeout,timeout,timeout,timeout,timeout,timeout,timeout,timeout,timeout,timeout,timeout,timeout,timeout,timeout,timeout,timeout,timeout,timeout,timeout,timeout,timeout,timeout,timeout,timeout,timeout,timeout,timeout,timeout,timeout,timeout,timeout,timeout,timeout,timeout,timeout,timeout,timeout,timeout,timeout,timeout,timeout,timeout,timeout,timeout,timeout,timeout,timeout,timeout,timeout,timeout,timeout,timeout,timeout,timeout,timeout,timeout,timeout,164.085923,164.085923,164.085923,164.085923,164.085923,101.312377,101.312377,101.312377,101.312377,101.312377,101.312377,101.312377,101.312377,101.312377,101.312377,101.312377,101.312377,101.312377,101.312377,101.312377,101.312377,101.312377,101.312377,101.312377,101.312377,101.312377,101.312377,101.312377,101.312377,101.312377,101.312377,101.312377,101.312377,101.312377,101.312377,101.312377,35.72717,35.72717
iff_1_2_2_0,1,timeout,timeout,timeout,timeout,timeout,timeout,timeout,timeout,timeout,timeout,timeout,timeout,timeout,timeout,timeout,timeout,timeout,timeout,timeout,timeout,timeout,timeout,timeout,timeout,timeout,timeout,timeout,timeout,timeout,timeout,timeout,timeout,timeout,timeout,timeout,timeout,timeout,timeout,timeout,timeout,timeout,timeout,timeout,timeout,timeout,timeout,timeout,timeout,timeout,timeout,timeout,timeout,timeout,timeout,timeout,timeout,timeout,timeout,timeout,timeout,timeout,timeout,timeout,timeout,timeout,timeout,timeout,timeout,timeout,timeout,timeout,timeout,timeout,timeout,timeout,timeout,timeout,timeout,timeout,timeout,timeout,timeout,timeout,timeout,timeout,timeout,timeout,timeout,timeout,timeout,timeout,timeout,timeout,timeout,timeout,timeout,timeout,timeout,timeout,timeout,timeout,timeout,timeout,timeout,timeout,timeout,timeout,timeout,timeout,timeout,timeout,timeout,timeout,timeout,timeout,timeout,timeout,timeout,timeout,timeout,timeout,timeout,timeout,timeout,timeout,timeout,timeout,timeout,timeout,timeout,timeout,timeout,timeout,timeout,timeout,timeout,timeout,timeout,timeout,timeout,timeout,timeout,timeout,timeout,timeout,timeout,timeout,timeout,timeout,timeout,timeout,timeout,timeout,timeout,timeout,timeout,timeout,timeout,timeout,timeout,timeout,timeout,timeout,timeout,timeout,timeout,timeout,timeout,timeout,6.004147,6.004147,6.004147,6.004147,6.004147,6.004147,6.004147,6.004147,6.004147,6.004147,6.004147,6.004147,6.004147,6.004147,6.004147,6.004147,6.004147,6.004147,6.004147,6.004147,6.004147,6.004147,6.004147,6.004147,6.004147,6.004147,6.004147,6.004147
iff_1_2_2_0,2,error,error,error,error,error,error,error,error,error,error,error,error,error,error,error,error,error,error,error,error,error,error,error,error,error,error,error,error,error,error,error,error,error,error,error,error,error,error,error,error,error,error,error,error,error,error,error,error,error,error,error,error,error,error,error,error,error,error,error,error,error,error,error,error,error,error,error,error,error,error,error,error,error,error,error,error,error,error,error,error,error,error,error,error,error,error,error,error,error,error,error,error,error,error,error,error,error,error,error,error,error,error,error,error,error,error,error,error,error,error,error,error,error,error,error,error,error,error,error,76.950439,76.950439,76.950439,76.950439,76.950439,76.950439,76.950439,76.950439,76.950439,76.950439,76.950439,76.950439,76.950439,76.950439,76.950439,76.950439,76.950439,76.950439,76.950439,76.950439,76.950439,76.950439,76.950439,76.950439,76.950439,76.950439,76.950439,76.950439,76.950439,76.950439,76.950439,76.950439,76.950439,76.950439,76.950439,76.950439,76.950439,76.950439,76.950439,76.950439,76.950439,76.950439,76.950439,76.950439,76.950439,76.950439,76.950439,76.950439,76.950439,76.950439,76.950439,76.950439,76.950439,76.950439,76.950439,76.950439,76.950439,76.950439,76.950439,76.950439,76.950439,76.950439,76.950439,76.950439,76.950439,76.950439,76.950439,76.950439,12.051624,12.051624,12.051624,12.051624,12.051624,12.051624,12.051624,12.051624,12.051624,12.051624
iff_1_2_2_0,3,timeout,timeout,timeout,timeout,timeout,timeout,timeout,timeout,timeout,timeout,timeout,timeout,timeout,timeout,timeout,timeout,timeout,timeout,timeout,timeout,timeout,timeout,timeout,timeout,timeout,timeout,timeout,timeout,timeout,timeout,timeout,timeout,timeout,timeout,timeout,timeout,timeout,timeout,timeout,timeout,timeout,timeout,timeout,timeout,timeout,timeout,timeout,timeout,timeout,timeout,timeout,timeout,timeout,timeout,timeout,timeout,timeout,timeout,timeout,timeout,timeout,timeout,306.731205,210.168062,210.168062,210.168062,210.168062,210.168062,210.168062,210.168062,210.168062,210.168062,210.168062,210.168062,210.168062,210.168062,210.168062,210.168062,210.168062,210.168062,210.168062,210.168062,210.168062,210.168062,210.168062,210.168062,210.168062,210.168062,210.168062,210.168062,210.168062,210.168062,210.168062,210.168062,210.168062,210.168062,210.168062,210.168062,210.168062,210.168062,210.168062,210.168062,210.168062,210.168062,210.168062,210.168062,210.168062,210.168062,210.168062,210.168062,210.168062,210.168062,210.168062,210.168062,210.168062,210.168062,210.168062,210.168062,114.148018,114.148018,114.148018,114.148018,114.148018,114.148018,114.148018,114.148018,114.148018,114.148018,114.148018,114.148018,114.148018,114.148018,114.148018,114.148018,114.148018,114.148018,114.148018,114.148018,114.148018,114.148018,114.148018,114.148018,114.148018,114.148018,114.148018,114.148018,114.148018,114.148018,114.148018,114.148018,114.148018,114.148018,114.148018,114.148018,114.148018,114.148018,114.148018,114.148018,114.148018,114.148018,114.148018,114.148018,114.148018,114.148018,114.148018,114.148018,114.148018,114.148018,114.148018,114.148018,114.148018,114.148018,114.148018,114.148018,114.148018,114.148018,114.148018,114.148018,114.148018,114.148018,114.148018,114.148018,114.148018,114.148018,114.148018,114.148018,114.148018,114.148018,114.148018,17.919671,17.919671,17.919671,17.919671,17.919671,17.919671,17.919671,17.919671
iff_1_2_2_0,4,timeout,timeout,timeout,timeout,timeout,timeout,timeout,timeout,timeout,timeout,timeout,timeout,timeout,timeout,timeout,timeout,timeout,timeout,timeout,timeout,timeout,timeout,timeout,timeout,timeout,timeout,timeout,timeout,timeout,timeout,timeout,timeout,timeout,timeout,timeout,timeout,timeout,timeout,timeout,timeout,timeout,timeout,timeout,timeout,timeout,timeout,timeout,timeout,timeout,timeout,timeout,timeout,timeout,timeout,timeout,timeout,timeout,timeout,375.554867,375.554867,247.797874,247.797874,247.797874,247.797874,247.797874,247.797874,247.797874,247.797874,247.797874,247.797874,247.797874,247.797874,247.797874,247.797874,247.797874,247.797874,247.797874,247.797874,247.797874,247.797874,247.797874,247.797874,247.797874,247.797874,247.797874,247.797874,247.797874,247.797874,247.797874,247.797874,247.797874,247.797874,247.797874,247.797874,247.797874,247.797874,247.797874,247.797874,247.797874,247.797874,247.797874,247.797874,247.797874,247.797874,247.797874,247.797874,247.797874,247.797874,247.797874,247.797874,247.797874,247.797874,247.797874,247.797874,247.797874,247.797874,120.340503,120.340503,120.340503,120.340503,120.340503,120.340503,120.340503,120.340503,120.340503,120.340503,120.340503,120.340503,120.340503,120.340503,120.340503,120.340503,120.340503,120.340503,120.340503,120.340503,120.340503,120.340503,120.340503,120.340503,120.340503,120.340503,120.340503,120.340503,120.340503,120.340503,120.340503,120.340503,120.340503,120.340503,120.340503,120.340503,120.340503,120.340503,120.340503,120.340503,120.340503,120.340503,120.340503,120.340503,120.340503,120.340503,120.340503,120.340503,120.340503,120.340503,120.340503,120.340503,120.340503,120.340503,120.340503,120.340503,120.340503,120.340503,120.340503,120.340503,120.340503,120.340503,120.340503,120.340503,120.340503,120.340503,120.340503,120.340503,120.340503,120.340503,120.340503,120.340503,120.340503,120.340503,24.000758,24.000758,24.000758,24.000758,24.000758,24.000758,24.000758
iff_1_2_2_0,5,timeout,timeout,timeout,timeout,timeout,timeout,timeout,timeout,timeout,timeout,timeout,timeout,timeout,timeout,timeout,timeout,timeout,timeout,timeout,timeout,timeout,timeout,timeout,timeout,timeout,timeout,timeout,timeout,timeout,timeout,timeout,timeout,timeout,timeout,timeout,timeout,timeout,timeout,timeout,timeout,timeout,timeout,timeout,timeout,timeout,timeout,timeout,timeout,timeout,timeout,timeout,timeout,timeout,timeout,timeout,timeout,timeout,timeout,timeout,timeout,timeout,254.674578,254.674578,254.674578,254.674578,254.674578,254.674578,254.674578,254.674578,254.674578,254.674578,254.674578,254.674578,254.674578,254.674578,254.674578,254.674578,254.674578,254.674578,254.674578,254.674578,254.674578,254.674578,254.674578,254.674578,254.674578,254.674578,254.674578,254.674578,254.674578,254.674578,254.674578,254.674578,254.674578,254.674578,254.674578,254.674578,254.674578,254.674578,254.674578,254.674578,254.674578,254.674578,254.674578,254.674578,254.674578,254.674578,254.674578,254.674578,254.674578,254.674578,254.674578,127.239174,127.239174,127.239174,127.239174,127.239174,127.239174,127.239174,127.239174,127.239174,127.239174,127.239174,127.239174,127.239174,127.239174,127.239174,127.239174,127.239174,127.239174,127.239174,127.239174,127.239174,127.239174,127.239174,127.239174,127.239174,127.239174,127.239174,127.239174,127.239174,127.239174,127.239174,127.239174,127.239174,127.239174,127.239174,127.239174,127.239174,127.239174,127.239174,127.239174,127.239174,127.239174,127.239174,127.239174,127.239174,127.239174,127.239174,127.239174,127.239174,127.239174,127.239174,127.239174,127.239174,127.239174,127.239174,127.239174,127.239174,127.239174,127.239174,127.239174,127.239174,127.239174,127.239174,127.239174,127.239174,127.239174,127.239174,127.239174,127.239174,127.239174,127.239174,127.239174,127.239174,127.239174,127.239174,127.239174,127.239174,127.239174,127.239174,127.239174,30.169275,30.169275,30.169275,30.169275,30.169275
iff_1_2_2_0,6,timeout,timeout,timeout,timeout,timeout,timeout,timeout,timeout,timeout,timeout,timeout,timeout,timeout,timeout,timeout,timeout,timeout,timeout,timeout,timeout,timeout,timeout,timeout,timeout,timeout,timeout,timeout,timeout,timeout,timeout,timeout,timeout,timeout,timeout,timeout,timeout,timeout,timeout,timeout,timeout,timeout,timeout,timeout,timeout,timeout,timeout,timeout,timeout,timeout,timeout,timeout,timeout,timeout,timeout,timeout,timeout,timeout,timeout,timeout,229.273519,229.273519,229.273519,229.273519,229.273519,229.273519,229.273519,229.273519,229.273519,229.273519,229.273519,229.273519,229.273519,229.273519,229.273519,229.273519,229.273519,229.273519,229.273519,229.273519,229.273519,229.273519,229.273519,229.273519,229.273519,229.273519,229.273519,229.273519,229.273519,229.273519,229.273519,229.273519,229.273519,229.273519,229.273519,229.273519,229.273519,229.273519,229.273519,229.273519,229.273519,229.273519,229.273519,229.273519,229.273519,229.273519,229.273519,229.273519,229.273519,229.273519,229.273519,229.273519,229.273519,229.273519,133.777427,133.777427,133.777427,133.777427,133.777427,133.777427,133.777427,133.777427,133.777427,133.777427,133.777427,133.777427,133.777427,133.777427,133.777427,133.777427,133.777427,133.777427,133.777427,133.777427,133.777427,133.777427,133.777427,133.777427,133.777427,133.777427,133.777427,133.777427,133.777427,133.777427,133.777427,133.777427,133.777427,133.777427,133.777427,133.777427,133.777427,133.777427,133.777427,133.777427,133.777427,133.777427,133.777427,133.777427,133.777427,133.777427,133.777427,133.777427,133.777427,133.777427,133.777427,133.777427,133.777427,133.777427,133.777427,133.777427,133.777427,133.777427,133.777427,133.777427,133.777427,133.777427,133.777427,133.777427,133.777427,133.777427,133.777427,133.777427,133.777427,133.777427,133.777427,133.777427,133.777427,133.777427,133.777427,133.777427,133.777427,133.777427,133.777427,133.777427,133.777427,35.914999,35.914999,35.914999
iff_1_2_2_4,1,timeout,timeout,timeout,timeout,timeout,timeout,timeout,timeout,timeout,timeout,timeout,timeout,timeout,timeout,timeout,timeout,timeout,timeout,timeout,timeout,timeout,timeout,timeout,timeout,timeout,timeout,timeout,timeout,timeout,timeout,timeout,timeout,timeout,timeout,timeout,timeout,timeout,timeout,timeout,timeout,timeout,timeout,timeout,timeout,timeout,timeout,timeout,timeout,timeout,timeout,timeout,timeout,timeout,timeout,timeout,timeout,timeout,timeout,timeout,timeout,timeout,timeout,timeout,timeout,timeout,timeout,timeout,timeout,timeout,timeout,timeout,timeout,timeout,timeout,timeout,timeout,timeout,timeout,timeout,timeout,timeout,timeout,timeout,timeout,timeout,timeout,timeout,timeout,timeout,timeout,timeout,timeout,timeout,timeout,timeout,timeout,timeout,timeout,timeout,timeout,timeout,timeout,timeout,timeout,timeout,timeout,timeout,timeout,timeout,timeout,timeout,timeout,timeout,timeout,timeout,timeout,timeout,timeout,timeout,timeout,timeout,timeout,timeout,timeout,timeout,timeout,timeout,timeout,timeout,timeout,timeout,timeout,timeout,timeout,timeout,timeout,timeout,timeout,timeout,timeout,timeout,timeout,timeout,timeout,timeout,timeout,timeout,timeout,timeout,timeout,timeout,timeout,timeout,timeout,timeout,timeout,timeout,timeout,timeout,timeout,timeout,timeout,timeout,timeout,timeout,timeout,timeout,timeout,timeout,5.989499,5.989499,5.989499,5.989499,5.989499,5.989499,5.989499,5.989499,5.989499,5.989499,5.989499,5.989499,5.989499,5.989499,5.989499,5.989499,5.989499,5.989499,5.989499,5.989499,5.989499,5.989499,5.989499,5.989499,5.989499,5.989499,5.989499,5.989499
iff_1_2_2_4,2,error,error,error,error,error,error,error,error,error,error,error,error,error,error,error,error,error,error,error,error,error,error,error,error,error,error,error,error,error,error,error,error,error,error,error,error,error,error,error,error,error,error,error,error,error,error,error,error,error,error,error,error,error,error,error,error,error,error,error,error,error,error,error,error,error,error,error,error,error,error,error,error,error,error,error,error,error,error,error,error,error,error,error,error,error,error,error,error,error,error,error,error,error,error,error,error,error,error,error,error,error,error,error,error,error,error,error,error,error,error,error,error,error,error,error,error,error,error,error,76.717783,76.717783,76.717783,76.717783,76.717783,76.717783,76.717783,76.717783,76.717783,76.717783,76.717783,76.717783,76.717783,76.717783,76.717783,76.717783,76.717783,76.717783,76.717783,76.717783,76.717783,76.717783,76.717783,76.717783,76.717783,76.717783,76.717783,76.717783,76.717783,76.717783,76.717783,76.717783,76.717783,76.717783,76.717783,76.717783,76.717783,76.717783,76.717783,76.717783,76.717783,76.717783,76.717783,76.717783,76.717783,76.717783,76.717783,76.717783,76.717783,76.717783,76.717783,76.717783,76.717783,76.717783,76.717783,76.717783,76.717783,76.717783,76.717783,76.717783,76.717783,76.717783,76.717783,76.717783,76.717783,76.717783,76.717783,76.717783,12.056523,12.056523,12.056523,12.056523,12.056523,12.056523,12.056523,12.056523,12.056523,12.056523
iff_1_2_2_4,3,timeout,timeout,timeout,timeout,timeout,timeout,timeout,timeout,timeout,timeout,timeout,timeout,timeout,timeout,timeout,timeout,timeout,timeout,timeout,timeout,timeout,timeout,timeout,timeout,timeout,timeout,timeout,timeout,timeout,timeout,timeout,timeout,timeout,timeout,timeout,timeout,timeout,timeout,timeout,timeout,timeout,timeout,timeout,timeout,timeout,timeout,timeout,timeout,timeout,timeout,timeout,timeout,timeout,timeout,timeout,timeout,timeout,timeout,timeout,timeout,timeout,timeout,timeout,timeout,timeout,timeout,timeout,timeout,timeout,timeout,307.229459,307.229459,307.229459,307.229459,210.491118,210.491118,210.491118,210.491118,210.491118,210.491118,210.491118,210.491118,210.491118,210.491118,210.491118,210.491118,210.491118,210.491118,210.491118,210.491118,210.491118,210.491118,210.491118,210.491118,210.491118,210.491118,210.491118,210.491118,210.491118,210.491118,210.491118,210.491118,210.491118,210.491118,210.491118,210.491118,210.491118,210.491118,210.491118,210.491118,210.491118,210.491118,210.491118,210.491118,210.491118,210.491118,210.491118,210.491118,114.234266,114.234266,114.234266,114.234266,114.234266,114.234266,114.234266,114.234266,114.234266,114.234266,114.234266,114.234266,114.234266,114.234266,114.234266,114.234266,114.234266,114.234266,114.234266,114.234266,114.234266,114.234266,114.234266,114.234266,114.234266,114.234266,114.234266,114.234266,114.234266,114.234266,114.234266,114.234266,114.234266,114.234266,114.234266,114.234266,114.234266,114.234266,114.234266,114.234266,114.234266,114.234266,114.234266,114.234266,114.234266,114.234266,114.234266,114.234266,114.234266,114.234266,114.234266,114.234266,114.234266,114.234266,114.234266,114.234266,114.234266,114.234266,114.234266,114.234266,114.234266,114.234266,114.234266,114.234266,114.234266,114.234266,114.234266,114.234266,114.234266,114.234266,114.234266,18.074022,18.074022,18.074022,18.074022,18.074022,18.074022,18.074022,18.074022
iff_1_2_2_4,4,timeout,timeout,timeout,timeout,timeout,timeout,timeout,timeout,timeout,timeout,timeout,timeout,timeout,timeout,timeout,timeout,timeout,timeout,timeout,timeout,timeout,timeout,timeout,timeout,timeout,timeout,timeout,timeout,timeout,timeout,timeout,timeout,timeout,timeout,timeout,timeout,timeout,timeout,timeout,timeout,timeout,timeout,timeout,timeout,timeout,timeout,timeout,timeout,timeout,timeout,timeout,timeout,timeout,timeout,timeout,timeout,timeout,375.2,375.2,375.2,375.2,375.2,375.2,375.2,375.2,375.2,375.2,247.464541,247.464541,247.464541,247.464541,247.464541,247.464541,247.464541,247.464541,247.464541,247.464541,247.464541,247.464541,247.464541,247.464541,247.464541,247.464541,247.464541,247.464541,247.464541,247.464541,247.464541,247.464541,247.464541,247.464541,247.464541,247.464541,247.464541,247.464541,247.464541,247.464541,247.464541,247.464541,247.464541,247.464541,247.464541,247.464541,247.464541,247.464541,247.464541,247.464541,247.464541,247.464541,247.464541,247.464541,247.464541,247.464541,247.464541,247.464541,247.464541,120.09296,120.09296,120.09296,120.09296,120.09296,120.09296,120.09296,120.09296,120.09296,120.09296,120.09296,120.09296,120.09296,120.09296,120.09296,120.09296,120.09296,120.09296,120.09296,120.09296,120.09296,120.09296,120.09296,120.09296,120.09296,120.09296,120.09296,120.09296,120.09296,120.09296,120.09296,120.09296,120.09296,120.09296,120.09296,120.09296,120.09296,120.09296,120.09296,120.09296,120.09296,120.09296,120.09296,120.09296,120.09296,120.09296,120.09296,120.09296,120.09296,120.09296,120.09296,120.09296,120.09296,120.09296,120.09296,120.09296,120.09296,120.09296,120.09296,120.09296,120.09296,120.09296,120.09296,120.09296,120.09296,120.09296,120.09296,120.09296,120.09296,120.09296,120.09296,120.09296,120.09296,120.09296,23.917012,23.917012,23.917012,23.917012,23.917012,23.917012,23.917012
iff_1_2_2_4,5,timeout,timeout,timeout,timeout,timeout,timeout,timeout,timeout,timeout,timeout,timeout,timeout,timeout,timeout,timeout,timeout,timeout,timeout,timeout,timeout,timeout,timeout,timeout,timeout,timeout,timeout,timeout,timeout,timeout,timeout,timeout,timeout,timeout,timeout,timeout,timeout,timeout,timeout,timeout,timeout,timeout,timeout,timeout,timeout,timeout,timeout,timeout,timeout,timeout,timeout,timeout,timeout,timeout,timeout,timeout,timeout,timeout,timeout,timeout,timeout,timeout,timeout,timeout,timeout,timeout,381.827551,381.827551,381.827551,254.211061,254.211061,254.211061,254.211061,254.211061,254.211061,254.211061,254.211061,254.211061,254.211061,254.211061,254.211061,254.211061,254.211061,254.211061,254.211061,254.211061,254.211061,254.211061,254.211061,254.211061,254.211061,254.211061,254.211061,254.211061,254.211061,254.211061,254.211061,254.211061,254.211061,254.211061,254.211061,254.211061,254.211061,254.211061,254.211061,254.211061,254.211061,254.211061,254.211061,254.211061,254.211061,254.211061,254.211061,254.211061,254.211061,126.935491,126.935491,126.935491,126.935491,126.935491,126.935491,126.935491,126.935491,126.935491,126.935491,126.935491,126.935491,126.935491,126.935491,126.935491,126.935491,126.935491,126.935491,126.935491,126.935491,126.935491,126.935491,126.935491,126.935491,126.935491,126.935491,126.935491,126.935491,126.935491,126.935491,126.935491,126.935491,126.935491,126.935491,126.935491,126.935491,126.935491,126.935491,126.935491,126.935491,126.935491,126.935491,126.935491,126.935491,126.935491,126.935491,126.935491,126.935491,126.935491,126.935491,126.935491,126.935491,126.935491,126.935491,126.935491,126.935491,126.935491,126.935491,126.935491,126.935491,126.935491,126.935491,126.935491,126.935491,126.935491,126.935491,126.935491,126.935491,126.935491,126.935491,126.935491,126.935491,126.935491,126.935491,126.935491,126.935491,126.935491,126.935491,29.968624,29.968624,29.968624,29.968624,29.968624
iff_1_2_2_4,6,timeout,timeout,timeout,timeout,timeout,timeout,timeout,timeout,timeout,timeout,timeout,timeout,timeout,timeout,timeout,timeout,timeout,timeout,timeout,timeout,timeout,timeout,timeout,timeout,timeout,timeout,timeout,timeout,timeout,timeout,timeout,timeout,timeout,timeout,timeout,timeout,timeout,timeout,timeout,timeout,timeout,timeout,timeout,timeout,timeout,timeout,timeout,timeout,timeout,timeout,timeout,timeout,timeout,timeout,timeout,timeout,timeout,timeout,timeout,timeout,timeout,timeout,timeout,timeout,timeout,timeout,324.694133,324.694133,324.694133,324.694133,324.694133,228.996656,228.996656,228.996656,228.996656,228.996656,228.996656,228.996656,228.996656,228.996656,228.996656,228.996656,228.996656,228.996656,228.996656,228.996656,228.996656,228.996656,228.996656,228.996656,228.996656,228.996656,228.996656,228.996656,228.996656,228.996656,228.996656,228.996656,228.996656,228.996656,228.996656,228.996656,228.996656,228.996656,228.996656,228.996656,228.996656,228.996656,228.996656,228.996656,228.996656,228.996656,228.996656,228.996656,228.996656,133.358436,133.358436,133.358436,133.358436,133.358436,133.358436,133.358436,133.358436,133.358436,133.358436,133.358436,133.358436,133.358436,133.358436,133.358436,133.358436,133.358436,133.358436,133.358436,133.358436,133.358436,133.358436,133.358436,133.358436,133.358436,133.358436,133.358436,133.358436,133.358436,133.358436,133.358436,133.358436,133.358436,133.358436,133.358436,133.358436,133.358436,133.358436,133.358436,133.358436,133.358436,133.358436,133.358436,133.358436,133.358436,133.358436,133.358436,133.358436,133.358436,133.358436,133.358436,133.358436,133.358436,133.358436,133.358436,133.358436,133.358436,133.358436,133.358436,133.358436,133.358436,133.358436,133.358436,133.358436,133.358436,133.358436,133.358436,133.358436,133.358436,133.358436,133.358436,133.358436,133.358436,133.358436,133.358436,133.358436,133.358436,133.358436,133.358436,35.923125,35.923125,35.923125
iff_1_2_4_0,1,timeout,timeout,timeout,timeout,timeout,timeout,timeout,timeout,timeout,timeout,timeout,timeout,timeout,timeout,timeout,timeout,timeout,timeout,timeout,timeout,timeout,timeout,timeout,timeout,timeout,timeout,timeout,timeout,timeout,timeout,timeout,timeout,timeout,timeout,timeout,timeout,timeout,timeout,timeout,timeout,timeout,timeout,timeout,timeout,timeout,timeout,timeout,timeout,timeout,timeout,timeout,timeout,timeout,timeout,timeout,timeout,timeout,timeout,timeout,timeout,timeout,timeout,timeout,timeout,timeout,timeout,timeout,timeout,timeout,timeout,timeout,timeout,timeout,timeout,timeout,timeout,timeout,timeout,timeout,timeout,timeout,timeout,timeout,timeout,timeout,timeout,timeout,timeout,timeout,timeout,timeout,timeout,timeout,timeout,timeout,timeout,timeout,timeout,timeout,timeout,timeout,timeout,timeout,timeout,timeout,timeout,timeout,timeout,timeout,timeout,timeout,timeout,timeout,timeout,timeout,timeout,timeout,timeout,timeout,timeout,timeout,timeout,timeout,timeout,timeout,timeout,timeout,timeout,timeout,timeout,timeout,timeout,timeout,timeout,timeout,timeout,timeout,timeout,timeout,timeout,timeout,timeout,timeout,timeout,timeout,timeout,timeout,timeout,timeout,timeout,timeout,timeout,timeout,timeout,timeout,timeout,timeout,timeout,timeout,timeout,timeout,timeout,timeout,timeout,timeout,timeout,timeout,timeout,timeout,6.003487,6.003487,6.003487,6.003487,6.003487,6.003487,6.003487,6.003487,6.003487,6.003487,6.003487,6.003487,6.003487,6.003487,6.003487,6.003487,6.003487,6.003487,6.003487,6.003487,6.003487,6.003487,6.003487,6.003487,6.003487,6.003487,6.003487,6.003487
iff_1_2_4_0,2,error,error,error,error,error,error,error,error,error,error,error,error,error,error,error,error,error,error,error,error,error,error,error,error,error,error,error,error,error,error,error,error,error,error,error,error,error,error,error,error,error,error,error,error,error,error,error,error,error,error,error,error,error,error,error,error,error,error,error,error,error,error,error,error,error,error,error,error,error,error,error,error,error,error,error,error,error,error,error,error,error,error,error,error,error,error,error,error,error,error,error,error,error,error,error,error,error,error,error,error,error,error,error,error,error,error,error,error,error,error,error,error,error,error,error,error,error,error,error,76.964088,76.964088,76.964088,76.964088,76.964088,76.964088,76.964088,76.964088,76.964088,76.964088,76.964088,76.964088,76.964088,76.964088,76.964088,76.964088,76.964088,76.964088,76.964088,76.964088,76.964088,76.964088,76.964088,76.964088,76.964088,76.964088,76.964088,76.964088,76.964088,76.964088,76.964088,76.964088,76.964088,76.964088,76.964088,76.964088,76.964088,76.964088,76.964088,76.964088,76.964088,76.964088,76.964088,76.964088,76.964088,76.964088,76.964088,76.964088,76.964088,76.964088,76.964088,76.964088,76.964088,76.964088,76.964088,76.964088,76.964088,76.964088,76.964088,76.964088,76.964088,76.964088,76.964088,76.964088,76.964088,76.964088,76.964088,76.964088,12.070612,12.070612,12.070612,12.070612,12.070612,12.070612,12.070612,12.070612,12.070612,12.070612
iff_1_2_4_0,3,timeout,timeout,timeout,timeout,timeout,timeout,timeout,timeout,timeout,timeout,timeout,timeout,timeout,timeout,timeout,timeout,timeout,timeout,timeout,timeout,timeout,timeout,timeout,timeout,timeout,timeout,timeout,timeout,timeout,timeout,timeout,timeout,timeout,timeout,timeout,timeout,timeout,timeout,timeout,timeout,timeout,timeout,timeout,timeout,timeout,timeout,timeout,timeout,timeout,timeout,timeout,timeout,timeout,timeout,timeout,timeout,timeout,timeout,timeout,timeout,timeout,timeout,306.711583,209.902358,209.902358,209.902358,209.902358,209.902358,209.902358,209.902358,209.902358,209.902358,209.902358,209.902358,209.902358,209.902358,209.902358,209.902358,209.902358,209.902358,209.902358,209.902358,209.902358,209.902358,209.902358,209.902358,209.902358,209.902358,209.902358,209.902358,209.902358,209.902358,209.902358,209.902358,209.902358,209.902358,209.902358,209.902358,209.902358,209.902358,209.902358,209.902358,209.902358,209.902358,209.902358,209.902358,209.902358,209.902358,209.902358,209.902358,209.902358,209.902358,209.902358,209.902358,209.902358,209.902358,209.902358,209.902358,113.962958,113.962958,113.962958,113.962958,113.962958,113.962958,113.962958,113.962958,113.962958,113.962958,113.962958,113.962958,113.962958,113.962958,113.962958,113.962958,113.962958,113.962958,113.962958,113.962958,113.962958,113.962958,113.962958,113.962958,113.962958,113.962958,113.962958,113.962958,113.962958,113.962958,113.962958,113.962958,113.962958,113.962958,113.962958,113.962958,113.962958,113.962958,113.962958,113.962958,113.962958,113.962958,113.962958,113.962958,113.962958,113.962958,113.962958,113.962958,113.962958,113.962958,113.962958,113.962958,113.962958,113.962958,113.962958,113.962958,113.962958,113.962958,113.962958,113.962958,113.962958,113.962958,113.962958,113.962958,113.962958,113.962958,113.962958,113.962958,113.962958,113.962958,113.962958,17.928714,17.928714,17.928714,17.928714,17.928714,17.928714,17.928714,17.928714
iff_1_2_4_0,4,timeout,timeout,timeout,timeout,timeout,timeout,timeout,timeout,timeout,timeout,timeout,timeout,timeout,timeout,timeout,timeout,timeout,timeout,timeout,timeout,timeout,timeout,timeout,timeout,timeout,timeout,timeout,timeout,timeout,timeout,timeout,timeout,timeout,timeout,timeout,timeout,timeout,timeout,timeout,timeout,timeout,timeout,timeout,timeout,timeout,timeout,timeout,timeout,timeout,timeout,timeout,timeout,timeout,timeout,timeout,timeout,timeout,timeout,375.746958,375.746958,247.673112,247.673112,247.673112,247.673112,247.673112,247.673112,247.673112,247.673112,247.673112,247.673112,247.673112,247.673112,247.673112,247.673112,247.673112,247.673112,247.673112,247.673112,247.673112,247.673112,247.673112,247.673112,247.673112,247.673112,247.673112,247.673112,247.673112,247.673112,247.673112,247.673112,247.673112,247.673112,247.673112,247.673112,247.673112,247.673112,247.673112,247.673112,247.673112,247.673112,247.673112,247.673112,247.673112,247.673112,247.673112,247.673112,247.673112,247.673112,247.673112,247.673112,247.673112,247.673112,247.673112,247.673112,247.673112,247.673112,119.923301,119.923301,119.923301,119.923301,119.923301,119.923301,119.923301,119.923301,119.923301,119.923301,119.923301,119.923301,119.923301,119.923301,119.923301,119.923301,119.923301,119.923301,119.923301,119.923301,119.923301,119.923301,119.923301,119.923301,119.923301,119.923301,119.923301,119.923301,119.923301,119.923301,119.923301,119.923301,119.923301,119.923301,119.923301,119.923301,119.923301,119.923301,119.923301,119.923301,119.923301,119.923301,119.923301,119.923301,119.923301,119.923301,119.923301,119.923301,119.923301,119.923301,119.923301,119.923301,119.923301,119.923301,119.923301,119.923301,119.923301,119.923301,119.923301,119.923301,119.923301,119.923301,119.923301,119.923301,119.923301,119.923301,119.923301,119.923301,119.923301,119.923301,119.923301,119.923301,119.923301,119.923301,23.746487,23.746487,23.746487,23.746487,23.746487,23.746487,23.746487
iff_1_2_4_0,5,timeout,timeout,timeout,timeout,timeout,timeout,timeout,timeout,timeout,timeout,timeout,timeout,timeout,timeout,timeout,timeout,timeout,timeout,timeout,timeout,timeout,timeout,timeout,timeout,timeout,timeout,timeout,timeout,timeout,timeout,timeout,timeout,timeout,timeout,timeout,timeout,timeout,timeout,timeout,timeout,timeout,timeout,timeout,timeout,timeout,timeout,timeout,timeout,timeout,timeout,timeout,timeout,timeout,timeout,timeout,timeout,timeout,timeout,timeout,timeout,timeout,255.065468,255.065468,255.065468,255.065468,255.065468,255.065468,255.065468,255.065468,255.065468,255.065468,255.065468,255.065468,255.065468,255.065468,255.065468,255.065468,255.065468,255.065468,255.065468,255.065468,255.065468,255.065468,255.065468,255.065468,255.065468,255.065468,255.065468,255.065468,255.065468,255.065468,255.065468,255.065468,255.065468,255.065468,255.065468,255.065468,255.065468,255.065468,255.065468,255.065468,255.065468,255.065468,255.065468,255.065468,255.065468,255.065468,255.065468,255.065468,255.065468,255.065468,255.065468,127.138802,127.138802,127.138802,127.138802,127.138802,127.138802,127.138802,127.138802,127.138802,127.138802,127.138802,127.138802,127.138802,127.138802,127.138802,127.138802,127.138802,127.138802,127.138802,127.138802,127.138802,127.138802,127.138802,127.138802,127.138802,127.138802,127.138802,127.138802,127.138802,127.138802,127.138802,127.138802,127.138802,127.138802,127.138802,127.138802,127.138802,127.138802,127.138802,127.138802,127.138802,127.138802,127.138802,127.138802,127.138802,127.138802,127.138802,127.138802,127.138802,127.138802,127.138802,127.138802,127.138802,127.138802,127.138802,127.138802,127.138802,127.138802,127.138802,127.138802,127.138802,127.138802,127.138802,127.138802,127.138802,127.138802,127.138802,127.138802,127.138802,127.138802,127.138802,127.138802,127.138802,127.138802,127.138802,127.138802,127.138802,127.138802,127.138802,127.138802,30.059509,30.059509,30.059509,30.059509,30.059509
iff_1_2_4_0,6,timeout,timeout,timeout,timeout,timeout,timeout,timeout,timeout,timeout,timeout,timeout,timeout,timeout,timeout,timeout,timeout,timeout,timeout,timeout,timeout,timeout,timeout,timeout,timeout,timeout,timeout,timeout,timeout,timeout,timeout,timeout,timeout,timeout,timeout,timeout,timeout,timeout,timeout,timeout,timeout,timeout,timeout,timeout,timeout,timeout,timeout,timeout,timeout,timeout,timeout,timeout,timeout,timeout,timeout,timeout,timeout,timeout,timeout,timeout,229.04807,229.04807,229.04807,229.04807,229.04807,229.04807,229.04807,229.04807,229.04807,229.04807,229.04807,229.04807,229.04807,229.04807,229.04807,229.04807,229.04807,229.04807,229.04807,229.04807,229.04807,229.04807,229.04807,229.04807,229.04807,229.04807,229.04807,229.04807,229.04807,229.04807,229.04807,229.04807,229.04807,229.04807,229.04807,229.04807,229.04807,229.04807,229.04807,229.04807,229.04807,229.04807,229.04807,229.04807,229.04807,229.04807,229.04807,229.04807,229.04807,229.04807,229.04807,229.04807,229.04807,229.04807,133.323256,133.323256,133.323256,133.323256,133.323256,133.323256,133.323256,133.323256,133.323256,133.323256,133.323256,133.323256,133.323256,133.323256,133.323256,133.323256,133.323256,133.323256,133.323256,133.323256,133.323256,133.323256,133.323256,133.323256,133.323256,133.323256,133.323256,133.323256,133.323256,133.323256,133.323256,133.323256,133.323256,133.323256,133.323256,133.323256,133.323256,133.323256,133.323256,133.323256,133.323256,133.323256,133.323256,133.323256,133.323256,133.323256,133.323256,133.323256,133.323256,133.323256,133.323256,133.323256,133.323256,133.323256,133.323256,133.323256,133.323256,133.323256,133.323256,133.323256,133.323256,133.323256,133.323256,133.323256,133.323256,133.323256,133.323256,133.323256,133.323256,133.323256,133.323256,133.323256,133.323256,133.323256,133.323256,133.323256,133.323256,133.323256,133.323256,133.323256,133.323256,35.868922,35.868922,35.868922
iff_1_2_4_2,1,timeout,timeout,timeout,timeout,timeout,timeout,timeout,timeout,timeout,timeout,timeout,timeout,timeout,timeout,timeout,timeout,timeout,timeout,timeout,timeout,timeout,timeout,timeout,timeout,timeout,timeout,timeout,timeout,timeout,timeout,timeout,timeout,timeout,timeout,timeout,timeout,timeout,timeout,timeout,timeout,timeout,timeout,timeout,timeout,timeout,timeout,timeout,timeout,timeout,timeout,timeout,timeout,timeout,timeout,timeout,timeout,timeout,timeout,timeout,timeout,timeout,timeout,timeout,timeout,timeout,timeout,timeout,timeout,timeout,timeout,timeout,timeout,timeout,timeout,timeout,timeout,timeout,timeout,timeout,timeout,timeout,timeout,timeout,timeout,timeout,timeout,timeout,timeout,timeout,timeout,timeout,timeout,timeout,timeout,timeout,timeout,timeout,timeout,timeout,timeout,timeout,timeout,timeout,timeout,timeout,timeout,timeout,timeout,timeout,timeout,timeout,timeout,timeout,timeout,timeout,timeout,timeout,timeout,timeout,timeout,timeout,timeout,timeout,timeout,timeout,timeout,timeout,timeout,timeout,timeout,timeout,timeout,timeout,timeout,timeout,timeout,timeout,timeout,timeout,timeout,timeout,timeout,timeout,timeout,timeout,timeout,timeout,timeout,timeout,timeout,timeout,timeout,timeout,timeout,timeout,timeout,timeout,timeout,timeout,timeout,timeout,timeout,timeout,timeout,timeout,timeout,timeout,timeout,timeout,6.081885,6.081885,6.081885,6.081885,6.081885,6.081885,6.081885,6.081885,6.081885,6.081885,6.081885,6.081885,6.081885,6.081885,6.081885,6.081885,6.081885,6.081885,6.081885,6.081885,6.081885,6.081885,6.081885,6.081885,6.081885,6.081885,6.081885,6.081885
iff_1_2_4_2,2,error,error,error,error,error,error,error,error,error,error,error,error,error,error,error,error,error,error,error,error,error,error,error,error,error,error,error,error,error,error,error,error,error,error,error,error,error,error,error,error,error,error,error,error,error,error,error,error,error,error,error,error,error,error,error,error,error,error,error,error,error,error,error,error,error,error,error,error,error,error,error,error,error,error,error,error,error,error,error,error,error,error,error,error,error,error,error,error,error,error,error,error,error,error,error,error,error,error,error,error,error,error,error,error,error,error,error,error,error,error,error,error,error,error,error,error,error,error,error,78.266124,78.266124,78.266124,78.266124,78.266124,78.266124,78.266124,78.266124,78.266124,78.266124,78.266124,78.266124,78.266124,78.266124,78.266124,78.266124,78.266124,78.266124,78.266124,78.266124,78.266124,78.266124,78.266124,78.266124,78.266124,78.266124,78.266124,78.266124,78.266124,78.266124,78.266124,78.266124,78.266124,78.266124,78.266124,78.266124,78.266124,78.266124,78.266124,78.266124,78.266124,78.266124,78.266124,78.266124,78.266124,78.266124,78.266124,78.266124,78.266124,78.266124,78.266124,78.266124,78.266124,78.266124,78.266124,78.266124,78.266124,78.266124,78.266124,78.266124,78.266124,78.266124,78.266124,78.266124,78.266124,78.266124,78.266124,78.266124,12.128613,12.128613,12.128613,12.128613,12.128613,12.128613,12.128613,12.128613,12.128613,12.128613
iff_1_2_4_2,3,timeout,timeout,timeout,timeout,timeout,timeout,timeout,timeout,timeout,timeout,timeout,timeout,timeout,timeout,timeout,timeout,timeout,timeout,timeout,timeout,timeout,timeout,timeout,timeout,timeout,timeout,timeout,timeout,timeout,timeout,timeout,timeout,timeout,timeout,timeout,timeout,timeout,timeout,timeout,timeout,timeout,timeout,timeout,timeout,timeout,timeout,timeout,timeout,timeout,timeout,timeout,timeout,timeout,timeout,timeout,timeout,timeout,timeout,timeout,timeout,timeout,timeout,timeout,timeout,timeout,timeout,timeout,timeout,timeout,311.671375,311.671375,311.671375,213.738168,213.738168,213.738168,213.738168,213.738168,213.738168,213.738168,213.738168,213.738168,213.738168,213.738168,213.738168,213.738168,213.738168,213.738168,213.738168,213.738168,213.738168,213.738168,213.738168,213.738168,213.738168,213.738168,213.738168,213.738168,213.738168,213.738168,213.738168,213.738168,213.738168,213.738168,213.738168,213.738168,213.738168,213.738168,213.738168,213.738168,213.738168,213.738168,213.738168,213.738168,213.738168,213.738168,213.738168,213.738168,213.738168,116.052927,116.052927,116.052927,116.052927,116.052927,116.052927,116.052927,116.052927,116.052927,116.052927,116.052927,116.052927,116.052927,116.052927,116.052927,116.052927,116.052927,116.052927,116.052927,116.052927,116.052927,116.052927,116.052927,116.052927,116.052927,116.052927,116.052927,116.052927,116.052927,116.052927,116.052927,116.052927,116.052927,116.052927,116.052927,116.052927,116.052927,116.052927,116.052927,116.052927,116.052927,116.052927,116.052927,116.052927,116.052927,116.052927,116.052927,116.052927,116.052927,116.052927,116.052927,116.052927,116.052927,116.052927,116.052927,116.052927,116.052927,116.052927,116.052927,116.052927,116.052927,116.052927,116.052927,116.052927,116.052927,116.052927,116.052927,116.052927,116.052927,116.052927,116.052927,18.208854,18.208854,18.208854,18.208854,18.208854,18.208854,18.208854,18.208854
iff_1_2_4_2,4,timeout,timeout,timeout,timeout,timeout,timeout,timeout,timeout,timeout,timeout,timeout,timeout,timeout,timeout,timeout,timeout,timeout,timeout,timeout,timeout,timeout,timeout,timeout,timeout,timeout,timeout,timeout,timeout,timeout,timeout,timeout,timeout,timeout,timeout,timeout,timeout,timeout,timeout,timeout,timeout,timeout,timeout,timeout,timeout,timeout,timeout,timeout,timeout,timeout,timeout,timeout,timeout,timeout,timeout,timeout,timeout,382.914156,382.914156,382.914156,382.914156,382.914156,382.914156,382.914156,382.914156,252.617002,252.617002,252.617002,252.617002,252.617002,252.617002,252.617002,252.617002,252.617002,252.617002,252.617002,252.617002,252.617002,252.617002,252.617002,252.617002,252.617002,252.617002,252.617002,252.617002,252.617002,252.617002,252.617002,252.617002,252.617002,252.617002,252.617002,252.617002,252.617002,252.617002,252.617002,252.617002,252.617002,252.617002,252.617002,252.617002,252.617002,252.617002,252.617002,252.617002,252.617002,252.617002,252.617002,252.617002,252.617002,252.617002,252.617002,252.617002,252.617002,252.617002,252.617002,252.617002,123.428096,123.428096,123.428096,123.428096,123.428096,123.428096,123.428096,123.428096,123.428096,123.428096,123.428096,123.428096,123.428096,123.428096,123.428096,123.428096,123.428096,123.428096,123.428096,123.428096,123.428096,123.428096,123.428096,123.428096,123.428096,123.428096,123.428096,123.428096,123.428096,123.428096,123.428096,123.428096,123.428096,123.428096,123.428096,123.428096,123.428096,123.428096,123.428096,123.428096,123.428096,123.428096,123.428096,123.428096,123.428096,123.428096,123.428096,123.428096,123.428096,123.428096,123.428096,123.428096,123.428096,123.428096,123.428096,123.428096,123.428096,123.428096,123.428096,123.428096,123.428096,123.428096,123.428096,123.428096,123.428096,123.428096,123.428096,123.428096,123.428096,123.428096,123.428096,123.428096,123.428096,123.428096,24.658906,24.658906,24.658906,24.658906,24.658906,24.658906,24.658906
iff_1_2_4_2,5,timeout,timeout,timeout,timeout,timeout,timeout,timeout,timeout,timeout,timeout,timeout,timeout,timeout,timeout,timeout,timeout,timeout,timeout,timeout,timeout,timeout,timeout,timeout,timeout,timeout,timeout,timeout,timeout,timeout,timeout,timeout,timeout,timeout,timeout,timeout,timeout,timeout,timeout,timeout,timeout,timeout,timeout,timeout,timeout,timeout,timeout,timeout,timeout,timeout,timeout,timeout,timeout,timeout,timeout,timeout,timeout,timeout,timeout,timeout,timeout,timeout,timeout,timeout,timeout,timeout,timeout,timeout,timeout,timeout,timeout,timeout,timeout,timeout,timeout,timeout,timeout,timeout,timeout,timeout,timeout,timeout,timeout,timeout,timeout,timeout,timeout,timeout,timeout,timeout,timeout,timeout,timeout,timeout,timeout,timeout,timeout,timeout,timeout,timeout,timeout,timeout,timeout,timeout,timeout,timeout,timeout,timeout,timeout,timeout,timeout,timeout,timeout,timeout,timeout,130.144402,130.144402,130.144402,130.144402,130.144402,130.144402,130.144402,130.144402,130.144402,130.144402,130.144402,130.144402,130.144402,130.144402,130.144402,130.144402,130.144402,130.144402,130.144402,130.144402,130.144402,130.144402,130.144402,130.144402,130.144402,130.144402,130.144402,130.144402,130.144402,130.144402,130.144402,130.144402,130.144402,130.144402,130.144402,130.144402,130.144402,130.144402,130.144402,130.144402,130.144402,130.144402,130.144402,130.144402,130.144402,130.144402,130.144402,130.144402,130.144402,130.144402,130.144402,130.144402,130.144402,130.144402,130.144402,130.144402,130.144402,130.144402,130.144402,130.144402,130.144402,130.144402,130.144402,130.144402,130.144402,130.144402,130.144402,130.144402,130.144402,130.144402,130.144402,130.144402,130.144402,130.144402,130.144402,130.144402,130.144402,130.144402,31.097878,31.097878,31.097878,31.097878,31.097878
iff_1_2_4_2,6,timeout,timeout,timeout,timeout,timeout,timeout,timeout,timeout,timeout,timeout,timeout,timeout,timeout,timeout,timeout,timeout,timeout,timeout,timeout,timeout,timeout,timeout,timeout,timeout,timeout,timeout,timeout,timeout,timeout,timeout,timeout,timeout,timeout,timeout,timeout,timeout,timeout,timeout,timeout,timeout,timeout,timeout,timeout,timeout,timeout,timeout,timeout,timeout,timeout,timeout,timeout,timeout,timeout,timeout,timeout,428.610111,428.610111,428.610111,428.610111,428.610111,428.610111,428.610111,428.610111,428.610111,428.610111,428.610111,428.610111,428.610111,428.610111,428.610111,428.610111,428.610111,428.610111,331.335254,331.335254,331.335254,331.335254,331.335254,331.335254,331.335254,331.335254,331.335254,331.335254,331.335254,331.335254,331.335254,331.335254,331.335254,331.335254,331.335254,331.335254,331.335254,331.335254,331.335254,331.335254,331.335254,331.335254,331.335254,331.335254,331.335254,331.335254,331.335254,331.335254,331.335254,331.335254,331.335254,331.335254,331.335254,331.335254,331.335254,331.335254,331.335254,331.335254,331.335254,331.335254,331.335254,331.335254,234.21308,234.21308,234.21308,234.21308,234.21308,234.21308,234.21308,234.21308,234.21308,234.21308,234.21308,234.21308,234.21308,234.21308,234.21308,234.21308,234.21308,234.21308,234.21308,234.21308,234.21308,234.21308,234.21308,234.21308,234.21308,234.21308,234.21308,234.21308,234.21308,234.21308,234.21308,234.21308,234.21308,234.21308,234.21308,234.21308,234.21308,234.21308,234.21308,234.21308,234.21308,234.21308,234.21308,234.21308,234.21308,234.21308,234.21308,234.21308,234.21308,234.21308,234.21308,234.21308,234.21308,234.21308,234.21308,234.21308,234.21308,234.21308,234.21308,234.21308,234.21308,234.21308,234.21308,234.21308,234.21308,234.21308,234.21308,234.21308,234.21308,234.21308,234.21308,234.21308,234.21308,234.21308,234.21308,234.21308,234.21308,36.590249,36.590249,36.590249
iff_1_3_0_2,1,timeout,timeout,timeout,timeout,timeout,timeout,timeout,timeout,timeout,timeout,timeout,timeout,timeout,timeout,timeout,timeout,timeout,timeout,timeout,timeout,timeout,timeout,timeout,timeout,timeout,timeout,timeout,timeout,timeout,timeout,timeout,timeout,timeout,timeout,timeout,timeout,timeout,timeout,timeout,timeout,timeout,timeout,timeout,timeout,timeout,timeout,timeout,timeout,timeout,timeout,timeout,timeout,timeout,timeout,timeout,timeout,timeout,timeout,timeout,timeout,timeout,timeout,timeout,timeout,timeout,timeout,timeout,timeout,timeout,timeout,timeout,timeout,timeout,timeout,timeout,timeout,timeout,timeout,timeout,timeout,timeout,timeout,timeout,timeout,timeout,timeout,timeout,timeout,timeout,timeout,timeout,timeout,timeout,timeout,timeout,timeout,timeout,timeout,timeout,timeout,timeout,timeout,timeout,timeout,timeout,timeout,timeout,timeout,timeout,timeout,timeout,timeout,timeout,timeout,timeout,timeout,timeout,timeout,timeout,timeout,timeout,timeout,timeout,timeout,timeout,timeout,timeout,timeout,timeout,timeout,timeout,timeout,timeout,timeout,timeout,timeout,timeout,timeout,timeout,timeout,timeout,timeout,timeout,timeout,timeout,timeout,timeout,timeout,timeout,timeout,timeout,timeout,timeout,timeout,timeout,timeout,timeout,timeout,timeout,timeout,timeout,timeout,timeout,timeout,timeout,timeout,timeout,timeout,timeout,timeout,6.019917,6.019917,6.019917,6.019917,6.019917,6.019917,6.019917,6.019917,6.019917,6.019917,6.019917,6.019917,6.019917,6.019917,6.019917,6.019917,6.019917,6.019917,6.019917,6.019917,6.019917,6.019917,6.019917,6.019917,6.019917,6.019917,6.019917
iff_1_3_0_2,2,141.641348,141.641348,141.641348,141.641348,141.641348,141.641348,141.641348,141.641348,141.641348,141.641348,141.641348,141.641348,141.641348,141.641348,141.641348,141.641348,141.641348,141.641348,141.641348,141.641348,141.641348,141.641348,141.641348,141.641348,141.641348,141.641348,141.641348,141.641348,141.641348,141.641348,141.641348,141.641348,141.641348,141.641348,141.641348,141.641348,141.641348,141.641348,141.641348,141.641348,141.641348,141.641348,141.641348,141.641348,141.641348,141.641348,141.641348,141.641348,141.641348,141.641348,141.641348,141.641348,141.641348,141.641348,141.641348,141.641348,141.641348,141.641348,141.641348,141.641348,141.641348,141.641348,141.641348,141.641348,141.641348,141.641348,141.641348,141.641348,141.641348,141.641348,141.641348,141.641348,141.641348,141.641348,141.641348,141.641348,141.641348,141.641348,141.641348,141.641348,141.641348,141.641348,141.641348,141.641348,141.641348,141.641348,141.641348,141.641348,141.641348,141.641348,141.641348,141.641348,141.641348,141.641348,141.641348,141.641348,141.641348,141.641348,141.641348,141.641348,141.641348,141.641348,141.641348,141.641348,141.641348,141.641348,141.641348,141.641348,141.641348,141.641348,141.641348,141.641348,141.641348,141.641348,141.641348,141.641348,141.641348,141.641348,141.641348,141.641348,141.641348,141.641348,141.641348,141.641348,141.641348,141.641348,141.641348,141.641348,141.641348,141.641348,141.641348,141.641348,141.641348,141.641348,141.641348,141.641348,141.641348,141.641348,141.641348,141.641348,141.641348,141.641348,141.641348,141.641348,141.641348,141.641348,141.641348,141.641348,77.059827,77.059827,77.059827,77.059827,77.059827,77.059827,77.059827,77.059827,77.059827,77.059827,77.059827,77.059827,77.059827,77.059827,77.059827,77.059827,77.059827,77.059827,77.059827,77.059827,77.059827,77.059827,77.059827,77.059827,77.059827,77.059827,77.059827,11.872165,11.872165,11.872165,11.872165,11.872165,11.872165,11.872165,11.872165,11.872165,11.872165,11.872165,11.872165,11.872165,11.872165,11.872165,11.872165,11.872165,11.872165,11.872165,11.872165,11.872165,11.872165
iff_1_3_0_2,3,213.48041,213.48041,213.48041,213.48041,213.48041,213.48041,213.48041,213.48041,213.48041,213.48041,213.48041,213.48041,213.48041,213.48041,213.48041,213.48041,213.48041,213.48041,213.48041,213.48041,213.48041,213.48041,213.48041,213.48041,213.48041,213.48041,213.48041,213.48041,213.48041,213.48041,213.48041,213.48041,213.48041,213.48041,213.48041,213.48041,213.48041,213.48041,213.48041,213.48041,213.48041,213.48041,213.48041,213.48041,213.48041,213.48041,213.48041,213.48041,213.48041,213.48041,213.48041,213.48041,213.48041,213.48041,213.48041,213.48041,213.48041,213.48041,213.48041,213.48041,213.48041,213.48041,213.48041,213.48041,213.48041,213.48041,213.48041,213.48041,213.48041,213.48041,213.48041,213.48041,213.48041,213.48041,213.48041,213.48041,213.48041,213.48041,213.48041,213.48041,213.48041,213.48041,213.48041,213.48041,213.48041,213.48041,213.48041,213.48041,213.48041,213.48041,213.48041,213.48041,213.48041,213.48041,213.48041,213.48041,213.48041,213.48041,213.48041,213.48041,213.48041,213.48041,213.48041,213.48041,213.48041,213.48041,213.48041,116.006194,116.006194,116.006194,116.006194,116.006194,116.006194,116.006194,116.006194,116.006194,116.006194,116.006194,116.006194,116.006194,116.006194,116.006194,116.006194,116.006194,116.006194,116.006194,116.006194,116.006194,116.006194,116.006194,116.006194,116.006194,116.006194,116.006194,116.006194,116.006194,116.006194,116.006194,116.006194,116.006194,116.006194,116.006194,116.006194,116.006194,116.006194,116.006194,116.006194,116.006194,116.006194,116.006194,116.006194,116.006194,116.006194,116.006194,116.006194,116.006194,116.006194,116.006194,116.006194,116.006194,116.006194,116.006194,116.006194,116.006194,116.006194,116.006194,116.006194,116.006194,116.006194,116.006194,116.006194,116.006194,116.006194,116.006194,116.006194,116.006194,116.006194,116.006194,17.900276,17.900276,17.900276,17.900276,17.900276,17.900276,17.900276,17.900276,17.900276,17.900276,17.900276,17.900276,17.900276,17.900276,17.900276,17.900276,17.900276,17.900276,17.900276
iff_1_3_0_2,4,error,error,error,error,error,error,error,error,error,error,error,error,error,error,error,error,error,error,error,error,error,error,error,error,error,error,error,error,error,error,error,error,error,error,error,error,error,error,error,error,error,error,error,error,error,error,error,error,error,error,error,error,error,error,error,error,error,error,error,error,error,error,error,error,error,error,error,error,error,error,error,error,error,error,error,error,error,error,error,error,error,error,error,error,error,error,error,error,error,error,error,error,error,error,error,error,error,error,error,error,error,error,error,error,error,error,error,error,error,154.878372,154.878372,154.878372,154.878372,154.878372,154.878372,154.878372,154.878372,154.878372,154.878372,154.878372,154.878372,154.878372,154.878372,154.878372,154.878372,154.878372,154.878372,154.878372,154.878372,154.878372,154.878372,154.878372,154.878372,154.878372,154.878372,154.878372,154.878372,154.878372,154.878372,154.878372,154.878372,154.878372,154.878372,154.878372,154.878372,154.878372,154.878372,154.878372,154.878372,154.878372,154.878372,154.878372,154.878372,154.878372,154.878372,154.878372,154.878372,154.878372,154.878372,154.878372,154.878372,154.878372,154.878372,154.878372,154.878372,154.878372,154.878372,154.878372,154.878372,154.878372,154.878372,154.878372,154.878372,154.878372,154.878372,154.878372,154.878372,154.878372,154.878372,154.878372,154.878372,154.878372,23.726062,23.726062,23.726062,23.726062,23.726062,23.726062,23.726062,23.726062,23.726062,23.726062,23.726062,23.726062,23.726062,23.726062,23.726062
iff_1_3_0_2,5,error,error,error,error,error,error,error,error,error,error,error,error,error,error,error,error,error,error,error,error,error,error,error,error,error,error,error,error,error,error,error,error,error,error,error,error,error,error,error,error,error,error,error,error,error,error,error,error,error,error,error,error,error,error,error,error,error,error,error,error,error,error,error,error,error,error,error,error,error,error,error,error,error,error,error,error,error,error,error,error,error,error,error,error,error,error,error,error,error,error,error,error,error,error,error,error,error,error,error,error,error,error,error,error,error,error,error,error,error,error,161.283435,161.283435,161.283435,161.283435,161.283435,161.283435,161.283435,161.283435,161.283435,161.283435,161.283435,161.283435,161.283435,161.283435,161.283435,161.283435,161.283435,161.283435,161.283435,161.283435,161.283435,161.283435,161.283435,161.283435,161.283435,161.283435,161.283435,161.283435,161.283435,161.283435,161.283435,161.283435,161.283435,161.283435,161.283435,161.283435,161.283435,161.283435,161.283435,161.283435,161.283435,161.283435,161.283435,161.283435,161.283435,161.283435,161.283435,161.283435,161.283435,161.283435,161.283435,161.283435,161.283435,161.283435,161.283435,161.283435,161.283435,161.283435,161.283435,161.283435,161.283435,161.283435,161.283435,161.283435,161.283435,161.283435,161.283435,161.283435,161.283435,161.283435,161.283435,161.283435,161.283435,161.283435,29.889981,29.889981,29.889981,29.889981,29.889981,29.889981,29.889981,29.889981,29.889981,29.889981,29.889981,29.889981,29.889981
iff_1_3_0_2,6,error,error,error,error,error,error,error,error,error,error,error,error,error,error,error,error,error,error,error,error,error,error,error,error,error,error,error,error,error,error,error,error,error,error,error,error,error,error,error,error,error,error,error,error,error,error,error,error,error,error,error,error,error,error,error,error,error,error,error,error,error,error,error,error,error,error,error,error,error,error,error,error,error,error,error,error,error,error,error,136.066608,136.066608,136.066608,136.066608,136.066608,136.066608,136.066608,136.066608,136.066608,136.066608,136.066608,136.066608,136.066608,136.066608,136.066608,136.066608,136.066608,136.066608,136.066608,136.066608,136.066608,136.066608,136.066608,136.066608,136.066608,136.066608,136.066608,136.066608,136.066608,136.066608,136.066608,136.066608,136.066608,136.066608,136.066608,136.066608,136.066608,136.066608,136.066608,136.066608,136.066608,136.066608,136.066608,136.066608,136.066608,136.066608,136.066608,136.066608,136.066608,136.066608,136.066608,136.066608,136.066608,136.066608,136.066608,136.066608,136.066608,136.066608,136.066608,136.066608,136.066608,136.066608,136.066608,136.066608,136.066608,136.066608,136.066608,136.066608,136.066608,136.066608,136.066608,136.066608,136.066608,136.066608,136.066608,136.066608,136.066608,136.066608,136.066608,136.066608,136.066608,136.066608,136.066608,136.066608,136.066608,136.066608,136.066608,136.066608,136.066608,136.066608,136.066608,136.066608,136.066608,136.066608,136.066608,136.066608,136.066608,136.066608,136.066608,136.066608,136.066608,136.066608,136.066608,136.066608,136.066608,136.066608,136.066608,35.956934,35.956934,35.956934,35.956934,35.956934,35.956934,35.956934,35.956934,35.956934,35.956934,35.956934
iff_1_3_0_4,1,timeout,timeout,timeout,timeout,timeout,timeout,timeout,timeout,timeout,timeout,timeout,timeout,timeout,timeout,timeout,timeout,timeout,timeout,timeout,timeout,timeout,timeout,timeout,timeout,timeout,timeout,timeout,timeout,timeout,timeout,timeout,timeout,timeout,timeout,timeout,timeout,timeout,timeout,timeout,timeout,timeout,timeout,timeout,timeout,timeout,timeout,timeout,timeout,timeout,timeout,timeout,timeout,timeout,timeout,timeout,timeout,timeout,timeout,timeout,timeout,timeout,timeout,timeout,timeout,timeout,timeout,timeout,timeout,timeout,timeout,timeout,timeout,timeout,timeout,timeout,timeout,timeout,timeout,timeout,timeout,timeout,timeout,timeout,timeout,timeout,timeout,timeout,timeout,timeout,timeout,timeout,timeout,timeout,timeout,timeout,timeout,timeout,timeout,timeout,timeout,timeout,timeout,timeout,timeout,timeout,timeout,timeout,timeout,timeout,timeout,timeout,timeout,timeout,timeout,timeout,timeout,timeout,timeout,timeout,timeout,timeout,timeout,timeout,timeout,timeout,timeout,timeout,timeout,timeout,timeout,timeout,timeout,timeout,timeout,timeout,timeout,timeout,timeout,timeout,timeout,timeout,timeout,timeout,timeout,timeout,timeout,timeout,timeout,timeout,timeout,timeout,timeout,timeout,timeout,timeout,timeout,timeout,timeout,timeout,timeout,timeout,timeout,timeout,timeout,timeout,timeout,timeout,5.981287,5.981287,5.981287,5.981287,5.981287,5.981287,5.981287,5.981287,5.981287,5.981287,5.981287,5.981287,5.981287,5.981287,5.981287,5.981287,5.981287,5.981287,5.981287,5.981287,5.981287,5.981287,5.981287,5.981287,5.981287,5.981287,5.981287,5.981287,5.981287,5.981287
iff_1_3_0_4,2,141.917578,141.917578,141.917578,141.917578,141.917578,141.917578,141.917578,141.917578,141.917578,141.917578,141.917578,141.917578,141.917578,141.917578,141.917578,141.917578,141.917578,141.917578,141.917578,141.917578,141.917578,141.917578,141.917578,141.917578,141.917578,141.917578,141.917578,141.917578,141.917578,141.917578,141.917578,141.917578,141.917578,141.917578,141.917578,141.917578,141.917578,141.917578,141.917578,141.917578,141.917578,141.917578,141.917578,141.917578,141.917578,141.917578,141.917578,141.917578,141.917578,141.917578,141.917578,141.917578,141.917578,141.917578,141.917578,141.917578,141.917578,141.917578,141.917578,141.917578,141.917578,141.917578,141.917578,141.917578,141.917578,141.917578,141.917578,141.917578,141.917578,141.917578,141.917578,141.917578,141.917578,141.917578,141.917578,141.917578,141.917578,141.917578,141.917578,141.917578,141.917578,141.917578,141.917578,141.917578,141.917578,141.917578,141.917578,141.917578,141.917578,141.917578,141.917578,141.917578,141.917578,141.917578,141.917578,141.917578,141.917578,141.917578,141.917578,141.917578,141.917578,141.917578,141.917578,141.917578,141.917578,141.917578,141.917578,141.917578,77.237247,77.237247,77.237247,77.237247,77.237247,77.237247,77.237247,77.237247,77.237247,77.237247,77.237247,77.237247,77.237247,77.237247,77.237247,77.237247,77.237247,77.237247,77.237247,77.237247,77.237247,77.237247,77.237247,77.237247,77.237247,77.237247,77.237247,77.237247,77.237247,77.237247,77.237247,77.237247,77.237247,77.237247,77.237247,77.237247,77.237247,77.237247,77.237247,77.237247,77.237247,77.237247,77.237247,77.237247,77.237247,77.237247,77.237247,77.237247,77.237247,77.237247,77.237247,77.237247,77.237247,77.237247,77.237247,77.237247,77.237247,77.237247,77.237247,77.237247,77.237247,77.237247,77.237247,11.878174,11.878174,11.878174,11.878174,11.878174,11.878174,11.878174,11.878174,11.878174,11.878174,11.878174,11.878174,11.878174,11.878174,11.878174,11.878174,11.878174,11.878174,11.878174,11.878174,11.878174,11.878174,11.878174,11.878174,11.878174,11.878174
iff_1_3_0_4,3,408.103823,408.103823,408.103823,408.103823,408.103823,408.103823,408.103823,408.103823,408.103823,408.103823,408.103823,408.103823,408.103823,408.103823,408.103823,408.103823,408.103823,408.103823,408.103823,408.103823,408.103823,408.103823,408.103823,408.103823,408.103823,408.103823,408.103823,408.103823,408.103823,408.103823,408.103823,408.103823,408.103823,408.103823,408.103823,408.103823,408.103823,408.103823,408.103823,408.103823,408.103823,408.103823,408.103823,408.103823,408.103823,408.103823,408.103823,408.103823,408.103823,408.103823,408.103823,408.103823,408.103823,408.103823,408.103823,408.103823,408.103823,408.103823,408.103823,408.103823,408.103823,408.103823,408.103823,408.103823,408.103823,408.103823,408.103823,408.103823,408.103823,408.103823,408.103823,408.103823,408.103823,408.103823,408.103823,408.103823,408.103823,408.103823,408.103823,408.103823,408.103823,408.103823,408.103823,408.103823,408.103823,408.103823,408.103823,408.103823,408.103823,408.103823,408.103823,408.103823,408.103823,408.103823,408.103823,408.103823,408.103823,115.205143,115.205143,115.205143,115.205143,115.205143,115.205143,115.205143,115.205143,115.205143,115.205143,115.205143,115.205143,115.205143,115.205143,115.205143,115.205143,115.205143,115.205143,115.205143,115.205143,115.205143,115.205143,115.205143,115.205143,115.205143,115.205143,115.205143,115.205143,115.205143,115.205143,115.205143,115.205143,115.205143,115.205143,115.205143,115.205143,115.205143,115.205143,115.205143,115.205143,115.205143,115.205143,115.205143,115.205143,115.205143,115.205143,115.205143,115.205143,115.205143,115.205143,115.205143,115.205143,115.205143,115.205143,115.205143,115.205143,115.205143,115.205143,115.205143,115.205143,115.205143,115.205143,115.205143,115.205143,115.205143,115.205143,115.205143,115.205143,115.205143,115.205143,115.205143,115.205143,115.205143,115.205143,115.205143,115.205143,115.205143,17.901375,17.901375,17.901375,17.901375,17.901375,17.901375,17.901375,17.901375,17.901375,17.901375,17.901375,17.901375,17.901375,17.901375,17.901375,17.901375,17.901375,17.901375,17.901375,17.901375,17.901375,17.901375,17.901375
iff_1_3_0_4,4,timeout,timeout,timeout,timeout,timeout,timeout,timeout,timeout,timeout,timeout,timeout,timeout,timeout,timeout,timeout,799.717785,799.717785,799.717785,799.717785,799.717785,799.717785,799.717785,799.717785,799.717785,799.717785,799.717785,799.717785,799.717785,671.655286,671.655286,671.655286,671.655286,671.655286,671.655286,671.655286,671.655286,671.655286,671.655286,671.655286,671.655286,671.655286,671.655286,671.655286,671.655286,671.655286,671.655286,671.655286,671.655286,671.655286,671.655286,281.414459,281.414459,281.414459,281.414459,281.414459,281.414459,281.414459,281.414459,281.414459,281.414459,281.414459,281.414459,281.414459,281.414459,281.414459,281.414459,281.414459,281.414459,281.414459,281.414459,281.414459,281.414459,281.414459,281.414459,281.414459,281.414459,281.414459,281.414459,281.414459,281.414459,281.414459,281.414459,281.414459,281.414459,281.414459,281.414459,281.414459,281.414459,281.414459,281.414459,281.414459,281.414459,281.414459,281.414459,281.414459,281.414459,281.414459,281.414459,281.414459,281.414459,281.414459,281.414459,281.414459,281.414459,281.414459,152.851509,152.851509,152.851509,152.851509,152.851509,152.851509,152.851509,152.851509,152.851509,152.851509,152.851509,152.851509,152.851509,152.851509,152.851509,152.851509,152.851509,152.851509,152.851509,152.851509,152.851509,152.851509,152.851509,152.851509,152.851509,152.851509,152.851509,152.851509,152.851509,152.851509,152.851509,152.851509,152.851509,152.851509,152.851509,152.851509,152.851509,152.851509,152.851509,152.851509,152.851509,152.851509,152.851509,152.851509,152.851509,152.851509,152.851509,152.851509,152.851509,152.851509,152.851509,152.851509,152.851509,152.851509,152.851509,152.851509,152.851509,152.851509,152.851509,152.851509,152.851509,152.851509,152.851509,152.851509,152.851509,152.851509,152.851509,152.851509,152.851509,152.851509,152.851509,152.851509,23.868235,23.868235,23.868235,23.868235,23.868235,23.868235,23.868235,23.868235,23.868235,23.868235,23.868235,23.868235,23.868235,23.868235,23.868235,23.868235,23.868235,23.868235,23.868235,23.868235
iff_1_3_0_4,5,timeout,timeout,timeout,timeout,timeout,timeout,timeout,timeout,timeout,timeout,timeout,timeout,timeout,timeout,timeout,timeout,timeout,timeout,timeout,timeout,timeout,timeout,timeout,timeout,timeout,timeout,timeout,timeout,timeout,timeout,timeout,timeout,timeout,timeout,timeout,timeout,timeout,timeout,timeout,timeout,timeout,timeout,timeout,timeout,timeout,timeout,timeout,317.795578,317.795578,317.795578,317.795578,317.795578,317.795578,317.795578,317.795578,317.795578,317.795578,317.795578,317.795578,317.795578,317.795578,317.795578,317.795578,317.795578,317.795578,317.795578,317.795578,317.795578,317.795578,317.795578,317.795578,317.795578,317.795578,317.795578,317.795578,317.795578,317.795578,317.795578,317.795578,317.795578,317.795578,317.795578,317.795578,317.795578,317.795578,317.795578,317.795578,317.795578,317.795578,317.795578,317.795578,317.795578,317.795578,317.795578,317.795578,317.795578,317.795578,317.795578,317.795578,317.795578,317.795578,317.795578,158.648246,158.648246,158.648246,158.648246,158.648246,158.648246,158.648246,158.648246,158.648246,158.648246,158.648246,158.648246,158.648246,158.648246,158.648246,158.648246,158.648246,158.648246,158.648246,158.648246,158.648246,158.648246,158.648246,158.648246,158.648246,158.648246,158.648246,158.648246,158.648246,158.648246,158.648246,158.648246,158.648246,158.648246,158.648246,158.648246,158.648246,158.648246,158.648246,158.648246,158.648246,158.648246,158.648246,158.648246,158.648246,158.648246,158.648246,158.648246,158.648246,158.648246,158.648246,158.648246,158.648246,158.648246,158.648246,158.648246,158.648246,158.648246,158.648246,158.648246,158.648246,158.648246,158.648246,158.648246,158.648246,158.648246,158.648246,158.648246,158.648246,158.648246,158.648246,158.648246,158.648246,158.648246,158.648246,158.648246,158.648246,29.803402,29.803402,29.803402,29.803402,29.803402,29.803402,29.803402,29.803402,29.803402,29.803402,29.803402,29.803402,29.803402,29.803402,29.803402,29.803402,29.803402,29.803402
iff_1_3_0_4,6,error,error,error,error,error,error,error,error,error,error,error,error,error,error,error,error,error,error,error,error,error,error,error,error,error,error,error,error,error,error,908.686747,908.686747,908.686747,908.686747,908.686747,908.686747,908.686747,908.686747,908.686747,908.686747,908.686747,747.082145,747.082145,747.082145,747.082145,747.082145,747.082145,747.082145,747.082145,747.082145,747.082145,747.082145,393.328231,393.328231,393.328231,393.328231,393.328231,393.328231,393.328231,393.328231,393.328231,393.328231,393.328231,393.328231,393.328231,393.328231,393.328231,393.328231,393.328231,393.328231,393.328231,393.328231,393.328231,393.328231,393.328231,393.328231,393.328231,393.328231,393.328231,393.328231,393.328231,393.328231,393.328231,393.328231,393.328231,393.328231,393.328231,393.328231,393.328231,393.328231,393.328231,393.328231,393.328231,393.328231,393.328231,393.328231,393.328231,393.328231,393.328231,393.328231,393.328231,393.328231,393.328231,393.328231,393.328231,393.328231,234.580844,234.580844,234.580844,234.580844,234.580844,234.580844,234.580844,234.580844,234.580844,234.580844,234.580844,234.580844,234.580844,234.580844,234.580844,234.580844,234.580844,234.580844,234.580844,234.580844,234.580844,234.580844,234.580844,234.580844,234.580844,234.580844,234.580844,234.580844,234.580844,234.580844,234.580844,234.580844,234.580844,234.580844,234.580844,234.580844,234.580844,234.580844,234.580844,234.580844,234.580844,234.580844,234.580844,234.580844,234.580844,234.580844,234.580844,234.580844,234.580844,234.580844,234.580844,234.580844,234.580844,234.580844,234.580844,234.580844,234.580844,234.580844,234.580844,234.580844,234.580844,234.580844,234.580844,234.580844,234.580844,234.580844,234.580844,234.580844,234.580844,234.580844,234.580844,234.580844,234.580844,234.580844,234.580844,35.527858,35.527858,35.527858,35.527858,35.527858,35.527858,35.527858,35.527858,35.527858,35.527858,35.527858,35.527858,35.527858,35.527858,35.527858,35.527858
iff_1_3_2_0,1,timeout,timeout,timeout,timeout,timeout,timeout,timeout,timeout,timeout,timeout,timeout,timeout,timeout,timeout,timeout,timeout,timeout,timeout,timeout,timeout,timeout,timeout,timeout,timeout,timeout,timeout,timeout,timeout,timeout,timeout,timeout,timeout,timeout,timeout,timeout,timeout,timeout,timeout,timeout,timeout,timeout,timeout,timeout,timeout,timeout,timeout,timeout,timeout,timeout,timeout,timeout,timeout,timeout,timeout,timeout,timeout,timeout,timeout,timeout,timeout,timeout,timeout,timeout,timeout,timeout,timeout,timeout,timeout,timeout,timeout,timeout,timeout,timeout,timeout,timeout,timeout,timeout,timeout,timeout,timeout,timeout,timeout,timeout,timeout,timeout,timeout,timeout,timeout,timeout,timeout,timeout,timeout,timeout,timeout,timeout,timeout,timeout,timeout,timeout,timeout,timeout,timeout,timeout,timeout,timeout,timeout,timeout,timeout,timeout,timeout,timeout,timeout,timeout,timeout,timeout,timeout,timeout,timeout,timeout,timeout,timeout,timeout,timeout,timeout,timeout,timeout,timeout,timeout,timeout,timeout,timeout,timeout,timeout,timeout,timeout,timeout,timeout,timeout,timeout,timeout,timeout,timeout,timeout,timeout,timeout,timeout,timeout,timeout,timeout,timeout,timeout,timeout,timeout,timeout,timeout,timeout,timeout,timeout,timeout,timeout,timeout,timeout,timeout,timeout,timeout,timeout,timeout,5.988505,5.988505,5.988505,5.988505,5.988505,5.988505,5.988505,5.988505,5.988505,5.988505,5.988505,5.988505,5.988505,5.988505,5.988505,5.988505,5.988505,5.988505,5.988505,5.988505,5.988505,5.988505,5.988505,5.988505,5.988505,5.988505,5.988505,5.988505,5.988505,5.988505
iff_1_3_2_0,2,141.91681,141.91681,141.91681,141.91681,141.91681,141.91681,141.91681,141.91681,141.91681,141.91681,141.91681,141.91681,141.91681,141.91681,141.91681,141.91681,141.91681,141.91681,141.91681,141.91681,141.91681,141.91681,141.91681,141.91681,141.91681,141.91681,141.91681,141.91681,141.91681,141.91681,141.91681,141.91681,141.91681,141.91681,141.91681,141.91681,141.91681,141.91681,141.91681,141.91681,141.91681,141.91681,141.91681,141.91681,141.91681,141.91681,141.91681,141.91681,141.91681,141.91681,141.91681,141.91681,141.91681,141.91681,141.91681,141.91681,141.91681,141.91681,141.91681,141.91681,141.91681,141.91681,141.91681,141.91681,141.91681,141.91681,141.91681,141.91681,141.91681,141.91681,141.91681,141.91681,141.91681,141.91681,141.91681,141.91681,141.91681,141.91681,141.91681,141.91681,141.91681,141.91681,141.91681,141.91681,141.91681,141.91681,141.91681,141.91681,141.91681,141.91681,141.91681,141.91681,141.91681,141.91681,141.91681,141.91681,141.91681,141.91681,141.91681,141.91681,141.91681,141.91681,141.91681,141.91681,141.91681,141.91681,141.91681,141.91681,77.624215,77.624215,77.624215,77.624215,77.624215,77.624215,77.624215,77.624215,77.624215,77.624215,77.624215,77.624215,77.624215,77.624215,77.624215,77.624215,77.624215,77.624215,77.624215,77.624215,77.624215,77.624215,77.624215,77.624215,77.624215,77.624215,77.624215,77.624215,77.624215,77.624215,77.624215,77.624215,77.624215,77.624215,77.624215,77.624215,77.624215,77.624215,77.624215,77.624215,77.624215,77.624215,77.624215,77.624215,77.624215,77.624215,77.624215,77.624215,77.624215,77.624215,77.624215,77.624215,77.624215,77.624215,77.624215,77.624215,77.624215,77.624215,77.624215,77.624215,77.624215,77.624215,77.624215,11.977965,11.977965,11.977965,11.977965,11.977965,11.977965,11.977965,11.977965,11.977965,11.977965,11.977965,11.977965,11.977965,11.977965,11.977965,11.977965,11.977965,11.977965,11.977965,11.977965,11.977965,11.977965,11.977965,11.977965,11.977965,11.977965
iff_1_3_2_0,3,514.208244,514.208244,514.208244,514.208244,514.208244,514.208244,514.208244,514.208244,514.208244,514.208244,514.208244,514.208244,514.208244,514.208244,514.208244,514.208244,514.208244,514.208244,514.208244,514.208244,514.208244,514.208244,514.208244,514.208244,514.208244,514.208244,514.208244,514.208244,514.208244,514.208244,514.208244,514.208244,514.208244,514.208244,514.208244,514.208244,514.208244,514.208244,514.208244,514.208244,514.208244,514.208244,514.208244,514.208244,514.208244,514.208244,514.208244,514.208244,514.208244,514.208244,514.208244,514.208244,514.208244,514.208244,514.208244,514.208244,514.208244,514.208244,514.208244,514.208244,514.208244,514.208244,514.208244,514.208244,514.208244,514.208244,514.208244,514.208244,514.208244,514.208244,514.208244,514.208244,514.208244,514.208244,514.208244,514.208244,514.208244,514.208244,413.774795,413.774795,413.774795,413.774795,413.774795,413.774795,413.774795,413.774795,413.774795,413.774795,413.774795,413.774795,413.774795,413.774795,413.774795,413.774795,413.774795,413.774795,413.774795,115.672065,115.672065,115.672065,115.672065,115.672065,115.672065,115.672065,115.672065,115.672065,115.672065,115.672065,115.672065,115.672065,115.672065,115.672065,115.672065,115.672065,115.672065,115.672065,115.672065,115.672065,115.672065,115.672065,115.672065,115.672065,115.672065,115.672065,115.672065,115.672065,115.672065,115.672065,115.672065,115.672065,115.672065,115.672065,115.672065,115.672065,115.672065,115.672065,115.672065,115.672065,115.672065,115.672065,115.672065,115.672065,115.672065,115.672065,115.672065,115.672065,115.672065,115.672065,115.672065,115.672065,115.672065,115.672065,115.672065,115.672065,115.672065,115.672065,115.672065,115.672065,115.672065,115.672065,115.672065,115.672065,115.672065,115.672065,115.672065,115.672065,115.672065,115.672065,115.672065,115.672065,115.672065,115.672065,115.672065,115.672065,17.909951,17.909951,17.909951,17.909951,17.909951,17.909951,17.909951,17.909951,17.909951,17.909951,17.909951,17.909951,17.909951,17.909951,17.909951,17.909951,17.909951,17.909951,17.909951,17.909951,17.909951,17.909951,17.909951
iff_1_3_2_0,4,error,error,error,error,error,error,error,error,error,error,error,error,error,542.509162,542.509162,542.509162,542.509162,542.509162,542.509162,542.509162,542.509162,542.509162,413.818409,413.818409,413.818409,413.818409,413.818409,413.818409,413.818409,413.818409,413.818409,413.818409,413.818409,413.818409,413.818409,413.818409,413.818409,413.818409,413.818409,413.818409,413.818409,413.818409,413.818409,413.818409,413.818409,284.820704,284.820704,284.820704,284.820704,284.820704,284.820704,284.820704,284.820704,284.820704,284.820704,284.820704,284.820704,284.820704,284.820704,284.820704,284.820704,284.820704,284.820704,284.820704,284.820704,284.820704,284.820704,284.820704,284.820704,284.820704,284.820704,284.820704,284.820704,284.820704,284.820704,284.820704,284.820704,284.820704,284.820704,284.820704,284.820704,284.820704,284.820704,284.820704,284.820704,284.820704,284.820704,284.820704,284.820704,284.820704,284.820704,284.820704,284.820704,284.820704,284.820704,284.820704,284.820704,284.820704,284.820704,284.820704,284.820704,284.820704,284.820704,284.820704,284.820704,152.84294,152.84294,152.84294,152.84294,152.84294,152.84294,152.84294,152.84294,152.84294,152.84294,152.84294,152.84294,152.84294,152.84294,152.84294,152.84294,152.84294,152.84294,152.84294,152.84294,152.84294,152.84294,152.84294,152.84294,152.84294,152.84294,152.84294,152.84294,152.84294,152.84294,152.84294,152.84294,152.84294,152.84294,152.84294,152.84294,152.84294,152.84294,152.84294,152.84294,152.84294,152.84294,152.84294,152.84294,152.84294,152.84294,152.84294,152.84294,152.84294,152.84294,152.84294,152.84294,152.84294,152.84294,152.84294,152.84294,152.84294,152.84294,152.84294,152.84294,152.84294,152.84294,152.84294,152.84294,152.84294,152.84294,152.84294,152.84294,152.84294,152.84294,152.84294,152.84294,23.841004,23.841004,23.841004,23.841004,23.841004,23.841004,23.841004,23.841004,23.841004,23.841004,23.841004,23.841004,23.841004,23.841004,23.841004,23.841004,23.841004,23.841004,23.841004,23.841004
iff_1_3_2_0,5,timeout,timeout,timeout,timeout,timeout,timeout,timeout,timeout,timeout,timeout,timeout,timeout,timeout,timeout,timeout,timeout,timeout,timeout,timeout,timeout,timeout,timeout,timeout,timeout,timeout,timeout,timeout,514.046505,514.046505,514.046505,514.046505,514.046505,514.046505,514.046505,514.046505,514.046505,514.046505,514.046505,352.233895,352.233895,352.233895,352.233895,352.233895,352.233895,352.233895,352.233895,352.233895,352.233895,352.233895,352.233895,352.233895,352.233895,352.233895,352.233895,352.233895,352.233895,352.233895,352.233895,352.233895,352.233895,352.233895,352.233895,352.233895,352.233895,352.233895,352.233895,352.233895,352.233895,352.233895,352.233895,352.233895,352.233895,352.233895,352.233895,352.233895,352.233895,352.233895,352.233895,352.233895,352.233895,352.233895,352.233895,352.233895,352.233895,352.233895,352.233895,352.233895,352.233895,352.233895,352.233895,352.233895,352.233895,352.233895,352.233895,352.233895,352.233895,352.233895,352.233895,352.233895,352.233895,352.233895,352.233895,352.233895,191.511139,191.511139,191.511139,191.511139,191.511139,191.511139,191.511139,191.511139,191.511139,191.511139,191.511139,191.511139,191.511139,191.511139,191.511139,191.511139,191.511139,191.511139,191.511139,191.511139,191.511139,191.511139,191.511139,191.511139,191.511139,191.511139,191.511139,191.511139,191.511139,191.511139,191.511139,191.511139,191.511139,191.511139,191.511139,191.511139,191.511139,191.511139,191.511139,191.511139,191.511139,191.511139,191.511139,191.511139,191.511139,191.511139,191.511139,191.511139,191.511139,191.511139,191.511139,191.511139,191.511139,191.511139,191.511139,191.511139,191.511139,191.511139,191.511139,191.511139,191.511139,191.511139,191.511139,191.511139,191.511139,191.511139,191.511139,191.511139,191.511139,191.511139,191.511139,191.511139,191.511139,191.511139,191.511139,191.511139,30.038704,30.038704,30.038704,30.038704,30.038704,30.038704,30.038704,30.038704,30.038704,30.038704,30.038704,30.038704,30.038704,30.038704,30.038704,30.038704,30.038704,30.038704
iff_1_3_2_0,6,timeout,timeout,timeout,timeout,timeout,timeout,timeout,timeout,timeout,timeout,timeout,timeout,timeout,timeout,timeout,timeout,timeout,timeout,timeout,1265.199023,1265.199023,1101.958233,1101.958233,486.164358,486.164358,486.164358,486.164358,486.164358,486.164358,486.164358,486.164358,486.164358,486.164358,486.164358,486.164358,486.164358,486.164358,486.164358,486.164358,486.164358,486.164358,486.164358,486.164358,326.146578,326.146578,326.146578,326.146578,326.146578,326.146578,326.146578,326.146578,326.146578,326.146578,326.146578,326.146578,326.146578,326.146578,326.146578,326.146578,326.146578,326.146578,326.146578,326.146578,326.146578,326.146578,326.146578,326.146578,326.146578,326.146578,326.146578,326.146578,326.146578,326.146578,326.146578,326.146578,326.146578,326.146578,326.146578,326.146578,326.146578,326.146578,326.146578,326.146578,326.146578,326.146578,326.146578,326.146578,326.146578,326.146578,326.146578,326.146578,326.146578,326.146578,326.146578,326.146578,326.146578,326.146578,326.146578,326.146578,326.146578,166.268666,166.268666,166.268666,166.268666,166.268666,166.268666,166.268666,166.268666,166.268666,166.268666,166.268666,166.268666,166.268666,166.268666,166.268666,166.268666,166.268666,166.268666,166.268666,166.268666,166.268666,166.268666,166.268666,166.268666,166.268666,166.268666,166.268666,166.268666,166.268666,166.268666,166.268666,166.268666,166.268666,166.268666,166.268666,166.268666,166.268666,166.268666,166.268666,166.268666,166.268666,166.268666,166.268666,166.268666,166.268666,166.268666,166.268666,166.268666,166.268666,166.268666,166.268666,166.268666,166.268666,166.268666,166.268666,166.268666,166.268666,166.268666,166.268666,166.268666,166.268666,166.268666,166.268666,166.268666,166.268666,166.268666,166.268666,166.268666,166.268666,166.268666,166.268666,166.268666,166.268666,166.268666,166.268666,166.268666,166.268666,166.268666,166.268666,166.268666,166.268666,36.182132,36.182132,36.182132,36.182132,36.182132,36.182132,36.182132,36.182132,36.182132,36.182132,36.182132,36.182132,36.182132,36.182132,36.182132,36.182132
iff_1_3_2_4,1,timeout,timeout,timeout,timeout,timeout,timeout,timeout,timeout,timeout,timeout,timeout,timeout,timeout,timeout,timeout,timeout,timeout,timeout,timeout,timeout,timeout,timeout,timeout,timeout,timeout,timeout,timeout,timeout,timeout,timeout,timeout,timeout,timeout,timeout,timeout,timeout,timeout,timeout,timeout,timeout,timeout,timeout,timeout,timeout,timeout,timeout,timeout,timeout,timeout,timeout,timeout,timeout,timeout,timeout,timeout,timeout,timeout,timeout,timeout,timeout,timeout,timeout,timeout,timeout,timeout,timeout,timeout,timeout,timeout,timeout,timeout,timeout,timeout,timeout,timeout,timeout,timeout,timeout,timeout,timeout,timeout,timeout,timeout,timeout,timeout,timeout,timeout,timeout,timeout,timeout,timeout,timeout,timeout,timeout,timeout,timeout,timeout,timeout,timeout,timeout,timeout,timeout,timeout,timeout,timeout,timeout,timeout,timeout,timeout,timeout,timeout,timeout,timeout,timeout,timeout,timeout,timeout,timeout,timeout,timeout,timeout,timeout,timeout,timeout,timeout,timeout,timeout,timeout,timeout,timeout,timeout,timeout,timeout,timeout,timeout,timeout,timeout,timeout,timeout,timeout,timeout,timeout,timeout,timeout,timeout,timeout,timeout,timeout,timeout,timeout,timeout,timeout,timeout,timeout,timeout,timeout,timeout,timeout,timeout,timeout,timeout,timeout,timeout,timeout,timeout,timeout,timeout,6.007647,6.007647,6.007647,6.007647,6.007647,6.007647,6.007647,6.007647,6.007647,6.007647,6.007647,6.007647,6.007647,6.007647,6.007647,6.007647,6.007647,6.007647,6.007647,6.007647,6.007647,6.007647,6.007647,6.007647,6.007647,6.007647,6.007647,6.007647,6.007647,6.007647
iff_1_3_2_4,2,142.514123,142.514123,142.514123,142.514123,142.514123,142.514123,142.514123,142.514123,142.514123,142.514123,142.514123,142.514123,142.514123,142.514123,142.514123,142.514123,142.514123,142.514123,142.514123,142.514123,142.514123,142.514123,142.514123,142.514123,142.514123,142.514123,142.514123,142.514123,142.514123,142.514123,142.514123,142.514123,142.514123,142.514123,142.514123,142.514123,142.514123,142.514123,142.514123,142.514123,142.514123,142.514123,142.514123,142.514123,142.514123,142.514123,142.514123,142.514123,142.514123,142.514123,142.514123,142.514123,142.514123,142.514123,142.514123,142.514123,142.514123,142.514123,142.514123,142.514123,142.514123,142.514123,142.514123,142.514123,142.514123,142.514123,142.514123,142.514123,142.514123,142.514123,142.514123,142.514123,142.514123,142.514123,142.514123,142.514123,142.514123,142.514123,142.514123,142.514123,142.514123,142.514123,142.514123,142.514123,142.514123,142.514123,142.514123,142.514123,142.514123,142.514123,142.514123,142.514123,142.514123,142.514123,142.514123,142.514123,142.514123,142.514123,142.514123,142.514123,142.514123,142.514123,142.514123,142.514123,142.514123,142.514123,142.514123,142.514123,77.501331,77.501331,77.501331,77.501331,77.501331,77.501331,77.501331,77.501331,77.501331,77.501331,77.501331,77.501331,77.501331,77.501331,77.501331,77.501331,77.501331,77.501331,77.501331,77.501331,77.501331,77.501331,77.501331,77.501331,77.501331,77.501331,77.501331,77.501331,77.501331,77.501331,77.501331,77.501331,77.501331,77.501331,77.501331,77.501331,77.501331,77.501331,77.501331,77.501331,77.501331,77.501331,77.501331,77.501331,77.501331,77.501331,77.501331,77.501331,77.501331,77.501331,77.501331,77.501331,77.501331,77.501331,77.501331,77.501331,77.501331,77.501331,77.501331,77.501331,77.501331,77.501331,77.501331,11.963282,11.963282,11.963282,11.963282,11.963282,11.963282,11.963282,11.963282,11.963282,11.963282,11.963282,11.963282,11.963282,11.963282,11.963282,11.963282,11.963282,11.963282,11.963282,11.963282,11.963282,11.963282,11.963282,11.963282,11.963282,11.963282
iff_1_3_2_4,3,515.357185,515.357185,515.357185,515.357185,515.357185,515.357185,515.357185,515.357185,515.357185,515.357185,515.357185,515.357185,515.357185,515.357185,515.357185,515.357185,515.357185,515.357185,515.357185,515.357185,515.357185,515.357185,515.357185,515.357185,515.357185,515.357185,515.357185,515.357185,515.357185,515.357185,515.357185,515.357185,515.357185,515.357185,515.357185,515.357185,515.357185,515.357185,515.357185,515.357185,515.357185,515.357185,515.357185,515.357185,515.357185,515.357185,515.357185,515.357185,515.357185,515.357185,515.357185,515.357185,515.357185,515.357185,515.357185,515.357185,515.357185,515.357185,515.357185,515.357185,515.357185,515.357185,515.357185,515.357185,515.357185,515.357185,515.357185,515.357185,515.357185,515.357185,515.357185,515.357185,515.357185,515.357185,515.357185,515.357185,515.357185,515.357185,414.983334,414.983334,414.983334,414.983334,414.983334,414.983334,414.983334,414.983334,414.983334,414.983334,414.983334,414.983334,414.983334,414.983334,414.983334,414.983334,414.983334,414.983334,414.983334,115.328902,115.328902,115.328902,115.328902,115.328902,115.328902,115.328902,115.328902,115.328902,115.328902,115.328902,115.328902,115.328902,115.328902,115.328902,115.328902,115.328902,115.328902,115.328902,115.328902,115.328902,115.328902,115.328902,115.328902,115.328902,115.328902,115.328902,115.328902,115.328902,115.328902,115.328902,115.328902,115.328902,115.328902,115.328902,115.328902,115.328902,115.328902,115.328902,115.328902,115.328902,115.328902,115.328902,115.328902,115.328902,115.328902,115.328902,115.328902,115.328902,115.328902,115.328902,115.328902,115.328902,115.328902,115.328902,115.328902,115.328902,115.328902,115.328902,115.328902,115.328902,115.328902,115.328902,115.328902,115.328902,115.328902,115.328902,115.328902,115.328902,115.328902,115.328902,115.328902,115.328902,115.328902,115.328902,115.328902,115.328902,17.867992,17.867992,17.867992,17.867992,17.867992,17.867992,17.867992,17.867992,17.867992,17.867992,17.867992,17.867992,17.867992,17.867992,17.867992,17.867992,17.867992,17.867992,17.867992,17.867992,17.867992,17.867992,17.867992
iff_1_3_2_4,4,timeout,timeout,timeout,timeout,timeout,timeout,timeout,timeout,timeout,timeout,timeout,timeout,timeout,timeout,timeout,943.774142,943.774142,943.774142,943.774142,943.774142,943.774142,943.774142,943.774142,943.774142,943.774142,943.774142,943.774142,943.774142,814.402909,814.402909,814.402909,814.402909,814.402909,814.402909,814.402909,814.402909,814.402909,814.402909,814.402909,814.402909,814.402909,814.402909,814.402909,814.402909,814.402909,814.402909,814.402909,814.402909,814.402909,814.402909,281.808707,281.808707,281.808707,281.808707,281.808707,281.808707,281.808707,281.808707,281.808707,281.808707,281.808707,281.808707,281.808707,281.808707,281.808707,281.808707,281.808707,281.808707,281.808707,281.808707,281.808707,281.808707,281.808707,281.808707,281.808707,281.808707,281.808707,281.808707,281.808707,281.808707,281.808707,281.808707,281.808707,281.808707,281.808707,281.808707,281.808707,281.808707,281.808707,281.808707,281.808707,281.808707,281.808707,281.808707,281.808707,281.808707,281.808707,281.808707,281.808707,281.808707,281.808707,281.808707,281.808707,281.808707,281.808707,152.863577,152.863577,152.863577,152.863577,152.863577,152.863577,152.863577,152.863577,152.863577,152.863577,152.863577,152.863577,152.863577,152.863577,152.863577,152.863577,152.863577,152.863577,152.863577,152.863577,152.863577,152.863577,152.863577,152.863577,152.863577,152.863577,152.863577,152.863577,152.863577,152.863577,152.863577,152.863577,152.863577,152.863577,152.863577,152.863577,152.863577,152.863577,152.863577,152.863577,152.863577,152.863577,152.863577,152.863577,152.863577,152.863577,152.863577,152.863577,152.863577,152.863577,152.863577,152.863577,152.863577,152.863577,152.863577,152.863577,152.863577,152.863577,152.863577,152.863577,152.863577,152.863577,152.863577,152.863577,152.863577,152.863577,152.863577,152.863577,152.863577,152.863577,152.863577,152.863577,23.984778,23.984778,23.984778,23.984778,23.984778,23.984778,23.984778,23.984778,23.984778,23.984778,23.984778,23.984778,23.984778,23.984778,23.984778,23.984778,23.984778,23.984778,23.984778,23.984778
iff_1_3_2_4,5,timeout,timeout,timeout,timeout,timeout,timeout,timeout,timeout,timeout,timeout,timeout,timeout,timeout,timeout,timeout,timeout,timeout,timeout,timeout,timeout,timeout,timeout,timeout,timeout,timeout,timeout,timeout,timeout,timeout,timeout,timeout,timeout,timeout,timeout,timeout,timeout,timeout,timeout,timeout,timeout,timeout,timeout,timeout,timeout,timeout,timeout,timeout,319.50252,319.50252,319.50252,319.50252,319.50252,319.50252,319.50252,319.50252,319.50252,319.50252,319.50252,319.50252,319.50252,319.50252,319.50252,319.50252,319.50252,319.50252,319.50252,319.50252,319.50252,319.50252,319.50252,319.50252,319.50252,319.50252,319.50252,319.50252,319.50252,319.50252,319.50252,319.50252,319.50252,319.50252,319.50252,319.50252,319.50252,319.50252,319.50252,319.50252,319.50252,319.50252,319.50252,319.50252,319.50252,319.50252,319.50252,319.50252,319.50252,319.50252,319.50252,319.50252,319.50252,319.50252,319.50252,159.380286,159.380286,159.380286,159.380286,159.380286,159.380286,159.380286,159.380286,159.380286,159.380286,159.380286,159.380286,159.380286,159.380286,159.380286,159.380286,159.380286,159.380286,159.380286,159.380286,159.380286,159.380286,159.380286,159.380286,159.380286,159.380286,159.380286,159.380286,159.380286,159.380286,159.380286,159.380286,159.380286,159.380286,159.380286,159.380286,159.380286,159.380286,159.380286,159.380286,159.380286,159.380286,159.380286,159.380286,159.380286,159.380286,159.380286,159.380286,159.380286,159.380286,159.380286,159.380286,159.380286,159.380286,159.380286,159.380286,159.380286,159.380286,159.380286,159.380286,159.380286,159.380286,159.380286,159.380286,159.380286,159.380286,159.380286,159.380286,159.380286,159.380286,159.380286,159.380286,159.380286,159.380286,159.380286,159.380286,159.380286,29.55917,29.55917,29.55917,29.55917,29.55917,29.55917,29.55917,29.55917,29.55917,29.55917,29.55917,29.55917,29.55917,29.55917,29.55917,29.55917,29.55917,29.55917
iff_1_3_2_4,6,timeout,timeout,timeout,timeout,timeout,timeout,timeout,timeout,timeout,timeout,timeout,timeout,timeout,timeout,1212.249705,1212.249705,918.751541,918.751541,918.751541,918.751541,918.751541,918.751541,918.751541,918.751541,918.751541,918.751541,918.751541,918.751541,918.751541,918.751541,918.751541,918.751541,918.751541,918.751541,918.751541,918.751541,918.751541,918.751541,918.751541,918.751541,918.751541,918.751541,754.95113,754.95113,754.95113,754.95113,754.95113,754.95113,754.95113,754.95113,754.95113,754.95113,398.138069,398.138069,398.138069,398.138069,398.138069,398.138069,398.138069,398.138069,398.138069,398.138069,398.138069,398.138069,398.138069,398.138069,398.138069,398.138069,398.138069,398.138069,398.138069,398.138069,398.138069,398.138069,398.138069,398.138069,398.138069,398.138069,398.138069,398.138069,398.138069,398.138069,398.138069,398.138069,398.138069,398.138069,398.138069,398.138069,398.138069,398.138069,398.138069,398.138069,398.138069,398.138069,398.138069,398.138069,398.138069,398.138069,398.138069,398.138069,398.138069,398.138069,398.138069,398.138069,398.138069,398.138069,237.619894,237.619894,237.619894,237.619894,237.619894,237.619894,237.619894,237.619894,237.619894,237.619894,237.619894,237.619894,237.619894,237.619894,237.619894,237.619894,237.619894,237.619894,237.619894,237.619894,237.619894,237.619894,237.619894,237.619894,237.619894,237.619894,237.619894,237.619894,237.619894,237.619894,237.619894,237.619894,237.619894,237.619894,237.619894,237.619894,237.619894,237.619894,237.619894,237.619894,237.619894,237.619894,237.619894,237.619894,237.619894,237.619894,237.619894,237.619894,237.619894,237.619894,237.619894,237.619894,237.619894,237.619894,237.619894,237.619894,237.619894,237.619894,237.619894,237.619894,237.619894,237.619894,237.619894,237.619894,237.619894,237.619894,237.619894,237.619894,237.619894,237.619894,237.619894,237.619894,237.619894,237.619894,237.619894,35.887154,35.887154,35.887154,35.887154,35.887154,35.887154,35.887154,35.887154,35.887154,35.887154,35.887154,35.887154,35.887154,35.887154,35.887154,35.887154
iff_1_3_4_2,1,timeout,timeout,timeout,timeout,timeout,timeout,timeout,timeout,timeout,timeout,timeout,timeout,timeout,timeout,timeout,timeout,timeout,timeout,timeout,timeout,timeout,timeout,timeout,timeout,timeout,timeout,timeout,timeout,timeout,timeout,timeout,timeout,timeout,timeout,timeout,timeout,timeout,timeout,timeout,timeout,timeout,timeout,timeout,timeout,timeout,timeout,timeout,timeout,timeout,timeout,timeout,timeout,timeout,timeout,timeout,timeout,timeout,timeout,timeout,timeout,timeout,timeout,timeout,timeout,timeout,timeout,timeout,timeout,timeout,timeout,timeout,timeout,timeout,timeout,timeout,timeout,timeout,timeout,timeout,timeout,timeout,timeout,timeout,timeout,timeout,timeout,timeout,timeout,timeout,timeout,timeout,timeout,timeout,timeout,timeout,timeout,timeout,timeout,timeout,timeout,timeout,timeout,timeout,timeout,timeout,timeout,timeout,timeout,timeout,timeout,timeout,timeout,timeout,timeout,timeout,timeout,timeout,timeout,timeout,timeout,timeout,timeout,timeout,timeout,timeout,timeout,timeout,timeout,timeout,timeout,timeout,timeout,timeout,timeout,timeout,timeout,timeout,timeout,timeout,timeout,timeout,timeout,timeout,timeout,timeout,timeout,timeout,timeout,timeout,timeout,timeout,timeout,timeout,timeout,timeout,timeout,timeout,timeout,timeout,timeout,timeout,timeout,timeout,timeout,timeout,timeout,timeout,7.184825,7.184825,7.184825,7.184825,7.184825,7.184825,7.184825,7.184825,7.184825,7.184825,7.184825,7.184825,7.184825,7.184825,7.184825,7.184825,7.184825,7.184825,7.184825,7.184825,7.184825,7.184825,7.184825,7.184825,7.184825,7.184825,7.184825,7.184825,7.184825,7.184825
iff_1_3_4_2,2,165.237963,165.237963,165.237963,165.237963,165.237963,165.237963,165.237963,165.237963,165.237963,165.237963,165.237963,165.237963,165.237963,165.237963,165.237963,165.237963,165.237963,165.237963,165.237963,165.237963,165.237963,165.237963,165.237963,165.237963,165.237963,165.237963,165.237963,165.237963,165.237963,165.237963,165.237963,165.237963,165.237963,165.237963,165.237963,165.237963,165.237963,165.237963,165.237963,165.237963,165.237963,165.237963,165.237963,165.237963,165.237963,165.237963,165.237963,165.237963,165.237963,165.237963,165.237963,165.237963,165.237963,165.237963,165.237963,165.237963,165.237963,165.237963,165.237963,165.237963,165.237963,165.237963,165.237963,165.237963,165.237963,165.237963,165.237963,165.237963,165.237963,165.237963,165.237963,165.237963,165.237963,165.237963,165.237963,165.237963,165.237963,165.237963,165.237963,165.237963,165.237963,165.237963,165.237963,165.237963,165.237963,165.237963,165.237963,165.237963,165.237963,165.237963,165.237963,165.237963,165.237963,165.237963,165.237963,165.237963,165.237963,165.237963,165.237963,165.237963,165.237963,165.237963,165.237963,165.237963,165.237963,165.237963,165.237963,165.237963,90.340224,90.340224,90.340224,90.340224,90.340224,90.340224,90.340224,90.340224,90.340224,90.340224,90.340224,90.340224,90.340224,90.340224,90.340224,90.340224,90.340224,90.340224,90.340224,90.340224,90.340224,90.340224,90.340224,90.340224,90.340224,90.340224,90.340224,90.340224,90.340224,90.340224,90.340224,90.340224,90.340224,90.340224,90.340224,90.340224,90.340224,90.340224,90.340224,90.340224,90.340224,90.340224,90.340224,90.340224,90.340224,90.340224,90.340224,90.340224,90.340224,90.340224,90.340224,90.340224,90.340224,90.340224,90.340224,90.340224,90.340224,90.340224,90.340224,90.340224,90.340224,90.340224,90.340224,13.809389,13.809389,13.809389,13.809389,13.809389,13.809389,13.809389,13.809389,13.809389,13.809389,13.809389,13.809389,13.809389,13.809389,13.809389,13.809389,13.809389,13.809389,13.809389,13.809389,13.809389,13.809389,13.809389,13.809389,13.809389,13.809389
iff_1_3_4_2,3,error,error,error,error,error,error,error,error,error,error,error,error,error,error,error,error,error,error,error,error,error,error,error,error,error,error,error,error,error,error,error,error,error,error,error,error,error,error,error,error,error,error,error,error,error,error,error,error,error,error,error,488.611768,488.611768,488.611768,488.611768,488.611768,488.611768,488.611768,488.611768,488.611768,488.611768,488.611768,488.611768,488.611768,488.611768,488.611768,488.611768,488.611768,488.611768,488.611768,488.611768,488.611768,488.611768,488.611768,488.611768,488.611768,488.611768,488.611768,488.611768,488.611768,488.611768,488.611768,488.611768,488.611768,488.611768,488.611768,488.611768,488.611768,488.611768,488.611768,488.611768,488.611768,488.611768,488.611768,488.611768,488.611768,488.611768,135.421368,135.421368,135.421368,135.421368,135.421368,135.421368,135.421368,135.421368,135.421368,135.421368,135.421368,135.421368,135.421368,135.421368,135.421368,135.421368,135.421368,135.421368,135.421368,135.421368,135.421368,135.421368,135.421368,135.421368,135.421368,135.421368,135.421368,135.421368,135.421368,135.421368,135.421368,135.421368,135.421368,135.421368,135.421368,135.421368,135.421368,135.421368,135.421368,135.421368,135.421368,135.421368,135.421368,135.421368,135.421368,135.421368,135.421368,135.421368,135.421368,135.421368,135.421368,135.421368,135.421368,135.421368,135.421368,135.421368,135.421368,135.421368,135.421368,135.421368,135.421368,135.421368,135.421368,135.421368,135.421368,135.421368,135.421368,135.421368,135.421368,135.421368,135.421368,135.421368,135.421368,135.421368,135.421368,135.421368,135.421368,20.737646,20.737646,20.737646,20.737646,20.737646,20.737646,20.737646,20.737646,20.737646,20.737646,20.737646,20.737646,20.737646,20.737646,20.737646,20.737646,20.737646,20.737646,20.737646,20.737646,20.737646,20.737646,20.737646
iff_1_3_4_2,4,timeout,timeout,timeout,timeout,timeout,timeout,timeout,timeout,timeout,timeout,timeout,timeout,timeout,timeout,timeout,timeout,timeout,timeout,timeout,timeout,timeout,timeout,timeout,timeout,timeout,timeout,timeout,timeout,timeout,timeout,timeout,timeout,timeout,timeout,timeout,timeout,timeout,timeout,timeout,timeout,timeout,timeout,timeout,timeout,timeout,timeout,timeout,timeout,timeout,timeout,timeout,timeout,timeout,timeout,timeout,timeout,timeout,timeout,timeout,timeout,timeout,timeout,timeout,timeout,timeout,timeout,timeout,timeout,timeout,timeout,timeout,timeout,timeout,timeout,timeout,timeout,timeout,timeout,timeout,timeout,timeout,timeout,timeout,timeout,timeout,timeout,timeout,timeout,timeout,timeout,timeout,timeout,timeout,timeout,timeout,timeout,timeout,timeout,timeout,timeout,timeout,timeout,timeout,timeout,timeout,178.707634,178.707634,178.707634,178.707634,178.707634,178.707634,178.707634,178.707634,178.707634,178.707634,178.707634,178.707634,178.707634,178.707634,178.707634,178.707634,178.707634,178.707634,178.707634,178.707634,178.707634,178.707634,178.707634,178.707634,178.707634,178.707634,178.707634,178.707634,178.707634,178.707634,178.707634,178.707634,178.707634,178.707634,178.707634,178.707634,178.707634,178.707634,178.707634,178.707634,178.707634,178.707634,178.707634,178.707634,178.707634,178.707634,178.707634,178.707634,178.707634,178.707634,178.707634,178.707634,178.707634,178.707634,178.707634,178.707634,178.707634,178.707634,178.707634,178.707634,178.707634,178.707634,178.707634,178.707634,178.707634,178.707634,178.707634,178.707634,178.707634,178.707634,178.707634,178.707634,27.602859,27.602859,27.602859,27.602859,27.602859,27.602859,27.602859,27.602859,27.602859,27.602859,27.602859,27.602859,27.602859,27.602859,27.602859,27.602859,27.602859,27.602859,27.602859,27.602859
iff_1_3_4_2,5,timeout,timeout,timeout,timeout,timeout,timeout,timeout,timeout,timeout,timeout,timeout,1135.059032,1135.059032,1135.059032,1135.059032,1135.059032,1135.059032,1135.059032,942.89021,942.89021,942.89021,942.89021,942.89021,942.89021,942.89021,942.89021,942.89021,942.89021,942.89021,942.89021,942.89021,942.89021,942.89021,942.89021,942.89021,942.89021,942.89021,942.89021,942.89021,942.89021,942.89021,942.89021,942.89021,942.89021,942.89021,942.89021,942.89021,942.89021,942.89021,410.545458,410.545458,410.545458,410.545458,410.545458,410.545458,410.545458,410.545458,410.545458,410.545458,410.545458,410.545458,410.545458,410.545458,410.545458,410.545458,410.545458,410.545458,410.545458,410.545458,410.545458,410.545458,410.545458,410.545458,410.545458,410.545458,410.545458,410.545458,410.545458,410.545458,410.545458,410.545458,410.545458,410.545458,410.545458,410.545458,410.545458,410.545458,410.545458,410.545458,410.545458,410.545458,410.545458,410.545458,410.545458,410.545458,410.545458,410.545458,410.545458,410.545458,410.545458,410.545458,410.545458,410.545458,410.545458,223.484471,223.484471,223.484471,223.484471,223.484471,223.484471,223.484471,223.484471,223.484471,223.484471,223.484471,223.484471,223.484471,223.484471,223.484471,223.484471,223.484471,223.484471,223.484471,223.484471,223.484471,223.484471,223.484471,223.484471,223.484471,223.484471,223.484471,223.484471,223.484471,223.484471,223.484471,223.484471,223.484471,223.484471,223.484471,223.484471,223.484471,223.484471,223.484471,223.484471,223.484471,223.484471,223.484471,223.484471,223.484471,223.484471,223.484471,223.484471,223.484471,223.484471,223.484471,223.484471,223.484471,223.484471,223.484471,223.484471,223.484471,223.484471,223.484471,223.484471,223.484471,223.484471,223.484471,223.484471,223.484471,223.484471,223.484471,223.484471,223.484471,223.484471,223.484471,223.484471,223.484471,223.484471,223.484471,34.628805,34.628805,34.628805,34.628805,34.628805,34.628805,34.628805,34.628805,34.628805,34.628805,34.628805,34.628805,34.628805,34.628805,34.628805,34.628805,34.628805,34.628805
iff_1_3_4_2,6,timeout,timeout,timeout,timeout,timeout,timeout,timeout,timeout,timeout,timeout,1252.686854,1252.686854,1252.686854,1252.686854,1252.686854,1252.686854,1252.686854,1252.686854,1252.686854,1252.686854,1252.686854,1252.686854,1252.686854,1252.686854,1252.686854,645.729229,645.729229,645.729229,645.729229,645.729229,645.729229,645.729229,645.729229,645.729229,645.729229,645.729229,645.729229,645.729229,645.729229,645.729229,645.729229,645.729229,645.729229,645.729229,645.729229,645.729229,645.729229,645.729229,421.755427,421.755427,421.755427,421.755427,421.755427,421.755427,421.755427,421.755427,421.755427,421.755427,421.755427,421.755427,421.755427,421.755427,421.755427,421.755427,421.755427,421.755427,421.755427,421.755427,421.755427,421.755427,421.755427,421.755427,421.755427,421.755427,421.755427,421.755427,421.755427,421.755427,421.755427,421.755427,421.755427,421.755427,421.755427,421.755427,421.755427,421.755427,421.755427,421.755427,421.755427,421.755427,421.755427,421.755427,421.755427,421.755427,421.755427,421.755427,421.755427,421.755427,421.755427,421.755427,421.755427,193.534618,193.534618,193.534618,193.534618,193.534618,193.534618,193.534618,193.534618,193.534618,193.534618,193.534618,193.534618,193.534618,193.534618,193.534618,193.534618,193.534618,193.534618,193.534618,193.534618,193.534618,193.534618,193.534618,193.534618,193.534618,193.534618,193.534618,193.534618,193.534618,193.534618,193.534618,193.534618,193.534618,193.534618,193.534618,193.534618,193.534618,193.534618,193.534618,193.534618,193.534618,193.534618,193.534618,193.534618,193.534618,193.534618,193.534618,193.534618,193.534618,193.534618,193.534618,193.534618,193.534618,193.534618,193.534618,193.534618,193.534618,193.534618,193.534618,193.534618,193.534618,193.534618,193.534618,193.534618,193.534618,193.534618,193.534618,193.534618,193.534618,193.534618,193.534618,193.534618,193.534618,193.534618,193.534618,193.534618,193.534618,193.534618,193.534618,193.534618,41.381999,41.381999,41.381999,41.381999,41.381999,41.381999,41.381999,41.381999,41.381999,41.381999,41.381999,41.381999,41.381999,41.381999,41.381999,41.381999
iff_2_3_0_2,1,timeout,timeout,timeout,timeout,timeout,timeout,timeout,timeout,timeout,timeout,timeout,timeout,timeout,timeout,timeout,timeout,timeout,timeout,timeout,timeout,timeout,timeout,timeout,timeout,timeout,timeout,timeout,timeout,timeout,timeout,timeout,timeout,timeout,timeout,timeout,timeout,timeout,timeout,timeout,timeout,timeout,timeout,timeout,timeout,timeout,timeout,timeout,timeout,timeout,timeout,timeout,timeout,timeout,timeout,timeout,timeout,timeout,timeout,timeout,timeout,timeout,timeout,timeout,timeout,timeout,timeout,timeout,timeout,timeout,timeout,timeout,timeout,timeout,timeout,timeout,timeout,timeout,timeout,timeout,timeout,timeout,timeout,timeout,timeout,timeout,timeout,timeout,timeout,timeout,timeout,timeout,timeout,timeout,timeout,timeout,timeout,timeout,timeout,timeout,timeout,timeout,timeout,timeout,timeout,timeout,timeout,timeout,timeout,timeout,timeout,timeout,timeout,timeout,timeout,timeout,timeout,timeout,timeout,timeout,timeout,timeout,timeout,timeout,timeout,timeout,timeout,timeout,timeout,timeout,timeout,timeout,timeout,timeout,timeout,timeout,timeout,timeout,timeout,timeout,timeout,timeout,timeout,timeout,timeout,timeout,timeout,timeout,timeout,timeout,timeout,timeout,timeout,timeout,timeout,timeout,timeout,timeout,timeout,timeout,timeout,timeout,timeout,timeout,timeout,timeout,timeout,timeout,timeout,5.996821,5.996821,5.996821,5.996821,5.996821,5.996821,5.996821,5.996821,5.996821,5.996821,5.996821,5.996821,5.996821,5.996821,5.996821,5.996821,5.996821,5.996821,5.996821,5.996821,5.996821,5.996821,5.996821,5.996821,5.996821,5.996821,5.996821,5.996821,5.996821
iff_2_3_0_2,2,137.343105,137.343105,137.343105,137.343105,137.343105,137.343105,137.343105,137.343105,137.343105,137.343105,137.343105,137.343105,137.343105,137.343105,137.343105,137.343105,137.343105,137.343105,137.343105,137.343105,137.343105,137.343105,137.343105,137.343105,137.343105,137.343105,137.343105,137.343105,137.343105,137.343105,137.343105,137.343105,137.343105,137.343105,137.343105,137.343105,137.343105,137.343105,137.343105,137.343105,137.343105,137.343105,137.343105,137.343105,137.343105,137.343105,137.343105,137.343105,137.343105,137.343105,137.343105,137.343105,137.343105,137.343105,137.343105,137.343105,137.343105,137.343105,137.343105,137.343105,137.343105,137.343105,137.343105,137.343105,137.343105,137.343105,137.343105,137.343105,137.343105,137.343105,137.343105,137.343105,137.343105,137.343105,137.343105,137.343105,137.343105,137.343105,137.343105,137.343105,137.343105,137.343105,137.343105,137.343105,137.343105,137.343105,137.343105,137.343105,137.343105,137.343105,137.343105,137.343105,137.343105,137.343105,137.343105,137.343105,137.343105,137.343105,137.343105,137.343105,137.343105,137.343105,137.343105,137.343105,137.343105,137.343105,137.343105,137.343105,137.343105,137.343105,137.343105,137.343105,137.343105,137.343105,137.343105,137.343105,137.343105,137.343105,137.343105,137.343105,137.343105,137.343105,137.343105,137.343105,137.343105,137.343105,137.343105,137.343105,137.343105,137.343105,137.343105,137.343105,137.343105,137.343105,137.343105,137.343105,137.343105,137.343105,137.343105,137.343105,137.343105,137.343105,137.343105,137.343105,137.343105,137.343105,137.343105,137.343105,137.343105,137.343105,137.343105,137.343105,137.343105,137.343105,137.343105,137.343105,137.343105,74.737667,74.737667,74.737667,74.737667,74.737667,74.737667,74.737667,74.737667,74.737667,74.737667,74.737667,74.737667,74.737667,74.737667,74.737667,74.737667,11.74911,11.74911,11.74911,11.74911,11.74911,11.74911,11.74911,11.74911,11.74911,11.74911,11.74911,11.74911,11.74911,11.74911,11.74911,11.74911,11.74911,11.74911,11.74911,11.74911,11.74911,11.74911,11.74911,11.74911
iff_2_3_0_2,3,timeout,timeout,timeout,timeout,timeout,timeout,timeout,timeout,timeout,timeout,timeout,timeout,timeout,timeout,timeout,timeout,timeout,timeout,timeout,timeout,timeout,timeout,timeout,timeout,timeout,timeout,timeout,timeout,timeout,timeout,timeout,timeout,timeout,timeout,timeout,timeout,timeout,timeout,timeout,timeout,timeout,timeout,timeout,timeout,timeout,timeout,timeout,timeout,timeout,timeout,timeout,timeout,timeout,timeout,timeout,timeout,timeout,timeout,timeout,timeout,timeout,timeout,timeout,timeout,timeout,timeout,timeout,timeout,timeout,timeout,timeout,timeout,timeout,timeout,timeout,timeout,timeout,timeout,timeout,timeout,timeout,timeout,timeout,timeout,timeout,timeout,timeout,208.601651,208.601651,208.601651,208.601651,208.601651,208.601651,208.601651,208.601651,208.601651,208.601651,208.601651,208.601651,208.601651,208.601651,208.601651,208.601651,208.601651,208.601651,208.601651,208.601651,208.601651,208.601651,208.601651,208.601651,208.601651,208.601651,208.601651,208.601651,208.601651,208.601651,208.601651,208.601651,208.601651,208.601651,208.601651,208.601651,208.601651,208.601651,208.601651,208.601651,208.601651,208.601651,208.601651,208.601651,208.601651,208.601651,208.601651,208.601651,208.601651,208.601651,208.601651,208.601651,208.601651,208.601651,208.601651,208.601651,208.601651,208.601651,208.601651,208.601651,208.601651,208.601651,208.601651,208.601651,208.601651,208.601651,208.601651,208.601651,208.601651,113.63439,113.63439,113.63439,113.63439,113.63439,113.63439,113.63439,113.63439,113.63439,113.63439,113.63439,113.63439,113.63439,113.63439,113.63439,113.63439,113.63439,113.63439,113.63439,113.63439,17.764729,17.764729,17.764729,17.764729,17.764729,17.764729,17.764729,17.764729,17.764729,17.764729,17.764729,17.764729,17.764729,17.764729,17.764729,17.764729,17.764729,17.764729,17.764729,17.764729,17.764729
iff_2_3_0_2,4,timeout,timeout,timeout,timeout,timeout,timeout,timeout,timeout,timeout,timeout,timeout,timeout,timeout,timeout,timeout,timeout,timeout,timeout,timeout,timeout,timeout,timeout,timeout,timeout,timeout,timeout,timeout,timeout,timeout,timeout,timeout,timeout,timeout,timeout,timeout,timeout,timeout,timeout,timeout,timeout,timeout,timeout,timeout,timeout,timeout,timeout,timeout,timeout,timeout,timeout,timeout,timeout,timeout,timeout,timeout,timeout,timeout,timeout,timeout,timeout,timeout,timeout,timeout,timeout,timeout,timeout,timeout,timeout,timeout,timeout,timeout,timeout,timeout,timeout,timeout,timeout,timeout,timeout,timeout,timeout,405.335497,405.335497,405.335497,405.335497,405.335497,278.305535,278.305535,278.305535,278.305535,278.305535,278.305535,278.305535,278.305535,278.305535,278.305535,278.305535,278.305535,278.305535,278.305535,278.305535,278.305535,278.305535,278.305535,278.305535,278.305535,278.305535,278.305535,278.305535,278.305535,278.305535,278.305535,278.305535,278.305535,278.305535,278.305535,278.305535,278.305535,278.305535,278.305535,278.305535,278.305535,278.305535,278.305535,278.305535,278.305535,278.305535,278.305535,278.305535,278.305535,278.305535,278.305535,278.305535,278.305535,278.305535,278.305535,278.305535,278.305535,278.305535,278.305535,278.305535,278.305535,278.305535,278.305535,278.305535,278.305535,278.305535,278.305535,278.305535,278.305535,278.305535,278.305535,278.305535,278.305535,278.305535,278.305535,151.392554,151.392554,151.392554,151.392554,151.392554,151.392554,151.392554,151.392554,151.392554,151.392554,151.392554,151.392554,151.392554,151.392554,151.392554,151.392554,151.392554,151.392554,151.392554,151.392554,151.392554,151.392554,151.392554,151.392554,151.392554,23.751316,23.751316,23.751316,23.751316,23.751316,23.751316,23.751316,23.751316,23.751316,23.751316,23.751316,23.751316,23.751316,23.751316,23.751316,23.751316,23.751316
iff_2_3_0_2,5,timeout,timeout,timeout,timeout,timeout,timeout,timeout,timeout,timeout,timeout,timeout,timeout,timeout,timeout,timeout,timeout,timeout,timeout,timeout,timeout,timeout,timeout,timeout,timeout,timeout,timeout,timeout,timeout,timeout,timeout,timeout,timeout,timeout,timeout,timeout,timeout,timeout,timeout,timeout,timeout,timeout,timeout,timeout,timeout,timeout,timeout,timeout,timeout,timeout,timeout,timeout,timeout,timeout,timeout,timeout,timeout,timeout,timeout,timeout,timeout,timeout,timeout,timeout,timeout,timeout,timeout,timeout,timeout,timeout,timeout,timeout,timeout,timeout,timeout,timeout,timeout,timeout,timeout,timeout,timeout,timeout,286.240798,286.240798,286.240798,286.240798,286.240798,286.240798,286.240798,286.240798,286.240798,286.240798,286.240798,286.240798,286.240798,286.240798,286.240798,286.240798,286.240798,286.240798,286.240798,286.240798,286.240798,286.240798,286.240798,286.240798,286.240798,286.240798,286.240798,286.240798,286.240798,286.240798,286.240798,286.240798,286.240798,286.240798,286.240798,286.240798,286.240798,286.240798,286.240798,286.240798,286.240798,286.240798,286.240798,286.240798,286.240798,286.240798,286.240798,286.240798,286.240798,286.240798,286.240798,286.240798,286.240798,286.240798,286.240798,286.240798,286.240798,286.240798,286.240798,286.240798,286.240798,286.240798,286.240798,286.240798,286.240798,286.240798,286.240798,286.240798,286.240798,159.607277,159.607277,159.607277,159.607277,159.607277,159.607277,159.607277,159.607277,159.607277,159.607277,159.607277,159.607277,159.607277,159.607277,159.607277,159.607277,159.607277,159.607277,159.607277,159.607277,159.607277,159.607277,159.607277,159.607277,159.607277,159.607277,159.607277,159.607277,159.607277,159.607277,159.607277,159.607277,159.607277,29.65847,29.65847,29.65847,29.65847,29.65847,29.65847,29.65847,29.65847,29.65847,29.65847,29.65847,29.65847,29.65847,29.65847
iff_2_3_0_2,6,timeout,timeout,timeout,timeout,timeout,timeout,timeout,timeout,timeout,timeout,timeout,timeout,timeout,timeout,timeout,timeout,timeout,timeout,timeout,timeout,timeout,timeout,timeout,timeout,timeout,timeout,timeout,timeout,timeout,timeout,timeout,timeout,timeout,timeout,timeout,timeout,timeout,timeout,timeout,timeout,timeout,timeout,timeout,timeout,timeout,timeout,timeout,timeout,timeout,timeout,timeout,timeout,timeout,timeout,timeout,timeout,timeout,timeout,timeout,timeout,timeout,timeout,timeout,timeout,timeout,timeout,timeout,timeout,timeout,timeout,timeout,timeout,timeout,timeout,timeout,timeout,timeout,timeout,timeout,timeout,timeout,timeout,timeout,timeout,timeout,timeout,260.947321,260.947321,260.947321,260.947321,260.947321,260.947321,260.947321,260.947321,260.947321,260.947321,260.947321,260.947321,260.947321,260.947321,260.947321,260.947321,260.947321,260.947321,260.947321,260.947321,260.947321,260.947321,260.947321,260.947321,260.947321,260.947321,260.947321,260.947321,260.947321,260.947321,260.947321,260.947321,260.947321,260.947321,260.947321,260.947321,260.947321,260.947321,260.947321,260.947321,260.947321,260.947321,260.947321,260.947321,260.947321,260.947321,260.947321,260.947321,260.947321,260.947321,260.947321,260.947321,260.947321,260.947321,260.947321,260.947321,260.947321,260.947321,260.947321,260.947321,260.947321,260.947321,260.947321,166.078665,166.078665,166.078665,166.078665,166.078665,166.078665,166.078665,166.078665,166.078665,166.078665,166.078665,166.078665,166.078665,166.078665,166.078665,166.078665,166.078665,166.078665,166.078665,166.078665,166.078665,166.078665,166.078665,166.078665,166.078665,166.078665,166.078665,166.078665,166.078665,166.078665,166.078665,166.078665,166.078665,166.078665,166.078665,35.601055,35.601055,35.601055,35.601055,35.601055,35.601055,35.601055,35.601055,35.601055,35.601055,35.601055,35.601055,35.601055
iff_2_3_0_4,1,timeout,timeout,timeout,timeout,timeout,timeout,timeout,timeout,timeout,timeout,timeout,timeout,timeout,timeout,timeout,timeout,timeout,timeout,timeout,timeout,timeout,timeout,timeout,timeout,timeout,timeout,timeout,timeout,timeout,timeout,timeout,timeout,timeout,timeout,timeout,timeout,timeout,timeout,timeout,timeout,timeout,timeout,timeout,timeout,timeout,timeout,timeout,timeout,timeout,timeout,timeout,timeout,timeout,timeout,timeout,timeout,timeout,timeout,timeout,timeout,timeout,timeout,timeout,timeout,timeout,timeout,timeout,timeout,timeout,timeout,timeout,timeout,timeout,timeout,timeout,timeout,timeout,timeout,timeout,timeout,timeout,timeout,timeout,timeout,timeout,timeout,timeout,timeout,timeout,timeout,timeout,timeout,timeout,timeout,timeout,timeout,timeout,timeout,timeout,timeout,timeout,timeout,timeout,timeout,timeout,timeout,timeout,timeout,timeout,timeout,timeout,timeout,timeout,timeout,timeout,timeout,timeout,timeout,timeout,timeout,timeout,timeout,timeout,timeout,timeout,timeout,timeout,timeout,timeout,timeout,timeout,timeout,timeout,timeout,timeout,timeout,timeout,timeout,timeout,timeout,timeout,timeout,timeout,timeout,timeout,timeout,timeout,timeout,timeout,timeout,timeout,timeout,timeout,timeout,timeout,timeout,timeout,timeout,timeout,timeout,timeout,timeout,timeout,timeout,timeout,timeout,timeout,timeout,5.988808,5.988808,5.988808,5.988808,5.988808,5.988808,5.988808,5.988808,5.988808,5.988808,5.988808,5.988808,5.988808,5.988808,5.988808,5.988808,5.988808,5.988808,5.988808,5.988808,5.988808,5.988808,5.988808,5.988808,5.988808,5.988808,5.988808,5.988808,5.988808
iff_2_3_0_4,2,136.696771,136.696771,136.696771,136.696771,136.696771,136.696771,136.696771,136.696771,136.696771,136.696771,136.696771,136.696771,136.696771,136.696771,136.696771,136.696771,136.696771,136.696771,136.696771,136.696771,136.696771,136.696771,136.696771,136.696771,136.696771,136.696771,136.696771,136.696771,136.696771,136.696771,136.696771,136.696771,136.696771,136.696771,136.696771,136.696771,136.696771,136.696771,136.696771,136.696771,136.696771,136.696771,136.696771,136.696771,136.696771,136.696771,136.696771,136.696771,136.696771,136.696771,136.696771,136.696771,136.696771,136.696771,136.696771,136.696771,136.696771,136.696771,136.696771,136.696771,136.696771,136.696771,136.696771,136.696771,136.696771,136.696771,136.696771,136.696771,136.696771,136.696771,136.696771,136.696771,136.696771,136.696771,136.696771,136.696771,136.696771,136.696771,136.696771,136.696771,136.696771,136.696771,136.696771,136.696771,136.696771,136.696771,136.696771,136.696771,136.696771,136.696771,136.696771,136.696771,136.696771,136.696771,136.696771,136.696771,136.696771,136.696771,136.696771,136.696771,136.696771,136.696771,136.696771,136.696771,136.696771,136.696771,136.696771,136.696771,136.696771,136.696771,136.696771,136.696771,136.696771,136.696771,136.696771,136.696771,136.696771,136.696771,136.696771,136.696771,136.696771,136.696771,136.696771,136.696771,136.696771,136.696771,136.696771,136.696771,136.696771,136.696771,136.696771,136.696771,136.696771,136.696771,136.696771,136.696771,136.696771,136.696771,136.696771,136.696771,136.696771,136.696771,136.696771,136.696771,136.696771,136.696771,136.696771,136.696771,136.696771,136.696771,136.696771,136.696771,136.696771,136.696771,136.696771,136.696771,136.696771,74.241271,74.241271,74.241271,74.241271,74.241271,74.241271,74.241271,74.241271,74.241271,74.241271,74.241271,74.241271,74.241271,74.241271,74.241271,74.241271,11.72567,11.72567,11.72567,11.72567,11.72567,11.72567,11.72567,11.72567,11.72567,11.72567,11.72567,11.72567,11.72567,11.72567,11.72567,11.72567,11.72567,11.72567,11.72567,11.72567,11.72567,11.72567,11.72567,11.72567
iff_2_3_0_4,3,timeout,timeout,timeout,timeout,timeout,timeout,timeout,timeout,timeout,timeout,timeout,timeout,timeout,timeout,timeout,timeout,timeout,timeout,timeout,timeout,timeout,timeout,timeout,timeout,timeout,timeout,timeout,timeout,timeout,timeout,timeout,timeout,timeout,timeout,timeout,timeout,timeout,timeout,timeout,timeout,timeout,timeout,timeout,timeout,timeout,timeout,timeout,timeout,timeout,timeout,timeout,timeout,timeout,timeout,timeout,timeout,timeout,timeout,timeout,timeout,timeout,timeout,timeout,timeout,timeout,timeout,timeout,timeout,timeout,timeout,timeout,timeout,timeout,timeout,timeout,timeout,timeout,timeout,timeout,timeout,timeout,timeout,timeout,timeout,timeout,timeout,timeout,207.000162,207.000162,207.000162,207.000162,207.000162,207.000162,207.000162,207.000162,207.000162,207.000162,207.000162,207.000162,207.000162,207.000162,207.000162,207.000162,207.000162,207.000162,207.000162,207.000162,207.000162,207.000162,207.000162,207.000162,207.000162,207.000162,207.000162,207.000162,207.000162,207.000162,207.000162,207.000162,207.000162,207.000162,207.000162,207.000162,207.000162,207.000162,207.000162,207.000162,207.000162,207.000162,207.000162,207.000162,207.000162,207.000162,207.000162,207.000162,207.000162,207.000162,207.000162,207.000162,207.000162,207.000162,207.000162,207.000162,207.000162,207.000162,207.000162,207.000162,207.000162,207.000162,207.000162,207.000162,207.000162,207.000162,207.000162,207.000162,207.000162,112.703548,112.703548,112.703548,112.703548,112.703548,112.703548,112.703548,112.703548,112.703548,112.703548,112.703548,112.703548,112.703548,112.703548,112.703548,112.703548,112.703548,112.703548,112.703548,112.703548,17.591871,17.591871,17.591871,17.591871,17.591871,17.591871,17.591871,17.591871,17.591871,17.591871,17.591871,17.591871,17.591871,17.591871,17.591871,17.591871,17.591871,17.591871,17.591871,17.591871,17.591871
iff_2_3_0_4,4,timeout,timeout,timeout,timeout,timeout,timeout,timeout,timeout,timeout,timeout,timeout,timeout,timeout,timeout,timeout,timeout,timeout,timeout,timeout,timeout,timeout,timeout,timeout,timeout,timeout,timeout,timeout,timeout,timeout,timeout,timeout,timeout,timeout,timeout,timeout,timeout,timeout,timeout,timeout,timeout,timeout,timeout,timeout,timeout,timeout,timeout,timeout,timeout,timeout,timeout,timeout,timeout,timeout,timeout,timeout,timeout,timeout,timeout,timeout,timeout,timeout,timeout,timeout,timeout,timeout,timeout,timeout,timeout,timeout,timeout,timeout,timeout,timeout,timeout,timeout,timeout,timeout,timeout,timeout,timeout,400.729476,400.729476,400.729476,400.729476,400.729476,275.260925,275.260925,275.260925,275.260925,275.260925,275.260925,275.260925,275.260925,275.260925,275.260925,275.260925,275.260925,275.260925,275.260925,275.260925,275.260925,275.260925,275.260925,275.260925,275.260925,275.260925,275.260925,275.260925,275.260925,275.260925,275.260925,275.260925,275.260925,275.260925,275.260925,275.260925,275.260925,275.260925,275.260925,275.260925,275.260925,275.260925,275.260925,275.260925,275.260925,275.260925,275.260925,275.260925,275.260925,275.260925,275.260925,275.260925,275.260925,275.260925,275.260925,275.260925,275.260925,275.260925,275.260925,275.260925,275.260925,275.260925,275.260925,275.260925,275.260925,275.260925,275.260925,275.260925,275.260925,275.260925,275.260925,275.260925,275.260925,275.260925,275.260925,150.027988,150.027988,150.027988,150.027988,150.027988,150.027988,150.027988,150.027988,150.027988,150.027988,150.027988,150.027988,150.027988,150.027988,150.027988,150.027988,150.027988,150.027988,150.027988,150.027988,150.027988,150.027988,150.027988,150.027988,150.027988,23.365801,23.365801,23.365801,23.365801,23.365801,23.365801,23.365801,23.365801,23.365801,23.365801,23.365801,23.365801,23.365801,23.365801,23.365801,23.365801,23.365801
iff_2_3_0_4,5,timeout,timeout,timeout,timeout,timeout,timeout,timeout,timeout,timeout,timeout,timeout,timeout,timeout,timeout,timeout,timeout,timeout,timeout,timeout,timeout,timeout,timeout,timeout,timeout,timeout,timeout,timeout,timeout,timeout,timeout,timeout,timeout,timeout,timeout,timeout,timeout,timeout,timeout,timeout,timeout,timeout,timeout,timeout,timeout,timeout,timeout,timeout,timeout,timeout,timeout,timeout,timeout,timeout,timeout,timeout,timeout,timeout,timeout,timeout,timeout,timeout,timeout,timeout,timeout,timeout,timeout,timeout,timeout,timeout,timeout,timeout,timeout,timeout,timeout,timeout,timeout,timeout,timeout,timeout,timeout,timeout,283.948861,283.948861,283.948861,283.948861,283.948861,283.948861,283.948861,283.948861,283.948861,283.948861,283.948861,283.948861,283.948861,283.948861,283.948861,283.948861,283.948861,283.948861,283.948861,283.948861,283.948861,283.948861,283.948861,283.948861,283.948861,283.948861,283.948861,283.948861,283.948861,283.948861,283.948861,283.948861,283.948861,283.948861,283.948861,283.948861,283.948861,283.948861,283.948861,283.948861,283.948861,283.948861,283.948861,283.948861,283.948861,283.948861,283.948861,283.948861,283.948861,283.948861,283.948861,283.948861,283.948861,283.948861,283.948861,283.948861,283.948861,283.948861,283.948861,283.948861,283.948861,283.948861,283.948861,283.948861,283.948861,283.948861,283.948861,283.948861,283.948861,158.464371,158.464371,158.464371,158.464371,158.464371,158.464371,158.464371,158.464371,158.464371,158.464371,158.464371,158.464371,158.464371,158.464371,158.464371,158.464371,158.464371,158.464371,158.464371,158.464371,158.464371,158.464371,158.464371,158.464371,158.464371,158.464371,158.464371,158.464371,158.464371,158.464371,158.464371,158.464371,158.464371,29.625754,29.625754,29.625754,29.625754,29.625754,29.625754,29.625754,29.625754,29.625754,29.625754,29.625754,29.625754,29.625754,29.625754
iff_2_3_0_4,6,timeout,timeout,timeout,timeout,timeout,timeout,timeout,timeout,timeout,timeout,timeout,timeout,timeout,timeout,timeout,timeout,timeout,timeout,timeout,timeout,timeout,timeout,timeout,timeout,timeout,timeout,timeout,timeout,timeout,timeout,timeout,timeout,timeout,timeout,timeout,timeout,timeout,timeout,timeout,timeout,timeout,timeout,timeout,timeout,timeout,timeout,timeout,timeout,timeout,timeout,timeout,timeout,timeout,timeout,timeout,timeout,timeout,timeout,timeout,timeout,timeout,timeout,timeout,timeout,timeout,timeout,timeout,timeout,timeout,timeout,timeout,timeout,timeout,timeout,timeout,timeout,timeout,timeout,timeout,timeout,timeout,timeout,timeout,timeout,timeout,timeout,259.304075,259.304075,259.304075,259.304075,259.304075,259.304075,259.304075,259.304075,259.304075,259.304075,259.304075,259.304075,259.304075,259.304075,259.304075,259.304075,259.304075,259.304075,259.304075,259.304075,259.304075,259.304075,259.304075,259.304075,259.304075,259.304075,259.304075,259.304075,259.304075,259.304075,259.304075,259.304075,259.304075,259.304075,259.304075,259.304075,259.304075,259.304075,259.304075,259.304075,259.304075,259.304075,259.304075,259.304075,259.304075,259.304075,259.304075,259.304075,259.304075,259.304075,259.304075,259.304075,259.304075,259.304075,259.304075,259.304075,259.304075,259.304075,259.304075,259.304075,259.304075,259.304075,259.304075,164.947204,164.947204,164.947204,164.947204,164.947204,164.947204,164.947204,164.947204,164.947204,164.947204,164.947204,164.947204,164.947204,164.947204,164.947204,164.947204,164.947204,164.947204,164.947204,164.947204,164.947204,164.947204,164.947204,164.947204,164.947204,164.947204,164.947204,164.947204,164.947204,164.947204,164.947204,164.947204,164.947204,164.947204,164.947204,35.405053,35.405053,35.405053,35.405053,35.405053,35.405053,35.405053,35.405053,35.405053,35.405053,35.405053,35.405053,35.405053
iff_2_3_2_0,1,timeout,timeout,timeout,timeout,timeout,timeout,timeout,timeout,timeout,timeout,timeout,timeout,timeout,timeout,timeout,timeout,timeout,timeout,timeout,timeout,timeout,timeout,timeout,timeout,timeout,timeout,timeout,timeout,timeout,timeout,timeout,timeout,timeout,timeout,timeout,timeout,timeout,timeout,timeout,timeout,timeout,timeout,timeout,timeout,timeout,timeout,timeout,timeout,timeout,timeout,timeout,timeout,timeout,timeout,timeout,timeout,timeout,timeout,timeout,timeout,timeout,timeout,timeout,timeout,timeout,timeout,timeout,timeout,timeout,timeout,timeout,timeout,timeout,timeout,timeout,timeout,timeout,timeout,timeout,timeout,timeout,timeout,timeout,timeout,timeout,timeout,timeout,timeout,timeout,timeout,timeout,timeout,timeout,timeout,timeout,timeout,timeout,timeout,timeout,timeout,timeout,timeout,timeout,timeout,timeout,timeout,timeout,timeout,timeout,timeout,timeout,timeout,timeout,timeout,timeout,timeout,timeout,timeout,timeout,timeout,timeout,timeout,timeout,timeout,timeout,timeout,timeout,timeout,timeout,timeout,timeout,timeout,timeout,timeout,timeout,timeout,timeout,timeout,timeout,timeout,timeout,timeout,timeout,timeout,timeout,timeout,timeout,timeout,timeout,timeout,timeout,timeout,timeout,timeout,timeout,timeout,timeout,timeout,timeout,timeout,timeout,timeout,timeout,timeout,timeout,timeout,timeout,timeout,5.961074,5.961074,5.961074,5.961074,5.961074,5.961074,5.961074,5.961074,5.961074,5.961074,5.961074,5.961074,5.961074,5.961074,5.961074,5.961074,5.961074,5.961074,5.961074,5.961074,5.961074,5.961074,5.961074,5.961074,5.961074,5.961074,5.961074,5.961074,5.961074
iff_2_3_2_0,2,138.915399,138.915399,138.915399,138.915399,138.915399,138.915399,138.915399,138.915399,138.915399,138.915399,138.915399,138.915399,138.915399,138.915399,138.915399,138.915399,138.915399,138.915399,138.915399,138.915399,138.915399,138.915399,138.915399,138.915399,138.915399,138.915399,138.915399,138.915399,138.915399,138.915399,138.915399,138.915399,138.915399,138.915399,138.915399,138.915399,138.915399,138.915399,138.915399,138.915399,138.915399,138.915399,138.915399,138.915399,138.915399,138.915399,138.915399,138.915399,138.915399,138.915399,138.915399,138.915399,138.915399,138.915399,138.915399,138.915399,138.915399,138.915399,138.915399,138.915399,138.915399,138.915399,138.915399,138.915399,138.915399,138.915399,138.915399,138.915399,138.915399,138.915399,138.915399,138.915399,138.915399,138.915399,138.915399,138.915399,138.915399,138.915399,138.915399,138.915399,138.915399,138.915399,138.915399,138.915399,138.915399,138.915399,138.915399,138.915399,138.915399,138.915399,138.915399,138.915399,138.915399,138.915399,138.915399,138.915399,138.915399,138.915399,138.915399,138.915399,138.915399,138.915399,138.915399,138.915399,138.915399,138.915399,138.915399,138.915399,138.915399,138.915399,138.915399,138.915399,138.915399,138.915399,138.915399,138.915399,138.915399,138.915399,138.915399,138.915399,138.915399,138.915399,138.915399,138.915399,138.915399,138.915399,138.915399,138.915399,138.915399,138.915399,138.915399,138.915399,138.915399,138.915399,138.915399,138.915399,138.915399,138.915399,138.915399,138.915399,138.915399,138.915399,138.915399,138.915399,138.915399,138.915399,138.915399,138.915399,138.915399,138.915399,138.915399,138.915399,138.915399,138.915399,138.915399,138.915399,138.915399,75.681753,75.681753,75.681753,75.681753,75.681753,75.681753,75.681753,75.681753,75.681753,75.681753,75.681753,75.681753,75.681753,75.681753,75.681753,75.681753,11.963679,11.963679,11.963679,11.963679,11.963679,11.963679,11.963679,11.963679,11.963679,11.963679,11.963679,11.963679,11.963679,11.963679,11.963679,11.963679,11.963679,11.963679,11.963679,11.963679,11.963679,11.963679,11.963679,11.963679
iff_2_3_2_0,3,timeout,timeout,timeout,timeout,timeout,timeout,timeout,timeout,timeout,timeout,timeout,timeout,timeout,timeout,timeout,timeout,timeout,timeout,timeout,timeout,timeout,timeout,timeout,timeout,timeout,timeout,timeout,timeout,timeout,timeout,timeout,timeout,timeout,timeout,timeout,timeout,timeout,timeout,timeout,timeout,timeout,timeout,timeout,timeout,timeout,timeout,timeout,timeout,timeout,timeout,timeout,timeout,timeout,timeout,timeout,timeout,timeout,timeout,timeout,timeout,timeout,timeout,timeout,timeout,timeout,timeout,timeout,timeout,timeout,timeout,timeout,timeout,timeout,timeout,timeout,timeout,timeout,timeout,timeout,timeout,timeout,timeout,timeout,timeout,timeout,timeout,timeout,timeout,timeout,timeout,timeout,timeout,timeout,timeout,timeout,timeout,timeout,timeout,211.942822,211.942822,211.942822,211.942822,211.942822,211.942822,211.942822,211.942822,211.942822,211.942822,211.942822,211.942822,211.942822,211.942822,211.942822,211.942822,211.942822,211.942822,211.942822,211.942822,211.942822,211.942822,211.942822,211.942822,211.942822,211.942822,211.942822,211.942822,211.942822,211.942822,211.942822,211.942822,211.942822,211.942822,211.942822,211.942822,211.942822,211.942822,211.942822,211.942822,211.942822,211.942822,211.942822,211.942822,211.942822,211.942822,211.942822,211.942822,211.942822,211.942822,211.942822,211.942822,211.942822,211.942822,211.942822,211.942822,211.942822,211.942822,115.205659,115.205659,115.205659,115.205659,115.205659,115.205659,115.205659,115.205659,115.205659,115.205659,115.205659,115.205659,115.205659,115.205659,115.205659,115.205659,115.205659,115.205659,115.205659,115.205659,18.052294,18.052294,18.052294,18.052294,18.052294,18.052294,18.052294,18.052294,18.052294,18.052294,18.052294,18.052294,18.052294,18.052294,18.052294,18.052294,18.052294,18.052294,18.052294,18.052294,18.052294
iff_2_3_2_0,4,timeout,timeout,timeout,timeout,timeout,timeout,timeout,timeout,timeout,timeout,timeout,timeout,timeout,timeout,timeout,timeout,timeout,timeout,timeout,timeout,timeout,timeout,timeout,timeout,timeout,timeout,timeout,timeout,timeout,timeout,timeout,timeout,timeout,timeout,timeout,timeout,timeout,timeout,timeout,timeout,timeout,timeout,timeout,timeout,timeout,timeout,timeout,timeout,timeout,timeout,timeout,timeout,timeout,timeout,timeout,timeout,timeout,timeout,timeout,timeout,timeout,timeout,timeout,timeout,timeout,timeout,timeout,timeout,timeout,timeout,timeout,timeout,timeout,timeout,timeout,timeout,timeout,timeout,timeout,timeout,timeout,timeout,409.427494,409.427494,409.427494,409.427494,409.427494,409.427494,409.427494,409.427494,281.320625,281.320625,281.320625,281.320625,281.320625,281.320625,281.320625,281.320625,281.320625,281.320625,281.320625,281.320625,281.320625,281.320625,281.320625,281.320625,281.320625,281.320625,281.320625,281.320625,281.320625,281.320625,281.320625,281.320625,281.320625,281.320625,281.320625,281.320625,281.320625,281.320625,281.320625,281.320625,281.320625,281.320625,281.320625,281.320625,281.320625,281.320625,281.320625,281.320625,281.320625,281.320625,281.320625,281.320625,281.320625,281.320625,281.320625,281.320625,281.320625,281.320625,281.320625,281.320625,281.320625,281.320625,281.320625,281.320625,281.320625,281.320625,281.320625,281.320625,281.320625,281.320625,281.320625,281.320625,281.320625,153.524426,153.524426,153.524426,153.524426,153.524426,153.524426,153.524426,153.524426,153.524426,153.524426,153.524426,153.524426,153.524426,153.524426,153.524426,153.524426,153.524426,153.524426,153.524426,153.524426,153.524426,153.524426,153.524426,153.524426,153.524426,24.174249,24.174249,24.174249,24.174249,24.174249,24.174249,24.174249,24.174249,24.174249,24.174249,24.174249,24.174249,24.174249,24.174249,24.174249,24.174249,24.174249
iff_2_3_2_0,5,timeout,timeout,timeout,timeout,timeout,timeout,timeout,timeout,timeout,timeout,timeout,timeout,timeout,timeout,timeout,timeout,timeout,timeout,timeout,timeout,timeout,timeout,timeout,timeout,timeout,timeout,timeout,timeout,timeout,timeout,timeout,timeout,timeout,timeout,timeout,timeout,timeout,timeout,timeout,timeout,timeout,timeout,timeout,timeout,timeout,timeout,timeout,timeout,timeout,timeout,timeout,timeout,timeout,timeout,timeout,timeout,timeout,timeout,timeout,timeout,timeout,timeout,timeout,timeout,timeout,timeout,timeout,timeout,timeout,timeout,timeout,timeout,timeout,timeout,timeout,timeout,timeout,timeout,timeout,timeout,timeout,timeout,timeout,timeout,timeout,timeout,timeout,timeout,timeout,timeout,timeout,451.002362,451.002362,451.002362,322.661713,322.661713,322.661713,322.661713,322.661713,322.661713,322.661713,322.661713,322.661713,322.661713,322.661713,322.661713,322.661713,322.661713,322.661713,322.661713,322.661713,322.661713,322.661713,322.661713,322.661713,322.661713,322.661713,322.661713,322.661713,322.661713,322.661713,322.661713,322.661713,322.661713,322.661713,322.661713,322.661713,322.661713,322.661713,322.661713,322.661713,322.661713,322.661713,322.661713,322.661713,322.661713,322.661713,322.661713,322.661713,322.661713,322.661713,322.661713,322.661713,322.661713,322.661713,322.661713,322.661713,322.661713,322.661713,322.661713,322.661713,322.661713,194.726674,194.726674,194.726674,194.726674,194.726674,194.726674,194.726674,194.726674,194.726674,194.726674,194.726674,194.726674,194.726674,194.726674,194.726674,194.726674,194.726674,194.726674,194.726674,194.726674,194.726674,194.726674,194.726674,194.726674,194.726674,194.726674,194.726674,194.726674,194.726674,194.726674,194.726674,30.014687,30.014687,30.014687,30.014687,30.014687,30.014687,30.014687,30.014687,30.014687,30.014687,30.014687,30.014687,30.014687,30.014687
iff_2_3_2_0,6,timeout,timeout,timeout,timeout,timeout,timeout,timeout,timeout,timeout,timeout,timeout,timeout,timeout,timeout,timeout,timeout,timeout,timeout,timeout,timeout,timeout,timeout,timeout,timeout,timeout,timeout,timeout,timeout,timeout,timeout,timeout,timeout,timeout,timeout,timeout,timeout,timeout,timeout,timeout,timeout,timeout,timeout,timeout,timeout,timeout,timeout,timeout,timeout,timeout,timeout,timeout,timeout,timeout,timeout,timeout,timeout,timeout,timeout,timeout,timeout,timeout,timeout,timeout,timeout,timeout,timeout,timeout,timeout,timeout,timeout,timeout,timeout,timeout,timeout,timeout,timeout,timeout,timeout,timeout,timeout,timeout,timeout,timeout,timeout,timeout,timeout,timeout,timeout,361.6288,265.162844,265.162844,265.162844,265.162844,265.162844,265.162844,265.162844,265.162844,265.162844,265.162844,265.162844,265.162844,265.162844,265.162844,265.162844,265.162844,265.162844,265.162844,265.162844,265.162844,265.162844,265.162844,265.162844,265.162844,265.162844,265.162844,265.162844,265.162844,265.162844,265.162844,265.162844,265.162844,265.162844,265.162844,265.162844,265.162844,265.162844,265.162844,265.162844,265.162844,265.162844,265.162844,265.162844,265.162844,265.162844,265.162844,265.162844,265.162844,265.162844,265.162844,265.162844,265.162844,265.162844,265.162844,265.162844,265.162844,265.162844,265.162844,265.162844,265.162844,265.162844,265.162844,168.737673,168.737673,168.737673,168.737673,168.737673,168.737673,168.737673,168.737673,168.737673,168.737673,168.737673,168.737673,168.737673,168.737673,168.737673,168.737673,168.737673,168.737673,168.737673,168.737673,168.737673,168.737673,168.737673,168.737673,168.737673,168.737673,168.737673,168.737673,168.737673,168.737673,168.737673,168.737673,168.737673,35.979194,35.979194,35.979194,35.979194,35.979194,35.979194,35.979194,35.979194,35.979194,35.979194,35.979194,35.979194,35.979194
iff_2_3_2_4,1,timeout,timeout,timeout,timeout,timeout,timeout,timeout,timeout,timeout,timeout,timeout,timeout,timeout,timeout,timeout,timeout,timeout,timeout,timeout,timeout,timeout,timeout,timeout,timeout,timeout,timeout,timeout,timeout,timeout,timeout,timeout,timeout,timeout,timeout,timeout,timeout,timeout,timeout,timeout,timeout,timeout,timeout,timeout,timeout,timeout,timeout,timeout,timeout,timeout,timeout,timeout,timeout,timeout,timeout,timeout,timeout,timeout,timeout,timeout,timeout,timeout,timeout,timeout,timeout,timeout,timeout,timeout,timeout,timeout,timeout,timeout,timeout,timeout,timeout,timeout,timeout,timeout,timeout,timeout,timeout,timeout,timeout,timeout,timeout,timeout,timeout,timeout,timeout,timeout,timeout,timeout,timeout,timeout,timeout,timeout,timeout,timeout,timeout,timeout,timeout,timeout,timeout,timeout,timeout,timeout,timeout,timeout,timeout,timeout,timeout,timeout,timeout,timeout,timeout,timeout,timeout,timeout,timeout,timeout,timeout,timeout,timeout,timeout,timeout,timeout,timeout,timeout,timeout,timeout,timeout,timeout,timeout,timeout,timeout,timeout,timeout,timeout,timeout,timeout,timeout,timeout,timeout,timeout,timeout,timeout,timeout,timeout,timeout,timeout,timeout,timeout,timeout,timeout,timeout,timeout,timeout,timeout,timeout,timeout,timeout,timeout,timeout,timeout,timeout,timeout,timeout,timeout,6.026226,6.026226,6.026226,6.026226,6.026226,6.026226,6.026226,6.026226,6.026226,6.026226,6.026226,6.026226,6.026226,6.026226,6.026226,6.026226,6.026226,6.026226,6.026226,6.026226,6.026226,6.026226,6.026226,6.026226,6.026226,6.026226,6.026226,6.026226,6.026226,6.026226
iff_2_3_2_4,2,142.687529,142.687529,142.687529,142.687529,142.687529,142.687529,142.687529,142.687529,142.687529,142.687529,142.687529,142.687529,142.687529,142.687529,142.687529,142.687529,142.687529,142.687529,142.687529,142.687529,142.687529,142.687529,142.687529,142.687529,142.687529,142.687529,142.687529,142.687529,142.687529,142.687529,142.687529,142.687529,142.687529,142.687529,142.687529,142.687529,142.687529,142.687529,142.687529,142.687529,142.687529,142.687529,142.687529,142.687529,142.687529,142.687529,142.687529,142.687529,142.687529,142.687529,142.687529,142.687529,142.687529,142.687529,142.687529,142.687529,142.687529,142.687529,142.687529,142.687529,142.687529,142.687529,142.687529,142.687529,142.687529,142.687529,142.687529,142.687529,142.687529,142.687529,142.687529,142.687529,142.687529,142.687529,142.687529,142.687529,142.687529,142.687529,142.687529,142.687529,142.687529,142.687529,142.687529,142.687529,142.687529,142.687529,142.687529,142.687529,142.687529,142.687529,142.687529,142.687529,142.687529,142.687529,142.687529,142.687529,142.687529,142.687529,142.687529,142.687529,142.687529,142.687529,142.687529,142.687529,142.687529,142.687529,142.687529,142.687529,77.552645,77.552645,77.552645,77.552645,77.552645,77.552645,77.552645,77.552645,77.552645,77.552645,77.552645,77.552645,77.552645,77.552645,77.552645,77.552645,77.552645,77.552645,77.552645,77.552645,77.552645,77.552645,77.552645,77.552645,77.552645,77.552645,77.552645,77.552645,77.552645,77.552645,77.552645,77.552645,77.552645,77.552645,77.552645,77.552645,77.552645,77.552645,77.552645,77.552645,77.552645,77.552645,77.552645,77.552645,77.552645,77.552645,77.552645,77.552645,77.552645,77.552645,77.552645,77.552645,77.552645,77.552645,77.552645,77.552645,77.552645,77.552645,77.552645,77.552645,77.552645,77.552645,77.552645,11.985888,11.985888,11.985888,11.985888,11.985888,11.985888,11.985888,11.985888,11.985888,11.985888,11.985888,11.985888,11.985888,11.985888,11.985888,11.985888,11.985888,11.985888,11.985888,11.985888,11.985888,11.985888,11.985888,11.985888,11.985888,11.985888
iff_2_3_2_4,3,error,error,error,error,error,error,error,error,error,error,error,error,error,error,error,error,error,error,error,error,error,error,error,error,error,error,error,error,error,error,error,error,error,error,error,error,error,error,error,error,error,error,error,error,error,error,error,error,error,error,error,504.559813,504.559813,504.559813,504.559813,504.559813,504.559813,504.559813,504.559813,504.559813,504.559813,504.559813,504.559813,504.559813,504.559813,504.559813,504.559813,504.559813,504.559813,504.559813,504.559813,504.559813,504.559813,504.559813,504.559813,504.559813,504.559813,504.559813,504.559813,504.559813,504.559813,504.559813,504.559813,504.559813,407.277901,407.277901,407.277901,407.277901,407.277901,407.277901,407.277901,407.277901,407.277901,407.277901,407.277901,407.277901,407.277901,115.656604,115.656604,115.656604,115.656604,115.656604,115.656604,115.656604,115.656604,115.656604,115.656604,115.656604,115.656604,115.656604,115.656604,115.656604,115.656604,115.656604,115.656604,115.656604,115.656604,115.656604,115.656604,115.656604,115.656604,115.656604,115.656604,115.656604,115.656604,115.656604,115.656604,115.656604,115.656604,115.656604,115.656604,115.656604,115.656604,115.656604,115.656604,115.656604,115.656604,115.656604,115.656604,115.656604,115.656604,115.656604,115.656604,115.656604,115.656604,115.656604,115.656604,115.656604,115.656604,115.656604,115.656604,115.656604,115.656604,115.656604,115.656604,115.656604,115.656604,115.656604,115.656604,115.656604,115.656604,115.656604,115.656604,115.656604,115.656604,115.656604,115.656604,115.656604,115.656604,115.656604,115.656604,115.656604,115.656604,115.656604,17.916342,17.916342,17.916342,17.916342,17.916342,17.916342,17.916342,17.916342,17.916342,17.916342,17.916342,17.916342,17.916342,17.916342,17.916342,17.916342,17.916342,17.916342,17.916342,17.916342,17.916342,17.916342,17.916342
iff_2_3_2_4,4,timeout,timeout,timeout,timeout,timeout,timeout,timeout,timeout,timeout,timeout,timeout,timeout,timeout,timeout,timeout,timeout,timeout,540.656027,540.656027,540.656027,540.656027,540.656027,540.656027,540.656027,540.656027,540.656027,540.656027,540.656027,411.262733,411.262733,411.262733,411.262733,411.262733,411.262733,411.262733,411.262733,411.262733,411.262733,411.262733,411.262733,411.262733,411.262733,411.262733,411.262733,411.262733,411.262733,411.262733,411.262733,411.262733,411.262733,282.378471,282.378471,282.378471,282.378471,282.378471,282.378471,282.378471,282.378471,282.378471,282.378471,282.378471,282.378471,282.378471,282.378471,282.378471,282.378471,282.378471,282.378471,282.378471,282.378471,282.378471,282.378471,282.378471,282.378471,282.378471,282.378471,282.378471,282.378471,282.378471,282.378471,282.378471,282.378471,282.378471,282.378471,282.378471,282.378471,282.378471,282.378471,282.378471,282.378471,282.378471,282.378471,282.378471,282.378471,282.378471,282.378471,282.378471,282.378471,282.378471,282.378471,282.378471,282.378471,282.378471,282.378471,282.378471,153.316284,153.316284,153.316284,153.316284,153.316284,153.316284,153.316284,153.316284,153.316284,153.316284,153.316284,153.316284,153.316284,153.316284,153.316284,153.316284,153.316284,153.316284,153.316284,153.316284,153.316284,153.316284,153.316284,153.316284,153.316284,153.316284,153.316284,153.316284,153.316284,153.316284,153.316284,153.316284,153.316284,153.316284,153.316284,153.316284,153.316284,153.316284,153.316284,153.316284,153.316284,153.316284,153.316284,153.316284,153.316284,153.316284,153.316284,153.316284,153.316284,153.316284,153.316284,153.316284,153.316284,153.316284,153.316284,153.316284,153.316284,153.316284,153.316284,153.316284,153.316284,153.316284,153.316284,153.316284,153.316284,153.316284,153.316284,153.316284,153.316284,153.316284,153.316284,153.316284,23.988811,23.988811,23.988811,23.988811,23.988811,23.988811,23.988811,23.988811,23.988811,23.988811,23.988811,23.988811,23.988811,23.988811,23.988811,23.988811,23.988811,23.988811,23.988811,23.988811
iff_2_3_2_4,5,timeout,timeout,timeout,timeout,timeout,timeout,timeout,timeout,timeout,timeout,timeout,timeout,timeout,timeout,timeout,timeout,timeout,timeout,timeout,timeout,timeout,timeout,timeout,timeout,timeout,timeout,timeout,timeout,timeout,timeout,timeout,timeout,timeout,timeout,timeout,timeout,timeout,timeout,timeout,timeout,timeout,timeout,timeout,timeout,timeout,timeout,timeout,321.565696,321.565696,321.565696,321.565696,321.565696,321.565696,321.565696,321.565696,321.565696,321.565696,321.565696,321.565696,321.565696,321.565696,321.565696,321.565696,321.565696,321.565696,321.565696,321.565696,321.565696,321.565696,321.565696,321.565696,321.565696,321.565696,321.565696,321.565696,321.565696,321.565696,321.565696,321.565696,321.565696,321.565696,321.565696,321.565696,321.565696,321.565696,321.565696,321.565696,321.565696,321.565696,321.565696,321.565696,321.565696,321.565696,321.565696,321.565696,321.565696,321.565696,321.565696,321.565696,321.565696,321.565696,321.565696,160.516355,160.516355,160.516355,160.516355,160.516355,160.516355,160.516355,160.516355,160.516355,160.516355,160.516355,160.516355,160.516355,160.516355,160.516355,160.516355,160.516355,160.516355,160.516355,160.516355,160.516355,160.516355,160.516355,160.516355,160.516355,160.516355,160.516355,160.516355,160.516355,160.516355,160.516355,160.516355,160.516355,160.516355,160.516355,160.516355,160.516355,160.516355,160.516355,160.516355,160.516355,160.516355,160.516355,160.516355,160.516355,160.516355,160.516355,160.516355,160.516355,160.516355,160.516355,160.516355,160.516355,160.516355,160.516355,160.516355,160.516355,160.516355,160.516355,160.516355,160.516355,160.516355,160.516355,160.516355,160.516355,160.516355,160.516355,160.516355,160.516355,160.516355,160.516355,160.516355,160.516355,160.516355,160.516355,160.516355,160.516355,30.261006,30.261006,30.261006,30.261006,30.261006,30.261006,30.261006,30.261006,30.261006,30.261006,30.261006,30.261006,30.261006,30.261006,30.261006,30.261006,30.261006,30.261006
iff_2_3_2_4,6,timeout,timeout,timeout,timeout,timeout,timeout,timeout,timeout,timeout,timeout,timeout,timeout,982.385689,982.385689,982.385689,982.385689,982.385689,982.385689,982.385689,982.385689,820.318127,820.318127,820.318127,820.318127,689.00884,689.00884,689.00884,689.00884,689.00884,559.359959,559.359959,559.359959,559.359959,559.359959,559.359959,559.359959,559.359959,559.359959,559.359959,559.359959,559.359959,559.359959,559.359959,559.359959,559.359959,559.359959,559.359959,559.359959,559.359959,559.359959,559.359959,559.359959,398.010023,398.010023,398.010023,398.010023,398.010023,398.010023,398.010023,398.010023,398.010023,398.010023,398.010023,398.010023,398.010023,398.010023,398.010023,398.010023,398.010023,398.010023,398.010023,398.010023,398.010023,398.010023,398.010023,398.010023,398.010023,398.010023,398.010023,398.010023,398.010023,398.010023,398.010023,398.010023,398.010023,398.010023,398.010023,398.010023,398.010023,398.010023,398.010023,398.010023,398.010023,398.010023,398.010023,398.010023,398.010023,398.010023,398.010023,398.010023,398.010023,398.010023,398.010023,398.010023,398.010023,398.010023,237.51286,237.51286,237.51286,237.51286,237.51286,237.51286,237.51286,237.51286,237.51286,237.51286,237.51286,237.51286,237.51286,237.51286,237.51286,237.51286,237.51286,237.51286,237.51286,237.51286,237.51286,237.51286,237.51286,237.51286,237.51286,237.51286,237.51286,237.51286,237.51286,237.51286,237.51286,237.51286,237.51286,237.51286,237.51286,237.51286,237.51286,237.51286,237.51286,237.51286,237.51286,237.51286,237.51286,237.51286,237.51286,237.51286,237.51286,237.51286,237.51286,237.51286,237.51286,237.51286,237.51286,237.51286,237.51286,237.51286,237.51286,237.51286,237.51286,237.51286,237.51286,237.51286,237.51286,237.51286,237.51286,237.51286,237.51286,237.51286,237.51286,237.51286,237.51286,237.51286,237.51286,237.51286,237.51286,35.970266,35.970266,35.970266,35.970266,35.970266,35.970266,35.970266,35.970266,35.970266,35.970266,35.970266,35.970266,35.970266,35.970266,35.970266,35.970266
iff_2_3_4_0,1,timeout,timeout,timeout,timeout,timeout,timeout,timeout,timeout,timeout,timeout,timeout,timeout,timeout,timeout,timeout,timeout,timeout,timeout,timeout,timeout,timeout,timeout,timeout,timeout,timeout,timeout,timeout,timeout,timeout,timeout,timeout,timeout,timeout,timeout,timeout,timeout,timeout,timeout,timeout,timeout,timeout,timeout,timeout,timeout,timeout,timeout,timeout,timeout,timeout,timeout,timeout,timeout,timeout,timeout,timeout,timeout,timeout,timeout,timeout,timeout,timeout,timeout,timeout,timeout,timeout,timeout,timeout,timeout,timeout,timeout,timeout,timeout,timeout,timeout,timeout,timeout,timeout,timeout,timeout,timeout,timeout,timeout,timeout,timeout,timeout,timeout,timeout,timeout,timeout,timeout,timeout,timeout,timeout,timeout,timeout,timeout,timeout,timeout,timeout,timeout,timeout,timeout,timeout,timeout,timeout,timeout,timeout,timeout,timeout,timeout,timeout,timeout,timeout,timeout,timeout,timeout,timeout,timeout,timeout,timeout,timeout,timeout,timeout,timeout,timeout,timeout,timeout,timeout,timeout,timeout,timeout,timeout,timeout,timeout,timeout,timeout,timeout,timeout,timeout,timeout,timeout,timeout,timeout,timeout,timeout,timeout,timeout,timeout,timeout,timeout,timeout,timeout,timeout,timeout,timeout,timeout,timeout,timeout,timeout,timeout,timeout,timeout,timeout,timeout,timeout,timeout,timeout,timeout,5.979494,5.979494,5.979494,5.979494,5.979494,5.979494,5.979494,5.979494,5.979494,5.979494,5.979494,5.979494,5.979494,5.979494,5.979494,5.979494,5.979494,5.979494,5.979494,5.979494,5.979494,5.979494,5.979494,5.979494,5.979494,5.979494,5.979494,5.979494,5.979494
iff_2_3_4_0,2,138.79073,138.79073,138.79073,138.79073,138.79073,138.79073,138.79073,138.79073,138.79073,138.79073,138.79073,138.79073,138.79073,138.79073,138.79073,138.79073,138.79073,138.79073,138.79073,138.79073,138.79073,138.79073,138.79073,138.79073,138.79073,138.79073,138.79073,138.79073,138.79073,138.79073,138.79073,138.79073,138.79073,138.79073,138.79073,138.79073,138.79073,138.79073,138.79073,138.79073,138.79073,138.79073,138.79073,138.79073,138.79073,138.79073,138.79073,138.79073,138.79073,138.79073,138.79073,138.79073,138.79073,138.79073,138.79073,138.79073,138.79073,138.79073,138.79073,138.79073,138.79073,138.79073,138.79073,138.79073,138.79073,138.79073,138.79073,138.79073,138.79073,138.79073,138.79073,138.79073,138.79073,138.79073,138.79073,138.79073,138.79073,138.79073,138.79073,138.79073,138.79073,138.79073,138.79073,138.79073,138.79073,138.79073,138.79073,138.79073,138.79073,138.79073,138.79073,138.79073,138.79073,138.79073,138.79073,138.79073,138.79073,138.79073,138.79073,138.79073,138.79073,138.79073,138.79073,138.79073,138.79073,138.79073,138.79073,138.79073,138.79073,138.79073,138.79073,138.79073,138.79073,138.79073,138.79073,138.79073,138.79073,138.79073,138.79073,138.79073,138.79073,138.79073,138.79073,138.79073,138.79073,138.79073,138.79073,138.79073,138.79073,138.79073,138.79073,138.79073,138.79073,138.79073,138.79073,138.79073,138.79073,138.79073,138.79073,138.79073,138.79073,138.79073,138.79073,138.79073,138.79073,138.79073,138.79073,138.79073,138.79073,138.79073,138.79073,138.79073,138.79073,138.79073,138.79073,138.79073,138.79073,75.577512,75.577512,75.577512,75.577512,75.577512,75.577512,75.577512,75.577512,75.577512,75.577512,75.577512,75.577512,75.577512,75.577512,75.577512,75.577512,11.969358,11.969358,11.969358,11.969358,11.969358,11.969358,11.969358,11.969358,11.969358,11.969358,11.969358,11.969358,11.969358,11.969358,11.969358,11.969358,11.969358,11.969358,11.969358,11.969358,11.969358,11.969358,11.969358,11.969358
iff_2_3_4_0,3,timeout,timeout,timeout,timeout,timeout,timeout,timeout,timeout,timeout,timeout,timeout,timeout,timeout,timeout,timeout,timeout,timeout,timeout,timeout,timeout,timeout,timeout,timeout,timeout,timeout,timeout,timeout,timeout,timeout,timeout,timeout,timeout,timeout,timeout,timeout,timeout,timeout,timeout,timeout,timeout,timeout,timeout,timeout,timeout,timeout,timeout,timeout,timeout,timeout,timeout,timeout,timeout,timeout,timeout,timeout,timeout,timeout,timeout,timeout,timeout,timeout,timeout,timeout,timeout,timeout,timeout,timeout,timeout,timeout,timeout,timeout,timeout,timeout,timeout,timeout,timeout,timeout,timeout,timeout,timeout,timeout,timeout,timeout,timeout,timeout,timeout,timeout,timeout,timeout,timeout,timeout,timeout,timeout,timeout,timeout,timeout,timeout,timeout,timeout,210.292622,210.292622,210.292622,210.292622,210.292622,210.292622,210.292622,210.292622,210.292622,210.292622,210.292622,210.292622,210.292622,210.292622,210.292622,210.292622,210.292622,210.292622,210.292622,210.292622,210.292622,210.292622,210.292622,210.292622,210.292622,210.292622,210.292622,210.292622,210.292622,210.292622,210.292622,210.292622,210.292622,210.292622,210.292622,210.292622,210.292622,210.292622,210.292622,210.292622,210.292622,210.292622,210.292622,210.292622,210.292622,210.292622,210.292622,210.292622,210.292622,210.292622,210.292622,210.292622,210.292622,210.292622,210.292622,210.292622,210.292622,114.124223,114.124223,114.124223,114.124223,114.124223,114.124223,114.124223,114.124223,114.124223,114.124223,114.124223,114.124223,114.124223,114.124223,114.124223,114.124223,114.124223,114.124223,114.124223,114.124223,17.86182,17.86182,17.86182,17.86182,17.86182,17.86182,17.86182,17.86182,17.86182,17.86182,17.86182,17.86182,17.86182,17.86182,17.86182,17.86182,17.86182,17.86182,17.86182,17.86182,17.86182
iff_2_3_4_0,4,timeout,timeout,timeout,timeout,timeout,timeout,timeout,timeout,timeout,timeout,timeout,timeout,timeout,timeout,timeout,timeout,timeout,timeout,timeout,timeout,timeout,timeout,timeout,timeout,timeout,timeout,timeout,timeout,timeout,timeout,timeout,timeout,timeout,timeout,timeout,timeout,timeout,timeout,timeout,timeout,timeout,timeout,timeout,timeout,timeout,timeout,timeout,timeout,timeout,timeout,timeout,timeout,timeout,timeout,timeout,timeout,timeout,timeout,timeout,timeout,timeout,timeout,timeout,timeout,timeout,timeout,timeout,timeout,timeout,timeout,timeout,timeout,timeout,timeout,timeout,timeout,timeout,timeout,timeout,timeout,timeout,timeout,timeout,408.491556,408.491556,408.491556,408.491556,408.491556,408.491556,408.491556,408.491556,408.491556,280.316039,280.316039,280.316039,280.316039,280.316039,280.316039,280.316039,280.316039,280.316039,280.316039,280.316039,280.316039,280.316039,280.316039,280.316039,280.316039,280.316039,280.316039,280.316039,280.316039,280.316039,280.316039,280.316039,280.316039,280.316039,280.316039,280.316039,280.316039,280.316039,280.316039,280.316039,280.316039,280.316039,280.316039,280.316039,280.316039,280.316039,280.316039,280.316039,280.316039,280.316039,280.316039,280.316039,280.316039,280.316039,280.316039,280.316039,280.316039,280.316039,280.316039,280.316039,280.316039,280.316039,280.316039,280.316039,280.316039,280.316039,280.316039,280.316039,280.316039,280.316039,280.316039,280.316039,152.52919,152.52919,152.52919,152.52919,152.52919,152.52919,152.52919,152.52919,152.52919,152.52919,152.52919,152.52919,152.52919,152.52919,152.52919,152.52919,152.52919,152.52919,152.52919,152.52919,152.52919,152.52919,152.52919,152.52919,152.52919,23.982122,23.982122,23.982122,23.982122,23.982122,23.982122,23.982122,23.982122,23.982122,23.982122,23.982122,23.982122,23.982122,23.982122,23.982122,23.982122,23.982122
iff_2_3_4_0,5,timeout,timeout,timeout,timeout,timeout,timeout,timeout,timeout,timeout,timeout,timeout,timeout,timeout,timeout,timeout,timeout,timeout,timeout,timeout,timeout,timeout,timeout,timeout,timeout,timeout,timeout,timeout,timeout,timeout,timeout,timeout,timeout,timeout,timeout,timeout,timeout,timeout,timeout,timeout,timeout,timeout,timeout,timeout,timeout,timeout,timeout,timeout,timeout,timeout,timeout,timeout,timeout,timeout,timeout,timeout,timeout,timeout,timeout,timeout,timeout,timeout,timeout,timeout,timeout,timeout,timeout,timeout,timeout,timeout,timeout,timeout,timeout,timeout,timeout,timeout,timeout,timeout,timeout,timeout,timeout,timeout,timeout,timeout,timeout,timeout,timeout,timeout,timeout,timeout,timeout,timeout,timeout,timeout,414.838747,414.838747,286.888755,286.888755,286.888755,286.888755,286.888755,286.888755,286.888755,286.888755,286.888755,286.888755,286.888755,286.888755,286.888755,286.888755,286.888755,286.888755,286.888755,286.888755,286.888755,286.888755,286.888755,286.888755,286.888755,286.888755,286.888755,286.888755,286.888755,286.888755,286.888755,286.888755,286.888755,286.888755,286.888755,286.888755,286.888755,286.888755,286.888755,286.888755,286.888755,286.888755,286.888755,286.888755,286.888755,286.888755,286.888755,286.888755,286.888755,286.888755,286.888755,286.888755,286.888755,286.888755,286.888755,286.888755,286.888755,286.888755,286.888755,286.888755,286.888755,159.32949,159.32949,159.32949,159.32949,159.32949,159.32949,159.32949,159.32949,159.32949,159.32949,159.32949,159.32949,159.32949,159.32949,159.32949,159.32949,159.32949,159.32949,159.32949,159.32949,159.32949,159.32949,159.32949,159.32949,159.32949,159.32949,159.32949,159.32949,159.32949,29.811451,29.811451,29.811451,29.811451,29.811451,29.811451,29.811451,29.811451,29.811451,29.811451,29.811451,29.811451,29.811451,29.811451
iff_2_3_4_0,6,timeout,timeout,timeout,timeout,timeout,timeout,timeout,timeout,timeout,timeout,timeout,timeout,timeout,timeout,timeout,timeout,timeout,timeout,timeout,timeout,timeout,timeout,timeout,timeout,timeout,timeout,timeout,timeout,timeout,timeout,timeout,timeout,timeout,timeout,timeout,timeout,timeout,timeout,timeout,timeout,timeout,timeout,timeout,timeout,timeout,timeout,timeout,timeout,timeout,timeout,timeout,timeout,timeout,timeout,timeout,timeout,timeout,timeout,timeout,timeout,timeout,timeout,timeout,timeout,timeout,timeout,timeout,timeout,timeout,timeout,timeout,timeout,timeout,timeout,timeout,timeout,timeout,timeout,timeout,timeout,timeout,timeout,timeout,timeout,timeout,timeout,timeout,timeout,timeout,timeout,timeout,timeout,timeout,timeout,timeout,timeout,230.064947,230.064947,230.064947,230.064947,230.064947,230.064947,230.064947,230.064947,230.064947,230.064947,230.064947,230.064947,230.064947,230.064947,230.064947,230.064947,230.064947,230.064947,230.064947,230.064947,230.064947,230.064947,230.064947,230.064947,230.064947,230.064947,230.064947,230.064947,230.064947,230.064947,230.064947,230.064947,230.064947,230.064947,230.064947,230.064947,230.064947,230.064947,230.064947,230.064947,230.064947,230.064947,230.064947,230.064947,230.064947,230.064947,230.064947,230.064947,230.064947,230.064947,230.064947,230.064947,230.064947,230.064947,230.064947,230.064947,230.064947,134.438962,134.438962,134.438962,134.438962,134.438962,134.438962,134.438962,134.438962,134.438962,134.438962,134.438962,134.438962,134.438962,134.438962,134.438962,134.438962,134.438962,134.438962,134.438962,134.438962,134.438962,134.438962,134.438962,134.438962,134.438962,134.438962,134.438962,134.438962,134.438962,134.438962,134.438962,36.041919,36.041919,36.041919,36.041919,36.041919,36.041919,36.041919,36.041919,36.041919,36.041919,36.041919,36.041919,36.041919
iff_2_3_4_2,1,timeout,timeout,timeout,timeout,timeout,timeout,timeout,timeout,timeout,timeout,timeout,timeout,timeout,timeout,timeout,timeout,timeout,timeout,timeout,timeout,timeout,timeout,timeout,timeout,timeout,timeout,timeout,timeout,timeout,timeout,timeout,timeout,timeout,timeout,timeout,timeout,timeout,timeout,timeout,timeout,timeout,timeout,timeout,timeout,timeout,timeout,timeout,timeout,timeout,timeout,timeout,timeout,timeout,timeout,timeout,timeout,timeout,timeout,timeout,timeout,timeout,timeout,timeout,timeout,timeout,timeout,timeout,timeout,timeout,timeout,timeout,timeout,timeout,timeout,timeout,timeout,timeout,timeout,timeout,timeout,timeout,timeout,timeout,timeout,timeout,timeout,timeout,timeout,timeout,timeout,timeout,timeout,timeout,timeout,timeout,timeout,timeout,timeout,timeout,timeout,timeout,timeout,timeout,timeout,timeout,timeout,timeout,timeout,timeout,timeout,timeout,timeout,timeout,timeout,timeout,timeout,timeout,timeout,timeout,timeout,timeout,timeout,timeout,timeout,timeout,timeout,timeout,timeout,timeout,timeout,timeout,timeout,timeout,timeout,timeout,timeout,timeout,timeout,timeout,timeout,timeout,timeout,timeout,timeout,timeout,timeout,timeout,timeout,timeout,timeout,timeout,timeout,timeout,timeout,timeout,timeout,timeout,timeout,timeout,timeout,timeout,timeout,timeout,timeout,timeout,timeout,timeout,timeout,6.014934,6.014934,6.014934,6.014934,6.014934,6.014934,6.014934,6.014934,6.014934,6.014934,6.014934,6.014934,6.014934,6.014934,6.014934,6.014934,6.014934,6.014934,6.014934,6.014934,6.014934,6.014934,6.014934,6.014934,6.014934,6.014934,6.014934,6.014934,6.014934
iff_2_3_4_2,2,139.109953,139.109953,139.109953,139.109953,139.109953,139.109953,139.109953,139.109953,139.109953,139.109953,139.109953,139.109953,139.109953,139.109953,139.109953,139.109953,139.109953,139.109953,139.109953,139.109953,139.109953,139.109953,139.109953,139.109953,139.109953,139.109953,139.109953,139.109953,139.109953,139.109953,139.109953,139.109953,139.109953,139.109953,139.109953,139.109953,139.109953,139.109953,139.109953,139.109953,139.109953,139.109953,139.109953,139.109953,139.109953,139.109953,139.109953,139.109953,139.109953,139.109953,139.109953,139.109953,139.109953,139.109953,139.109953,139.109953,139.109953,139.109953,139.109953,139.109953,139.109953,139.109953,139.109953,139.109953,139.109953,139.109953,139.109953,139.109953,139.109953,139.109953,139.109953,139.109953,139.109953,139.109953,139.109953,139.109953,139.109953,139.109953,139.109953,139.109953,139.109953,139.109953,139.109953,139.109953,139.109953,139.109953,139.109953,139.109953,139.109953,139.109953,139.109953,139.109953,139.109953,139.109953,139.109953,139.109953,139.109953,139.109953,139.109953,139.109953,139.109953,139.109953,139.109953,139.109953,139.109953,139.109953,139.109953,139.109953,139.109953,139.109953,139.109953,139.109953,139.109953,139.109953,139.109953,139.109953,139.109953,139.109953,139.109953,139.109953,139.109953,139.109953,139.109953,139.109953,139.109953,139.109953,139.109953,139.109953,139.109953,139.109953,139.109953,139.109953,139.109953,139.109953,139.109953,139.109953,139.109953,139.109953,139.109953,139.109953,139.109953,139.109953,139.109953,139.109953,139.109953,139.109953,139.109953,139.109953,139.109953,139.109953,139.109953,139.109953,139.109953,139.109953,139.109953,139.109953,139.109953,75.688371,75.688371,75.688371,75.688371,75.688371,75.688371,75.688371,75.688371,75.688371,75.688371,75.688371,75.688371,75.688371,75.688371,75.688371,75.688371,11.914726,11.914726,11.914726,11.914726,11.914726,11.914726,11.914726,11.914726,11.914726,11.914726,11.914726,11.914726,11.914726,11.914726,11.914726,11.914726,11.914726,11.914726,11.914726,11.914726,11.914726,11.914726,11.914726,11.914726
iff_2_3_4_2,3,timeout,timeout,timeout,timeout,timeout,timeout,timeout,timeout,timeout,timeout,timeout,timeout,timeout,timeout,timeout,timeout,timeout,timeout,timeout,timeout,timeout,timeout,timeout,timeout,timeout,timeout,timeout,timeout,timeout,timeout,timeout,timeout,timeout,timeout,timeout,timeout,timeout,timeout,timeout,timeout,timeout,timeout,timeout,timeout,timeout,timeout,timeout,timeout,timeout,timeout,timeout,timeout,timeout,timeout,timeout,timeout,timeout,timeout,timeout,timeout,timeout,timeout,timeout,timeout,timeout,timeout,timeout,timeout,timeout,timeout,timeout,timeout,timeout,timeout,timeout,timeout,timeout,timeout,timeout,timeout,timeout,timeout,timeout,timeout,timeout,timeout,timeout,timeout,timeout,timeout,timeout,timeout,timeout,timeout,timeout,timeout,timeout,timeout,timeout,210.793983,210.793983,210.793983,210.793983,210.793983,210.793983,210.793983,210.793983,210.793983,210.793983,210.793983,210.793983,210.793983,210.793983,210.793983,210.793983,210.793983,210.793983,210.793983,210.793983,210.793983,210.793983,210.793983,210.793983,210.793983,210.793983,210.793983,210.793983,210.793983,210.793983,210.793983,210.793983,210.793983,210.793983,210.793983,210.793983,210.793983,210.793983,210.793983,210.793983,210.793983,210.793983,210.793983,210.793983,210.793983,210.793983,210.793983,210.793983,210.793983,210.793983,210.793983,210.793983,210.793983,210.793983,210.793983,210.793983,210.793983,114.750093,114.750093,114.750093,114.750093,114.750093,114.750093,114.750093,114.750093,114.750093,114.750093,114.750093,114.750093,114.750093,114.750093,114.750093,114.750093,114.750093,114.750093,114.750093,114.750093,17.852247,17.852247,17.852247,17.852247,17.852247,17.852247,17.852247,17.852247,17.852247,17.852247,17.852247,17.852247,17.852247,17.852247,17.852247,17.852247,17.852247,17.852247,17.852247,17.852247,17.852247
iff_2_3_4_2,4,timeout,timeout,timeout,timeout,timeout,timeout,timeout,timeout,timeout,timeout,timeout,timeout,timeout,timeout,timeout,timeout,timeout,timeout,timeout,timeout,timeout,timeout,timeout,timeout,timeout,timeout,timeout,timeout,timeout,timeout,timeout,timeout,timeout,timeout,timeout,timeout,timeout,timeout,timeout,timeout,timeout,timeout,timeout,timeout,timeout,timeout,timeout,timeout,timeout,timeout,timeout,timeout,timeout,timeout,timeout,timeout,timeout,timeout,timeout,timeout,timeout,timeout,timeout,timeout,timeout,timeout,timeout,timeout,timeout,timeout,timeout,timeout,timeout,timeout,timeout,timeout,timeout,timeout,timeout,timeout,timeout,timeout,timeout,409.50455,409.50455,409.50455,409.50455,409.50455,409.50455,409.50455,409.50455,409.50455,281.18696,281.18696,281.18696,281.18696,281.18696,281.18696,281.18696,281.18696,281.18696,281.18696,281.18696,281.18696,281.18696,281.18696,281.18696,281.18696,281.18696,281.18696,281.18696,281.18696,281.18696,281.18696,281.18696,281.18696,281.18696,281.18696,281.18696,281.18696,281.18696,281.18696,281.18696,281.18696,281.18696,281.18696,281.18696,281.18696,281.18696,281.18696,281.18696,281.18696,281.18696,281.18696,281.18696,281.18696,281.18696,281.18696,281.18696,281.18696,281.18696,281.18696,281.18696,281.18696,281.18696,281.18696,281.18696,281.18696,281.18696,281.18696,281.18696,281.18696,281.18696,281.18696,281.18696,153.032512,153.032512,153.032512,153.032512,153.032512,153.032512,153.032512,153.032512,153.032512,153.032512,153.032512,153.032512,153.032512,153.032512,153.032512,153.032512,153.032512,153.032512,153.032512,153.032512,153.032512,153.032512,153.032512,153.032512,153.032512,23.946691,23.946691,23.946691,23.946691,23.946691,23.946691,23.946691,23.946691,23.946691,23.946691,23.946691,23.946691,23.946691,23.946691,23.946691,23.946691,23.946691
iff_2_3_4_2,5,timeout,timeout,timeout,timeout,timeout,timeout,timeout,timeout,timeout,timeout,timeout,timeout,timeout,timeout,timeout,timeout,timeout,timeout,timeout,timeout,timeout,timeout,timeout,timeout,timeout,timeout,timeout,timeout,timeout,timeout,timeout,timeout,timeout,timeout,timeout,timeout,timeout,timeout,timeout,timeout,timeout,timeout,timeout,timeout,timeout,timeout,timeout,timeout,timeout,timeout,timeout,timeout,timeout,timeout,timeout,timeout,timeout,timeout,timeout,timeout,timeout,timeout,timeout,timeout,timeout,timeout,timeout,timeout,timeout,timeout,timeout,timeout,timeout,timeout,timeout,timeout,timeout,timeout,timeout,timeout,timeout,timeout,timeout,timeout,timeout,timeout,timeout,timeout,timeout,timeout,timeout,timeout,timeout,416.466311,416.466311,287.952489,287.952489,287.952489,287.952489,287.952489,287.952489,287.952489,287.952489,287.952489,287.952489,287.952489,287.952489,287.952489,287.952489,287.952489,287.952489,287.952489,287.952489,287.952489,287.952489,287.952489,287.952489,287.952489,287.952489,287.952489,287.952489,287.952489,287.952489,287.952489,287.952489,287.952489,287.952489,287.952489,287.952489,287.952489,287.952489,287.952489,287.952489,287.952489,287.952489,287.952489,287.952489,287.952489,287.952489,287.952489,287.952489,287.952489,287.952489,287.952489,287.952489,287.952489,287.952489,287.952489,287.952489,287.952489,287.952489,287.952489,287.952489,287.952489,160.001563,160.001563,160.001563,160.001563,160.001563,160.001563,160.001563,160.001563,160.001563,160.001563,160.001563,160.001563,160.001563,160.001563,160.001563,160.001563,160.001563,160.001563,160.001563,160.001563,160.001563,160.001563,160.001563,160.001563,160.001563,160.001563,160.001563,160.001563,160.001563,30.061209,30.061209,30.061209,30.061209,30.061209,30.061209,30.061209,30.061209,30.061209,30.061209,30.061209,30.061209,30.061209,30.061209
iff_2_3_4_2,6,timeout,timeout,timeout,timeout,timeout,timeout,timeout,timeout,timeout,timeout,timeout,timeout,timeout,timeout,timeout,timeout,timeout,timeout,timeout,timeout,timeout,timeout,timeout,timeout,timeout,timeout,timeout,timeout,timeout,timeout,timeout,timeout,timeout,timeout,timeout,timeout,timeout,timeout,timeout,timeout,timeout,timeout,timeout,timeout,timeout,timeout,timeout,timeout,timeout,timeout,timeout,timeout,timeout,timeout,timeout,timeout,timeout,timeout,timeout,timeout,timeout,timeout,timeout,timeout,timeout,timeout,timeout,timeout,timeout,timeout,timeout,timeout,timeout,timeout,timeout,timeout,timeout,timeout,timeout,timeout,timeout,timeout,timeout,timeout,timeout,timeout,timeout,timeout,timeout,timeout,timeout,timeout,timeout,timeout,timeout,timeout,230.52634,230.52634,230.52634,230.52634,230.52634,230.52634,230.52634,230.52634,230.52634,230.52634,230.52634,230.52634,230.52634,230.52634,230.52634,230.52634,230.52634,230.52634,230.52634,230.52634,230.52634,230.52634,230.52634,230.52634,230.52634,230.52634,230.52634,230.52634,230.52634,230.52634,230.52634,230.52634,230.52634,230.52634,230.52634,230.52634,230.52634,230.52634,230.52634,230.52634,230.52634,230.52634,230.52634,230.52634,230.52634,230.52634,230.52634,230.52634,230.52634,230.52634,230.52634,230.52634,230.52634,230.52634,230.52634,230.52634,230.52634,134.488155,134.488155,134.488155,134.488155,134.488155,134.488155,134.488155,134.488155,134.488155,134.488155,134.488155,134.488155,134.488155,134.488155,134.488155,134.488155,134.488155,134.488155,134.488155,134.488155,134.488155,134.488155,134.488155,134.488155,134.488155,134.488155,134.488155,134.488155,134.488155,134.488155,134.488155,35.849211,35.849211,35.849211,35.849211,35.849211,35.849211,35.849211,35.849211,35.849211,35.849211,35.849211,35.849211,35.849211
